
======================================================================
stage=train
env  PROTOCOL_NAME=six_station_2h_6point_phase_augmented_protocol PROTOCOL_DATA_DIR=/tmp/wpf-worktrees/restore-raw-data-83688a3/WPF-under-extreme-weather-main/protocol_data/2h_6p_six_station PROTOCOL_METADATA_PATH=/tmp/wpf-worktrees/restore-raw-data-83688a3/WPF-under-extreme-weather-main/protocol_data/2h_6p_six_station/protocol_metadata.json SAMPLE_INTERVAL_HOURS=2 DOWNSAMPLE_OFFSET=1 LEN_REALP=6 POINTS_PER_DAY=12 PHASE_AUGMENT_STATIONS=1 ARTIFACT_DIR=artifacts/2h6p_six_station/fed-normal-meta-5k MODEL_OUTPUT_DIR=artifacts/2h6p_six_station/fed-normal-meta-5k/models LOGS_TRAIN_DIR=artifacts/2h6p_six_station/fed-normal-meta-5k/logs_train CONVERGENCE_REPORT_PATH=artifacts/2h6p_six_station/fed-normal-meta-5k/training_convergence_report.json ALL_STATIONS_TEST_RESULTS_PATH=artifacts/2h6p_six_station/fed-normal-meta-5k/all_stations_test_results.mat RESULTS_OUTPUT_PATH=artifacts/2h6p_six_station/fed-normal-meta-5k/results/multi_station_performance.csv TASK_RESULTS_OUTPUT_PATH=artifacts/2h6p_six_station/fed-normal-meta-5k/results/multi_station_performance_task_level.csv YEARLY_PROTOCOL_ENABLED=1 SEASONAL_PROTOCOL_ENABLED=0 YEARLY_PROTOCOL_METADATA_PATH=/tmp/wpf-worktrees/restore-raw-data-83688a3/WPF-under-extreme-weather-main/protocol_data/2h_6p_six_station/protocol_metadata.json USE_FEDERATION=1 RUN_FEDERATED_PRETRAIN=0 TRAIN_META_ONLY_BASELINE=0 ENABLE_FED_NORMAL_META_PROPOSED=1 FED_NORMAL_META_SELF_FLOOR=0.8 SKIP_FED_NORMAL_META=0 META_SUPPORT_SHOTS=10 META_QUERY_SHOTS=10 PROPOSED_META_SAMPLER_MODE=balanced PRETRAIN_EPOCHS=5000 PROPOSED_META_EPOCHS=5000 META_ONLY_META_EPOCHS=5000 FEW_SHOT_EPOCHS=200 EXTREME_TARGET_REFINEMENT_EPOCHS=200 PRETRAIN_LOG_INTERVAL=100 META_LOG_INTERVAL=100 FEW_SHOT_LOG_INTERVAL=20
exec /root/miniconda3/bin/python -u DemoModelTraining.py
======================================================================

libgomp: Invalid value for environment variable OMP_NUM_THREADS
======================================================================
数据协议配置
======================================================================
  protocol_name: six_station_2h_6point_phase_augmented_protocol
  protocol_data_dir: /tmp/wpf-worktrees/restore-raw-data-83688a3/WPF-under-extreme-weather-main/protocol_data/2h_6p_six_station
  protocol_metadata_path: /tmp/wpf-worktrees/restore-raw-data-83688a3/WPF-under-extreme-weather-main/protocol_data/2h_6p_six_station/protocol_metadata.json
  yearly_protocol_enabled: True
  seasonal_protocol_enabled: False
  sample_interval_hours: 2
  downsample_offset: 1
  len_realp: 6
  points_per_day: 12
  window_span_hours: 12
  artifact_dir: artifacts/2h6p_six_station/fed-normal-meta-5k
  model_output_dir: artifacts/2h6p_six_station/fed-normal-meta-5k/models
  logs_train_dir: artifacts/2h6p_six_station/fed-normal-meta-5k/logs_train
  enable_fed_normal_meta_proposed: True
  fed_normal_meta_self_floor: 0.8
  skip_fed_normal_meta: False
======================================================================
联邦模式：加载6个场站数据（58, 59, 60, 61, 62, 63）
======================================================================
  加载 /tmp/wpf-worktrees/restore-raw-data-83688a3/WPF-under-extreme-weather-main/protocol_data/2h_6p_six_station/58wf_4_train.mat...
  加载 /tmp/wpf-worktrees/restore-raw-data-83688a3/WPF-under-extreme-weather-main/protocol_data/2h_6p_six_station/59wf_4_train.mat...
  加载 /tmp/wpf-worktrees/restore-raw-data-83688a3/WPF-under-extreme-weather-main/protocol_data/2h_6p_six_station/60wf_4_train.mat...
  加载 /tmp/wpf-worktrees/restore-raw-data-83688a3/WPF-under-extreme-weather-main/protocol_data/2h_6p_six_station/61wf_4_train.mat...
  加载 /tmp/wpf-worktrees/restore-raw-data-83688a3/WPF-under-extreme-weather-main/protocol_data/2h_6p_six_station/62wf_4_train.mat...
  加载 /tmp/wpf-worktrees/restore-raw-data-83688a3/WPF-under-extreme-weather-main/protocol_data/2h_6p_six_station/63wf_4_train.mat...

======================================================================
准备所有场站的完整数据（元训练+极端天气+测试集）
======================================================================

准备联邦客户端数据（常规天气）...
  处理场站 58...
    shape: (1, 4086, 5) → (1, 4086, 1)
  处理场站 59...
    shape: (1, 4177, 5) → (1, 4177, 1)
  处理场站 60...
    shape: (1, 4148, 5) → (1, 4148, 1)
  处理场站 61...
    shape: (1, 4086, 5) → (1, 4086, 1)
  处理场站 62...
    shape: (1, 4177, 5) → (1, 4177, 1)
  处理场站 63...
    shape: (1, 4149, 5) → (1, 4149, 1)
  总数据量: 24823 样本

准备所有场站的元训练和测试数据（6场站一视同仁）...

  场站 58:
    测试集2023: (730, 6, 1)
    聚类类别: 10类
    极端天气: 4类

  场站 59:
    测试集2023: (730, 6, 1)
    聚类类别: 10类
    极端天气: 4类

  场站 60:
    测试集2023: (730, 6, 1)
    聚类类别: 10类
    极端天气: 4类

  场站 61:
    测试集2023: (730, 6, 1)
    聚类类别: 10类
    极端天气: 4类

  场站 62:
    测试集2023: (730, 6, 1)
    聚类类别: 10类
    极端天气: 4类

  场站 63:
    测试集2023: (730, 6, 1)
    聚类类别: 10类
    极端天气: 4类

✓ 所有场站数据准备完成！
#########################################################################——————————本地预训练（Local Pre-train）——————————############################################################
场站数量: 6, 场站: 58, 59, 60, 61, 62, 63

======================================================================
开始本地预训练: station 58
======================================================================
✓ 跳过本地预训练，复用已有 checkpoint: artifacts/2h6p_six_station/fed-normal-meta-5k/models/model_fore_pre_station58_local.pth

======================================================================
开始本地预训练: station 59
======================================================================
✓ 跳过本地预训练，复用已有 checkpoint: artifacts/2h6p_six_station/fed-normal-meta-5k/models/model_fore_pre_station59_local.pth

======================================================================
开始本地预训练: station 60
======================================================================
✓ 跳过本地预训练，复用已有 checkpoint: artifacts/2h6p_six_station/fed-normal-meta-5k/models/model_fore_pre_station60_local.pth

======================================================================
开始本地预训练: station 61
======================================================================
✓ 跳过本地预训练，复用已有 checkpoint: artifacts/2h6p_six_station/fed-normal-meta-5k/models/model_fore_pre_station61_local.pth

======================================================================
开始本地预训练: station 62
======================================================================
✓ 跳过本地预训练，复用已有 checkpoint: artifacts/2h6p_six_station/fed-normal-meta-5k/models/model_fore_pre_station62_local.pth

======================================================================
开始本地预训练: station 63
======================================================================
✓ 跳过本地预训练，复用已有 checkpoint: artifacts/2h6p_six_station/fed-normal-meta-5k/models/model_fore_pre_station63_local.pth

======================================================================
开始本地元训练: station 58
======================================================================
✓ 跳过本地元训练，复用已有 checkpoint: artifacts/2h6p_six_station/fed-normal-meta-5k/models/model_fore_train_task_query_local_meta_station58.pth

======================================================================
开始本地元训练: station 59
======================================================================
✓ 跳过本地元训练，复用已有 checkpoint: artifacts/2h6p_six_station/fed-normal-meta-5k/models/model_fore_train_task_query_local_meta_station59.pth

======================================================================
开始本地元训练: station 60
======================================================================
✓ 跳过本地元训练，复用已有 checkpoint: artifacts/2h6p_six_station/fed-normal-meta-5k/models/model_fore_train_task_query_local_meta_station60.pth

======================================================================
开始本地元训练: station 61
======================================================================
✓ 跳过本地元训练，复用已有 checkpoint: artifacts/2h6p_six_station/fed-normal-meta-5k/models/model_fore_train_task_query_local_meta_station61.pth

======================================================================
开始本地元训练: station 62
======================================================================
✓ 跳过本地元训练，复用已有 checkpoint: artifacts/2h6p_six_station/fed-normal-meta-5k/models/model_fore_train_task_query_local_meta_station62.pth

======================================================================
开始本地元训练: station 63
======================================================================
✓ 跳过本地元训练，复用已有 checkpoint: artifacts/2h6p_six_station/fed-normal-meta-5k/models/model_fore_train_task_query_local_meta_station63.pth

======================================================================
开始Fed-Normal-Meta元训练: target station 58
======================================================================
  aggregation_weights={'58': 0.8, '59': 0.04023289665211061, '60': 0.04005822416302764, '61': 0.03941775836972343, '62': 0.04023289665211061, '63': 0.04005822416302764}
  收敛追踪[fed_normal_meta:fed_normal_meta_station58] epoch=1/5000 weighted_query_mse=0.106772
  收敛追踪[fed_normal_meta:fed_normal_meta_station58] epoch=2/5000 weighted_query_mse=0.076584
  收敛追踪[fed_normal_meta:fed_normal_meta_station58] epoch=3/5000 weighted_query_mse=0.095945
  收敛追踪[fed_normal_meta:fed_normal_meta_station58] epoch=4/5000 weighted_query_mse=0.100713
  收敛追踪[fed_normal_meta:fed_normal_meta_station58] epoch=5/5000 weighted_query_mse=0.125808
  收敛追踪[fed_normal_meta:fed_normal_meta_station58] epoch=6/5000 weighted_query_mse=0.137431
  收敛追踪[fed_normal_meta:fed_normal_meta_station58] epoch=7/5000 weighted_query_mse=0.103094
  收敛追踪[fed_normal_meta:fed_normal_meta_station58] epoch=8/5000 weighted_query_mse=0.124974
  收敛追踪[fed_normal_meta:fed_normal_meta_station58] epoch=9/5000 weighted_query_mse=0.076575
  收敛追踪[fed_normal_meta:fed_normal_meta_station58] epoch=10/5000 weighted_query_mse=0.122345
  收敛追踪[fed_normal_meta:fed_normal_meta_station58] epoch=100/5000 weighted_query_mse=0.089275
  收敛检测[fed_normal_meta:fed_normal_meta_station58]: 首次达到收敛条件 @ epoch 197 (best_epoch=97, best_loss=0.061083, final_loss=0.071161)
  收敛追踪[fed_normal_meta:fed_normal_meta_station58] epoch=200/5000 weighted_query_mse=0.076460
  收敛追踪[fed_normal_meta:fed_normal_meta_station58] epoch=300/5000 weighted_query_mse=0.078266
  收敛检测[fed_normal_meta:fed_normal_meta_station58]: 首次达到收敛条件 @ epoch 371 (best_epoch=271, best_loss=0.058638, final_loss=0.114345)
  收敛追踪[fed_normal_meta:fed_normal_meta_station58] epoch=400/5000 weighted_query_mse=0.089281
  收敛追踪[fed_normal_meta:fed_normal_meta_station58] epoch=500/5000 weighted_query_mse=0.107278
  收敛追踪[fed_normal_meta:fed_normal_meta_station58] epoch=600/5000 weighted_query_mse=0.137816
  收敛追踪[fed_normal_meta:fed_normal_meta_station58] epoch=700/5000 weighted_query_mse=0.093658
  收敛追踪[fed_normal_meta:fed_normal_meta_station58] epoch=800/5000 weighted_query_mse=0.077734
  收敛追踪[fed_normal_meta:fed_normal_meta_station58] epoch=900/5000 weighted_query_mse=0.093095
  收敛追踪[fed_normal_meta:fed_normal_meta_station58] epoch=1000/5000 weighted_query_mse=0.122754
  收敛检测[fed_normal_meta:fed_normal_meta_station58]: 首次达到收敛条件 @ epoch 1073 (best_epoch=973, best_loss=0.055873, final_loss=0.112769)
  收敛追踪[fed_normal_meta:fed_normal_meta_station58] epoch=1100/5000 weighted_query_mse=0.108573
  收敛追踪[fed_normal_meta:fed_normal_meta_station58] epoch=1200/5000 weighted_query_mse=0.096713
  收敛追踪[fed_normal_meta:fed_normal_meta_station58] epoch=1300/5000 weighted_query_mse=0.065892
  收敛追踪[fed_normal_meta:fed_normal_meta_station58] epoch=1400/5000 weighted_query_mse=0.108721
  收敛追踪[fed_normal_meta:fed_normal_meta_station58] epoch=1500/5000 weighted_query_mse=0.104976
  收敛追踪[fed_normal_meta:fed_normal_meta_station58] epoch=1600/5000 weighted_query_mse=0.131801
  收敛追踪[fed_normal_meta:fed_normal_meta_station58] epoch=1700/5000 weighted_query_mse=0.108000
  收敛追踪[fed_normal_meta:fed_normal_meta_station58] epoch=1800/5000 weighted_query_mse=0.070247
  收敛追踪[fed_normal_meta:fed_normal_meta_station58] epoch=1900/5000 weighted_query_mse=0.107796
  收敛追踪[fed_normal_meta:fed_normal_meta_station58] epoch=2000/5000 weighted_query_mse=0.095464
  收敛追踪[fed_normal_meta:fed_normal_meta_station58] epoch=2100/5000 weighted_query_mse=0.077876
  收敛追踪[fed_normal_meta:fed_normal_meta_station58] epoch=2200/5000 weighted_query_mse=0.079937
  收敛追踪[fed_normal_meta:fed_normal_meta_station58] epoch=2300/5000 weighted_query_mse=0.077351
  收敛追踪[fed_normal_meta:fed_normal_meta_station58] epoch=2400/5000 weighted_query_mse=0.083090
  收敛追踪[fed_normal_meta:fed_normal_meta_station58] epoch=2500/5000 weighted_query_mse=0.110691
  收敛追踪[fed_normal_meta:fed_normal_meta_station58] epoch=2600/5000 weighted_query_mse=0.080368
  收敛追踪[fed_normal_meta:fed_normal_meta_station58] epoch=2700/5000 weighted_query_mse=0.085696
  收敛追踪[fed_normal_meta:fed_normal_meta_station58] epoch=2800/5000 weighted_query_mse=0.121898
  收敛追踪[fed_normal_meta:fed_normal_meta_station58] epoch=2900/5000 weighted_query_mse=0.098388
  收敛追踪[fed_normal_meta:fed_normal_meta_station58] epoch=3000/5000 weighted_query_mse=0.117995
  收敛追踪[fed_normal_meta:fed_normal_meta_station58] epoch=3100/5000 weighted_query_mse=0.081852
  收敛追踪[fed_normal_meta:fed_normal_meta_station58] epoch=3200/5000 weighted_query_mse=0.092989
  收敛检测[fed_normal_meta:fed_normal_meta_station58]: 首次达到收敛条件 @ epoch 3211 (best_epoch=3111, best_loss=0.054489, final_loss=0.096859)
  收敛追踪[fed_normal_meta:fed_normal_meta_station58] epoch=3300/5000 weighted_query_mse=0.101217
  收敛追踪[fed_normal_meta:fed_normal_meta_station58] epoch=3400/5000 weighted_query_mse=0.096715
  收敛追踪[fed_normal_meta:fed_normal_meta_station58] epoch=3500/5000 weighted_query_mse=0.089922
  收敛追踪[fed_normal_meta:fed_normal_meta_station58] epoch=3600/5000 weighted_query_mse=0.079439
  收敛追踪[fed_normal_meta:fed_normal_meta_station58] epoch=3700/5000 weighted_query_mse=0.062363
  收敛追踪[fed_normal_meta:fed_normal_meta_station58] epoch=3800/5000 weighted_query_mse=0.072497
  收敛追踪[fed_normal_meta:fed_normal_meta_station58] epoch=3900/5000 weighted_query_mse=0.072087
  收敛追踪[fed_normal_meta:fed_normal_meta_station58] epoch=4000/5000 weighted_query_mse=0.104459
  收敛追踪[fed_normal_meta:fed_normal_meta_station58] epoch=4100/5000 weighted_query_mse=0.089944
  收敛追踪[fed_normal_meta:fed_normal_meta_station58] epoch=4200/5000 weighted_query_mse=0.099124
  收敛追踪[fed_normal_meta:fed_normal_meta_station58] epoch=4300/5000 weighted_query_mse=0.110715
  收敛追踪[fed_normal_meta:fed_normal_meta_station58] epoch=4400/5000 weighted_query_mse=0.082820
  收敛追踪[fed_normal_meta:fed_normal_meta_station58] epoch=4500/5000 weighted_query_mse=0.086920
  收敛检测[fed_normal_meta:fed_normal_meta_station58]: 首次达到收敛条件 @ epoch 4508 (best_epoch=4408, best_loss=0.053884, final_loss=0.081969)
  收敛追踪[fed_normal_meta:fed_normal_meta_station58] epoch=4600/5000 weighted_query_mse=0.104576
  收敛追踪[fed_normal_meta:fed_normal_meta_station58] epoch=4700/5000 weighted_query_mse=0.108634
  收敛追踪[fed_normal_meta:fed_normal_meta_station58] epoch=4800/5000 weighted_query_mse=0.087577
  收敛追踪[fed_normal_meta:fed_normal_meta_station58] epoch=4900/5000 weighted_query_mse=0.107028
  收敛追踪[fed_normal_meta:fed_normal_meta_station58] epoch=5000/5000 weighted_query_mse=0.076970
  收敛检测[fed_normal_meta:fed_normal_meta_station58]: 已收敛 @ epoch 4508 (best_epoch=4408, best_loss=0.053884, final_loss=0.076970)
✓ Fed-Normal-Meta元训练完成: artifacts/2h6p_six_station/fed-normal-meta-5k/models/model_fore_train_task_query_fed_normal_meta_station58.pth

======================================================================
开始Fed-Normal-Meta元训练: target station 59
======================================================================
  aggregation_weights={'59': 0.8, '58': 0.039579070447237644, '60': 0.0402221572639579, '61': 0.039579070447237644, '62': 0.04039754457760888, '63': 0.0402221572639579}
  收敛追踪[fed_normal_meta:fed_normal_meta_station59] epoch=1/5000 weighted_query_mse=0.137805
  收敛追踪[fed_normal_meta:fed_normal_meta_station59] epoch=2/5000 weighted_query_mse=0.114148
  收敛追踪[fed_normal_meta:fed_normal_meta_station59] epoch=3/5000 weighted_query_mse=0.106404
  收敛追踪[fed_normal_meta:fed_normal_meta_station59] epoch=4/5000 weighted_query_mse=0.158140
  收敛追踪[fed_normal_meta:fed_normal_meta_station59] epoch=5/5000 weighted_query_mse=0.108155
  收敛追踪[fed_normal_meta:fed_normal_meta_station59] epoch=6/5000 weighted_query_mse=0.094605
  收敛追踪[fed_normal_meta:fed_normal_meta_station59] epoch=7/5000 weighted_query_mse=0.130253
  收敛追踪[fed_normal_meta:fed_normal_meta_station59] epoch=8/5000 weighted_query_mse=0.117110
  收敛追踪[fed_normal_meta:fed_normal_meta_station59] epoch=9/5000 weighted_query_mse=0.126173
  收敛追踪[fed_normal_meta:fed_normal_meta_station59] epoch=10/5000 weighted_query_mse=0.123808
  收敛追踪[fed_normal_meta:fed_normal_meta_station59] epoch=100/5000 weighted_query_mse=0.139299
  收敛追踪[fed_normal_meta:fed_normal_meta_station59] epoch=200/5000 weighted_query_mse=0.115674
  收敛检测[fed_normal_meta:fed_normal_meta_station59]: 首次达到收敛条件 @ epoch 229 (best_epoch=129, best_loss=0.071674, final_loss=0.125528)
  收敛追踪[fed_normal_meta:fed_normal_meta_station59] epoch=300/5000 weighted_query_mse=0.132164
  收敛追踪[fed_normal_meta:fed_normal_meta_station59] epoch=400/5000 weighted_query_mse=0.125281
  收敛追踪[fed_normal_meta:fed_normal_meta_station59] epoch=500/5000 weighted_query_mse=0.126444
  收敛追踪[fed_normal_meta:fed_normal_meta_station59] epoch=600/5000 weighted_query_mse=0.131204
  收敛追踪[fed_normal_meta:fed_normal_meta_station59] epoch=700/5000 weighted_query_mse=0.126470
  收敛检测[fed_normal_meta:fed_normal_meta_station59]: 首次达到收敛条件 @ epoch 785 (best_epoch=685, best_loss=0.067706, final_loss=0.081170)
  收敛追踪[fed_normal_meta:fed_normal_meta_station59] epoch=800/5000 weighted_query_mse=0.093006
  收敛追踪[fed_normal_meta:fed_normal_meta_station59] epoch=900/5000 weighted_query_mse=0.099402
  收敛检测[fed_normal_meta:fed_normal_meta_station59]: 首次达到收敛条件 @ epoch 979 (best_epoch=879, best_loss=0.063995, final_loss=0.096243)
  收敛追踪[fed_normal_meta:fed_normal_meta_station59] epoch=1000/5000 weighted_query_mse=0.101054
  收敛追踪[fed_normal_meta:fed_normal_meta_station59] epoch=1100/5000 weighted_query_mse=0.103310
  收敛追踪[fed_normal_meta:fed_normal_meta_station59] epoch=1200/5000 weighted_query_mse=0.094286
  收敛追踪[fed_normal_meta:fed_normal_meta_station59] epoch=1300/5000 weighted_query_mse=0.099187
  收敛追踪[fed_normal_meta:fed_normal_meta_station59] epoch=1400/5000 weighted_query_mse=0.115300
  收敛追踪[fed_normal_meta:fed_normal_meta_station59] epoch=1500/5000 weighted_query_mse=0.082611
  收敛追踪[fed_normal_meta:fed_normal_meta_station59] epoch=1600/5000 weighted_query_mse=0.090179
  收敛追踪[fed_normal_meta:fed_normal_meta_station59] epoch=1700/5000 weighted_query_mse=0.095986
  收敛追踪[fed_normal_meta:fed_normal_meta_station59] epoch=1800/5000 weighted_query_mse=0.106355
  收敛追踪[fed_normal_meta:fed_normal_meta_station59] epoch=1900/5000 weighted_query_mse=0.100118
  收敛追踪[fed_normal_meta:fed_normal_meta_station59] epoch=2000/5000 weighted_query_mse=0.103301
  收敛追踪[fed_normal_meta:fed_normal_meta_station59] epoch=2100/5000 weighted_query_mse=0.098609
  收敛追踪[fed_normal_meta:fed_normal_meta_station59] epoch=2200/5000 weighted_query_mse=0.107612
  收敛追踪[fed_normal_meta:fed_normal_meta_station59] epoch=2300/5000 weighted_query_mse=0.113758
  收敛追踪[fed_normal_meta:fed_normal_meta_station59] epoch=2400/5000 weighted_query_mse=0.126311
  收敛追踪[fed_normal_meta:fed_normal_meta_station59] epoch=2500/5000 weighted_query_mse=0.110068
  收敛追踪[fed_normal_meta:fed_normal_meta_station59] epoch=2600/5000 weighted_query_mse=0.115694
  收敛追踪[fed_normal_meta:fed_normal_meta_station59] epoch=2700/5000 weighted_query_mse=0.108394
  收敛追踪[fed_normal_meta:fed_normal_meta_station59] epoch=2800/5000 weighted_query_mse=0.104916
  收敛追踪[fed_normal_meta:fed_normal_meta_station59] epoch=2900/5000 weighted_query_mse=0.093099
  收敛追踪[fed_normal_meta:fed_normal_meta_station59] epoch=3000/5000 weighted_query_mse=0.105532
  收敛追踪[fed_normal_meta:fed_normal_meta_station59] epoch=3100/5000 weighted_query_mse=0.112209
  收敛追踪[fed_normal_meta:fed_normal_meta_station59] epoch=3200/5000 weighted_query_mse=0.114960
  收敛追踪[fed_normal_meta:fed_normal_meta_station59] epoch=3300/5000 weighted_query_mse=0.075295
  收敛追踪[fed_normal_meta:fed_normal_meta_station59] epoch=3400/5000 weighted_query_mse=0.089125
  收敛追踪[fed_normal_meta:fed_normal_meta_station59] epoch=3500/5000 weighted_query_mse=0.101628
  收敛追踪[fed_normal_meta:fed_normal_meta_station59] epoch=3600/5000 weighted_query_mse=0.090088
  收敛追踪[fed_normal_meta:fed_normal_meta_station59] epoch=3700/5000 weighted_query_mse=0.099830
  收敛追踪[fed_normal_meta:fed_normal_meta_station59] epoch=3800/5000 weighted_query_mse=0.081640
  收敛检测[fed_normal_meta:fed_normal_meta_station59]: 首次达到收敛条件 @ epoch 3897 (best_epoch=3797, best_loss=0.059389, final_loss=0.107462)
  收敛追踪[fed_normal_meta:fed_normal_meta_station59] epoch=3900/5000 weighted_query_mse=0.086376
  收敛追踪[fed_normal_meta:fed_normal_meta_station59] epoch=4000/5000 weighted_query_mse=0.097528
  收敛追踪[fed_normal_meta:fed_normal_meta_station59] epoch=4100/5000 weighted_query_mse=0.113340
  收敛追踪[fed_normal_meta:fed_normal_meta_station59] epoch=4200/5000 weighted_query_mse=0.088002
  收敛追踪[fed_normal_meta:fed_normal_meta_station59] epoch=4300/5000 weighted_query_mse=0.095975
  收敛追踪[fed_normal_meta:fed_normal_meta_station59] epoch=4400/5000 weighted_query_mse=0.092299
  收敛追踪[fed_normal_meta:fed_normal_meta_station59] epoch=4500/5000 weighted_query_mse=0.101102
  收敛追踪[fed_normal_meta:fed_normal_meta_station59] epoch=4600/5000 weighted_query_mse=0.106746
  收敛追踪[fed_normal_meta:fed_normal_meta_station59] epoch=4700/5000 weighted_query_mse=0.089064
  收敛追踪[fed_normal_meta:fed_normal_meta_station59] epoch=4800/5000 weighted_query_mse=0.096140
  收敛追踪[fed_normal_meta:fed_normal_meta_station59] epoch=4900/5000 weighted_query_mse=0.089690
  收敛追踪[fed_normal_meta:fed_normal_meta_station59] epoch=5000/5000 weighted_query_mse=0.088087
  收敛检测[fed_normal_meta:fed_normal_meta_station59]: 已收敛 @ epoch 3897 (best_epoch=3797, best_loss=0.059389, final_loss=0.088087)
✓ Fed-Normal-Meta元训练完成: artifacts/2h6p_six_station/fed-normal-meta-5k/models/model_fore_train_task_query_fed_normal_meta_station59.pth

======================================================================
开始Fed-Normal-Meta元训练: target station 60
======================================================================
  aggregation_weights={'60': 0.8, '58': 0.03954439252336448, '59': 0.04036214953271027, '61': 0.03954439252336448, '62': 0.04036214953271027, '63': 0.040186915887850456}
  收敛追踪[fed_normal_meta:fed_normal_meta_station60] epoch=1/5000 weighted_query_mse=0.141273
  收敛追踪[fed_normal_meta:fed_normal_meta_station60] epoch=2/5000 weighted_query_mse=0.149356
  收敛追踪[fed_normal_meta:fed_normal_meta_station60] epoch=3/5000 weighted_query_mse=0.148787
  收敛追踪[fed_normal_meta:fed_normal_meta_station60] epoch=4/5000 weighted_query_mse=0.141082
  收敛追踪[fed_normal_meta:fed_normal_meta_station60] epoch=5/5000 weighted_query_mse=0.133601
  收敛追踪[fed_normal_meta:fed_normal_meta_station60] epoch=6/5000 weighted_query_mse=0.130125
  收敛追踪[fed_normal_meta:fed_normal_meta_station60] epoch=7/5000 weighted_query_mse=0.143432
  收敛追踪[fed_normal_meta:fed_normal_meta_station60] epoch=8/5000 weighted_query_mse=0.129406
  收敛追踪[fed_normal_meta:fed_normal_meta_station60] epoch=9/5000 weighted_query_mse=0.092793
  收敛追踪[fed_normal_meta:fed_normal_meta_station60] epoch=10/5000 weighted_query_mse=0.089025
  收敛追踪[fed_normal_meta:fed_normal_meta_station60] epoch=100/5000 weighted_query_mse=0.117307
  收敛检测[fed_normal_meta:fed_normal_meta_station60]: 首次达到收敛条件 @ epoch 195 (best_epoch=95, best_loss=0.080614, final_loss=0.130224)
  收敛追踪[fed_normal_meta:fed_normal_meta_station60] epoch=200/5000 weighted_query_mse=0.143917
  收敛追踪[fed_normal_meta:fed_normal_meta_station60] epoch=300/5000 weighted_query_mse=0.094810
  收敛追踪[fed_normal_meta:fed_normal_meta_station60] epoch=400/5000 weighted_query_mse=0.110037
  收敛检测[fed_normal_meta:fed_normal_meta_station60]: 首次达到收敛条件 @ epoch 469 (best_epoch=369, best_loss=0.075452, final_loss=0.087024)
  收敛追踪[fed_normal_meta:fed_normal_meta_station60] epoch=500/5000 weighted_query_mse=0.128842
  收敛追踪[fed_normal_meta:fed_normal_meta_station60] epoch=600/5000 weighted_query_mse=0.093152
  收敛检测[fed_normal_meta:fed_normal_meta_station60]: 首次达到收敛条件 @ epoch 678 (best_epoch=578, best_loss=0.069771, final_loss=0.132984)
  收敛追踪[fed_normal_meta:fed_normal_meta_station60] epoch=700/5000 weighted_query_mse=0.095597
  收敛追踪[fed_normal_meta:fed_normal_meta_station60] epoch=800/5000 weighted_query_mse=0.099041
  收敛追踪[fed_normal_meta:fed_normal_meta_station60] epoch=900/5000 weighted_query_mse=0.116118
  收敛追踪[fed_normal_meta:fed_normal_meta_station60] epoch=1000/5000 weighted_query_mse=0.103242
  收敛追踪[fed_normal_meta:fed_normal_meta_station60] epoch=1100/5000 weighted_query_mse=0.126053
  收敛追踪[fed_normal_meta:fed_normal_meta_station60] epoch=1200/5000 weighted_query_mse=0.124046
  收敛追踪[fed_normal_meta:fed_normal_meta_station60] epoch=1300/5000 weighted_query_mse=0.129610
  收敛追踪[fed_normal_meta:fed_normal_meta_station60] epoch=1400/5000 weighted_query_mse=0.116952
  收敛追踪[fed_normal_meta:fed_normal_meta_station60] epoch=1500/5000 weighted_query_mse=0.125554
  收敛追踪[fed_normal_meta:fed_normal_meta_station60] epoch=1600/5000 weighted_query_mse=0.089968
  收敛追踪[fed_normal_meta:fed_normal_meta_station60] epoch=1700/5000 weighted_query_mse=0.110723
  收敛追踪[fed_normal_meta:fed_normal_meta_station60] epoch=1800/5000 weighted_query_mse=0.107600
  收敛追踪[fed_normal_meta:fed_normal_meta_station60] epoch=1900/5000 weighted_query_mse=0.089570
  收敛追踪[fed_normal_meta:fed_normal_meta_station60] epoch=2000/5000 weighted_query_mse=0.100718
  收敛追踪[fed_normal_meta:fed_normal_meta_station60] epoch=2100/5000 weighted_query_mse=0.101989
  收敛追踪[fed_normal_meta:fed_normal_meta_station60] epoch=2200/5000 weighted_query_mse=0.102466
  收敛追踪[fed_normal_meta:fed_normal_meta_station60] epoch=2300/5000 weighted_query_mse=0.108767
  收敛追踪[fed_normal_meta:fed_normal_meta_station60] epoch=2400/5000 weighted_query_mse=0.099842
  收敛追踪[fed_normal_meta:fed_normal_meta_station60] epoch=2500/5000 weighted_query_mse=0.075766
  收敛追踪[fed_normal_meta:fed_normal_meta_station60] epoch=2600/5000 weighted_query_mse=0.118447
  收敛追踪[fed_normal_meta:fed_normal_meta_station60] epoch=2700/5000 weighted_query_mse=0.100492
  收敛追踪[fed_normal_meta:fed_normal_meta_station60] epoch=2800/5000 weighted_query_mse=0.101477
  收敛检测[fed_normal_meta:fed_normal_meta_station60]: 首次达到收敛条件 @ epoch 2893 (best_epoch=2793, best_loss=0.068705, final_loss=0.120183)
  收敛追踪[fed_normal_meta:fed_normal_meta_station60] epoch=2900/5000 weighted_query_mse=0.123867
  收敛追踪[fed_normal_meta:fed_normal_meta_station60] epoch=3000/5000 weighted_query_mse=0.117580
  收敛追踪[fed_normal_meta:fed_normal_meta_station60] epoch=3100/5000 weighted_query_mse=0.112129
  收敛追踪[fed_normal_meta:fed_normal_meta_station60] epoch=3200/5000 weighted_query_mse=0.133866
  收敛追踪[fed_normal_meta:fed_normal_meta_station60] epoch=3300/5000 weighted_query_mse=0.106000
  收敛追踪[fed_normal_meta:fed_normal_meta_station60] epoch=3400/5000 weighted_query_mse=0.125279
  收敛检测[fed_normal_meta:fed_normal_meta_station60]: 首次达到收敛条件 @ epoch 3475 (best_epoch=3375, best_loss=0.066647, final_loss=0.119577)
  收敛追踪[fed_normal_meta:fed_normal_meta_station60] epoch=3500/5000 weighted_query_mse=0.066924
  收敛追踪[fed_normal_meta:fed_normal_meta_station60] epoch=3600/5000 weighted_query_mse=0.123048
  收敛追踪[fed_normal_meta:fed_normal_meta_station60] epoch=3700/5000 weighted_query_mse=0.105754
  收敛追踪[fed_normal_meta:fed_normal_meta_station60] epoch=3800/5000 weighted_query_mse=0.122732
  收敛追踪[fed_normal_meta:fed_normal_meta_station60] epoch=3900/5000 weighted_query_mse=0.103230
  收敛追踪[fed_normal_meta:fed_normal_meta_station60] epoch=4000/5000 weighted_query_mse=0.094491
  收敛追踪[fed_normal_meta:fed_normal_meta_station60] epoch=4100/5000 weighted_query_mse=0.131827
  收敛追踪[fed_normal_meta:fed_normal_meta_station60] epoch=4200/5000 weighted_query_mse=0.118400
  收敛追踪[fed_normal_meta:fed_normal_meta_station60] epoch=4300/5000 weighted_query_mse=0.088020
  收敛追踪[fed_normal_meta:fed_normal_meta_station60] epoch=4400/5000 weighted_query_mse=0.108956
  收敛追踪[fed_normal_meta:fed_normal_meta_station60] epoch=4500/5000 weighted_query_mse=0.103797
  收敛追踪[fed_normal_meta:fed_normal_meta_station60] epoch=4600/5000 weighted_query_mse=0.104324
  收敛追踪[fed_normal_meta:fed_normal_meta_station60] epoch=4700/5000 weighted_query_mse=0.088477
  收敛追踪[fed_normal_meta:fed_normal_meta_station60] epoch=4800/5000 weighted_query_mse=0.119534
  收敛追踪[fed_normal_meta:fed_normal_meta_station60] epoch=4900/5000 weighted_query_mse=0.108494
  收敛追踪[fed_normal_meta:fed_normal_meta_station60] epoch=5000/5000 weighted_query_mse=0.113303
  收敛检测[fed_normal_meta:fed_normal_meta_station60]: 已收敛 @ epoch 3475 (best_epoch=3375, best_loss=0.066647, final_loss=0.113303)
✓ Fed-Normal-Meta元训练完成: artifacts/2h6p_six_station/fed-normal-meta-5k/models/model_fore_train_task_query_fed_normal_meta_station60.pth

======================================================================
开始Fed-Normal-Meta元训练: target station 61
======================================================================
  aggregation_weights={'61': 0.8, '58': 0.03941775836972343, '59': 0.04023289665211061, '60': 0.04005822416302764, '62': 0.04023289665211061, '63': 0.04005822416302764}
  收敛追踪[fed_normal_meta:fed_normal_meta_station61] epoch=1/5000 weighted_query_mse=0.118360
  收敛追踪[fed_normal_meta:fed_normal_meta_station61] epoch=2/5000 weighted_query_mse=0.118768
  收敛追踪[fed_normal_meta:fed_normal_meta_station61] epoch=3/5000 weighted_query_mse=0.087833
  收敛追踪[fed_normal_meta:fed_normal_meta_station61] epoch=4/5000 weighted_query_mse=0.164354
  收敛追踪[fed_normal_meta:fed_normal_meta_station61] epoch=5/5000 weighted_query_mse=0.147067
  收敛追踪[fed_normal_meta:fed_normal_meta_station61] epoch=6/5000 weighted_query_mse=0.147384
  收敛追踪[fed_normal_meta:fed_normal_meta_station61] epoch=7/5000 weighted_query_mse=0.072810
  收敛追踪[fed_normal_meta:fed_normal_meta_station61] epoch=8/5000 weighted_query_mse=0.145512
  收敛追踪[fed_normal_meta:fed_normal_meta_station61] epoch=9/5000 weighted_query_mse=0.129266
  收敛追踪[fed_normal_meta:fed_normal_meta_station61] epoch=10/5000 weighted_query_mse=0.117239
  收敛追踪[fed_normal_meta:fed_normal_meta_station61] epoch=100/5000 weighted_query_mse=0.105287
  收敛检测[fed_normal_meta:fed_normal_meta_station61]: 首次达到收敛条件 @ epoch 143 (best_epoch=43, best_loss=0.064785, final_loss=0.121094)
  收敛追踪[fed_normal_meta:fed_normal_meta_station61] epoch=200/5000 weighted_query_mse=0.107189
  收敛追踪[fed_normal_meta:fed_normal_meta_station61] epoch=300/5000 weighted_query_mse=0.097022
  收敛检测[fed_normal_meta:fed_normal_meta_station61]: 首次达到收敛条件 @ epoch 386 (best_epoch=286, best_loss=0.060586, final_loss=0.084095)
  收敛追踪[fed_normal_meta:fed_normal_meta_station61] epoch=400/5000 weighted_query_mse=0.105716
  收敛追踪[fed_normal_meta:fed_normal_meta_station61] epoch=500/5000 weighted_query_mse=0.100665
  收敛检测[fed_normal_meta:fed_normal_meta_station61]: 首次达到收敛条件 @ epoch 504 (best_epoch=404, best_loss=0.054324, final_loss=0.075768)
  收敛追踪[fed_normal_meta:fed_normal_meta_station61] epoch=600/5000 weighted_query_mse=0.102745
  收敛追踪[fed_normal_meta:fed_normal_meta_station61] epoch=700/5000 weighted_query_mse=0.127193
  收敛追踪[fed_normal_meta:fed_normal_meta_station61] epoch=800/5000 weighted_query_mse=0.074214
  收敛追踪[fed_normal_meta:fed_normal_meta_station61] epoch=900/5000 weighted_query_mse=0.085325
  收敛追踪[fed_normal_meta:fed_normal_meta_station61] epoch=1000/5000 weighted_query_mse=0.085313
  收敛追踪[fed_normal_meta:fed_normal_meta_station61] epoch=1100/5000 weighted_query_mse=0.112888
  收敛追踪[fed_normal_meta:fed_normal_meta_station61] epoch=1200/5000 weighted_query_mse=0.096811
  收敛追踪[fed_normal_meta:fed_normal_meta_station61] epoch=1300/5000 weighted_query_mse=0.071197
  收敛追踪[fed_normal_meta:fed_normal_meta_station61] epoch=1400/5000 weighted_query_mse=0.080853
  收敛追踪[fed_normal_meta:fed_normal_meta_station61] epoch=1500/5000 weighted_query_mse=0.098833
  收敛追踪[fed_normal_meta:fed_normal_meta_station61] epoch=1600/5000 weighted_query_mse=0.121043
  收敛追踪[fed_normal_meta:fed_normal_meta_station61] epoch=1700/5000 weighted_query_mse=0.076109
  收敛追踪[fed_normal_meta:fed_normal_meta_station61] epoch=1800/5000 weighted_query_mse=0.108468
  收敛追踪[fed_normal_meta:fed_normal_meta_station61] epoch=1900/5000 weighted_query_mse=0.095462
  收敛追踪[fed_normal_meta:fed_normal_meta_station61] epoch=2000/5000 weighted_query_mse=0.078568
  收敛检测[fed_normal_meta:fed_normal_meta_station61]: 首次达到收敛条件 @ epoch 2031 (best_epoch=1931, best_loss=0.053154, final_loss=0.098898)
  收敛追踪[fed_normal_meta:fed_normal_meta_station61] epoch=2100/5000 weighted_query_mse=0.090038
  收敛追踪[fed_normal_meta:fed_normal_meta_station61] epoch=2200/5000 weighted_query_mse=0.093653
  收敛追踪[fed_normal_meta:fed_normal_meta_station61] epoch=2300/5000 weighted_query_mse=0.121687
  收敛追踪[fed_normal_meta:fed_normal_meta_station61] epoch=2400/5000 weighted_query_mse=0.071647
  收敛追踪[fed_normal_meta:fed_normal_meta_station61] epoch=2500/5000 weighted_query_mse=0.083210
  收敛追踪[fed_normal_meta:fed_normal_meta_station61] epoch=2600/5000 weighted_query_mse=0.124573
  收敛追踪[fed_normal_meta:fed_normal_meta_station61] epoch=2700/5000 weighted_query_mse=0.066781
  收敛追踪[fed_normal_meta:fed_normal_meta_station61] epoch=2800/5000 weighted_query_mse=0.126905
  收敛追踪[fed_normal_meta:fed_normal_meta_station61] epoch=2900/5000 weighted_query_mse=0.060077
  收敛追踪[fed_normal_meta:fed_normal_meta_station61] epoch=3000/5000 weighted_query_mse=0.106325
  收敛追踪[fed_normal_meta:fed_normal_meta_station61] epoch=3100/5000 weighted_query_mse=0.088423
  收敛追踪[fed_normal_meta:fed_normal_meta_station61] epoch=3200/5000 weighted_query_mse=0.078200
  收敛追踪[fed_normal_meta:fed_normal_meta_station61] epoch=3300/5000 weighted_query_mse=0.084641
  收敛追踪[fed_normal_meta:fed_normal_meta_station61] epoch=3400/5000 weighted_query_mse=0.110151
  收敛追踪[fed_normal_meta:fed_normal_meta_station61] epoch=3500/5000 weighted_query_mse=0.078216
  收敛追踪[fed_normal_meta:fed_normal_meta_station61] epoch=3600/5000 weighted_query_mse=0.094890
  收敛追踪[fed_normal_meta:fed_normal_meta_station61] epoch=3700/5000 weighted_query_mse=0.075900
  收敛追踪[fed_normal_meta:fed_normal_meta_station61] epoch=3800/5000 weighted_query_mse=0.066457
  收敛追踪[fed_normal_meta:fed_normal_meta_station61] epoch=3900/5000 weighted_query_mse=0.076499
  收敛检测[fed_normal_meta:fed_normal_meta_station61]: 首次达到收敛条件 @ epoch 3951 (best_epoch=3851, best_loss=0.051869, final_loss=0.103339)
  收敛追踪[fed_normal_meta:fed_normal_meta_station61] epoch=4000/5000 weighted_query_mse=0.079956
  收敛追踪[fed_normal_meta:fed_normal_meta_station61] epoch=4100/5000 weighted_query_mse=0.070552
  收敛追踪[fed_normal_meta:fed_normal_meta_station61] epoch=4200/5000 weighted_query_mse=0.086982
  收敛追踪[fed_normal_meta:fed_normal_meta_station61] epoch=4300/5000 weighted_query_mse=0.094451
  收敛追踪[fed_normal_meta:fed_normal_meta_station61] epoch=4400/5000 weighted_query_mse=0.085679
  收敛追踪[fed_normal_meta:fed_normal_meta_station61] epoch=4500/5000 weighted_query_mse=0.080199
  收敛追踪[fed_normal_meta:fed_normal_meta_station61] epoch=4600/5000 weighted_query_mse=0.094061
  收敛追踪[fed_normal_meta:fed_normal_meta_station61] epoch=4700/5000 weighted_query_mse=0.114700
  收敛追踪[fed_normal_meta:fed_normal_meta_station61] epoch=4800/5000 weighted_query_mse=0.104951
  收敛追踪[fed_normal_meta:fed_normal_meta_station61] epoch=4900/5000 weighted_query_mse=0.060198
  收敛追踪[fed_normal_meta:fed_normal_meta_station61] epoch=5000/5000 weighted_query_mse=0.102827
  收敛检测[fed_normal_meta:fed_normal_meta_station61]: 未收敛 (best_epoch=4910, best_loss=0.050680, final_loss=0.102827)
✓ Fed-Normal-Meta元训练完成: artifacts/2h6p_six_station/fed-normal-meta-5k/models/model_fore_train_task_query_fed_normal_meta_station61.pth

======================================================================
开始Fed-Normal-Meta元训练: target station 62
======================================================================
  aggregation_weights={'62': 0.8, '58': 0.039579070447237644, '59': 0.04039754457760888, '60': 0.0402221572639579, '61': 0.039579070447237644, '63': 0.0402221572639579}
  收敛追踪[fed_normal_meta:fed_normal_meta_station62] epoch=1/5000 weighted_query_mse=0.115251
  收敛追踪[fed_normal_meta:fed_normal_meta_station62] epoch=2/5000 weighted_query_mse=0.148343
  收敛追踪[fed_normal_meta:fed_normal_meta_station62] epoch=3/5000 weighted_query_mse=0.126712
  收敛追踪[fed_normal_meta:fed_normal_meta_station62] epoch=4/5000 weighted_query_mse=0.117130
  收敛追踪[fed_normal_meta:fed_normal_meta_station62] epoch=5/5000 weighted_query_mse=0.118649
  收敛追踪[fed_normal_meta:fed_normal_meta_station62] epoch=6/5000 weighted_query_mse=0.122748
  收敛追踪[fed_normal_meta:fed_normal_meta_station62] epoch=7/5000 weighted_query_mse=0.125408
  收敛追踪[fed_normal_meta:fed_normal_meta_station62] epoch=8/5000 weighted_query_mse=0.122325
  收敛追踪[fed_normal_meta:fed_normal_meta_station62] epoch=9/5000 weighted_query_mse=0.110264
  收敛追踪[fed_normal_meta:fed_normal_meta_station62] epoch=10/5000 weighted_query_mse=0.091974
  收敛追踪[fed_normal_meta:fed_normal_meta_station62] epoch=100/5000 weighted_query_mse=0.126440
  收敛追踪[fed_normal_meta:fed_normal_meta_station62] epoch=200/5000 weighted_query_mse=0.127966
  收敛检测[fed_normal_meta:fed_normal_meta_station62]: 首次达到收敛条件 @ epoch 267 (best_epoch=167, best_loss=0.070694, final_loss=0.124995)
  收敛追踪[fed_normal_meta:fed_normal_meta_station62] epoch=300/5000 weighted_query_mse=0.111754
  收敛检测[fed_normal_meta:fed_normal_meta_station62]: 首次达到收敛条件 @ epoch 386 (best_epoch=286, best_loss=0.070377, final_loss=0.092482)
  收敛追踪[fed_normal_meta:fed_normal_meta_station62] epoch=400/5000 weighted_query_mse=0.114711
  收敛追踪[fed_normal_meta:fed_normal_meta_station62] epoch=500/5000 weighted_query_mse=0.106405
  收敛追踪[fed_normal_meta:fed_normal_meta_station62] epoch=600/5000 weighted_query_mse=0.139962
  收敛追踪[fed_normal_meta:fed_normal_meta_station62] epoch=700/5000 weighted_query_mse=0.095721
  收敛检测[fed_normal_meta:fed_normal_meta_station62]: 首次达到收敛条件 @ epoch 742 (best_epoch=642, best_loss=0.064883, final_loss=0.110489)
  收敛追踪[fed_normal_meta:fed_normal_meta_station62] epoch=800/5000 weighted_query_mse=0.091203
  收敛追踪[fed_normal_meta:fed_normal_meta_station62] epoch=900/5000 weighted_query_mse=0.112305
  收敛追踪[fed_normal_meta:fed_normal_meta_station62] epoch=1000/5000 weighted_query_mse=0.124934
  收敛检测[fed_normal_meta:fed_normal_meta_station62]: 首次达到收敛条件 @ epoch 1092 (best_epoch=992, best_loss=0.063530, final_loss=0.080891)
  收敛追踪[fed_normal_meta:fed_normal_meta_station62] epoch=1100/5000 weighted_query_mse=0.095633
  收敛追踪[fed_normal_meta:fed_normal_meta_station62] epoch=1200/5000 weighted_query_mse=0.096668
  收敛追踪[fed_normal_meta:fed_normal_meta_station62] epoch=1300/5000 weighted_query_mse=0.115682
  收敛追踪[fed_normal_meta:fed_normal_meta_station62] epoch=1400/5000 weighted_query_mse=0.086796
  收敛追踪[fed_normal_meta:fed_normal_meta_station62] epoch=1500/5000 weighted_query_mse=0.112689
  收敛追踪[fed_normal_meta:fed_normal_meta_station62] epoch=1600/5000 weighted_query_mse=0.095498
  收敛追踪[fed_normal_meta:fed_normal_meta_station62] epoch=1700/5000 weighted_query_mse=0.127343
  收敛追踪[fed_normal_meta:fed_normal_meta_station62] epoch=1800/5000 weighted_query_mse=0.076451
  收敛追踪[fed_normal_meta:fed_normal_meta_station62] epoch=1900/5000 weighted_query_mse=0.085459
  收敛检测[fed_normal_meta:fed_normal_meta_station62]: 首次达到收敛条件 @ epoch 1923 (best_epoch=1823, best_loss=0.059621, final_loss=0.089200)
  收敛追踪[fed_normal_meta:fed_normal_meta_station62] epoch=2000/5000 weighted_query_mse=0.118537
  收敛追踪[fed_normal_meta:fed_normal_meta_station62] epoch=2100/5000 weighted_query_mse=0.111901
  收敛追踪[fed_normal_meta:fed_normal_meta_station62] epoch=2200/5000 weighted_query_mse=0.090821
  收敛追踪[fed_normal_meta:fed_normal_meta_station62] epoch=2300/5000 weighted_query_mse=0.099587
  收敛追踪[fed_normal_meta:fed_normal_meta_station62] epoch=2400/5000 weighted_query_mse=0.075394
  收敛追踪[fed_normal_meta:fed_normal_meta_station62] epoch=2500/5000 weighted_query_mse=0.098826
  收敛追踪[fed_normal_meta:fed_normal_meta_station62] epoch=2600/5000 weighted_query_mse=0.089530
  收敛追踪[fed_normal_meta:fed_normal_meta_station62] epoch=2700/5000 weighted_query_mse=0.095186
  收敛追踪[fed_normal_meta:fed_normal_meta_station62] epoch=2800/5000 weighted_query_mse=0.097038
  收敛追踪[fed_normal_meta:fed_normal_meta_station62] epoch=2900/5000 weighted_query_mse=0.087308
  收敛追踪[fed_normal_meta:fed_normal_meta_station62] epoch=3000/5000 weighted_query_mse=0.106160
  收敛追踪[fed_normal_meta:fed_normal_meta_station62] epoch=3100/5000 weighted_query_mse=0.098876
  收敛追踪[fed_normal_meta:fed_normal_meta_station62] epoch=3200/5000 weighted_query_mse=0.080642
  收敛追踪[fed_normal_meta:fed_normal_meta_station62] epoch=3300/5000 weighted_query_mse=0.112551
  收敛追踪[fed_normal_meta:fed_normal_meta_station62] epoch=3400/5000 weighted_query_mse=0.076622
  收敛追踪[fed_normal_meta:fed_normal_meta_station62] epoch=3500/5000 weighted_query_mse=0.077203
  收敛追踪[fed_normal_meta:fed_normal_meta_station62] epoch=3600/5000 weighted_query_mse=0.091061
  收敛追踪[fed_normal_meta:fed_normal_meta_station62] epoch=3700/5000 weighted_query_mse=0.088713
  收敛追踪[fed_normal_meta:fed_normal_meta_station62] epoch=3800/5000 weighted_query_mse=0.103793
  收敛追踪[fed_normal_meta:fed_normal_meta_station62] epoch=3900/5000 weighted_query_mse=0.096940
  收敛追踪[fed_normal_meta:fed_normal_meta_station62] epoch=4000/5000 weighted_query_mse=0.095419
  收敛追踪[fed_normal_meta:fed_normal_meta_station62] epoch=4100/5000 weighted_query_mse=0.078944
  收敛追踪[fed_normal_meta:fed_normal_meta_station62] epoch=4200/5000 weighted_query_mse=0.090100
  收敛追踪[fed_normal_meta:fed_normal_meta_station62] epoch=4300/5000 weighted_query_mse=0.095987
  收敛追踪[fed_normal_meta:fed_normal_meta_station62] epoch=4400/5000 weighted_query_mse=0.078059
  收敛追踪[fed_normal_meta:fed_normal_meta_station62] epoch=4500/5000 weighted_query_mse=0.099896
  收敛追踪[fed_normal_meta:fed_normal_meta_station62] epoch=4600/5000 weighted_query_mse=0.117269
  收敛追踪[fed_normal_meta:fed_normal_meta_station62] epoch=4700/5000 weighted_query_mse=0.106436
  收敛追踪[fed_normal_meta:fed_normal_meta_station62] epoch=4800/5000 weighted_query_mse=0.100172
  收敛追踪[fed_normal_meta:fed_normal_meta_station62] epoch=4900/5000 weighted_query_mse=0.120751
  收敛追踪[fed_normal_meta:fed_normal_meta_station62] epoch=5000/5000 weighted_query_mse=0.116769
  收敛检测[fed_normal_meta:fed_normal_meta_station62]: 已收敛 @ epoch 1923 (best_epoch=1823, best_loss=0.059621, final_loss=0.116769)
✓ Fed-Normal-Meta元训练完成: artifacts/2h6p_six_station/fed-normal-meta-5k/models/model_fore_train_task_query_fed_normal_meta_station62.pth

======================================================================
开始Fed-Normal-Meta元训练: target station 63
======================================================================
  aggregation_weights={'63': 0.8, '58': 0.03954439252336448, '59': 0.04036214953271027, '60': 0.040186915887850456, '61': 0.03954439252336448, '62': 0.04036214953271027}
  收敛追踪[fed_normal_meta:fed_normal_meta_station63] epoch=1/5000 weighted_query_mse=0.144801
  收敛追踪[fed_normal_meta:fed_normal_meta_station63] epoch=2/5000 weighted_query_mse=0.122341
  收敛追踪[fed_normal_meta:fed_normal_meta_station63] epoch=3/5000 weighted_query_mse=0.123800
  收敛追踪[fed_normal_meta:fed_normal_meta_station63] epoch=4/5000 weighted_query_mse=0.142669
  收敛追踪[fed_normal_meta:fed_normal_meta_station63] epoch=5/5000 weighted_query_mse=0.130482
  收敛追踪[fed_normal_meta:fed_normal_meta_station63] epoch=6/5000 weighted_query_mse=0.158354
  收敛追踪[fed_normal_meta:fed_normal_meta_station63] epoch=7/5000 weighted_query_mse=0.123796
  收敛追踪[fed_normal_meta:fed_normal_meta_station63] epoch=8/5000 weighted_query_mse=0.127248
  收敛追踪[fed_normal_meta:fed_normal_meta_station63] epoch=9/5000 weighted_query_mse=0.143014
  收敛追踪[fed_normal_meta:fed_normal_meta_station63] epoch=10/5000 weighted_query_mse=0.135394
  收敛追踪[fed_normal_meta:fed_normal_meta_station63] epoch=100/5000 weighted_query_mse=0.094784
  收敛检测[fed_normal_meta:fed_normal_meta_station63]: 首次达到收敛条件 @ epoch 143 (best_epoch=43, best_loss=0.080958, final_loss=0.107308)
  收敛追踪[fed_normal_meta:fed_normal_meta_station63] epoch=200/5000 weighted_query_mse=0.121519
  收敛追踪[fed_normal_meta:fed_normal_meta_station63] epoch=300/5000 weighted_query_mse=0.137135
  收敛追踪[fed_normal_meta:fed_normal_meta_station63] epoch=400/5000 weighted_query_mse=0.082674
  收敛追踪[fed_normal_meta:fed_normal_meta_station63] epoch=500/5000 weighted_query_mse=0.111876
  收敛追踪[fed_normal_meta:fed_normal_meta_station63] epoch=600/5000 weighted_query_mse=0.086639
  收敛检测[fed_normal_meta:fed_normal_meta_station63]: 首次达到收敛条件 @ epoch 677 (best_epoch=577, best_loss=0.073351, final_loss=0.116839)
  收敛追踪[fed_normal_meta:fed_normal_meta_station63] epoch=700/5000 weighted_query_mse=0.120173
  收敛追踪[fed_normal_meta:fed_normal_meta_station63] epoch=800/5000 weighted_query_mse=0.129403
  收敛追踪[fed_normal_meta:fed_normal_meta_station63] epoch=900/5000 weighted_query_mse=0.104754
  收敛检测[fed_normal_meta:fed_normal_meta_station63]: 首次达到收敛条件 @ epoch 971 (best_epoch=871, best_loss=0.073010, final_loss=0.105026)
  收敛追踪[fed_normal_meta:fed_normal_meta_station63] epoch=1000/5000 weighted_query_mse=0.097045
  收敛追踪[fed_normal_meta:fed_normal_meta_station63] epoch=1100/5000 weighted_query_mse=0.115654
  收敛追踪[fed_normal_meta:fed_normal_meta_station63] epoch=1200/5000 weighted_query_mse=0.100103
  收敛追踪[fed_normal_meta:fed_normal_meta_station63] epoch=1300/5000 weighted_query_mse=0.109188
  收敛追踪[fed_normal_meta:fed_normal_meta_station63] epoch=1400/5000 weighted_query_mse=0.089015
  收敛追踪[fed_normal_meta:fed_normal_meta_station63] epoch=1500/5000 weighted_query_mse=0.118511
  收敛追踪[fed_normal_meta:fed_normal_meta_station63] epoch=1600/5000 weighted_query_mse=0.131535
  收敛检测[fed_normal_meta:fed_normal_meta_station63]: 首次达到收敛条件 @ epoch 1601 (best_epoch=1501, best_loss=0.066630, final_loss=0.089386)
  收敛追踪[fed_normal_meta:fed_normal_meta_station63] epoch=1700/5000 weighted_query_mse=0.135899
  收敛追踪[fed_normal_meta:fed_normal_meta_station63] epoch=1800/5000 weighted_query_mse=0.126257
  收敛追踪[fed_normal_meta:fed_normal_meta_station63] epoch=1900/5000 weighted_query_mse=0.086587
  收敛追踪[fed_normal_meta:fed_normal_meta_station63] epoch=2000/5000 weighted_query_mse=0.129103
  收敛追踪[fed_normal_meta:fed_normal_meta_station63] epoch=2100/5000 weighted_query_mse=0.081213
  收敛追踪[fed_normal_meta:fed_normal_meta_station63] epoch=2200/5000 weighted_query_mse=0.109502
  收敛追踪[fed_normal_meta:fed_normal_meta_station63] epoch=2300/5000 weighted_query_mse=0.112218
  收敛追踪[fed_normal_meta:fed_normal_meta_station63] epoch=2400/5000 weighted_query_mse=0.080058
  收敛追踪[fed_normal_meta:fed_normal_meta_station63] epoch=2500/5000 weighted_query_mse=0.089494
  收敛追踪[fed_normal_meta:fed_normal_meta_station63] epoch=2600/5000 weighted_query_mse=0.108274
  收敛追踪[fed_normal_meta:fed_normal_meta_station63] epoch=2700/5000 weighted_query_mse=0.080877
  收敛追踪[fed_normal_meta:fed_normal_meta_station63] epoch=2800/5000 weighted_query_mse=0.098378
  收敛追踪[fed_normal_meta:fed_normal_meta_station63] epoch=2900/5000 weighted_query_mse=0.112350
  收敛追踪[fed_normal_meta:fed_normal_meta_station63] epoch=3000/5000 weighted_query_mse=0.109493
  收敛追踪[fed_normal_meta:fed_normal_meta_station63] epoch=3100/5000 weighted_query_mse=0.105844
  收敛追踪[fed_normal_meta:fed_normal_meta_station63] epoch=3200/5000 weighted_query_mse=0.113264
  收敛追踪[fed_normal_meta:fed_normal_meta_station63] epoch=3300/5000 weighted_query_mse=0.113864
  收敛追踪[fed_normal_meta:fed_normal_meta_station63] epoch=3400/5000 weighted_query_mse=0.114354
  收敛追踪[fed_normal_meta:fed_normal_meta_station63] epoch=3500/5000 weighted_query_mse=0.121764
  收敛追踪[fed_normal_meta:fed_normal_meta_station63] epoch=3600/5000 weighted_query_mse=0.109534
  收敛追踪[fed_normal_meta:fed_normal_meta_station63] epoch=3700/5000 weighted_query_mse=0.111575
  收敛追踪[fed_normal_meta:fed_normal_meta_station63] epoch=3800/5000 weighted_query_mse=0.110443
  收敛追踪[fed_normal_meta:fed_normal_meta_station63] epoch=3900/5000 weighted_query_mse=0.102257
  收敛追踪[fed_normal_meta:fed_normal_meta_station63] epoch=4000/5000 weighted_query_mse=0.101185
  收敛追踪[fed_normal_meta:fed_normal_meta_station63] epoch=4100/5000 weighted_query_mse=0.115709
  收敛追踪[fed_normal_meta:fed_normal_meta_station63] epoch=4200/5000 weighted_query_mse=0.088835
  收敛追踪[fed_normal_meta:fed_normal_meta_station63] epoch=4300/5000 weighted_query_mse=0.105228
  收敛追踪[fed_normal_meta:fed_normal_meta_station63] epoch=4400/5000 weighted_query_mse=0.109544
  收敛追踪[fed_normal_meta:fed_normal_meta_station63] epoch=4500/5000 weighted_query_mse=0.101686
  收敛追踪[fed_normal_meta:fed_normal_meta_station63] epoch=4600/5000 weighted_query_mse=0.084847
  收敛追踪[fed_normal_meta:fed_normal_meta_station63] epoch=4700/5000 weighted_query_mse=0.080097
  收敛追踪[fed_normal_meta:fed_normal_meta_station63] epoch=4800/5000 weighted_query_mse=0.107176
  收敛追踪[fed_normal_meta:fed_normal_meta_station63] epoch=4900/5000 weighted_query_mse=0.090547
  收敛追踪[fed_normal_meta:fed_normal_meta_station63] epoch=5000/5000 weighted_query_mse=0.093345
  收敛检测[fed_normal_meta:fed_normal_meta_station63]: 已收敛 @ epoch 1601 (best_epoch=1501, best_loss=0.066630, final_loss=0.093345)
✓ Fed-Normal-Meta元训练完成: artifacts/2h6p_six_station/fed-normal-meta-5k/models/model_fore_train_task_query_fed_normal_meta_station63.pth
##################################################################——————————test_task_support（Few-shot适应：共72个模型）——————————############################################################

======================================================================
场站 58 的Few-shot适应
======================================================================

  极端天气类别 1:
    样本数: 8
    训练轮数: 200, few-shot loss=MSE
    adapt/val: 6 / 2
      [LMT] [Epoch 1/200] [loss_mse: 0.194592]
      [LMT] [Epoch 2/200] [loss_mse: 0.199524]
      [LMT] [Epoch 3/200] [loss_mse: 0.182069]
      [LMT] [Epoch 4/200] [loss_mse: 0.195782]
      [LMT] [Epoch 5/200] [loss_mse: 0.210505]
      [LMT] [Epoch 6/200] [loss_mse: 0.198034]
      [LMT] [Epoch 7/200] [loss_mse: 0.202479]
  收敛检测[few_shot:lmt_station58_class0]: 首次达到收敛条件 @ epoch 8 (best_epoch=3, best_loss=0.182069, final_loss=0.200713)
      [LMT] [Epoch 8/200] [loss_mse: 0.200713]
      [LMT] [Epoch 9/200] [loss_mse: 0.192554]
      [LMT] [Epoch 10/200] [loss_mse: 0.192494]
      [LMT] [Epoch 20/200] [loss_mse: 0.188412]
      [LMT] [Epoch 40/200] [loss_mse: 0.188876]
  收敛检测[few_shot:lmt_station58_class0]: 首次达到收敛条件 @ epoch 53 (best_epoch=48, best_loss=0.180303, final_loss=0.192626)
      [LMT] [Epoch 60/200] [loss_mse: 0.196942]
      [LMT] [Epoch 80/200] [loss_mse: 0.191244]
      [LMT] [Epoch 100/200] [loss_mse: 0.194935]
      [LMT] [Epoch 120/200] [loss_mse: 0.200748]
  收敛检测[few_shot:lmt_station58_class0]: 首次达到收敛条件 @ epoch 123 (best_epoch=118, best_loss=0.176494, final_loss=0.205764)
      [LMT] [Epoch 140/200] [loss_mse: 0.194484]
      [LMT] [Epoch 160/200] [loss_mse: 0.202627]
      [LMT] [Epoch 180/200] [loss_mse: 0.211324]
  收敛检测[few_shot:lmt_station58_class0]: 首次达到收敛条件 @ epoch 184 (best_epoch=179, best_loss=0.176289, final_loss=0.193744)
      [LMT] [Epoch 200/200] [loss_mse: 0.198491]
  收敛检测[few_shot:lmt_station58_class0]: 已收敛 @ epoch 184 (best_epoch=179, best_loss=0.176289, final_loss=0.198491)
    ✓ 保存(LMT): artifacts/2h6p_six_station/fed-normal-meta-5k/models/model_fore_station58_extreme0.pth
  收敛检测[few_shot:few_shot]: 未收敛 (best_epoch=1, best_loss=0.411293, final_loss=0.411293)
  收敛检测[few_shot:few_shot]: 未收敛 (best_epoch=1, best_loss=0.356386, final_loss=0.356386)
  收敛检测[few_shot:few_shot]: 未收敛 (best_epoch=1, best_loss=0.286163, final_loss=0.286163)
  收敛检测[few_shot:few_shot]: 未收敛 (best_epoch=1, best_loss=0.126384, final_loss=0.126384)
  收敛检测[few_shot:few_shot]: 未收敛 (best_epoch=1, best_loss=0.004004, final_loss=0.004004)
  收敛检测[few_shot:few_shot]: 未收敛 (best_epoch=1, best_loss=0.350022, final_loss=0.350022)
    [screen:extreme_source] source_station=59 -> target_station=58, candidate=7, gated=6, effective=1
      [extreme_source:59->target58] [Epoch 1/200] [loss_mse: 0.001128]
      [extreme_source:59->target58] [Epoch 2/200] [loss_mse: 0.002790]
      [extreme_source:59->target58] [Epoch 3/200] [loss_mse: 0.004475]
      [extreme_source:59->target58] [Epoch 4/200] [loss_mse: 0.000914]
      [extreme_source:59->target58] [Epoch 5/200] [loss_mse: 0.000617]
      [extreme_source:59->target58] [Epoch 6/200] [loss_mse: 0.002568]
      [extreme_source:59->target58] [Epoch 7/200] [loss_mse: 0.005477]
      [extreme_source:59->target58] [Epoch 8/200] [loss_mse: 0.001043]
      [extreme_source:59->target58] [Epoch 9/200] [loss_mse: 0.007777]
  收敛检测[few_shot:extreme_source_station59_to_58_class0]: 首次达到收敛条件 @ epoch 10 (best_epoch=5, best_loss=0.000617, final_loss=0.002176)
      [extreme_source:59->target58] [Epoch 10/200] [loss_mse: 0.002176]
      [extreme_source:59->target58] [Epoch 20/200] [loss_mse: 0.000491]
  收敛检测[few_shot:extreme_source_station59_to_58_class0]: 首次达到收敛条件 @ epoch 22 (best_epoch=17, best_loss=0.000042, final_loss=0.010906)
      [extreme_source:59->target58] [Epoch 40/200] [loss_mse: 0.010342]
      [extreme_source:59->target58] [Epoch 60/200] [loss_mse: 0.001325]
      [extreme_source:59->target58] [Epoch 80/200] [loss_mse: 0.000227]
      [extreme_source:59->target58] [Epoch 100/200] [loss_mse: 0.001263]
      [extreme_source:59->target58] [Epoch 120/200] [loss_mse: 0.000249]
      [extreme_source:59->target58] [Epoch 140/200] [loss_mse: 0.006749]
      [extreme_source:59->target58] [Epoch 160/200] [loss_mse: 0.003272]
      [extreme_source:59->target58] [Epoch 180/200] [loss_mse: 0.000515]
      [extreme_source:59->target58] [Epoch 200/200] [loss_mse: 0.001773]
  收敛检测[few_shot:extreme_source_station59_to_58_class0]: 已收敛 @ epoch 22 (best_epoch=17, best_loss=0.000042, final_loss=0.001773)
  收敛检测[few_shot:few_shot]: 未收敛 (best_epoch=1, best_loss=0.170739, final_loss=0.170739)
  收敛检测[few_shot:few_shot]: 未收敛 (best_epoch=1, best_loss=0.369048, final_loss=0.369048)
  收敛检测[few_shot:few_shot]: 未收敛 (best_epoch=1, best_loss=0.258638, final_loss=0.258638)
  收敛检测[few_shot:few_shot]: 未收敛 (best_epoch=1, best_loss=0.204587, final_loss=0.204587)
    [screen:extreme_source] source_station=60 -> target_station=58, candidate=5, gated=4, effective=0
  收敛检测[few_shot:few_shot]: 未收敛 (best_epoch=1, best_loss=0.249625, final_loss=0.249625)
  收敛检测[few_shot:few_shot]: 未收敛 (best_epoch=1, best_loss=0.300886, final_loss=0.300886)
  收敛检测[few_shot:few_shot]: 未收敛 (best_epoch=1, best_loss=0.121710, final_loss=0.121710)
  收敛检测[few_shot:few_shot]: 未收敛 (best_epoch=1, best_loss=0.102884, final_loss=0.102884)
  收敛检测[few_shot:few_shot]: 未收敛 (best_epoch=1, best_loss=0.113029, final_loss=0.113029)
  收敛检测[few_shot:few_shot]: 未收敛 (best_epoch=1, best_loss=0.060004, final_loss=0.060004)
  收敛检测[few_shot:few_shot]: 未收敛 (best_epoch=1, best_loss=0.030658, final_loss=0.030658)
  收敛检测[few_shot:few_shot]: 未收敛 (best_epoch=1, best_loss=0.098696, final_loss=0.098696)
    [screen:extreme_source] source_station=61 -> target_station=58, candidate=9, gated=8, effective=5
      [extreme_source:61->target58] [Epoch 1/200] [loss_mse: 0.089410]
      [extreme_source:61->target58] [Epoch 2/200] [loss_mse: 0.094967]
      [extreme_source:61->target58] [Epoch 3/200] [loss_mse: 0.102262]
      [extreme_source:61->target58] [Epoch 4/200] [loss_mse: 0.079984]
      [extreme_source:61->target58] [Epoch 5/200] [loss_mse: 0.076453]
      [extreme_source:61->target58] [Epoch 6/200] [loss_mse: 0.067952]
      [extreme_source:61->target58] [Epoch 7/200] [loss_mse: 0.074490]
      [extreme_source:61->target58] [Epoch 8/200] [loss_mse: 0.076953]
      [extreme_source:61->target58] [Epoch 9/200] [loss_mse: 0.067458]
      [extreme_source:61->target58] [Epoch 10/200] [loss_mse: 0.062532]
      [extreme_source:61->target58] [Epoch 20/200] [loss_mse: 0.039435]
      [extreme_source:61->target58] [Epoch 40/200] [loss_mse: 0.013075]
      [extreme_source:61->target58] [Epoch 60/200] [loss_mse: 0.006325]
  收敛检测[few_shot:extreme_source_station61_to_58_class0]: 首次达到收敛条件 @ epoch 78 (best_epoch=73, best_loss=0.003199, final_loss=0.003821)
      [extreme_source:61->target58] [Epoch 80/200] [loss_mse: 0.003324]
  收敛检测[few_shot:extreme_source_station61_to_58_class0]: 首次达到收敛条件 @ epoch 99 (best_epoch=94, best_loss=0.002787, final_loss=0.003280)
      [extreme_source:61->target58] [Epoch 100/200] [loss_mse: 0.002834]
      [extreme_source:61->target58] [Epoch 120/200] [loss_mse: 0.003213]
      [extreme_source:61->target58] [Epoch 140/200] [loss_mse: 0.003406]
      [extreme_source:61->target58] [Epoch 160/200] [loss_mse: 0.003271]
  收敛检测[few_shot:extreme_source_station61_to_58_class0]: 首次达到收敛条件 @ epoch 166 (best_epoch=161, best_loss=0.002680, final_loss=0.002723)
      [extreme_source:61->target58] [Epoch 180/200] [loss_mse: 0.003058]
      [extreme_source:61->target58] [Epoch 200/200] [loss_mse: 0.003191]
  收敛检测[few_shot:extreme_source_station61_to_58_class0]: 已收敛 @ epoch 166 (best_epoch=161, best_loss=0.002680, final_loss=0.003191)
  收敛检测[few_shot:few_shot]: 未收敛 (best_epoch=1, best_loss=0.366744, final_loss=0.366744)
  收敛检测[few_shot:few_shot]: 未收敛 (best_epoch=1, best_loss=0.366608, final_loss=0.366608)
  收敛检测[few_shot:few_shot]: 未收敛 (best_epoch=1, best_loss=0.290585, final_loss=0.290585)
  收敛检测[few_shot:few_shot]: 未收敛 (best_epoch=1, best_loss=0.148640, final_loss=0.148640)
  收敛检测[few_shot:few_shot]: 未收敛 (best_epoch=1, best_loss=0.004209, final_loss=0.004209)
  收敛检测[few_shot:few_shot]: 未收敛 (best_epoch=1, best_loss=0.292950, final_loss=0.292950)
    [screen:extreme_source] source_station=62 -> target_station=58, candidate=7, gated=6, effective=1
      [extreme_source:62->target58] [Epoch 1/200] [loss_mse: 0.008130]
      [extreme_source:62->target58] [Epoch 2/200] [loss_mse: 0.000209]
      [extreme_source:62->target58] [Epoch 3/200] [loss_mse: 0.007520]
      [extreme_source:62->target58] [Epoch 4/200] [loss_mse: 0.000096]
      [extreme_source:62->target58] [Epoch 5/200] [loss_mse: 0.000527]
      [extreme_source:62->target58] [Epoch 6/200] [loss_mse: 0.000035]
      [extreme_source:62->target58] [Epoch 7/200] [loss_mse: 0.001198]
      [extreme_source:62->target58] [Epoch 8/200] [loss_mse: 0.000116]
  收敛检测[few_shot:extreme_source_station62_to_58_class0]: 首次达到收敛条件 @ epoch 9 (best_epoch=4, best_loss=0.000096, final_loss=0.002030)
      [extreme_source:62->target58] [Epoch 9/200] [loss_mse: 0.002030]
      [extreme_source:62->target58] [Epoch 10/200] [loss_mse: 0.004239]
      [extreme_source:62->target58] [Epoch 20/200] [loss_mse: 0.001106]
      [extreme_source:62->target58] [Epoch 40/200] [loss_mse: 0.000124]
      [extreme_source:62->target58] [Epoch 60/200] [loss_mse: 0.000166]
      [extreme_source:62->target58] [Epoch 80/200] [loss_mse: 0.000499]
      [extreme_source:62->target58] [Epoch 100/200] [loss_mse: 0.000086]
      [extreme_source:62->target58] [Epoch 120/200] [loss_mse: 0.000817]
      [extreme_source:62->target58] [Epoch 140/200] [loss_mse: 0.001797]
      [extreme_source:62->target58] [Epoch 160/200] [loss_mse: 0.000776]
      [extreme_source:62->target58] [Epoch 180/200] [loss_mse: 0.000258]
      [extreme_source:62->target58] [Epoch 200/200] [loss_mse: 0.000484]
  收敛检测[few_shot:extreme_source_station62_to_58_class0]: 已收敛 @ epoch 9 (best_epoch=4, best_loss=0.000096, final_loss=0.000484)
  收敛检测[few_shot:few_shot]: 未收敛 (best_epoch=1, best_loss=0.148946, final_loss=0.148946)
  收敛检测[few_shot:few_shot]: 未收敛 (best_epoch=1, best_loss=0.414385, final_loss=0.414385)
  收敛检测[few_shot:few_shot]: 未收敛 (best_epoch=1, best_loss=0.279786, final_loss=0.279786)
  收敛检测[few_shot:few_shot]: 未收敛 (best_epoch=1, best_loss=0.227043, final_loss=0.227043)
    [screen:extreme_source] source_station=63 -> target_station=58, candidate=5, gated=4, effective=0
      [Extreme-FedAvg:target_refine] [Epoch 1/200] [loss_mse: 0.205068]
      [Extreme-FedAvg:target_refine] [Epoch 2/200] [loss_mse: 0.211250]
      [Extreme-FedAvg:target_refine] [Epoch 3/200] [loss_mse: 0.198241]
      [Extreme-FedAvg:target_refine] [Epoch 4/200] [loss_mse: 0.194209]
      [Extreme-FedAvg:target_refine] [Epoch 5/200] [loss_mse: 0.201162]
      [Extreme-FedAvg:target_refine] [Epoch 6/200] [loss_mse: 0.194071]
      [Extreme-FedAvg:target_refine] [Epoch 7/200] [loss_mse: 0.197933]
      [Extreme-FedAvg:target_refine] [Epoch 8/200] [loss_mse: 0.181584]
      [Extreme-FedAvg:target_refine] [Epoch 9/200] [loss_mse: 0.192910]
      [Extreme-FedAvg:target_refine] [Epoch 10/200] [loss_mse: 0.201379]
  收敛检测[few_shot:extreme_fedavg_station58_class0]: 首次达到收敛条件 @ epoch 17 (best_epoch=12, best_loss=0.178336, final_loss=0.193842)
      [Extreme-FedAvg:target_refine] [Epoch 20/200] [loss_mse: 0.182583]
      [Extreme-FedAvg:target_refine] [Epoch 40/200] [loss_mse: 0.198899]
      [Extreme-FedAvg:target_refine] [Epoch 60/200] [loss_mse: 0.194517]
      [Extreme-FedAvg:target_refine] [Epoch 80/200] [loss_mse: 0.195849]
      [Extreme-FedAvg:target_refine] [Epoch 100/200] [loss_mse: 0.199423]
      [Extreme-FedAvg:target_refine] [Epoch 120/200] [loss_mse: 0.193484]
      [Extreme-FedAvg:target_refine] [Epoch 140/200] [loss_mse: 0.191086]
  收敛检测[few_shot:extreme_fedavg_station58_class0]: 首次达到收敛条件 @ epoch 150 (best_epoch=145, best_loss=0.177995, final_loss=0.185276)
      [Extreme-FedAvg:target_refine] [Epoch 160/200] [loss_mse: 0.197722]
      [Extreme-FedAvg:target_refine] [Epoch 180/200] [loss_mse: 0.177448]
  收敛检测[few_shot:extreme_fedavg_station58_class0]: 首次达到收敛条件 @ epoch 185 (best_epoch=180, best_loss=0.177448, final_loss=0.194486)
      [Extreme-FedAvg:target_refine] [Epoch 200/200] [loss_mse: 0.195423]
  收敛检测[few_shot:extreme_fedavg_station58_class0]: 已收敛 @ epoch 185 (best_epoch=180, best_loss=0.177448, final_loss=0.195423)
    ✓ 保存(Extreme-FedAvg): artifacts/2h6p_six_station/fed-normal-meta-5k/models/model_fore_station58_extreme0_extreme_fedavg.pth weights={'58': 0.25, '59': 0.25, '61': 0.25, '62': 0.25}
      [Proposed-A:self_update] [Epoch 1/200] [loss_mse: 0.189891]
      [Proposed-A:self_update] [Epoch 2/200] [loss_mse: 0.194874]
      [Proposed-A:self_update] [Epoch 3/200] [loss_mse: 0.205852]
      [Proposed-A:self_update] [Epoch 4/200] [loss_mse: 0.190260]
      [Proposed-A:self_update] [Epoch 5/200] [loss_mse: 0.198674]
  收敛检测[few_shot:proposed_self_station58_class0]: 首次达到收敛条件 @ epoch 6 (best_epoch=1, best_loss=0.189891, final_loss=0.201749)
      [Proposed-A:self_update] [Epoch 6/200] [loss_mse: 0.201749]
      [Proposed-A:self_update] [Epoch 7/200] [loss_mse: 0.188506]
      [Proposed-A:self_update] [Epoch 8/200] [loss_mse: 0.194565]
      [Proposed-A:self_update] [Epoch 9/200] [loss_mse: 0.200739]
      [Proposed-A:self_update] [Epoch 10/200] [loss_mse: 0.195641]
  收敛检测[few_shot:proposed_self_station58_class0]: 首次达到收敛条件 @ epoch 12 (best_epoch=7, best_loss=0.188506, final_loss=0.196508)
  收敛检测[few_shot:proposed_self_station58_class0]: 首次达到收敛条件 @ epoch 20 (best_epoch=15, best_loss=0.186927, final_loss=0.205280)
      [Proposed-A:self_update] [Epoch 20/200] [loss_mse: 0.205280]
  收敛检测[few_shot:proposed_self_station58_class0]: 首次达到收敛条件 @ epoch 29 (best_epoch=24, best_loss=0.186678, final_loss=0.195141)
      [Proposed-A:self_update] [Epoch 40/200] [loss_mse: 0.192625]
  收敛检测[few_shot:proposed_self_station58_class0]: 首次达到收敛条件 @ epoch 57 (best_epoch=52, best_loss=0.185575, final_loss=0.185850)
      [Proposed-A:self_update] [Epoch 60/200] [loss_mse: 0.196985]
  收敛检测[few_shot:proposed_self_station58_class0]: 首次达到收敛条件 @ epoch 80 (best_epoch=75, best_loss=0.181643, final_loss=0.185652)
      [Proposed-A:self_update] [Epoch 80/200] [loss_mse: 0.185652]
      [Proposed-A:self_update] [Epoch 100/200] [loss_mse: 0.189082]
      [Proposed-A:self_update] [Epoch 120/200] [loss_mse: 0.207789]
  收敛检测[few_shot:proposed_self_station58_class0]: 首次达到收敛条件 @ epoch 123 (best_epoch=118, best_loss=0.178414, final_loss=0.186989)
      [Proposed-A:self_update] [Epoch 140/200] [loss_mse: 0.194099]
  收敛检测[few_shot:proposed_self_station58_class0]: 首次达到收敛条件 @ epoch 143 (best_epoch=138, best_loss=0.175683, final_loss=0.189446)
      [Proposed-A:self_update] [Epoch 160/200] [loss_mse: 0.200775]
      [Proposed-A:self_update] [Epoch 180/200] [loss_mse: 0.191276]
      [Proposed-A:self_update] [Epoch 200/200] [loss_mse: 0.185656]
  收敛检测[few_shot:proposed_self_station58_class0]: 已收敛 @ epoch 143 (best_epoch=138, best_loss=0.175683, final_loss=0.185656)
  收敛检测[few_shot:few_shot]: 未收敛 (best_epoch=1, best_loss=0.394188, final_loss=0.394188)
  收敛检测[few_shot:few_shot]: 未收敛 (best_epoch=1, best_loss=0.341327, final_loss=0.341327)
  收敛检测[few_shot:few_shot]: 未收敛 (best_epoch=1, best_loss=0.291888, final_loss=0.291888)
  收敛检测[few_shot:few_shot]: 未收敛 (best_epoch=1, best_loss=0.122782, final_loss=0.122782)
  收敛检测[few_shot:few_shot]: 未收敛 (best_epoch=1, best_loss=0.005232, final_loss=0.005232)
  收敛检测[few_shot:few_shot]: 未收敛 (best_epoch=1, best_loss=0.309815, final_loss=0.309815)
    [screen:proposed_source] source_station=59 -> target_station=58, candidate=7, gated=6, effective=1
      [proposed_source:59->target58] [Epoch 1/200] [loss_mse: 0.004259]
      [proposed_source:59->target58] [Epoch 2/200] [loss_mse: 0.000425]
      [proposed_source:59->target58] [Epoch 3/200] [loss_mse: 0.006974]
      [proposed_source:59->target58] [Epoch 4/200] [loss_mse: 0.000225]
      [proposed_source:59->target58] [Epoch 5/200] [loss_mse: 0.000161]
      [proposed_source:59->target58] [Epoch 6/200] [loss_mse: 0.000036]
      [proposed_source:59->target58] [Epoch 7/200] [loss_mse: 0.002291]
      [proposed_source:59->target58] [Epoch 8/200] [loss_mse: 0.001505]
      [proposed_source:59->target58] [Epoch 9/200] [loss_mse: 0.000963]
      [proposed_source:59->target58] [Epoch 10/200] [loss_mse: 0.004213]
  收敛检测[few_shot:proposed_source_station59_to_58_class0]: 首次达到收敛条件 @ epoch 11 (best_epoch=6, best_loss=0.000036, final_loss=0.000467)
      [proposed_source:59->target58] [Epoch 20/200] [loss_mse: 0.012388]
      [proposed_source:59->target58] [Epoch 40/200] [loss_mse: 0.001718]
      [proposed_source:59->target58] [Epoch 60/200] [loss_mse: 0.009617]
      [proposed_source:59->target58] [Epoch 80/200] [loss_mse: 0.000619]
      [proposed_source:59->target58] [Epoch 100/200] [loss_mse: 0.000879]
      [proposed_source:59->target58] [Epoch 120/200] [loss_mse: 0.002464]
      [proposed_source:59->target58] [Epoch 140/200] [loss_mse: 0.002439]
      [proposed_source:59->target58] [Epoch 160/200] [loss_mse: 0.002920]
      [proposed_source:59->target58] [Epoch 180/200] [loss_mse: 0.001222]
      [proposed_source:59->target58] [Epoch 200/200] [loss_mse: 0.000350]
  收敛检测[few_shot:proposed_source_station59_to_58_class0]: 已收敛 @ epoch 11 (best_epoch=6, best_loss=0.000036, final_loss=0.000350)
  收敛检测[few_shot:few_shot]: 未收敛 (best_epoch=1, best_loss=0.119530, final_loss=0.119530)
  收敛检测[few_shot:few_shot]: 未收敛 (best_epoch=1, best_loss=0.374679, final_loss=0.374679)
  收敛检测[few_shot:few_shot]: 未收敛 (best_epoch=1, best_loss=0.238228, final_loss=0.238228)
  收敛检测[few_shot:few_shot]: 未收敛 (best_epoch=1, best_loss=0.195672, final_loss=0.195672)
    [screen:proposed_source] source_station=60 -> target_station=58, candidate=5, gated=4, effective=0
  收敛检测[few_shot:few_shot]: 未收敛 (best_epoch=1, best_loss=0.220020, final_loss=0.220020)
  收敛检测[few_shot:few_shot]: 未收敛 (best_epoch=1, best_loss=0.258117, final_loss=0.258117)
  收敛检测[few_shot:few_shot]: 未收敛 (best_epoch=1, best_loss=0.126751, final_loss=0.126751)
  收敛检测[few_shot:few_shot]: 未收敛 (best_epoch=1, best_loss=0.117685, final_loss=0.117685)
  收敛检测[few_shot:few_shot]: 未收敛 (best_epoch=1, best_loss=0.094380, final_loss=0.094380)
  收敛检测[few_shot:few_shot]: 未收敛 (best_epoch=1, best_loss=0.063600, final_loss=0.063600)
  收敛检测[few_shot:few_shot]: 未收敛 (best_epoch=1, best_loss=0.045952, final_loss=0.045952)
  收敛检测[few_shot:few_shot]: 未收敛 (best_epoch=1, best_loss=0.075941, final_loss=0.075941)
    [screen:proposed_source] source_station=61 -> target_station=58, candidate=9, gated=8, effective=5
      [proposed_source:61->target58] [Epoch 1/200] [loss_mse: 0.097627]
      [proposed_source:61->target58] [Epoch 2/200] [loss_mse: 0.094497]
      [proposed_source:61->target58] [Epoch 3/200] [loss_mse: 0.090316]
      [proposed_source:61->target58] [Epoch 4/200] [loss_mse: 0.079161]
      [proposed_source:61->target58] [Epoch 5/200] [loss_mse: 0.078735]
      [proposed_source:61->target58] [Epoch 6/200] [loss_mse: 0.078533]
      [proposed_source:61->target58] [Epoch 7/200] [loss_mse: 0.066944]
      [proposed_source:61->target58] [Epoch 8/200] [loss_mse: 0.067292]
      [proposed_source:61->target58] [Epoch 9/200] [loss_mse: 0.060179]
      [proposed_source:61->target58] [Epoch 10/200] [loss_mse: 0.057297]
      [proposed_source:61->target58] [Epoch 20/200] [loss_mse: 0.029987]
      [proposed_source:61->target58] [Epoch 40/200] [loss_mse: 0.008593]
      [proposed_source:61->target58] [Epoch 60/200] [loss_mse: 0.003962]
  收敛检测[few_shot:proposed_source_station61_to_58_class0]: 首次达到收敛条件 @ epoch 68 (best_epoch=63, best_loss=0.003335, final_loss=0.004092)
  收敛检测[few_shot:proposed_source_station61_to_58_class0]: 首次达到收敛条件 @ epoch 77 (best_epoch=72, best_loss=0.003110, final_loss=0.003237)
      [proposed_source:61->target58] [Epoch 80/200] [loss_mse: 0.002754]
  收敛检测[few_shot:proposed_source_station61_to_58_class0]: 首次达到收敛条件 @ epoch 85 (best_epoch=80, best_loss=0.002754, final_loss=0.003659)
  收敛检测[few_shot:proposed_source_station61_to_58_class0]: 首次达到收敛条件 @ epoch 99 (best_epoch=94, best_loss=0.002505, final_loss=0.003074)
      [proposed_source:61->target58] [Epoch 100/200] [loss_mse: 0.003783]
      [proposed_source:61->target58] [Epoch 120/200] [loss_mse: 0.003045]
      [proposed_source:61->target58] [Epoch 140/200] [loss_mse: 0.003822]
      [proposed_source:61->target58] [Epoch 160/200] [loss_mse: 0.003332]
      [proposed_source:61->target58] [Epoch 180/200] [loss_mse: 0.003715]
  收敛检测[few_shot:proposed_source_station61_to_58_class0]: 首次达到收敛条件 @ epoch 195 (best_epoch=190, best_loss=0.002326, final_loss=0.003466)
      [proposed_source:61->target58] [Epoch 200/200] [loss_mse: 0.003789]
  收敛检测[few_shot:proposed_source_station61_to_58_class0]: 已收敛 @ epoch 195 (best_epoch=190, best_loss=0.002326, final_loss=0.003789)
  收敛检测[few_shot:few_shot]: 未收敛 (best_epoch=1, best_loss=0.371544, final_loss=0.371544)
  收敛检测[few_shot:few_shot]: 未收敛 (best_epoch=1, best_loss=0.363243, final_loss=0.363243)
  收敛检测[few_shot:few_shot]: 未收敛 (best_epoch=1, best_loss=0.309729, final_loss=0.309729)
  收敛检测[few_shot:few_shot]: 未收敛 (best_epoch=1, best_loss=0.121995, final_loss=0.121995)
  收敛检测[few_shot:few_shot]: 未收敛 (best_epoch=1, best_loss=0.002272, final_loss=0.002272)
  收敛检测[few_shot:few_shot]: 未收敛 (best_epoch=1, best_loss=0.299505, final_loss=0.299505)
    [screen:proposed_source] source_station=62 -> target_station=58, candidate=7, gated=6, effective=1
      [proposed_source:62->target58] [Epoch 1/200] [loss_mse: 0.000096]
      [proposed_source:62->target58] [Epoch 2/200] [loss_mse: 0.000497]
      [proposed_source:62->target58] [Epoch 3/200] [loss_mse: 0.001113]
      [proposed_source:62->target58] [Epoch 4/200] [loss_mse: 0.000991]
      [proposed_source:62->target58] [Epoch 5/200] [loss_mse: 0.003522]
  收敛检测[few_shot:proposed_source_station62_to_58_class0]: 首次达到收敛条件 @ epoch 6 (best_epoch=1, best_loss=0.000096, final_loss=0.000447)
      [proposed_source:62->target58] [Epoch 6/200] [loss_mse: 0.000447]
      [proposed_source:62->target58] [Epoch 7/200] [loss_mse: 0.000704]
      [proposed_source:62->target58] [Epoch 8/200] [loss_mse: 0.013689]
      [proposed_source:62->target58] [Epoch 9/200] [loss_mse: 0.001075]
      [proposed_source:62->target58] [Epoch 10/200] [loss_mse: 0.000640]
      [proposed_source:62->target58] [Epoch 20/200] [loss_mse: 0.000838]
      [proposed_source:62->target58] [Epoch 40/200] [loss_mse: 0.001095]
      [proposed_source:62->target58] [Epoch 60/200] [loss_mse: 0.001046]
      [proposed_source:62->target58] [Epoch 80/200] [loss_mse: 0.006998]
      [proposed_source:62->target58] [Epoch 100/200] [loss_mse: 0.006242]
      [proposed_source:62->target58] [Epoch 120/200] [loss_mse: 0.000460]
      [proposed_source:62->target58] [Epoch 140/200] [loss_mse: 0.002474]
      [proposed_source:62->target58] [Epoch 160/200] [loss_mse: 0.001059]
      [proposed_source:62->target58] [Epoch 180/200] [loss_mse: 0.004203]
      [proposed_source:62->target58] [Epoch 200/200] [loss_mse: 0.000097]
  收敛检测[few_shot:proposed_source_station62_to_58_class0]: 已收敛 @ epoch 6 (best_epoch=1, best_loss=0.000096, final_loss=0.000097)
  收敛检测[few_shot:few_shot]: 未收敛 (best_epoch=1, best_loss=0.158399, final_loss=0.158399)
  收敛检测[few_shot:few_shot]: 未收敛 (best_epoch=1, best_loss=0.359163, final_loss=0.359163)
  收敛检测[few_shot:few_shot]: 未收敛 (best_epoch=1, best_loss=0.270469, final_loss=0.270469)
  收敛检测[few_shot:few_shot]: 未收敛 (best_epoch=1, best_loss=0.238087, final_loss=0.238087)
    [screen:proposed_source] source_station=63 -> target_station=58, candidate=5, gated=4, effective=0
      [Proposed-A:target_refine] [Epoch 1/200] [loss_mse: 0.210926]
      [Proposed-A:target_refine] [Epoch 2/200] [loss_mse: 0.205627]
      [Proposed-A:target_refine] [Epoch 3/200] [loss_mse: 0.205031]
      [Proposed-A:target_refine] [Epoch 4/200] [loss_mse: 0.199567]
      [Proposed-A:target_refine] [Epoch 5/200] [loss_mse: 0.204459]
      [Proposed-A:target_refine] [Epoch 6/200] [loss_mse: 0.197107]
      [Proposed-A:target_refine] [Epoch 7/200] [loss_mse: 0.191611]
      [Proposed-A:target_refine] [Epoch 8/200] [loss_mse: 0.194765]
      [Proposed-A:target_refine] [Epoch 9/200] [loss_mse: 0.203405]
      [Proposed-A:target_refine] [Epoch 10/200] [loss_mse: 0.193076]
  收敛检测[few_shot:proposed_a_station58_class0]: 首次达到收敛条件 @ epoch 19 (best_epoch=14, best_loss=0.184877, final_loss=0.187731)
      [Proposed-A:target_refine] [Epoch 20/200] [loss_mse: 0.189882]
  收敛检测[few_shot:proposed_a_station58_class0]: 首次达到收敛条件 @ epoch 33 (best_epoch=28, best_loss=0.177304, final_loss=0.202567)
      [Proposed-A:target_refine] [Epoch 40/200] [loss_mse: 0.191849]
  收敛检测[few_shot:proposed_a_station58_class0]: 首次达到收敛条件 @ epoch 58 (best_epoch=53, best_loss=0.177090, final_loss=0.197909)
      [Proposed-A:target_refine] [Epoch 60/200] [loss_mse: 0.199784]
      [Proposed-A:target_refine] [Epoch 80/200] [loss_mse: 0.190820]
      [Proposed-A:target_refine] [Epoch 100/200] [loss_mse: 0.200850]
      [Proposed-A:target_refine] [Epoch 120/200] [loss_mse: 0.188993]
      [Proposed-A:target_refine] [Epoch 140/200] [loss_mse: 0.184228]
      [Proposed-A:target_refine] [Epoch 160/200] [loss_mse: 0.194710]
  收敛检测[few_shot:proposed_a_station58_class0]: 首次达到收敛条件 @ epoch 163 (best_epoch=158, best_loss=0.172011, final_loss=0.191227)
      [Proposed-A:target_refine] [Epoch 180/200] [loss_mse: 0.187854]
      [Proposed-A:target_refine] [Epoch 200/200] [loss_mse: 0.190996]
  收敛检测[few_shot:proposed_a_station58_class0]: 已收敛 @ epoch 163 (best_epoch=158, best_loss=0.172011, final_loss=0.190996)
    ✓ 保存(Proposed-A): artifacts/2h6p_six_station/fed-normal-meta-5k/models/model_fore_station58_extreme0_proposed_a.pth weights={'58': 0.5, '59': 0.107883528776117, '61': 0.2849901872163683, '62': 0.10712628400751473}

  极端天气类别 2:
    样本数: 1
    训练轮数: 200, few-shot loss=MSE
    adapt/val: 1 / 1
      [LMT] [Epoch 1/200] [loss_mse: 0.025709]
      [LMT] [Epoch 2/200] [loss_mse: 0.047822]
      [LMT] [Epoch 3/200] [loss_mse: 0.021427]
      [LMT] [Epoch 4/200] [loss_mse: 0.039185]
      [LMT] [Epoch 5/200] [loss_mse: 0.022544]
      [LMT] [Epoch 6/200] [loss_mse: 0.030389]
      [LMT] [Epoch 7/200] [loss_mse: 0.030290]
      [LMT] [Epoch 8/200] [loss_mse: 0.018960]
      [LMT] [Epoch 9/200] [loss_mse: 0.019019]
      [LMT] [Epoch 10/200] [loss_mse: 0.017451]
  收敛检测[few_shot:lmt_station58_class1]: 首次达到收敛条件 @ epoch 16 (best_epoch=11, best_loss=0.014674, final_loss=0.033858)
      [LMT] [Epoch 20/200] [loss_mse: 0.017116]
  收敛检测[few_shot:lmt_station58_class1]: 首次达到收敛条件 @ epoch 28 (best_epoch=23, best_loss=0.007026, final_loss=0.011011)
      [LMT] [Epoch 40/200] [loss_mse: 0.000235]
  收敛检测[few_shot:lmt_station58_class1]: 首次达到收敛条件 @ epoch 45 (best_epoch=40, best_loss=0.000235, final_loss=0.010742)
      [LMT] [Epoch 60/200] [loss_mse: 0.004792]
      [LMT] [Epoch 80/200] [loss_mse: 0.009683]
      [LMT] [Epoch 100/200] [loss_mse: 0.011082]
      [LMT] [Epoch 120/200] [loss_mse: 0.004339]
      [LMT] [Epoch 140/200] [loss_mse: 0.003469]
      [LMT] [Epoch 160/200] [loss_mse: 0.007951]
      [LMT] [Epoch 180/200] [loss_mse: 0.020340]
      [LMT] [Epoch 200/200] [loss_mse: 0.009542]
  收敛检测[few_shot:lmt_station58_class1]: 已收敛 @ epoch 45 (best_epoch=40, best_loss=0.000235, final_loss=0.009542)
    ✓ 保存(LMT): artifacts/2h6p_six_station/fed-normal-meta-5k/models/model_fore_station58_extreme1.pth
  收敛检测[few_shot:few_shot]: 未收敛 (best_epoch=1, best_loss=0.036985, final_loss=0.036985)
  收敛检测[few_shot:few_shot]: 未收敛 (best_epoch=1, best_loss=0.025854, final_loss=0.025854)
  收敛检测[few_shot:few_shot]: 未收敛 (best_epoch=1, best_loss=0.049630, final_loss=0.049630)
  收敛检测[few_shot:few_shot]: 未收敛 (best_epoch=1, best_loss=0.038047, final_loss=0.038047)
    [screen:extreme_source] source_station=59 -> target_station=58, candidate=4, gated=4, effective=1
      [extreme_source:59->target58] [Epoch 1/200] [loss_mse: 0.053872]
      [extreme_source:59->target58] [Epoch 2/200] [loss_mse: 0.066537]
      [extreme_source:59->target58] [Epoch 3/200] [loss_mse: 0.058761]
      [extreme_source:59->target58] [Epoch 4/200] [loss_mse: 0.064346]
      [extreme_source:59->target58] [Epoch 5/200] [loss_mse: 0.057412]
  收敛检测[few_shot:extreme_source_station59_to_58_class1]: 首次达到收敛条件 @ epoch 6 (best_epoch=1, best_loss=0.053872, final_loss=0.055246)
      [extreme_source:59->target58] [Epoch 6/200] [loss_mse: 0.055246]
      [extreme_source:59->target58] [Epoch 7/200] [loss_mse: 0.055373]
      [extreme_source:59->target58] [Epoch 8/200] [loss_mse: 0.038827]
      [extreme_source:59->target58] [Epoch 9/200] [loss_mse: 0.041722]
      [extreme_source:59->target58] [Epoch 10/200] [loss_mse: 0.039183]
      [extreme_source:59->target58] [Epoch 20/200] [loss_mse: 0.025268]
      [extreme_source:59->target58] [Epoch 40/200] [loss_mse: 0.008126]
  收敛检测[few_shot:extreme_source_station59_to_58_class1]: 首次达到收敛条件 @ epoch 52 (best_epoch=47, best_loss=0.003878, final_loss=0.005160)
      [extreme_source:59->target58] [Epoch 60/200] [loss_mse: 0.002710]
      [extreme_source:59->target58] [Epoch 80/200] [loss_mse: 0.000955]
  收敛检测[few_shot:extreme_source_station59_to_58_class1]: 首次达到收敛条件 @ epoch 81 (best_epoch=76, best_loss=0.000423, final_loss=0.001031)
  收敛检测[few_shot:extreme_source_station59_to_58_class1]: 首次达到收敛条件 @ epoch 87 (best_epoch=82, best_loss=0.000095, final_loss=0.000570)
      [extreme_source:59->target58] [Epoch 100/200] [loss_mse: 0.000128]
      [extreme_source:59->target58] [Epoch 120/200] [loss_mse: 0.000667]
      [extreme_source:59->target58] [Epoch 140/200] [loss_mse: 0.000208]
      [extreme_source:59->target58] [Epoch 160/200] [loss_mse: 0.000773]
      [extreme_source:59->target58] [Epoch 180/200] [loss_mse: 0.000084]
      [extreme_source:59->target58] [Epoch 200/200] [loss_mse: 0.000289]
  收敛检测[few_shot:extreme_source_station59_to_58_class1]: 已收敛 @ epoch 87 (best_epoch=82, best_loss=0.000095, final_loss=0.000289)
  收敛检测[few_shot:few_shot]: 未收敛 (best_epoch=1, best_loss=0.023547, final_loss=0.023547)
  收敛检测[few_shot:few_shot]: 未收敛 (best_epoch=1, best_loss=0.032199, final_loss=0.032199)
  收敛检测[few_shot:few_shot]: 未收敛 (best_epoch=1, best_loss=0.019599, final_loss=0.019599)
    [screen:extreme_source] source_station=60 -> target_station=58, candidate=3, gated=3, effective=1
      [extreme_source:60->target58] [Epoch 1/200] [loss_mse: 0.039367]
      [extreme_source:60->target58] [Epoch 2/200] [loss_mse: 0.039151]
      [extreme_source:60->target58] [Epoch 3/200] [loss_mse: 0.041048]
      [extreme_source:60->target58] [Epoch 4/200] [loss_mse: 0.025256]
      [extreme_source:60->target58] [Epoch 5/200] [loss_mse: 0.019352]
      [extreme_source:60->target58] [Epoch 6/200] [loss_mse: 0.021046]
      [extreme_source:60->target58] [Epoch 7/200] [loss_mse: 0.023886]
      [extreme_source:60->target58] [Epoch 8/200] [loss_mse: 0.024913]
      [extreme_source:60->target58] [Epoch 9/200] [loss_mse: 0.021522]
  收敛检测[few_shot:extreme_source_station60_to_58_class1]: 首次达到收敛条件 @ epoch 10 (best_epoch=5, best_loss=0.019352, final_loss=0.027040)
      [extreme_source:60->target58] [Epoch 10/200] [loss_mse: 0.027040]
      [extreme_source:60->target58] [Epoch 20/200] [loss_mse: 0.016325]
  收敛检测[few_shot:extreme_source_station60_to_58_class1]: 首次达到收敛条件 @ epoch 23 (best_epoch=18, best_loss=0.008917, final_loss=0.010096)
      [extreme_source:60->target58] [Epoch 40/200] [loss_mse: 0.001001]
  收敛检测[few_shot:extreme_source_station60_to_58_class1]: 首次达到收敛条件 @ epoch 41 (best_epoch=36, best_loss=0.001064, final_loss=0.001489)
  收敛检测[few_shot:extreme_source_station60_to_58_class1]: 首次达到收敛条件 @ epoch 49 (best_epoch=44, best_loss=0.000703, final_loss=0.001199)
  收敛检测[few_shot:extreme_source_station60_to_58_class1]: 首次达到收敛条件 @ epoch 56 (best_epoch=51, best_loss=0.000592, final_loss=0.000559)
      [extreme_source:60->target58] [Epoch 60/200] [loss_mse: 0.000034]
  收敛检测[few_shot:extreme_source_station60_to_58_class1]: 首次达到收敛条件 @ epoch 65 (best_epoch=60, best_loss=0.000034, final_loss=0.000364)
      [extreme_source:60->target58] [Epoch 80/200] [loss_mse: 0.000057]
      [extreme_source:60->target58] [Epoch 100/200] [loss_mse: 0.000117]
      [extreme_source:60->target58] [Epoch 120/200] [loss_mse: 0.000370]
      [extreme_source:60->target58] [Epoch 140/200] [loss_mse: 0.000070]
      [extreme_source:60->target58] [Epoch 160/200] [loss_mse: 0.000500]
      [extreme_source:60->target58] [Epoch 180/200] [loss_mse: 0.000299]
      [extreme_source:60->target58] [Epoch 200/200] [loss_mse: 0.000182]
  收敛检测[few_shot:extreme_source_station60_to_58_class1]: 已收敛 @ epoch 65 (best_epoch=60, best_loss=0.000034, final_loss=0.000182)
  收敛检测[few_shot:few_shot]: 未收敛 (best_epoch=1, best_loss=0.030927, final_loss=0.030927)
    [screen:extreme_source] source_station=61 -> target_station=58, candidate=1, gated=1, effective=1
      [extreme_source:61->target58] [Epoch 1/200] [loss_mse: 0.011595]
      [extreme_source:61->target58] [Epoch 2/200] [loss_mse: 0.022233]
      [extreme_source:61->target58] [Epoch 3/200] [loss_mse: 0.014859]
      [extreme_source:61->target58] [Epoch 4/200] [loss_mse: 0.013822]
      [extreme_source:61->target58] [Epoch 5/200] [loss_mse: 0.015683]
  收敛检测[few_shot:extreme_source_station61_to_58_class1]: 首次达到收敛条件 @ epoch 6 (best_epoch=1, best_loss=0.011595, final_loss=0.016648)
      [extreme_source:61->target58] [Epoch 6/200] [loss_mse: 0.016648]
      [extreme_source:61->target58] [Epoch 7/200] [loss_mse: 0.015050]
      [extreme_source:61->target58] [Epoch 8/200] [loss_mse: 0.012128]
      [extreme_source:61->target58] [Epoch 9/200] [loss_mse: 0.006818]
      [extreme_source:61->target58] [Epoch 10/200] [loss_mse: 0.006873]
  收敛检测[few_shot:extreme_source_station61_to_58_class1]: 首次达到收敛条件 @ epoch 20 (best_epoch=15, best_loss=0.001675, final_loss=0.011329)
      [extreme_source:61->target58] [Epoch 20/200] [loss_mse: 0.011329]
  收敛检测[few_shot:extreme_source_station61_to_58_class1]: 首次达到收敛条件 @ epoch 32 (best_epoch=27, best_loss=0.000096, final_loss=0.002675)
      [extreme_source:61->target58] [Epoch 40/200] [loss_mse: 0.000420]
      [extreme_source:61->target58] [Epoch 60/200] [loss_mse: 0.000533]
      [extreme_source:61->target58] [Epoch 80/200] [loss_mse: 0.000761]
      [extreme_source:61->target58] [Epoch 100/200] [loss_mse: 0.002669]
      [extreme_source:61->target58] [Epoch 120/200] [loss_mse: 0.000655]
      [extreme_source:61->target58] [Epoch 140/200] [loss_mse: 0.000344]
      [extreme_source:61->target58] [Epoch 160/200] [loss_mse: 0.018686]
      [extreme_source:61->target58] [Epoch 180/200] [loss_mse: 0.000264]
      [extreme_source:61->target58] [Epoch 200/200] [loss_mse: 0.003265]
  收敛检测[few_shot:extreme_source_station61_to_58_class1]: 已收敛 @ epoch 32 (best_epoch=27, best_loss=0.000096, final_loss=0.003265)
  收敛检测[few_shot:few_shot]: 未收敛 (best_epoch=1, best_loss=0.049534, final_loss=0.049534)
  收敛检测[few_shot:few_shot]: 未收敛 (best_epoch=1, best_loss=0.033514, final_loss=0.033514)
  收敛检测[few_shot:few_shot]: 未收敛 (best_epoch=1, best_loss=0.056437, final_loss=0.056437)
  收敛检测[few_shot:few_shot]: 未收敛 (best_epoch=1, best_loss=0.016035, final_loss=0.016035)
    [screen:extreme_source] source_station=62 -> target_station=58, candidate=4, gated=4, effective=1
      [extreme_source:62->target58] [Epoch 1/200] [loss_mse: 0.038617]
      [extreme_source:62->target58] [Epoch 2/200] [loss_mse: 0.038579]
      [extreme_source:62->target58] [Epoch 3/200] [loss_mse: 0.043847]
      [extreme_source:62->target58] [Epoch 4/200] [loss_mse: 0.040020]
      [extreme_source:62->target58] [Epoch 5/200] [loss_mse: 0.040520]
      [extreme_source:62->target58] [Epoch 6/200] [loss_mse: 0.037939]
      [extreme_source:62->target58] [Epoch 7/200] [loss_mse: 0.031579]
      [extreme_source:62->target58] [Epoch 8/200] [loss_mse: 0.022088]
      [extreme_source:62->target58] [Epoch 9/200] [loss_mse: 0.029178]
      [extreme_source:62->target58] [Epoch 10/200] [loss_mse: 0.029399]
      [extreme_source:62->target58] [Epoch 20/200] [loss_mse: 0.014985]
  收敛检测[few_shot:extreme_source_station62_to_58_class1]: 首次达到收敛条件 @ epoch 26 (best_epoch=21, best_loss=0.011966, final_loss=0.013326)
  收敛检测[few_shot:extreme_source_station62_to_58_class1]: 首次达到收敛条件 @ epoch 33 (best_epoch=28, best_loss=0.005913, final_loss=0.008970)
      [extreme_source:62->target58] [Epoch 40/200] [loss_mse: 0.007811]
  收敛检测[few_shot:extreme_source_station62_to_58_class1]: 首次达到收敛条件 @ epoch 43 (best_epoch=38, best_loss=0.002421, final_loss=0.002986)
      [extreme_source:62->target58] [Epoch 60/200] [loss_mse: 0.004688]
      [extreme_source:62->target58] [Epoch 80/200] [loss_mse: 0.002056]
  收敛检测[few_shot:extreme_source_station62_to_58_class1]: 首次达到收敛条件 @ epoch 85 (best_epoch=80, best_loss=0.002056, final_loss=0.005037)
      [extreme_source:62->target58] [Epoch 100/200] [loss_mse: 0.002721]
      [extreme_source:62->target58] [Epoch 120/200] [loss_mse: 0.003406]
      [extreme_source:62->target58] [Epoch 140/200] [loss_mse: 0.003976]
  收敛检测[few_shot:extreme_source_station62_to_58_class1]: 首次达到收敛条件 @ epoch 155 (best_epoch=150, best_loss=0.001855, final_loss=0.004205)
      [extreme_source:62->target58] [Epoch 160/200] [loss_mse: 0.003774]
  收敛检测[few_shot:extreme_source_station62_to_58_class1]: 首次达到收敛条件 @ epoch 169 (best_epoch=164, best_loss=0.001742, final_loss=0.004559)
      [extreme_source:62->target58] [Epoch 180/200] [loss_mse: 0.003481]
      [extreme_source:62->target58] [Epoch 200/200] [loss_mse: 0.003124]
  收敛检测[few_shot:extreme_source_station62_to_58_class1]: 已收敛 @ epoch 169 (best_epoch=164, best_loss=0.001742, final_loss=0.003124)
  收敛检测[few_shot:few_shot]: 未收敛 (best_epoch=1, best_loss=0.010734, final_loss=0.010734)
  收敛检测[few_shot:few_shot]: 未收敛 (best_epoch=1, best_loss=0.032913, final_loss=0.032913)
  收敛检测[few_shot:few_shot]: 未收敛 (best_epoch=1, best_loss=0.015847, final_loss=0.015847)
    [screen:extreme_source] source_station=63 -> target_station=58, candidate=3, gated=3, effective=1
      [extreme_source:63->target58] [Epoch 1/200] [loss_mse: 0.022144]
      [extreme_source:63->target58] [Epoch 2/200] [loss_mse: 0.026080]
      [extreme_source:63->target58] [Epoch 3/200] [loss_mse: 0.022192]
      [extreme_source:63->target58] [Epoch 4/200] [loss_mse: 0.017460]
      [extreme_source:63->target58] [Epoch 5/200] [loss_mse: 0.023667]
      [extreme_source:63->target58] [Epoch 6/200] [loss_mse: 0.021067]
      [extreme_source:63->target58] [Epoch 7/200] [loss_mse: 0.017910]
      [extreme_source:63->target58] [Epoch 8/200] [loss_mse: 0.019219]
      [extreme_source:63->target58] [Epoch 9/200] [loss_mse: 0.015037]
      [extreme_source:63->target58] [Epoch 10/200] [loss_mse: 0.005906]
  收敛检测[few_shot:extreme_source_station63_to_58_class1]: 首次达到收敛条件 @ epoch 15 (best_epoch=10, best_loss=0.005906, final_loss=0.015290)
      [extreme_source:63->target58] [Epoch 20/200] [loss_mse: 0.008523]
  收敛检测[few_shot:extreme_source_station63_to_58_class1]: 首次达到收敛条件 @ epoch 33 (best_epoch=28, best_loss=0.003847, final_loss=0.006614)
      [extreme_source:63->target58] [Epoch 40/200] [loss_mse: 0.008438]
      [extreme_source:63->target58] [Epoch 60/200] [loss_mse: 0.010582]
  收敛检测[few_shot:extreme_source_station63_to_58_class1]: 首次达到收敛条件 @ epoch 71 (best_epoch=66, best_loss=0.003682, final_loss=0.007684)
      [extreme_source:63->target58] [Epoch 80/200] [loss_mse: 0.007708]
      [extreme_source:63->target58] [Epoch 100/200] [loss_mse: 0.005626]
      [extreme_source:63->target58] [Epoch 120/200] [loss_mse: 0.008490]
      [extreme_source:63->target58] [Epoch 140/200] [loss_mse: 0.004035]
  收敛检测[few_shot:extreme_source_station63_to_58_class1]: 首次达到收敛条件 @ epoch 143 (best_epoch=138, best_loss=0.002873, final_loss=0.014910)
      [extreme_source:63->target58] [Epoch 160/200] [loss_mse: 0.004060]
      [extreme_source:63->target58] [Epoch 180/200] [loss_mse: 0.017651]
  收敛检测[few_shot:extreme_source_station63_to_58_class1]: 首次达到收敛条件 @ epoch 199 (best_epoch=194, best_loss=0.002585, final_loss=0.007407)
      [extreme_source:63->target58] [Epoch 200/200] [loss_mse: 0.006717]
  收敛检测[few_shot:extreme_source_station63_to_58_class1]: 已收敛 @ epoch 199 (best_epoch=194, best_loss=0.002585, final_loss=0.006717)
      [Extreme-FedAvg:target_refine] [Epoch 1/200] [loss_mse: 0.067806]
      [Extreme-FedAvg:target_refine] [Epoch 2/200] [loss_mse: 0.062122]
      [Extreme-FedAvg:target_refine] [Epoch 3/200] [loss_mse: 0.060602]
      [Extreme-FedAvg:target_refine] [Epoch 4/200] [loss_mse: 0.055453]
      [Extreme-FedAvg:target_refine] [Epoch 5/200] [loss_mse: 0.054078]
      [Extreme-FedAvg:target_refine] [Epoch 6/200] [loss_mse: 0.058011]
      [Extreme-FedAvg:target_refine] [Epoch 7/200] [loss_mse: 0.060962]
      [Extreme-FedAvg:target_refine] [Epoch 8/200] [loss_mse: 0.045349]
      [Extreme-FedAvg:target_refine] [Epoch 9/200] [loss_mse: 0.068998]
      [Extreme-FedAvg:target_refine] [Epoch 10/200] [loss_mse: 0.041122]
  收敛检测[few_shot:extreme_fedavg_station58_class1]: 首次达到收敛条件 @ epoch 20 (best_epoch=15, best_loss=0.025839, final_loss=0.029161)
      [Extreme-FedAvg:target_refine] [Epoch 20/200] [loss_mse: 0.029161]
  收敛检测[few_shot:extreme_fedavg_station58_class1]: 首次达到收敛条件 @ epoch 39 (best_epoch=34, best_loss=0.013784, final_loss=0.022448)
      [Extreme-FedAvg:target_refine] [Epoch 40/200] [loss_mse: 0.025851]
  收敛检测[few_shot:extreme_fedavg_station58_class1]: 首次达到收敛条件 @ epoch 48 (best_epoch=43, best_loss=0.008821, final_loss=0.020032)
      [Extreme-FedAvg:target_refine] [Epoch 60/200] [loss_mse: 0.008945]
  收敛检测[few_shot:extreme_fedavg_station58_class1]: 首次达到收敛条件 @ epoch 61 (best_epoch=56, best_loss=0.001942, final_loss=0.007791)
      [Extreme-FedAvg:target_refine] [Epoch 80/200] [loss_mse: 0.007320]
  收敛检测[few_shot:extreme_fedavg_station58_class1]: 首次达到收敛条件 @ epoch 88 (best_epoch=83, best_loss=0.000410, final_loss=0.010211)
      [Extreme-FedAvg:target_refine] [Epoch 100/200] [loss_mse: 0.021112]
      [Extreme-FedAvg:target_refine] [Epoch 120/200] [loss_mse: 0.004194]
      [Extreme-FedAvg:target_refine] [Epoch 140/200] [loss_mse: 0.008365]
  收敛检测[few_shot:extreme_fedavg_station58_class1]: 首次达到收敛条件 @ epoch 157 (best_epoch=152, best_loss=0.000130, final_loss=0.004195)
      [Extreme-FedAvg:target_refine] [Epoch 160/200] [loss_mse: 0.010493]
      [Extreme-FedAvg:target_refine] [Epoch 180/200] [loss_mse: 0.011472]
      [Extreme-FedAvg:target_refine] [Epoch 200/200] [loss_mse: 0.018572]
  收敛检测[few_shot:extreme_fedavg_station58_class1]: 已收敛 @ epoch 157 (best_epoch=152, best_loss=0.000130, final_loss=0.018572)
    ✓ 保存(Extreme-FedAvg): artifacts/2h6p_six_station/fed-normal-meta-5k/models/model_fore_station58_extreme1_extreme_fedavg.pth weights={'58': 0.16666666666666666, '59': 0.16666666666666666, '60': 0.16666666666666666, '61': 0.16666666666666666, '62': 0.16666666666666666, '63': 0.16666666666666666}
      [Proposed-A:self_update] [Epoch 1/200] [loss_mse: 0.020901]
      [Proposed-A:self_update] [Epoch 2/200] [loss_mse: 0.027589]
      [Proposed-A:self_update] [Epoch 3/200] [loss_mse: 0.017157]
      [Proposed-A:self_update] [Epoch 4/200] [loss_mse: 0.017635]
      [Proposed-A:self_update] [Epoch 5/200] [loss_mse: 0.016032]
      [Proposed-A:self_update] [Epoch 6/200] [loss_mse: 0.029385]
      [Proposed-A:self_update] [Epoch 7/200] [loss_mse: 0.015927]
      [Proposed-A:self_update] [Epoch 8/200] [loss_mse: 0.022919]
      [Proposed-A:self_update] [Epoch 9/200] [loss_mse: 0.019483]
      [Proposed-A:self_update] [Epoch 10/200] [loss_mse: 0.016371]
  收敛检测[few_shot:proposed_self_station58_class1]: 首次达到收敛条件 @ epoch 16 (best_epoch=11, best_loss=0.007389, final_loss=0.013825)
      [Proposed-A:self_update] [Epoch 20/200] [loss_mse: 0.012729]
  收敛检测[few_shot:proposed_self_station58_class1]: 首次达到收敛条件 @ epoch 24 (best_epoch=19, best_loss=0.003054, final_loss=0.006807)
      [Proposed-A:self_update] [Epoch 40/200] [loss_mse: 0.013754]
  收敛检测[few_shot:proposed_self_station58_class1]: 首次达到收敛条件 @ epoch 41 (best_epoch=36, best_loss=0.002073, final_loss=0.020812)
  收敛检测[few_shot:proposed_self_station58_class1]: 首次达到收敛条件 @ epoch 49 (best_epoch=44, best_loss=0.001707, final_loss=0.009520)
      [Proposed-A:self_update] [Epoch 60/200] [loss_mse: 0.005918]
  收敛检测[few_shot:proposed_self_station58_class1]: 首次达到收敛条件 @ epoch 80 (best_epoch=75, best_loss=0.000666, final_loss=0.008523)
      [Proposed-A:self_update] [Epoch 80/200] [loss_mse: 0.008523]
      [Proposed-A:self_update] [Epoch 100/200] [loss_mse: 0.024838]
  收敛检测[few_shot:proposed_self_station58_class1]: 首次达到收敛条件 @ epoch 102 (best_epoch=97, best_loss=0.000147, final_loss=0.004047)
      [Proposed-A:self_update] [Epoch 120/200] [loss_mse: 0.001121]
      [Proposed-A:self_update] [Epoch 140/200] [loss_mse: 0.000601]
      [Proposed-A:self_update] [Epoch 160/200] [loss_mse: 0.005109]
      [Proposed-A:self_update] [Epoch 180/200] [loss_mse: 0.014548]
      [Proposed-A:self_update] [Epoch 200/200] [loss_mse: 0.002223]
  收敛检测[few_shot:proposed_self_station58_class1]: 已收敛 @ epoch 102 (best_epoch=97, best_loss=0.000147, final_loss=0.002223)
  收敛检测[few_shot:few_shot]: 未收敛 (best_epoch=1, best_loss=0.059387, final_loss=0.059387)
  收敛检测[few_shot:few_shot]: 未收敛 (best_epoch=1, best_loss=0.037532, final_loss=0.037532)
  收敛检测[few_shot:few_shot]: 未收敛 (best_epoch=1, best_loss=0.064193, final_loss=0.064193)
  收敛检测[few_shot:few_shot]: 未收敛 (best_epoch=1, best_loss=0.038858, final_loss=0.038858)
    [screen:proposed_source] source_station=59 -> target_station=58, candidate=4, gated=4, effective=1
      [proposed_source:59->target58] [Epoch 1/200] [loss_mse: 0.005721]
      [proposed_source:59->target58] [Epoch 2/200] [loss_mse: 0.009332]
      [proposed_source:59->target58] [Epoch 3/200] [loss_mse: 0.003080]
      [proposed_source:59->target58] [Epoch 4/200] [loss_mse: 0.005801]
      [proposed_source:59->target58] [Epoch 5/200] [loss_mse: 0.001401]
      [proposed_source:59->target58] [Epoch 6/200] [loss_mse: 0.005368]
      [proposed_source:59->target58] [Epoch 7/200] [loss_mse: 0.002697]
      [proposed_source:59->target58] [Epoch 8/200] [loss_mse: 0.004347]
      [proposed_source:59->target58] [Epoch 9/200] [loss_mse: 0.001079]
      [proposed_source:59->target58] [Epoch 10/200] [loss_mse: 0.002118]
      [proposed_source:59->target58] [Epoch 20/200] [loss_mse: 0.000465]
  收敛检测[few_shot:proposed_source_station59_to_58_class1]: 首次达到收敛条件 @ epoch 22 (best_epoch=17, best_loss=0.000033, final_loss=0.000160)
      [proposed_source:59->target58] [Epoch 40/200] [loss_mse: 0.000215]
      [proposed_source:59->target58] [Epoch 60/200] [loss_mse: 0.000130]
      [proposed_source:59->target58] [Epoch 80/200] [loss_mse: 0.002841]
      [proposed_source:59->target58] [Epoch 100/200] [loss_mse: 0.005539]
      [proposed_source:59->target58] [Epoch 120/200] [loss_mse: 0.000696]
      [proposed_source:59->target58] [Epoch 140/200] [loss_mse: 0.000844]
      [proposed_source:59->target58] [Epoch 160/200] [loss_mse: 0.000541]
      [proposed_source:59->target58] [Epoch 180/200] [loss_mse: 0.000016]
      [proposed_source:59->target58] [Epoch 200/200] [loss_mse: 0.001815]
  收敛检测[few_shot:proposed_source_station59_to_58_class1]: 已收敛 @ epoch 22 (best_epoch=17, best_loss=0.000033, final_loss=0.001815)
  收敛检测[few_shot:few_shot]: 未收敛 (best_epoch=1, best_loss=0.008965, final_loss=0.008965)
  收敛检测[few_shot:few_shot]: 未收敛 (best_epoch=1, best_loss=0.048574, final_loss=0.048574)
  收敛检测[few_shot:few_shot]: 未收敛 (best_epoch=1, best_loss=0.030389, final_loss=0.030389)
    [screen:proposed_source] source_station=60 -> target_station=58, candidate=3, gated=3, effective=1
      [proposed_source:60->target58] [Epoch 1/200] [loss_mse: 0.046246]
      [proposed_source:60->target58] [Epoch 2/200] [loss_mse: 0.037830]
      [proposed_source:60->target58] [Epoch 3/200] [loss_mse: 0.032823]
      [proposed_source:60->target58] [Epoch 4/200] [loss_mse: 0.029181]
      [proposed_source:60->target58] [Epoch 5/200] [loss_mse: 0.043137]
      [proposed_source:60->target58] [Epoch 6/200] [loss_mse: 0.029407]
      [proposed_source:60->target58] [Epoch 7/200] [loss_mse: 0.026927]
      [proposed_source:60->target58] [Epoch 8/200] [loss_mse: 0.023858]
      [proposed_source:60->target58] [Epoch 9/200] [loss_mse: 0.028721]
      [proposed_source:60->target58] [Epoch 10/200] [loss_mse: 0.024597]
      [proposed_source:60->target58] [Epoch 20/200] [loss_mse: 0.008605]
  收敛检测[few_shot:proposed_source_station60_to_58_class1]: 首次达到收敛条件 @ epoch 32 (best_epoch=27, best_loss=0.001501, final_loss=0.003547)
      [proposed_source:60->target58] [Epoch 40/200] [loss_mse: 0.000638]
  收敛检测[few_shot:proposed_source_station60_to_58_class1]: 首次达到收敛条件 @ epoch 48 (best_epoch=43, best_loss=0.000088, final_loss=0.000441)
      [proposed_source:60->target58] [Epoch 60/200] [loss_mse: 0.000192]
      [proposed_source:60->target58] [Epoch 80/200] [loss_mse: 0.000478]
      [proposed_source:60->target58] [Epoch 100/200] [loss_mse: 0.000081]
      [proposed_source:60->target58] [Epoch 120/200] [loss_mse: 0.000140]
      [proposed_source:60->target58] [Epoch 140/200] [loss_mse: 0.000200]
      [proposed_source:60->target58] [Epoch 160/200] [loss_mse: 0.000062]
      [proposed_source:60->target58] [Epoch 180/200] [loss_mse: 0.000189]
      [proposed_source:60->target58] [Epoch 200/200] [loss_mse: 0.000070]
  收敛检测[few_shot:proposed_source_station60_to_58_class1]: 已收敛 @ epoch 48 (best_epoch=43, best_loss=0.000088, final_loss=0.000070)
  收敛检测[few_shot:few_shot]: 未收敛 (best_epoch=1, best_loss=0.026332, final_loss=0.026332)
    [screen:proposed_source] source_station=61 -> target_station=58, candidate=1, gated=1, effective=1
      [proposed_source:61->target58] [Epoch 1/200] [loss_mse: 0.016071]
      [proposed_source:61->target58] [Epoch 2/200] [loss_mse: 0.012503]
      [proposed_source:61->target58] [Epoch 3/200] [loss_mse: 0.009362]
      [proposed_source:61->target58] [Epoch 4/200] [loss_mse: 0.016320]
      [proposed_source:61->target58] [Epoch 5/200] [loss_mse: 0.013680]
      [proposed_source:61->target58] [Epoch 6/200] [loss_mse: 0.007697]
      [proposed_source:61->target58] [Epoch 7/200] [loss_mse: 0.000497]
      [proposed_source:61->target58] [Epoch 8/200] [loss_mse: 0.009486]
      [proposed_source:61->target58] [Epoch 9/200] [loss_mse: 0.002435]
      [proposed_source:61->target58] [Epoch 10/200] [loss_mse: 0.006428]
  收敛检测[few_shot:proposed_source_station61_to_58_class1]: 首次达到收敛条件 @ epoch 12 (best_epoch=7, best_loss=0.000497, final_loss=0.000549)
      [proposed_source:61->target58] [Epoch 20/200] [loss_mse: 0.001540]
  收敛检测[few_shot:proposed_source_station61_to_58_class1]: 首次达到收敛条件 @ epoch 21 (best_epoch=16, best_loss=0.000055, final_loss=0.002264)
      [proposed_source:61->target58] [Epoch 40/200] [loss_mse: 0.004042]
      [proposed_source:61->target58] [Epoch 60/200] [loss_mse: 0.004642]
      [proposed_source:61->target58] [Epoch 80/200] [loss_mse: 0.002104]
      [proposed_source:61->target58] [Epoch 100/200] [loss_mse: 0.005412]
      [proposed_source:61->target58] [Epoch 120/200] [loss_mse: 0.001883]
      [proposed_source:61->target58] [Epoch 140/200] [loss_mse: 0.000026]
      [proposed_source:61->target58] [Epoch 160/200] [loss_mse: 0.001446]
      [proposed_source:61->target58] [Epoch 180/200] [loss_mse: 0.000804]
      [proposed_source:61->target58] [Epoch 200/200] [loss_mse: 0.000223]
  收敛检测[few_shot:proposed_source_station61_to_58_class1]: 已收敛 @ epoch 21 (best_epoch=16, best_loss=0.000055, final_loss=0.000223)
  收敛检测[few_shot:few_shot]: 未收敛 (best_epoch=1, best_loss=0.052352, final_loss=0.052352)
  收敛检测[few_shot:few_shot]: 未收敛 (best_epoch=1, best_loss=0.059180, final_loss=0.059180)
  收敛检测[few_shot:few_shot]: 未收敛 (best_epoch=1, best_loss=0.058475, final_loss=0.058475)
  收敛检测[few_shot:few_shot]: 未收敛 (best_epoch=1, best_loss=0.055064, final_loss=0.055064)
    [screen:proposed_source] source_station=62 -> target_station=58, candidate=4, gated=4, effective=1
      [proposed_source:62->target58] [Epoch 1/200] [loss_mse: 0.076708]
      [proposed_source:62->target58] [Epoch 2/200] [loss_mse: 0.070397]
      [proposed_source:62->target58] [Epoch 3/200] [loss_mse: 0.059766]
      [proposed_source:62->target58] [Epoch 4/200] [loss_mse: 0.060364]
      [proposed_source:62->target58] [Epoch 5/200] [loss_mse: 0.068032]
      [proposed_source:62->target58] [Epoch 6/200] [loss_mse: 0.048549]
      [proposed_source:62->target58] [Epoch 7/200] [loss_mse: 0.055274]
      [proposed_source:62->target58] [Epoch 8/200] [loss_mse: 0.056624]
      [proposed_source:62->target58] [Epoch 9/200] [loss_mse: 0.048068]
      [proposed_source:62->target58] [Epoch 10/200] [loss_mse: 0.052696]
      [proposed_source:62->target58] [Epoch 20/200] [loss_mse: 0.025584]
      [proposed_source:62->target58] [Epoch 40/200] [loss_mse: 0.005760]
  收敛检测[few_shot:proposed_source_station62_to_58_class1]: 首次达到收敛条件 @ epoch 58 (best_epoch=53, best_loss=0.001515, final_loss=0.001971)
      [proposed_source:62->target58] [Epoch 60/200] [loss_mse: 0.001405]
  收敛检测[few_shot:proposed_source_station62_to_58_class1]: 首次达到收敛条件 @ epoch 73 (best_epoch=68, best_loss=0.000077, final_loss=0.001618)
      [proposed_source:62->target58] [Epoch 80/200] [loss_mse: 0.001111]
      [proposed_source:62->target58] [Epoch 100/200] [loss_mse: 0.000875]
      [proposed_source:62->target58] [Epoch 120/200] [loss_mse: 0.001219]
      [proposed_source:62->target58] [Epoch 140/200] [loss_mse: 0.000853]
      [proposed_source:62->target58] [Epoch 160/200] [loss_mse: 0.000047]
      [proposed_source:62->target58] [Epoch 180/200] [loss_mse: 0.000863]
      [proposed_source:62->target58] [Epoch 200/200] [loss_mse: 0.000049]
  收敛检测[few_shot:proposed_source_station62_to_58_class1]: 已收敛 @ epoch 73 (best_epoch=68, best_loss=0.000077, final_loss=0.000049)
  收敛检测[few_shot:few_shot]: 未收敛 (best_epoch=1, best_loss=0.007590, final_loss=0.007590)
  收敛检测[few_shot:few_shot]: 未收敛 (best_epoch=1, best_loss=0.048218, final_loss=0.048218)
  收敛检测[few_shot:few_shot]: 未收敛 (best_epoch=1, best_loss=0.016396, final_loss=0.016396)
    [screen:proposed_source] source_station=63 -> target_station=58, candidate=3, gated=3, effective=1
      [proposed_source:63->target58] [Epoch 1/200] [loss_mse: 0.049966]
      [proposed_source:63->target58] [Epoch 2/200] [loss_mse: 0.050236]
      [proposed_source:63->target58] [Epoch 3/200] [loss_mse: 0.042529]
      [proposed_source:63->target58] [Epoch 4/200] [loss_mse: 0.042658]
      [proposed_source:63->target58] [Epoch 5/200] [loss_mse: 0.046003]
      [proposed_source:63->target58] [Epoch 6/200] [loss_mse: 0.035240]
      [proposed_source:63->target58] [Epoch 7/200] [loss_mse: 0.034700]
      [proposed_source:63->target58] [Epoch 8/200] [loss_mse: 0.028177]
      [proposed_source:63->target58] [Epoch 9/200] [loss_mse: 0.024442]
      [proposed_source:63->target58] [Epoch 10/200] [loss_mse: 0.023670]
      [proposed_source:63->target58] [Epoch 20/200] [loss_mse: 0.013997]
  收敛检测[few_shot:proposed_source_station63_to_58_class1]: 首次达到收敛条件 @ epoch 30 (best_epoch=25, best_loss=0.003936, final_loss=0.004772)
      [proposed_source:63->target58] [Epoch 40/200] [loss_mse: 0.000609]
  收敛检测[few_shot:proposed_source_station63_to_58_class1]: 首次达到收敛条件 @ epoch 45 (best_epoch=40, best_loss=0.000609, final_loss=0.001360)
      [proposed_source:63->target58] [Epoch 60/200] [loss_mse: 0.000013]
  收敛检测[few_shot:proposed_source_station63_to_58_class1]: 首次达到收敛条件 @ epoch 62 (best_epoch=57, best_loss=0.000021, final_loss=0.000040)
      [proposed_source:63->target58] [Epoch 80/200] [loss_mse: 0.000046]
      [proposed_source:63->target58] [Epoch 100/200] [loss_mse: 0.000072]
      [proposed_source:63->target58] [Epoch 120/200] [loss_mse: 0.000010]
      [proposed_source:63->target58] [Epoch 140/200] [loss_mse: 0.000465]
      [proposed_source:63->target58] [Epoch 160/200] [loss_mse: 0.000010]
      [proposed_source:63->target58] [Epoch 180/200] [loss_mse: 0.000044]
      [proposed_source:63->target58] [Epoch 200/200] [loss_mse: 0.000015]
  收敛检测[few_shot:proposed_source_station63_to_58_class1]: 已收敛 @ epoch 62 (best_epoch=57, best_loss=0.000021, final_loss=0.000015)
      [Proposed-A:target_refine] [Epoch 1/200] [loss_mse: 0.029678]
      [Proposed-A:target_refine] [Epoch 2/200] [loss_mse: 0.028221]
      [Proposed-A:target_refine] [Epoch 3/200] [loss_mse: 0.025570]
      [Proposed-A:target_refine] [Epoch 4/200] [loss_mse: 0.015526]
      [Proposed-A:target_refine] [Epoch 5/200] [loss_mse: 0.019709]
      [Proposed-A:target_refine] [Epoch 6/200] [loss_mse: 0.018047]
      [Proposed-A:target_refine] [Epoch 7/200] [loss_mse: 0.010501]
      [Proposed-A:target_refine] [Epoch 8/200] [loss_mse: 0.015069]
      [Proposed-A:target_refine] [Epoch 9/200] [loss_mse: 0.024280]
      [Proposed-A:target_refine] [Epoch 10/200] [loss_mse: 0.021216]
  收敛检测[few_shot:proposed_a_station58_class1]: 首次达到收敛条件 @ epoch 12 (best_epoch=7, best_loss=0.010501, final_loss=0.015855)
      [Proposed-A:target_refine] [Epoch 20/200] [loss_mse: 0.008783]
  收敛检测[few_shot:proposed_a_station58_class1]: 首次达到收敛条件 @ epoch 21 (best_epoch=16, best_loss=0.004119, final_loss=0.016635)
  收敛检测[few_shot:proposed_a_station58_class1]: 首次达到收敛条件 @ epoch 39 (best_epoch=34, best_loss=0.002381, final_loss=0.007990)
      [Proposed-A:target_refine] [Epoch 40/200] [loss_mse: 0.015805]
  收敛检测[few_shot:proposed_a_station58_class1]: 首次达到收敛条件 @ epoch 55 (best_epoch=50, best_loss=0.000534, final_loss=0.005489)
      [Proposed-A:target_refine] [Epoch 60/200] [loss_mse: 0.004980]
      [Proposed-A:target_refine] [Epoch 80/200] [loss_mse: 0.001794]
      [Proposed-A:target_refine] [Epoch 100/200] [loss_mse: 0.007452]
      [Proposed-A:target_refine] [Epoch 120/200] [loss_mse: 0.032664]
  收敛检测[few_shot:proposed_a_station58_class1]: 首次达到收敛条件 @ epoch 127 (best_epoch=122, best_loss=0.000079, final_loss=0.000836)
      [Proposed-A:target_refine] [Epoch 140/200] [loss_mse: 0.008285]
      [Proposed-A:target_refine] [Epoch 160/200] [loss_mse: 0.010416]
      [Proposed-A:target_refine] [Epoch 180/200] [loss_mse: 0.006949]
      [Proposed-A:target_refine] [Epoch 200/200] [loss_mse: 0.004885]
  收敛检测[few_shot:proposed_a_station58_class1]: 已收敛 @ epoch 127 (best_epoch=122, best_loss=0.000079, final_loss=0.004885)
    ✓ 保存(Proposed-A): artifacts/2h6p_six_station/fed-normal-meta-5k/models/model_fore_station58_extreme1_proposed_a.pth weights={'58': 0.5, '59': 0.10082045473020662, '60': 0.10496996189945253, '61': 0.09446646703522957, '62': 0.10031480586120618, '63': 0.09942831047390507}

  极端天气类别 3:
    样本数: 1
    训练轮数: 200, few-shot loss=MSE
    adapt/val: 1 / 1
      [LMT] [Epoch 1/200] [loss_mse: 0.024598]
      [LMT] [Epoch 2/200] [loss_mse: 0.014621]
      [LMT] [Epoch 3/200] [loss_mse: 0.004702]
      [LMT] [Epoch 4/200] [loss_mse: 0.006488]
      [LMT] [Epoch 5/200] [loss_mse: 0.007711]
      [LMT] [Epoch 6/200] [loss_mse: 0.006103]
      [LMT] [Epoch 7/200] [loss_mse: 0.004460]
      [LMT] [Epoch 8/200] [loss_mse: 0.006001]
      [LMT] [Epoch 9/200] [loss_mse: 0.012612]
      [LMT] [Epoch 10/200] [loss_mse: 0.012268]
  收敛检测[few_shot:lmt_station58_class2]: 首次达到收敛条件 @ epoch 12 (best_epoch=7, best_loss=0.004460, final_loss=0.004761)
  收敛检测[few_shot:lmt_station58_class2]: 首次达到收敛条件 @ epoch 19 (best_epoch=14, best_loss=0.002055, final_loss=0.010690)
      [LMT] [Epoch 20/200] [loss_mse: 0.012931]
  收敛检测[few_shot:lmt_station58_class2]: 首次达到收敛条件 @ epoch 30 (best_epoch=25, best_loss=0.000473, final_loss=0.004633)
      [LMT] [Epoch 40/200] [loss_mse: 0.001970]
      [LMT] [Epoch 60/200] [loss_mse: 0.005879]
  收敛检测[few_shot:lmt_station58_class2]: 首次达到收敛条件 @ epoch 76 (best_epoch=71, best_loss=0.000027, final_loss=0.002364)
      [LMT] [Epoch 80/200] [loss_mse: 0.005080]
      [LMT] [Epoch 100/200] [loss_mse: 0.001127]
      [LMT] [Epoch 120/200] [loss_mse: 0.003216]
      [LMT] [Epoch 140/200] [loss_mse: 0.000703]
      [LMT] [Epoch 160/200] [loss_mse: 0.006637]
      [LMT] [Epoch 180/200] [loss_mse: 0.000615]
      [LMT] [Epoch 200/200] [loss_mse: 0.000526]
  收敛检测[few_shot:lmt_station58_class2]: 已收敛 @ epoch 76 (best_epoch=71, best_loss=0.000027, final_loss=0.000526)
    ✓ 保存(LMT): artifacts/2h6p_six_station/fed-normal-meta-5k/models/model_fore_station58_extreme2.pth
  收敛检测[few_shot:few_shot]: 未收敛 (best_epoch=1, best_loss=0.249660, final_loss=0.249660)
  收敛检测[few_shot:few_shot]: 未收敛 (best_epoch=1, best_loss=0.244166, final_loss=0.244166)
    [screen:extreme_source] source_station=59 -> target_station=58, candidate=2, gated=2, effective=1
      [extreme_source:59->target58] [Epoch 1/200] [loss_mse: 0.031036]
      [extreme_source:59->target58] [Epoch 2/200] [loss_mse: 0.051335]
      [extreme_source:59->target58] [Epoch 3/200] [loss_mse: 0.022226]
      [extreme_source:59->target58] [Epoch 4/200] [loss_mse: 0.024722]
      [extreme_source:59->target58] [Epoch 5/200] [loss_mse: 0.021303]
      [extreme_source:59->target58] [Epoch 6/200] [loss_mse: 0.018021]
      [extreme_source:59->target58] [Epoch 7/200] [loss_mse: 0.021408]
      [extreme_source:59->target58] [Epoch 8/200] [loss_mse: 0.015441]
      [extreme_source:59->target58] [Epoch 9/200] [loss_mse: 0.010198]
      [extreme_source:59->target58] [Epoch 10/200] [loss_mse: 0.046765]
  收敛检测[few_shot:extreme_source_station59_to_58_class2]: 首次达到收敛条件 @ epoch 14 (best_epoch=9, best_loss=0.010198, final_loss=0.014740)
      [extreme_source:59->target58] [Epoch 20/200] [loss_mse: 0.016172]
  收敛检测[few_shot:extreme_source_station59_to_58_class2]: 首次达到收敛条件 @ epoch 29 (best_epoch=24, best_loss=0.005220, final_loss=0.020612)
  收敛检测[few_shot:extreme_source_station59_to_58_class2]: 首次达到收敛条件 @ epoch 40 (best_epoch=35, best_loss=0.000203, final_loss=0.012434)
      [extreme_source:59->target58] [Epoch 40/200] [loss_mse: 0.012434]
      [extreme_source:59->target58] [Epoch 60/200] [loss_mse: 0.000287]
      [extreme_source:59->target58] [Epoch 80/200] [loss_mse: 0.001960]
      [extreme_source:59->target58] [Epoch 100/200] [loss_mse: 0.001455]
      [extreme_source:59->target58] [Epoch 120/200] [loss_mse: 0.004386]
      [extreme_source:59->target58] [Epoch 140/200] [loss_mse: 0.017175]
      [extreme_source:59->target58] [Epoch 160/200] [loss_mse: 0.000794]
  收敛检测[few_shot:extreme_source_station59_to_58_class2]: 首次达到收敛条件 @ epoch 175 (best_epoch=170, best_loss=0.000056, final_loss=0.000920)
      [extreme_source:59->target58] [Epoch 180/200] [loss_mse: 0.056579]
      [extreme_source:59->target58] [Epoch 200/200] [loss_mse: 0.003183]
  收敛检测[few_shot:extreme_source_station59_to_58_class2]: 已收敛 @ epoch 175 (best_epoch=170, best_loss=0.000056, final_loss=0.003183)
  收敛检测[few_shot:few_shot]: 未收敛 (best_epoch=1, best_loss=0.339803, final_loss=0.339803)
    [screen:extreme_source] source_station=60 -> target_station=58, candidate=1, gated=1, effective=1
      [extreme_source:60->target58] [Epoch 1/200] [loss_mse: 0.202106]
      [extreme_source:60->target58] [Epoch 2/200] [loss_mse: 0.197864]
      [extreme_source:60->target58] [Epoch 3/200] [loss_mse: 0.140011]
      [extreme_source:60->target58] [Epoch 4/200] [loss_mse: 0.175990]
      [extreme_source:60->target58] [Epoch 5/200] [loss_mse: 0.216145]
      [extreme_source:60->target58] [Epoch 6/200] [loss_mse: 0.185085]
      [extreme_source:60->target58] [Epoch 7/200] [loss_mse: 0.155504]
      [extreme_source:60->target58] [Epoch 8/200] [loss_mse: 0.138692]
      [extreme_source:60->target58] [Epoch 9/200] [loss_mse: 0.168462]
      [extreme_source:60->target58] [Epoch 10/200] [loss_mse: 0.158708]
      [extreme_source:60->target58] [Epoch 20/200] [loss_mse: 0.094719]
  收敛检测[few_shot:extreme_source_station60_to_58_class2]: 首次达到收敛条件 @ epoch 35 (best_epoch=30, best_loss=0.068864, final_loss=0.085283)
      [extreme_source:60->target58] [Epoch 40/200] [loss_mse: 0.045268]
  收敛检测[few_shot:extreme_source_station60_to_58_class2]: 首次达到收敛条件 @ epoch 42 (best_epoch=37, best_loss=0.034026, final_loss=0.054664)
  收敛检测[few_shot:extreme_source_station60_to_58_class2]: 首次达到收敛条件 @ epoch 58 (best_epoch=53, best_loss=0.026425, final_loss=0.039365)
      [extreme_source:60->target58] [Epoch 60/200] [loss_mse: 0.017419]
  收敛检测[few_shot:extreme_source_station60_to_58_class2]: 首次达到收敛条件 @ epoch 65 (best_epoch=60, best_loss=0.017419, final_loss=0.092114)
  收敛检测[few_shot:extreme_source_station60_to_58_class2]: 首次达到收敛条件 @ epoch 73 (best_epoch=68, best_loss=0.003169, final_loss=0.017770)
      [extreme_source:60->target58] [Epoch 80/200] [loss_mse: 0.013760]
  收敛检测[few_shot:extreme_source_station60_to_58_class2]: 首次达到收敛条件 @ epoch 97 (best_epoch=92, best_loss=0.002523, final_loss=0.005429)
      [extreme_source:60->target58] [Epoch 100/200] [loss_mse: 0.009487]
  收敛检测[few_shot:extreme_source_station60_to_58_class2]: 首次达到收敛条件 @ epoch 111 (best_epoch=106, best_loss=0.001966, final_loss=0.011762)
      [extreme_source:60->target58] [Epoch 120/200] [loss_mse: 0.009514]
  收敛检测[few_shot:extreme_source_station60_to_58_class2]: 首次达到收敛条件 @ epoch 122 (best_epoch=117, best_loss=0.001417, final_loss=0.003328)
      [extreme_source:60->target58] [Epoch 140/200] [loss_mse: 0.001263]
  收敛检测[few_shot:extreme_source_station60_to_58_class2]: 首次达到收敛条件 @ epoch 145 (best_epoch=140, best_loss=0.001263, final_loss=0.002549)
  收敛检测[few_shot:extreme_source_station60_to_58_class2]: 首次达到收敛条件 @ epoch 155 (best_epoch=150, best_loss=0.000058, final_loss=0.022360)
      [extreme_source:60->target58] [Epoch 160/200] [loss_mse: 0.003135]
      [extreme_source:60->target58] [Epoch 180/200] [loss_mse: 0.010308]
      [extreme_source:60->target58] [Epoch 200/200] [loss_mse: 0.023640]
  收敛检测[few_shot:extreme_source_station60_to_58_class2]: 已收敛 @ epoch 155 (best_epoch=150, best_loss=0.000058, final_loss=0.023640)
  收敛检测[few_shot:few_shot]: 未收敛 (best_epoch=1, best_loss=0.128885, final_loss=0.128885)
  收敛检测[few_shot:few_shot]: 未收敛 (best_epoch=1, best_loss=0.428599, final_loss=0.428599)
    [screen:extreme_source] source_station=61 -> target_station=58, candidate=2, gated=2, effective=1
      [extreme_source:61->target58] [Epoch 1/200] [loss_mse: 0.439934]
      [extreme_source:61->target58] [Epoch 2/200] [loss_mse: 0.447852]
      [extreme_source:61->target58] [Epoch 3/200] [loss_mse: 0.422174]
      [extreme_source:61->target58] [Epoch 4/200] [loss_mse: 0.389756]
      [extreme_source:61->target58] [Epoch 5/200] [loss_mse: 0.384788]
      [extreme_source:61->target58] [Epoch 6/200] [loss_mse: 0.390792]
      [extreme_source:61->target58] [Epoch 7/200] [loss_mse: 0.357148]
      [extreme_source:61->target58] [Epoch 8/200] [loss_mse: 0.374923]
      [extreme_source:61->target58] [Epoch 9/200] [loss_mse: 0.354364]
      [extreme_source:61->target58] [Epoch 10/200] [loss_mse: 0.405163]
      [extreme_source:61->target58] [Epoch 20/200] [loss_mse: 0.357671]
  收敛检测[few_shot:extreme_source_station61_to_58_class2]: 首次达到收敛条件 @ epoch 21 (best_epoch=16, best_loss=0.281883, final_loss=0.352149)
      [extreme_source:61->target58] [Epoch 40/200] [loss_mse: 0.178433]
  收敛检测[few_shot:extreme_source_station61_to_58_class2]: 首次达到收敛条件 @ epoch 57 (best_epoch=52, best_loss=0.095990, final_loss=0.166995)
      [extreme_source:61->target58] [Epoch 60/200] [loss_mse: 0.155983]
      [extreme_source:61->target58] [Epoch 80/200] [loss_mse: 0.026175]
  收敛检测[few_shot:extreme_source_station61_to_58_class2]: 首次达到收敛条件 @ epoch 85 (best_epoch=80, best_loss=0.026175, final_loss=0.124726)
      [extreme_source:61->target58] [Epoch 100/200] [loss_mse: 0.088406]
  收敛检测[few_shot:extreme_source_station61_to_58_class2]: 首次达到收敛条件 @ epoch 116 (best_epoch=111, best_loss=0.011216, final_loss=0.026472)
      [extreme_source:61->target58] [Epoch 120/200] [loss_mse: 0.050411]
  收敛检测[few_shot:extreme_source_station61_to_58_class2]: 首次达到收敛条件 @ epoch 122 (best_epoch=117, best_loss=0.007881, final_loss=0.022797)
      [extreme_source:61->target58] [Epoch 140/200] [loss_mse: 0.034209]
  收敛检测[few_shot:extreme_source_station61_to_58_class2]: 首次达到收敛条件 @ epoch 141 (best_epoch=136, best_loss=0.004043, final_loss=0.014139)
  收敛检测[few_shot:extreme_source_station61_to_58_class2]: 首次达到收敛条件 @ epoch 154 (best_epoch=149, best_loss=0.003066, final_loss=0.009896)
      [extreme_source:61->target58] [Epoch 160/200] [loss_mse: 0.018862]
  收敛检测[few_shot:extreme_source_station61_to_58_class2]: 首次达到收敛条件 @ epoch 171 (best_epoch=166, best_loss=0.000218, final_loss=0.208272)
      [extreme_source:61->target58] [Epoch 180/200] [loss_mse: 0.003008]
      [extreme_source:61->target58] [Epoch 200/200] [loss_mse: 0.018545]
  收敛检测[few_shot:extreme_source_station61_to_58_class2]: 已收敛 @ epoch 171 (best_epoch=166, best_loss=0.000218, final_loss=0.018545)
  收敛检测[few_shot:few_shot]: 未收敛 (best_epoch=1, best_loss=0.264502, final_loss=0.264502)
  收敛检测[few_shot:few_shot]: 未收敛 (best_epoch=1, best_loss=0.202157, final_loss=0.202157)
    [screen:extreme_source] source_station=62 -> target_station=58, candidate=2, gated=2, effective=1
      [extreme_source:62->target58] [Epoch 1/200] [loss_mse: 0.093425]
      [extreme_source:62->target58] [Epoch 2/200] [loss_mse: 0.093050]
      [extreme_source:62->target58] [Epoch 3/200] [loss_mse: 0.062106]
      [extreme_source:62->target58] [Epoch 4/200] [loss_mse: 0.066500]
      [extreme_source:62->target58] [Epoch 5/200] [loss_mse: 0.116006]
      [extreme_source:62->target58] [Epoch 6/200] [loss_mse: 0.065002]
      [extreme_source:62->target58] [Epoch 7/200] [loss_mse: 0.095214]
  收敛检测[few_shot:extreme_source_station62_to_58_class2]: 首次达到收敛条件 @ epoch 8 (best_epoch=3, best_loss=0.062106, final_loss=0.068833)
      [extreme_source:62->target58] [Epoch 8/200] [loss_mse: 0.068833]
      [extreme_source:62->target58] [Epoch 9/200] [loss_mse: 0.055590]
      [extreme_source:62->target58] [Epoch 10/200] [loss_mse: 0.066014]
      [extreme_source:62->target58] [Epoch 20/200] [loss_mse: 0.050104]
  收敛检测[few_shot:extreme_source_station62_to_58_class2]: 首次达到收敛条件 @ epoch 22 (best_epoch=17, best_loss=0.020338, final_loss=0.066243)
      [extreme_source:62->target58] [Epoch 40/200] [loss_mse: 0.033718]
  收敛检测[few_shot:extreme_source_station62_to_58_class2]: 首次达到收敛条件 @ epoch 42 (best_epoch=37, best_loss=0.005025, final_loss=0.033341)
      [extreme_source:62->target58] [Epoch 60/200] [loss_mse: 0.030509]
  收敛检测[few_shot:extreme_source_station62_to_58_class2]: 首次达到收敛条件 @ epoch 69 (best_epoch=64, best_loss=0.000421, final_loss=0.018823)
      [extreme_source:62->target58] [Epoch 80/200] [loss_mse: 0.006665]
      [extreme_source:62->target58] [Epoch 100/200] [loss_mse: 0.004950]
      [extreme_source:62->target58] [Epoch 120/200] [loss_mse: 0.014460]
      [extreme_source:62->target58] [Epoch 140/200] [loss_mse: 0.012853]
      [extreme_source:62->target58] [Epoch 160/200] [loss_mse: 0.001388]
      [extreme_source:62->target58] [Epoch 180/200] [loss_mse: 0.011281]
      [extreme_source:62->target58] [Epoch 200/200] [loss_mse: 0.066069]
  收敛检测[few_shot:extreme_source_station62_to_58_class2]: 已收敛 @ epoch 69 (best_epoch=64, best_loss=0.000421, final_loss=0.066069)
  收敛检测[few_shot:few_shot]: 未收敛 (best_epoch=1, best_loss=0.271601, final_loss=0.271601)
    [screen:extreme_source] source_station=63 -> target_station=58, candidate=1, gated=1, effective=1
      [extreme_source:63->target58] [Epoch 1/200] [loss_mse: 0.180716]
      [extreme_source:63->target58] [Epoch 2/200] [loss_mse: 0.200281]
      [extreme_source:63->target58] [Epoch 3/200] [loss_mse: 0.153397]
      [extreme_source:63->target58] [Epoch 4/200] [loss_mse: 0.164086]
      [extreme_source:63->target58] [Epoch 5/200] [loss_mse: 0.181017]
      [extreme_source:63->target58] [Epoch 6/200] [loss_mse: 0.178597]
      [extreme_source:63->target58] [Epoch 7/200] [loss_mse: 0.164916]
  收敛检测[few_shot:extreme_source_station63_to_58_class2]: 首次达到收敛条件 @ epoch 8 (best_epoch=3, best_loss=0.153397, final_loss=0.171089)
      [extreme_source:63->target58] [Epoch 8/200] [loss_mse: 0.171089]
      [extreme_source:63->target58] [Epoch 9/200] [loss_mse: 0.160631]
      [extreme_source:63->target58] [Epoch 10/200] [loss_mse: 0.117936]
      [extreme_source:63->target58] [Epoch 20/200] [loss_mse: 0.079439]
  收敛检测[few_shot:extreme_source_station63_to_58_class2]: 首次达到收敛条件 @ epoch 25 (best_epoch=20, best_loss=0.079439, final_loss=0.115184)
      [extreme_source:63->target58] [Epoch 40/200] [loss_mse: 0.038347]
  收敛检测[few_shot:extreme_source_station63_to_58_class2]: 首次达到收敛条件 @ epoch 43 (best_epoch=38, best_loss=0.031071, final_loss=0.044313)
  收敛检测[few_shot:extreme_source_station63_to_58_class2]: 首次达到收敛条件 @ epoch 59 (best_epoch=54, best_loss=0.013303, final_loss=0.035190)
      [extreme_source:63->target58] [Epoch 60/200] [loss_mse: 0.038971]
  收敛检测[few_shot:extreme_source_station63_to_58_class2]: 首次达到收敛条件 @ epoch 76 (best_epoch=71, best_loss=0.004985, final_loss=0.007825)
      [extreme_source:63->target58] [Epoch 80/200] [loss_mse: 0.052755]
  收敛检测[few_shot:extreme_source_station63_to_58_class2]: 首次达到收敛条件 @ epoch 83 (best_epoch=78, best_loss=0.003392, final_loss=0.044262)
  收敛检测[few_shot:extreme_source_station63_to_58_class2]: 首次达到收敛条件 @ epoch 90 (best_epoch=85, best_loss=0.002493, final_loss=0.030128)
  收敛检测[few_shot:extreme_source_station63_to_58_class2]: 首次达到收敛条件 @ epoch 96 (best_epoch=91, best_loss=0.001530, final_loss=0.019037)
      [extreme_source:63->target58] [Epoch 100/200] [loss_mse: 0.026588]
  收敛检测[few_shot:extreme_source_station63_to_58_class2]: 首次达到收敛条件 @ epoch 116 (best_epoch=111, best_loss=0.001410, final_loss=0.012592)
      [extreme_source:63->target58] [Epoch 120/200] [loss_mse: 0.012167]
  收敛检测[few_shot:extreme_source_station63_to_58_class2]: 首次达到收敛条件 @ epoch 122 (best_epoch=117, best_loss=0.000246, final_loss=0.002195)
      [extreme_source:63->target58] [Epoch 140/200] [loss_mse: 0.001009]
      [extreme_source:63->target58] [Epoch 160/200] [loss_mse: 0.000254]
      [extreme_source:63->target58] [Epoch 180/200] [loss_mse: 0.004015]
      [extreme_source:63->target58] [Epoch 200/200] [loss_mse: 0.013500]
  收敛检测[few_shot:extreme_source_station63_to_58_class2]: 已收敛 @ epoch 122 (best_epoch=117, best_loss=0.000246, final_loss=0.013500)
      [Extreme-FedAvg:target_refine] [Epoch 1/200] [loss_mse: 0.035129]
      [Extreme-FedAvg:target_refine] [Epoch 2/200] [loss_mse: 0.091016]
      [Extreme-FedAvg:target_refine] [Epoch 3/200] [loss_mse: 0.078280]
      [Extreme-FedAvg:target_refine] [Epoch 4/200] [loss_mse: 0.075741]
      [Extreme-FedAvg:target_refine] [Epoch 5/200] [loss_mse: 0.063735]
  收敛检测[few_shot:extreme_fedavg_station58_class2]: 首次达到收敛条件 @ epoch 6 (best_epoch=1, best_loss=0.035129, final_loss=0.048840)
      [Extreme-FedAvg:target_refine] [Epoch 6/200] [loss_mse: 0.048840]
      [Extreme-FedAvg:target_refine] [Epoch 7/200] [loss_mse: 0.093170]
      [Extreme-FedAvg:target_refine] [Epoch 8/200] [loss_mse: 0.026574]
      [Extreme-FedAvg:target_refine] [Epoch 9/200] [loss_mse: 0.054684]
      [Extreme-FedAvg:target_refine] [Epoch 10/200] [loss_mse: 0.028873]
  收敛检测[few_shot:extreme_fedavg_station58_class2]: 首次达到收敛条件 @ epoch 13 (best_epoch=8, best_loss=0.026574, final_loss=0.033157)
      [Extreme-FedAvg:target_refine] [Epoch 20/200] [loss_mse: 0.051495]
  收敛检测[few_shot:extreme_fedavg_station58_class2]: 首次达到收敛条件 @ epoch 24 (best_epoch=19, best_loss=0.012804, final_loss=0.030828)
  收敛检测[few_shot:extreme_fedavg_station58_class2]: 首次达到收敛条件 @ epoch 35 (best_epoch=30, best_loss=0.004312, final_loss=0.013334)
      [Extreme-FedAvg:target_refine] [Epoch 40/200] [loss_mse: 0.010579]
  收敛检测[few_shot:extreme_fedavg_station58_class2]: 首次达到收敛条件 @ epoch 42 (best_epoch=37, best_loss=0.002226, final_loss=0.005791)
  收敛检测[few_shot:extreme_fedavg_station58_class2]: 首次达到收敛条件 @ epoch 48 (best_epoch=43, best_loss=0.001498, final_loss=0.007150)
  收敛检测[few_shot:extreme_fedavg_station58_class2]: 首次达到收敛条件 @ epoch 58 (best_epoch=53, best_loss=0.000096, final_loss=0.006563)
      [Extreme-FedAvg:target_refine] [Epoch 60/200] [loss_mse: 0.055182]
      [Extreme-FedAvg:target_refine] [Epoch 80/200] [loss_mse: 0.004793]
      [Extreme-FedAvg:target_refine] [Epoch 100/200] [loss_mse: 0.007029]
      [Extreme-FedAvg:target_refine] [Epoch 120/200] [loss_mse: 0.008405]
      [Extreme-FedAvg:target_refine] [Epoch 140/200] [loss_mse: 0.056683]
      [Extreme-FedAvg:target_refine] [Epoch 160/200] [loss_mse: 0.003311]
      [Extreme-FedAvg:target_refine] [Epoch 180/200] [loss_mse: 0.000916]
      [Extreme-FedAvg:target_refine] [Epoch 200/200] [loss_mse: 0.008243]
  收敛检测[few_shot:extreme_fedavg_station58_class2]: 已收敛 @ epoch 58 (best_epoch=53, best_loss=0.000096, final_loss=0.008243)
    ✓ 保存(Extreme-FedAvg): artifacts/2h6p_six_station/fed-normal-meta-5k/models/model_fore_station58_extreme2_extreme_fedavg.pth weights={'58': 0.16666666666666666, '59': 0.16666666666666666, '60': 0.16666666666666666, '61': 0.16666666666666666, '62': 0.16666666666666666, '63': 0.16666666666666666}
      [Proposed-A:self_update] [Epoch 1/200] [loss_mse: 0.013504]
      [Proposed-A:self_update] [Epoch 2/200] [loss_mse: 0.001306]
      [Proposed-A:self_update] [Epoch 3/200] [loss_mse: 0.006139]
      [Proposed-A:self_update] [Epoch 4/200] [loss_mse: 0.009455]
      [Proposed-A:self_update] [Epoch 5/200] [loss_mse: 0.005045]
      [Proposed-A:self_update] [Epoch 6/200] [loss_mse: 0.002552]
  收敛检测[few_shot:proposed_self_station58_class2]: 首次达到收敛条件 @ epoch 7 (best_epoch=2, best_loss=0.001306, final_loss=0.008584)
      [Proposed-A:self_update] [Epoch 7/200] [loss_mse: 0.008584]
      [Proposed-A:self_update] [Epoch 8/200] [loss_mse: 0.039365]
      [Proposed-A:self_update] [Epoch 9/200] [loss_mse: 0.002466]
      [Proposed-A:self_update] [Epoch 10/200] [loss_mse: 0.034515]
      [Proposed-A:self_update] [Epoch 20/200] [loss_mse: 0.000334]
  收敛检测[few_shot:proposed_self_station58_class2]: 首次达到收敛条件 @ epoch 25 (best_epoch=20, best_loss=0.000334, final_loss=0.013671)
  收敛检测[few_shot:proposed_self_station58_class2]: 首次达到收敛条件 @ epoch 34 (best_epoch=29, best_loss=0.000114, final_loss=0.006076)
      [Proposed-A:self_update] [Epoch 40/200] [loss_mse: 0.000937]
      [Proposed-A:self_update] [Epoch 60/200] [loss_mse: 0.008432]
      [Proposed-A:self_update] [Epoch 80/200] [loss_mse: 0.004105]
      [Proposed-A:self_update] [Epoch 100/200] [loss_mse: 0.000257]
      [Proposed-A:self_update] [Epoch 120/200] [loss_mse: 0.000422]
      [Proposed-A:self_update] [Epoch 140/200] [loss_mse: 0.015411]
      [Proposed-A:self_update] [Epoch 160/200] [loss_mse: 0.000300]
      [Proposed-A:self_update] [Epoch 180/200] [loss_mse: 0.000487]
      [Proposed-A:self_update] [Epoch 200/200] [loss_mse: 0.001189]
  收敛检测[few_shot:proposed_self_station58_class2]: 已收敛 @ epoch 34 (best_epoch=29, best_loss=0.000114, final_loss=0.001189)
  收敛检测[few_shot:few_shot]: 未收敛 (best_epoch=1, best_loss=0.205323, final_loss=0.205323)
  收敛检测[few_shot:few_shot]: 未收敛 (best_epoch=1, best_loss=0.234336, final_loss=0.234336)
    [screen:proposed_source] source_station=59 -> target_station=58, candidate=2, gated=2, effective=1
      [proposed_source:59->target58] [Epoch 1/200] [loss_mse: 0.026162]
      [proposed_source:59->target58] [Epoch 2/200] [loss_mse: 0.019404]
      [proposed_source:59->target58] [Epoch 3/200] [loss_mse: 0.029473]
      [proposed_source:59->target58] [Epoch 4/200] [loss_mse: 0.024752]
      [proposed_source:59->target58] [Epoch 5/200] [loss_mse: 0.020837]
      [proposed_source:59->target58] [Epoch 6/200] [loss_mse: 0.027736]
      [proposed_source:59->target58] [Epoch 7/200] [loss_mse: 0.009654]
      [proposed_source:59->target58] [Epoch 8/200] [loss_mse: 0.011688]
      [proposed_source:59->target58] [Epoch 9/200] [loss_mse: 0.028443]
      [proposed_source:59->target58] [Epoch 10/200] [loss_mse: 0.031928]
  收敛检测[few_shot:proposed_source_station59_to_58_class2]: 首次达到收敛条件 @ epoch 12 (best_epoch=7, best_loss=0.009654, final_loss=0.015537)
      [proposed_source:59->target58] [Epoch 20/200] [loss_mse: 0.002362]
  收敛检测[few_shot:proposed_source_station59_to_58_class2]: 首次达到收敛条件 @ epoch 27 (best_epoch=22, best_loss=0.002213, final_loss=0.015817)
      [proposed_source:59->target58] [Epoch 40/200] [loss_mse: 0.028047]
  收敛检测[few_shot:proposed_source_station59_to_58_class2]: 首次达到收敛条件 @ epoch 41 (best_epoch=36, best_loss=0.000243, final_loss=0.012167)
      [proposed_source:59->target58] [Epoch 60/200] [loss_mse: 0.015270]
      [proposed_source:59->target58] [Epoch 80/200] [loss_mse: 0.000341]
      [proposed_source:59->target58] [Epoch 100/200] [loss_mse: 0.007796]
  收敛检测[few_shot:proposed_source_station59_to_58_class2]: 首次达到收敛条件 @ epoch 119 (best_epoch=114, best_loss=0.000064, final_loss=0.010122)
      [proposed_source:59->target58] [Epoch 120/200] [loss_mse: 0.002246]
      [proposed_source:59->target58] [Epoch 140/200] [loss_mse: 0.000573]
      [proposed_source:59->target58] [Epoch 160/200] [loss_mse: 0.016900]
      [proposed_source:59->target58] [Epoch 180/200] [loss_mse: 0.008924]
      [proposed_source:59->target58] [Epoch 200/200] [loss_mse: 0.008456]
  收敛检测[few_shot:proposed_source_station59_to_58_class2]: 已收敛 @ epoch 119 (best_epoch=114, best_loss=0.000064, final_loss=0.008456)
  收敛检测[few_shot:few_shot]: 未收敛 (best_epoch=1, best_loss=0.330250, final_loss=0.330250)
    [screen:proposed_source] source_station=60 -> target_station=58, candidate=1, gated=1, effective=1
      [proposed_source:60->target58] [Epoch 1/200] [loss_mse: 0.170013]
      [proposed_source:60->target58] [Epoch 2/200] [loss_mse: 0.185970]
      [proposed_source:60->target58] [Epoch 3/200] [loss_mse: 0.151367]
      [proposed_source:60->target58] [Epoch 4/200] [loss_mse: 0.196524]
      [proposed_source:60->target58] [Epoch 5/200] [loss_mse: 0.190795]
      [proposed_source:60->target58] [Epoch 6/200] [loss_mse: 0.144424]
      [proposed_source:60->target58] [Epoch 7/200] [loss_mse: 0.140614]
      [proposed_source:60->target58] [Epoch 8/200] [loss_mse: 0.147374]
      [proposed_source:60->target58] [Epoch 9/200] [loss_mse: 0.121901]
      [proposed_source:60->target58] [Epoch 10/200] [loss_mse: 0.142352]
  收敛检测[few_shot:proposed_source_station60_to_58_class2]: 首次达到收敛条件 @ epoch 18 (best_epoch=13, best_loss=0.088109, final_loss=0.100684)
      [proposed_source:60->target58] [Epoch 20/200] [loss_mse: 0.087196]
  收敛检测[few_shot:proposed_source_station60_to_58_class2]: 首次达到收敛条件 @ epoch 34 (best_epoch=29, best_loss=0.028581, final_loss=0.042581)
      [proposed_source:60->target58] [Epoch 40/200] [loss_mse: 0.031332]
  收敛检测[few_shot:proposed_source_station60_to_58_class2]: 首次达到收敛条件 @ epoch 46 (best_epoch=41, best_loss=0.019882, final_loss=0.057394)
  收敛检测[few_shot:proposed_source_station60_to_58_class2]: 首次达到收敛条件 @ epoch 53 (best_epoch=48, best_loss=0.007540, final_loss=0.020914)
  收敛检测[few_shot:proposed_source_station60_to_58_class2]: 首次达到收敛条件 @ epoch 60 (best_epoch=55, best_loss=0.005574, final_loss=0.099980)
      [proposed_source:60->target58] [Epoch 60/200] [loss_mse: 0.099980]
  收敛检测[few_shot:proposed_source_station60_to_58_class2]: 首次达到收敛条件 @ epoch 77 (best_epoch=72, best_loss=0.005194, final_loss=0.009984)
      [proposed_source:60->target58] [Epoch 80/200] [loss_mse: 0.022073]
  收敛检测[few_shot:proposed_source_station60_to_58_class2]: 首次达到收敛条件 @ epoch 87 (best_epoch=82, best_loss=0.001825, final_loss=0.011921)
  收敛检测[few_shot:proposed_source_station60_to_58_class2]: 首次达到收敛条件 @ epoch 94 (best_epoch=89, best_loss=0.000107, final_loss=0.010564)
      [proposed_source:60->target58] [Epoch 100/200] [loss_mse: 0.011092]
      [proposed_source:60->target58] [Epoch 120/200] [loss_mse: 0.093590]
      [proposed_source:60->target58] [Epoch 140/200] [loss_mse: 0.022052]
      [proposed_source:60->target58] [Epoch 160/200] [loss_mse: 0.021059]
      [proposed_source:60->target58] [Epoch 180/200] [loss_mse: 0.008752]
      [proposed_source:60->target58] [Epoch 200/200] [loss_mse: 0.097310]
  收敛检测[few_shot:proposed_source_station60_to_58_class2]: 已收敛 @ epoch 94 (best_epoch=89, best_loss=0.000107, final_loss=0.097310)
  收敛检测[few_shot:few_shot]: 未收敛 (best_epoch=1, best_loss=0.117245, final_loss=0.117245)
  收敛检测[few_shot:few_shot]: 未收敛 (best_epoch=1, best_loss=0.396580, final_loss=0.396580)
    [screen:proposed_source] source_station=61 -> target_station=58, candidate=2, gated=2, effective=1
      [proposed_source:61->target58] [Epoch 1/200] [loss_mse: 0.006283]
      [proposed_source:61->target58] [Epoch 2/200] [loss_mse: 0.003558]
      [proposed_source:61->target58] [Epoch 3/200] [loss_mse: 0.006126]
      [proposed_source:61->target58] [Epoch 4/200] [loss_mse: 0.005322]
      [proposed_source:61->target58] [Epoch 5/200] [loss_mse: 0.003977]
      [proposed_source:61->target58] [Epoch 6/200] [loss_mse: 0.007438]
      [proposed_source:61->target58] [Epoch 7/200] [loss_mse: 0.000795]
      [proposed_source:61->target58] [Epoch 8/200] [loss_mse: 0.001419]
      [proposed_source:61->target58] [Epoch 9/200] [loss_mse: 0.002977]
      [proposed_source:61->target58] [Epoch 10/200] [loss_mse: 0.000022]
  收敛检测[few_shot:proposed_source_station61_to_58_class2]: 首次达到收敛条件 @ epoch 15 (best_epoch=10, best_loss=0.000022, final_loss=0.000509)
      [proposed_source:61->target58] [Epoch 20/200] [loss_mse: 0.001367]
      [proposed_source:61->target58] [Epoch 40/200] [loss_mse: 0.000227]
      [proposed_source:61->target58] [Epoch 60/200] [loss_mse: 0.007303]
      [proposed_source:61->target58] [Epoch 80/200] [loss_mse: 0.000430]
      [proposed_source:61->target58] [Epoch 100/200] [loss_mse: 0.000992]
      [proposed_source:61->target58] [Epoch 120/200] [loss_mse: 0.003945]
      [proposed_source:61->target58] [Epoch 140/200] [loss_mse: 0.000068]
      [proposed_source:61->target58] [Epoch 160/200] [loss_mse: 0.000134]
      [proposed_source:61->target58] [Epoch 180/200] [loss_mse: 0.000924]
      [proposed_source:61->target58] [Epoch 200/200] [loss_mse: 0.009947]
  收敛检测[few_shot:proposed_source_station61_to_58_class2]: 已收敛 @ epoch 15 (best_epoch=10, best_loss=0.000022, final_loss=0.009947)
  收敛检测[few_shot:few_shot]: 未收敛 (best_epoch=1, best_loss=0.233514, final_loss=0.233514)
  收敛检测[few_shot:few_shot]: 未收敛 (best_epoch=1, best_loss=0.193196, final_loss=0.193196)
    [screen:proposed_source] source_station=62 -> target_station=58, candidate=2, gated=2, effective=1
      [proposed_source:62->target58] [Epoch 1/200] [loss_mse: 0.067726]
      [proposed_source:62->target58] [Epoch 2/200] [loss_mse: 0.059927]
      [proposed_source:62->target58] [Epoch 3/200] [loss_mse: 0.056964]
      [proposed_source:62->target58] [Epoch 4/200] [loss_mse: 0.065734]
      [proposed_source:62->target58] [Epoch 5/200] [loss_mse: 0.031817]
      [proposed_source:62->target58] [Epoch 6/200] [loss_mse: 0.044242]
      [proposed_source:62->target58] [Epoch 7/200] [loss_mse: 0.049135]
      [proposed_source:62->target58] [Epoch 8/200] [loss_mse: 0.037948]
      [proposed_source:62->target58] [Epoch 9/200] [loss_mse: 0.086989]
  收敛检测[few_shot:proposed_source_station62_to_58_class2]: 首次达到收敛条件 @ epoch 10 (best_epoch=5, best_loss=0.031817, final_loss=0.064209)
      [proposed_source:62->target58] [Epoch 10/200] [loss_mse: 0.064209]
  收敛检测[few_shot:proposed_source_station62_to_58_class2]: 首次达到收敛条件 @ epoch 17 (best_epoch=12, best_loss=0.016991, final_loss=0.034540)
      [proposed_source:62->target58] [Epoch 20/200] [loss_mse: 0.035991]
  收敛检测[few_shot:proposed_source_station62_to_58_class2]: 首次达到收敛条件 @ epoch 35 (best_epoch=30, best_loss=0.002970, final_loss=0.011490)
      [proposed_source:62->target58] [Epoch 40/200] [loss_mse: 0.011492]
  收敛检测[few_shot:proposed_source_station62_to_58_class2]: 首次达到收敛条件 @ epoch 50 (best_epoch=45, best_loss=0.000848, final_loss=0.019661)
      [proposed_source:62->target58] [Epoch 60/200] [loss_mse: 0.027521]
      [proposed_source:62->target58] [Epoch 80/200] [loss_mse: 0.095589]
      [proposed_source:62->target58] [Epoch 100/200] [loss_mse: 0.069118]
  收敛检测[few_shot:proposed_source_station62_to_58_class2]: 首次达到收敛条件 @ epoch 113 (best_epoch=108, best_loss=0.000242, final_loss=0.045021)
      [proposed_source:62->target58] [Epoch 120/200] [loss_mse: 0.027764]
      [proposed_source:62->target58] [Epoch 140/200] [loss_mse: 0.024104]
      [proposed_source:62->target58] [Epoch 160/200] [loss_mse: 0.017234]
      [proposed_source:62->target58] [Epoch 180/200] [loss_mse: 0.006384]
      [proposed_source:62->target58] [Epoch 200/200] [loss_mse: 0.006977]
  收敛检测[few_shot:proposed_source_station62_to_58_class2]: 已收敛 @ epoch 113 (best_epoch=108, best_loss=0.000242, final_loss=0.006977)
  收敛检测[few_shot:few_shot]: 未收敛 (best_epoch=1, best_loss=0.270635, final_loss=0.270635)
    [screen:proposed_source] source_station=63 -> target_station=58, candidate=1, gated=1, effective=1
      [proposed_source:63->target58] [Epoch 1/200] [loss_mse: 0.140880]
      [proposed_source:63->target58] [Epoch 2/200] [loss_mse: 0.192849]
      [proposed_source:63->target58] [Epoch 3/200] [loss_mse: 0.143307]
      [proposed_source:63->target58] [Epoch 4/200] [loss_mse: 0.135341]
      [proposed_source:63->target58] [Epoch 5/200] [loss_mse: 0.133530]
      [proposed_source:63->target58] [Epoch 6/200] [loss_mse: 0.126757]
      [proposed_source:63->target58] [Epoch 7/200] [loss_mse: 0.133687]
      [proposed_source:63->target58] [Epoch 8/200] [loss_mse: 0.100126]
      [proposed_source:63->target58] [Epoch 9/200] [loss_mse: 0.120142]
      [proposed_source:63->target58] [Epoch 10/200] [loss_mse: 0.143430]
      [proposed_source:63->target58] [Epoch 20/200] [loss_mse: 0.066976]
  收敛检测[few_shot:proposed_source_station63_to_58_class2]: 首次达到收敛条件 @ epoch 23 (best_epoch=18, best_loss=0.046088, final_loss=0.080620)
  收敛检测[few_shot:proposed_source_station63_to_58_class2]: 首次达到收敛条件 @ epoch 38 (best_epoch=33, best_loss=0.021642, final_loss=0.033290)
      [proposed_source:63->target58] [Epoch 40/200] [loss_mse: 0.034196]
  收敛检测[few_shot:proposed_source_station63_to_58_class2]: 首次达到收敛条件 @ epoch 48 (best_epoch=43, best_loss=0.018616, final_loss=0.019526)
  收敛检测[few_shot:proposed_source_station63_to_58_class2]: 首次达到收敛条件 @ epoch 58 (best_epoch=53, best_loss=0.005547, final_loss=0.009887)
      [proposed_source:63->target58] [Epoch 60/200] [loss_mse: 0.005271]
  收敛检测[few_shot:proposed_source_station63_to_58_class2]: 首次达到收敛条件 @ epoch 65 (best_epoch=60, best_loss=0.005271, final_loss=0.005523)
  收敛检测[few_shot:proposed_source_station63_to_58_class2]: 首次达到收敛条件 @ epoch 76 (best_epoch=71, best_loss=0.000647, final_loss=0.003083)
      [proposed_source:63->target58] [Epoch 80/200] [loss_mse: 0.009460]
      [proposed_source:63->target58] [Epoch 100/200] [loss_mse: 0.000186]
  收敛检测[few_shot:proposed_source_station63_to_58_class2]: 首次达到收敛条件 @ epoch 105 (best_epoch=100, best_loss=0.000186, final_loss=0.003912)
      [proposed_source:63->target58] [Epoch 120/200] [loss_mse: 0.008768]
      [proposed_source:63->target58] [Epoch 140/200] [loss_mse: 0.007357]
  收敛检测[few_shot:proposed_source_station63_to_58_class2]: 首次达到收敛条件 @ epoch 142 (best_epoch=137, best_loss=0.000037, final_loss=0.001863)
      [proposed_source:63->target58] [Epoch 160/200] [loss_mse: 0.021532]
      [proposed_source:63->target58] [Epoch 180/200] [loss_mse: 0.006131]
      [proposed_source:63->target58] [Epoch 200/200] [loss_mse: 0.023604]
  收敛检测[few_shot:proposed_source_station63_to_58_class2]: 已收敛 @ epoch 142 (best_epoch=137, best_loss=0.000037, final_loss=0.023604)
      [Proposed-A:target_refine] [Epoch 1/200] [loss_mse: 0.014740]
      [Proposed-A:target_refine] [Epoch 2/200] [loss_mse: 0.004823]
      [Proposed-A:target_refine] [Epoch 3/200] [loss_mse: 0.018734]
      [Proposed-A:target_refine] [Epoch 4/200] [loss_mse: 0.002952]
      [Proposed-A:target_refine] [Epoch 5/200] [loss_mse: 0.015443]
      [Proposed-A:target_refine] [Epoch 6/200] [loss_mse: 0.006846]
      [Proposed-A:target_refine] [Epoch 7/200] [loss_mse: 0.001844]
      [Proposed-A:target_refine] [Epoch 8/200] [loss_mse: 0.004102]
      [Proposed-A:target_refine] [Epoch 9/200] [loss_mse: 0.006155]
      [Proposed-A:target_refine] [Epoch 10/200] [loss_mse: 0.002796]
  收敛检测[few_shot:proposed_a_station58_class2]: 首次达到收敛条件 @ epoch 12 (best_epoch=7, best_loss=0.001844, final_loss=0.002118)
      [Proposed-A:target_refine] [Epoch 20/200] [loss_mse: 0.003736]
  收敛检测[few_shot:proposed_a_station58_class2]: 首次达到收敛条件 @ epoch 30 (best_epoch=25, best_loss=0.000035, final_loss=0.004485)
      [Proposed-A:target_refine] [Epoch 40/200] [loss_mse: 0.002999]
      [Proposed-A:target_refine] [Epoch 60/200] [loss_mse: 0.001294]
      [Proposed-A:target_refine] [Epoch 80/200] [loss_mse: 0.001219]
      [Proposed-A:target_refine] [Epoch 100/200] [loss_mse: 0.001721]
      [Proposed-A:target_refine] [Epoch 120/200] [loss_mse: 0.003237]
      [Proposed-A:target_refine] [Epoch 140/200] [loss_mse: 0.001337]
      [Proposed-A:target_refine] [Epoch 160/200] [loss_mse: 0.026352]
      [Proposed-A:target_refine] [Epoch 180/200] [loss_mse: 0.015907]
      [Proposed-A:target_refine] [Epoch 200/200] [loss_mse: 0.002511]
  收敛检测[few_shot:proposed_a_station58_class2]: 已收敛 @ epoch 30 (best_epoch=25, best_loss=0.000035, final_loss=0.002511)
    ✓ 保存(Proposed-A): artifacts/2h6p_six_station/fed-normal-meta-5k/models/model_fore_station58_extreme2_proposed_a.pth weights={'58': 0.5, '59': 0.0919836690673676, '60': 0.11692538584504572, '61': 0.06896526912259922, '62': 0.10280655172609812, '63': 0.11931912423888928}

  极端天气类别 4:
    样本数: 36
    训练轮数: 200, few-shot loss=MSE
    adapt/val: 27 / 9
      [LMT] [Epoch 1/200] [loss_mse: 0.067852]
      [LMT] [Epoch 2/200] [loss_mse: 0.066282]
      [LMT] [Epoch 3/200] [loss_mse: 0.064294]
      [LMT] [Epoch 4/200] [loss_mse: 0.059434]
      [LMT] [Epoch 5/200] [loss_mse: 0.056951]
      [LMT] [Epoch 6/200] [loss_mse: 0.055501]
      [LMT] [Epoch 7/200] [loss_mse: 0.052023]
      [LMT] [Epoch 8/200] [loss_mse: 0.051911]
      [LMT] [Epoch 9/200] [loss_mse: 0.052661]
      [LMT] [Epoch 10/200] [loss_mse: 0.049990]
      [LMT] [Epoch 20/200] [loss_mse: 0.038503]
  收敛检测[few_shot:lmt_station58_class3]: 首次达到收敛条件 @ epoch 37 (best_epoch=32, best_loss=0.032852, final_loss=0.032942)
      [LMT] [Epoch 40/200] [loss_mse: 0.033193]
  收敛检测[few_shot:lmt_station58_class3]: 首次达到收敛条件 @ epoch 44 (best_epoch=39, best_loss=0.032520, final_loss=0.033875)
      [LMT] [Epoch 60/200] [loss_mse: 0.031478]
  收敛检测[few_shot:lmt_station58_class3]: 首次达到收敛条件 @ epoch 61 (best_epoch=56, best_loss=0.031206, final_loss=0.031988)
  收敛检测[few_shot:lmt_station58_class3]: 首次达到收敛条件 @ epoch 74 (best_epoch=69, best_loss=0.030850, final_loss=0.031479)
      [LMT] [Epoch 80/200] [loss_mse: 0.031868]
      [LMT] [Epoch 100/200] [loss_mse: 0.031188]
  收敛检测[few_shot:lmt_station58_class3]: 首次达到收敛条件 @ epoch 120 (best_epoch=115, best_loss=0.030656, final_loss=0.031672)
      [LMT] [Epoch 120/200] [loss_mse: 0.031672]
      [LMT] [Epoch 140/200] [loss_mse: 0.032272]
  收敛检测[few_shot:lmt_station58_class3]: 首次达到收敛条件 @ epoch 141 (best_epoch=136, best_loss=0.030365, final_loss=0.030963)
      [LMT] [Epoch 160/200] [loss_mse: 0.030632]
      [LMT] [Epoch 180/200] [loss_mse: 0.032474]
      [LMT] [Epoch 200/200] [loss_mse: 0.032832]
  收敛检测[few_shot:lmt_station58_class3]: 已收敛 @ epoch 141 (best_epoch=136, best_loss=0.030365, final_loss=0.032832)
    ✓ 保存(LMT): artifacts/2h6p_six_station/fed-normal-meta-5k/models/model_fore_station58_extreme3.pth
  收敛检测[few_shot:few_shot]: 未收敛 (best_epoch=1, best_loss=0.095519, final_loss=0.095519)
  收敛检测[few_shot:few_shot]: 未收敛 (best_epoch=1, best_loss=0.054382, final_loss=0.054382)
  收敛检测[few_shot:few_shot]: 未收敛 (best_epoch=1, best_loss=0.063840, final_loss=0.063840)
  收敛检测[few_shot:few_shot]: 未收敛 (best_epoch=1, best_loss=0.075463, final_loss=0.075463)
  收敛检测[few_shot:few_shot]: 未收敛 (best_epoch=1, best_loss=0.095830, final_loss=0.095830)
  收敛检测[few_shot:few_shot]: 未收敛 (best_epoch=1, best_loss=0.047616, final_loss=0.047616)
  收敛检测[few_shot:few_shot]: 未收敛 (best_epoch=1, best_loss=0.029333, final_loss=0.029333)
  收敛检测[few_shot:few_shot]: 未收敛 (best_epoch=1, best_loss=0.078868, final_loss=0.078868)
  收敛检测[few_shot:few_shot]: 未收敛 (best_epoch=1, best_loss=0.053260, final_loss=0.053260)
  收敛检测[few_shot:few_shot]: 未收敛 (best_epoch=1, best_loss=0.077607, final_loss=0.077607)
  收敛检测[few_shot:few_shot]: 未收敛 (best_epoch=1, best_loss=0.025649, final_loss=0.025649)
  收敛检测[few_shot:few_shot]: 未收敛 (best_epoch=1, best_loss=0.016686, final_loss=0.016686)
  收敛检测[few_shot:few_shot]: 未收敛 (best_epoch=1, best_loss=0.061094, final_loss=0.061094)
  收敛检测[few_shot:few_shot]: 未收敛 (best_epoch=1, best_loss=0.045344, final_loss=0.045344)
  收敛检测[few_shot:few_shot]: 未收敛 (best_epoch=1, best_loss=0.036408, final_loss=0.036408)
  收敛检测[few_shot:few_shot]: 未收敛 (best_epoch=1, best_loss=0.040539, final_loss=0.040539)
    [screen:extreme_source] source_station=59 -> target_station=58, candidate=19, gated=16, effective=13
      [extreme_source:59->target58] [Epoch 1/200] [loss_mse: 0.053017]
      [extreme_source:59->target58] [Epoch 2/200] [loss_mse: 0.054937]
      [extreme_source:59->target58] [Epoch 3/200] [loss_mse: 0.050479]
      [extreme_source:59->target58] [Epoch 4/200] [loss_mse: 0.053031]
      [extreme_source:59->target58] [Epoch 5/200] [loss_mse: 0.045159]
      [extreme_source:59->target58] [Epoch 6/200] [loss_mse: 0.046348]
      [extreme_source:59->target58] [Epoch 7/200] [loss_mse: 0.043468]
      [extreme_source:59->target58] [Epoch 8/200] [loss_mse: 0.041190]
      [extreme_source:59->target58] [Epoch 9/200] [loss_mse: 0.040191]
      [extreme_source:59->target58] [Epoch 10/200] [loss_mse: 0.036407]
      [extreme_source:59->target58] [Epoch 20/200] [loss_mse: 0.025667]
  收敛检测[few_shot:extreme_source_station59_to_58_class3]: 首次达到收敛条件 @ epoch 36 (best_epoch=31, best_loss=0.019748, final_loss=0.019705)
      [extreme_source:59->target58] [Epoch 40/200] [loss_mse: 0.019787]
  收敛检测[few_shot:extreme_source_station59_to_58_class3]: 首次达到收敛条件 @ epoch 52 (best_epoch=47, best_loss=0.017539, final_loss=0.017727)
      [extreme_source:59->target58] [Epoch 60/200] [loss_mse: 0.017248]
  收敛检测[few_shot:extreme_source_station59_to_58_class3]: 首次达到收敛条件 @ epoch 65 (best_epoch=60, best_loss=0.017248, final_loss=0.017336)
  收敛检测[few_shot:extreme_source_station59_to_58_class3]: 首次达到收敛条件 @ epoch 72 (best_epoch=67, best_loss=0.017145, final_loss=0.017407)
      [extreme_source:59->target58] [Epoch 80/200] [loss_mse: 0.018018]
  收敛检测[few_shot:extreme_source_station59_to_58_class3]: 首次达到收敛条件 @ epoch 81 (best_epoch=76, best_loss=0.016442, final_loss=0.017245)
      [extreme_source:59->target58] [Epoch 100/200] [loss_mse: 0.018079]
      [extreme_source:59->target58] [Epoch 120/200] [loss_mse: 0.017708]
  收敛检测[few_shot:extreme_source_station59_to_58_class3]: 首次达到收敛条件 @ epoch 123 (best_epoch=118, best_loss=0.015821, final_loss=0.017331)
      [extreme_source:59->target58] [Epoch 140/200] [loss_mse: 0.017566]
      [extreme_source:59->target58] [Epoch 160/200] [loss_mse: 0.016032]
      [extreme_source:59->target58] [Epoch 180/200] [loss_mse: 0.017111]
      [extreme_source:59->target58] [Epoch 200/200] [loss_mse: 0.018107]
  收敛检测[few_shot:extreme_source_station59_to_58_class3]: 已收敛 @ epoch 123 (best_epoch=118, best_loss=0.015821, final_loss=0.018107)
  收敛检测[few_shot:few_shot]: 未收敛 (best_epoch=1, best_loss=0.221077, final_loss=0.221077)
  收敛检测[few_shot:few_shot]: 未收敛 (best_epoch=1, best_loss=0.062830, final_loss=0.062830)
  收敛检测[few_shot:few_shot]: 未收敛 (best_epoch=1, best_loss=0.054333, final_loss=0.054333)
  收敛检测[few_shot:few_shot]: 未收敛 (best_epoch=1, best_loss=0.056632, final_loss=0.056632)
  收敛检测[few_shot:few_shot]: 未收敛 (best_epoch=1, best_loss=0.050791, final_loss=0.050791)
  收敛检测[few_shot:few_shot]: 未收敛 (best_epoch=1, best_loss=0.053298, final_loss=0.053298)
  收敛检测[few_shot:few_shot]: 未收敛 (best_epoch=1, best_loss=0.049574, final_loss=0.049574)
  收敛检测[few_shot:few_shot]: 未收敛 (best_epoch=1, best_loss=0.076845, final_loss=0.076845)
  收敛检测[few_shot:few_shot]: 未收敛 (best_epoch=1, best_loss=0.089942, final_loss=0.089942)
  收敛检测[few_shot:few_shot]: 未收敛 (best_epoch=1, best_loss=0.025112, final_loss=0.025112)
  收敛检测[few_shot:few_shot]: 未收敛 (best_epoch=1, best_loss=0.059995, final_loss=0.059995)
  收敛检测[few_shot:few_shot]: 未收敛 (best_epoch=1, best_loss=0.040499, final_loss=0.040499)
  收敛检测[few_shot:few_shot]: 未收敛 (best_epoch=1, best_loss=0.045133, final_loss=0.045133)
  收敛检测[few_shot:few_shot]: 未收敛 (best_epoch=1, best_loss=0.050710, final_loss=0.050710)
  收敛检测[few_shot:few_shot]: 未收敛 (best_epoch=1, best_loss=0.045642, final_loss=0.045642)
  收敛检测[few_shot:few_shot]: 未收敛 (best_epoch=1, best_loss=0.015823, final_loss=0.015823)
  收敛检测[few_shot:few_shot]: 未收敛 (best_epoch=1, best_loss=0.071661, final_loss=0.071661)
  收敛检测[few_shot:few_shot]: 未收敛 (best_epoch=1, best_loss=0.193195, final_loss=0.193195)
  收敛检测[few_shot:few_shot]: 未收敛 (best_epoch=1, best_loss=0.076567, final_loss=0.076567)
  收敛检测[few_shot:few_shot]: 未收敛 (best_epoch=1, best_loss=0.052445, final_loss=0.052445)
  收敛检测[few_shot:few_shot]: 未收敛 (best_epoch=1, best_loss=0.031551, final_loss=0.031551)
  收敛检测[few_shot:few_shot]: 未收敛 (best_epoch=1, best_loss=0.026633, final_loss=0.026633)
  收敛检测[few_shot:few_shot]: 未收敛 (best_epoch=1, best_loss=0.011665, final_loss=0.011665)
    [screen:extreme_source] source_station=60 -> target_station=58, candidate=28, gated=23, effective=18
      [extreme_source:60->target58] [Epoch 1/200] [loss_mse: 0.048168]
      [extreme_source:60->target58] [Epoch 2/200] [loss_mse: 0.047589]
      [extreme_source:60->target58] [Epoch 3/200] [loss_mse: 0.049677]
      [extreme_source:60->target58] [Epoch 4/200] [loss_mse: 0.045093]
      [extreme_source:60->target58] [Epoch 5/200] [loss_mse: 0.043565]
      [extreme_source:60->target58] [Epoch 6/200] [loss_mse: 0.042159]
      [extreme_source:60->target58] [Epoch 7/200] [loss_mse: 0.040434]
      [extreme_source:60->target58] [Epoch 8/200] [loss_mse: 0.036245]
      [extreme_source:60->target58] [Epoch 9/200] [loss_mse: 0.034622]
      [extreme_source:60->target58] [Epoch 10/200] [loss_mse: 0.036080]
      [extreme_source:60->target58] [Epoch 20/200] [loss_mse: 0.023761]
      [extreme_source:60->target58] [Epoch 40/200] [loss_mse: 0.017207]
  收敛检测[few_shot:extreme_source_station60_to_58_class3]: 首次达到收敛条件 @ epoch 52 (best_epoch=47, best_loss=0.015497, final_loss=0.017577)
      [extreme_source:60->target58] [Epoch 60/200] [loss_mse: 0.015550]
  收敛检测[few_shot:extreme_source_station60_to_58_class3]: 首次达到收敛条件 @ epoch 71 (best_epoch=66, best_loss=0.015115, final_loss=0.015170)
      [extreme_source:60->target58] [Epoch 80/200] [loss_mse: 0.016718]
      [extreme_source:60->target58] [Epoch 100/200] [loss_mse: 0.015198]
      [extreme_source:60->target58] [Epoch 120/200] [loss_mse: 0.015412]
  收敛检测[few_shot:extreme_source_station60_to_58_class3]: 首次达到收敛条件 @ epoch 123 (best_epoch=118, best_loss=0.014935, final_loss=0.016088)
  收敛检测[few_shot:extreme_source_station60_to_58_class3]: 首次达到收敛条件 @ epoch 137 (best_epoch=132, best_loss=0.014629, final_loss=0.014896)
      [extreme_source:60->target58] [Epoch 140/200] [loss_mse: 0.016558]
      [extreme_source:60->target58] [Epoch 160/200] [loss_mse: 0.015567]
      [extreme_source:60->target58] [Epoch 180/200] [loss_mse: 0.015616]
  收敛检测[few_shot:extreme_source_station60_to_58_class3]: 首次达到收敛条件 @ epoch 193 (best_epoch=188, best_loss=0.014384, final_loss=0.015187)
      [extreme_source:60->target58] [Epoch 200/200] [loss_mse: 0.015791]
  收敛检测[few_shot:extreme_source_station60_to_58_class3]: 已收敛 @ epoch 193 (best_epoch=188, best_loss=0.014384, final_loss=0.015791)
  收敛检测[few_shot:few_shot]: 未收敛 (best_epoch=1, best_loss=0.075562, final_loss=0.075562)
  收敛检测[few_shot:few_shot]: 未收敛 (best_epoch=1, best_loss=0.067552, final_loss=0.067552)
  收敛检测[few_shot:few_shot]: 未收敛 (best_epoch=1, best_loss=0.074337, final_loss=0.074337)
  收敛检测[few_shot:few_shot]: 未收敛 (best_epoch=1, best_loss=0.060097, final_loss=0.060097)
  收敛检测[few_shot:few_shot]: 未收敛 (best_epoch=1, best_loss=0.069868, final_loss=0.069868)
  收敛检测[few_shot:few_shot]: 未收敛 (best_epoch=1, best_loss=0.052833, final_loss=0.052833)
  收敛检测[few_shot:few_shot]: 未收敛 (best_epoch=1, best_loss=0.064299, final_loss=0.064299)
  收敛检测[few_shot:few_shot]: 未收敛 (best_epoch=1, best_loss=0.030144, final_loss=0.030144)
  收敛检测[few_shot:few_shot]: 未收敛 (best_epoch=1, best_loss=0.084133, final_loss=0.084133)
  收敛检测[few_shot:few_shot]: 未收敛 (best_epoch=1, best_loss=0.074067, final_loss=0.074067)
  收敛检测[few_shot:few_shot]: 未收敛 (best_epoch=1, best_loss=0.063047, final_loss=0.063047)
  收敛检测[few_shot:few_shot]: 未收敛 (best_epoch=1, best_loss=0.020290, final_loss=0.020290)
  收敛检测[few_shot:few_shot]: 未收敛 (best_epoch=1, best_loss=0.068261, final_loss=0.068261)
  收敛检测[few_shot:few_shot]: 未收敛 (best_epoch=1, best_loss=0.051944, final_loss=0.051944)
  收敛检测[few_shot:few_shot]: 未收敛 (best_epoch=1, best_loss=0.002348, final_loss=0.002348)
  收敛检测[few_shot:few_shot]: 未收敛 (best_epoch=1, best_loss=0.029854, final_loss=0.029854)
  收敛检测[few_shot:few_shot]: 未收敛 (best_epoch=1, best_loss=0.069903, final_loss=0.069903)
  收敛检测[few_shot:few_shot]: 未收敛 (best_epoch=1, best_loss=0.061051, final_loss=0.061051)
  收敛检测[few_shot:few_shot]: 未收敛 (best_epoch=1, best_loss=0.072852, final_loss=0.072852)
  收敛检测[few_shot:few_shot]: 未收敛 (best_epoch=1, best_loss=0.056083, final_loss=0.056083)
  收敛检测[few_shot:few_shot]: 未收敛 (best_epoch=1, best_loss=0.033172, final_loss=0.033172)
  收敛检测[few_shot:few_shot]: 未收敛 (best_epoch=1, best_loss=0.056621, final_loss=0.056621)
  收敛检测[few_shot:few_shot]: 未收敛 (best_epoch=1, best_loss=0.037517, final_loss=0.037517)
  收敛检测[few_shot:few_shot]: 未收敛 (best_epoch=1, best_loss=0.044063, final_loss=0.044063)
  收敛检测[few_shot:few_shot]: 未收敛 (best_epoch=1, best_loss=0.026555, final_loss=0.026555)
  收敛检测[few_shot:few_shot]: 未收敛 (best_epoch=1, best_loss=0.077148, final_loss=0.077148)
  收敛检测[few_shot:few_shot]: 未收敛 (best_epoch=1, best_loss=0.066019, final_loss=0.066019)
  收敛检测[few_shot:few_shot]: 未收敛 (best_epoch=1, best_loss=0.053986, final_loss=0.053986)
  收敛检测[few_shot:few_shot]: 未收敛 (best_epoch=1, best_loss=0.034934, final_loss=0.034934)
  收敛检测[few_shot:few_shot]: 未收敛 (best_epoch=1, best_loss=0.030831, final_loss=0.030831)
    [screen:extreme_source] source_station=61 -> target_station=58, candidate=37, gated=30, effective=26
      [extreme_source:61->target58] [Epoch 1/200] [loss_mse: 0.059113]
      [extreme_source:61->target58] [Epoch 2/200] [loss_mse: 0.055835]
      [extreme_source:61->target58] [Epoch 3/200] [loss_mse: 0.052371]
      [extreme_source:61->target58] [Epoch 4/200] [loss_mse: 0.050733]
      [extreme_source:61->target58] [Epoch 5/200] [loss_mse: 0.047712]
      [extreme_source:61->target58] [Epoch 6/200] [loss_mse: 0.042730]
      [extreme_source:61->target58] [Epoch 7/200] [loss_mse: 0.043808]
      [extreme_source:61->target58] [Epoch 8/200] [loss_mse: 0.042918]
      [extreme_source:61->target58] [Epoch 9/200] [loss_mse: 0.038707]
      [extreme_source:61->target58] [Epoch 10/200] [loss_mse: 0.039541]
      [extreme_source:61->target58] [Epoch 20/200] [loss_mse: 0.024532]
      [extreme_source:61->target58] [Epoch 40/200] [loss_mse: 0.013780]
      [extreme_source:61->target58] [Epoch 60/200] [loss_mse: 0.011126]
  收敛检测[few_shot:extreme_source_station61_to_58_class3]: 首次达到收敛条件 @ epoch 63 (best_epoch=58, best_loss=0.010857, final_loss=0.010864)
      [extreme_source:61->target58] [Epoch 80/200] [loss_mse: 0.011161]
      [extreme_source:61->target58] [Epoch 100/200] [loss_mse: 0.010710]
  收敛检测[few_shot:extreme_source_station61_to_58_class3]: 首次达到收敛条件 @ epoch 103 (best_epoch=98, best_loss=0.010729, final_loss=0.010644)
      [extreme_source:61->target58] [Epoch 120/200] [loss_mse: 0.010950]
  收敛检测[few_shot:extreme_source_station61_to_58_class3]: 首次达到收敛条件 @ epoch 122 (best_epoch=117, best_loss=0.010404, final_loss=0.010967)
      [extreme_source:61->target58] [Epoch 140/200] [loss_mse: 0.010833]
      [extreme_source:61->target58] [Epoch 160/200] [loss_mse: 0.011076]
      [extreme_source:61->target58] [Epoch 180/200] [loss_mse: 0.010910]
      [extreme_source:61->target58] [Epoch 200/200] [loss_mse: 0.010784]
  收敛检测[few_shot:extreme_source_station61_to_58_class3]: 已收敛 @ epoch 122 (best_epoch=117, best_loss=0.010404, final_loss=0.010784)
  收敛检测[few_shot:few_shot]: 未收敛 (best_epoch=1, best_loss=0.194300, final_loss=0.194300)
  收敛检测[few_shot:few_shot]: 未收敛 (best_epoch=1, best_loss=0.238444, final_loss=0.238444)
  收敛检测[few_shot:few_shot]: 未收敛 (best_epoch=1, best_loss=0.033579, final_loss=0.033579)
  收敛检测[few_shot:few_shot]: 未收敛 (best_epoch=1, best_loss=0.081309, final_loss=0.081309)
  收敛检测[few_shot:few_shot]: 未收敛 (best_epoch=1, best_loss=0.197274, final_loss=0.197274)
  收敛检测[few_shot:few_shot]: 未收敛 (best_epoch=1, best_loss=0.026230, final_loss=0.026230)
  收敛检测[few_shot:few_shot]: 未收敛 (best_epoch=1, best_loss=0.048433, final_loss=0.048433)
  收敛检测[few_shot:few_shot]: 未收敛 (best_epoch=1, best_loss=0.074930, final_loss=0.074930)
  收敛检测[few_shot:few_shot]: 未收敛 (best_epoch=1, best_loss=0.134856, final_loss=0.134856)
  收敛检测[few_shot:few_shot]: 未收敛 (best_epoch=1, best_loss=0.030827, final_loss=0.030827)
  收敛检测[few_shot:few_shot]: 未收敛 (best_epoch=1, best_loss=0.010527, final_loss=0.010527)
  收敛检测[few_shot:few_shot]: 未收敛 (best_epoch=1, best_loss=0.027931, final_loss=0.027931)
  收敛检测[few_shot:few_shot]: 未收敛 (best_epoch=1, best_loss=0.065204, final_loss=0.065204)
  收敛检测[few_shot:few_shot]: 未收敛 (best_epoch=1, best_loss=0.020165, final_loss=0.020165)
  收敛检测[few_shot:few_shot]: 未收敛 (best_epoch=1, best_loss=0.039743, final_loss=0.039743)
  收敛检测[few_shot:few_shot]: 未收敛 (best_epoch=1, best_loss=0.024660, final_loss=0.024660)
    [screen:extreme_source] source_station=62 -> target_station=58, candidate=19, gated=16, effective=9
      [extreme_source:62->target58] [Epoch 1/200] [loss_mse: 0.042409]
      [extreme_source:62->target58] [Epoch 2/200] [loss_mse: 0.046508]
      [extreme_source:62->target58] [Epoch 3/200] [loss_mse: 0.039238]
      [extreme_source:62->target58] [Epoch 4/200] [loss_mse: 0.039419]
      [extreme_source:62->target58] [Epoch 5/200] [loss_mse: 0.040461]
      [extreme_source:62->target58] [Epoch 6/200] [loss_mse: 0.036218]
      [extreme_source:62->target58] [Epoch 7/200] [loss_mse: 0.033732]
      [extreme_source:62->target58] [Epoch 8/200] [loss_mse: 0.031549]
      [extreme_source:62->target58] [Epoch 9/200] [loss_mse: 0.032752]
      [extreme_source:62->target58] [Epoch 10/200] [loss_mse: 0.033138]
      [extreme_source:62->target58] [Epoch 20/200] [loss_mse: 0.025576]
  收敛检测[few_shot:extreme_source_station62_to_58_class3]: 首次达到收敛条件 @ epoch 30 (best_epoch=25, best_loss=0.018868, final_loss=0.020183)
      [extreme_source:62->target58] [Epoch 40/200] [loss_mse: 0.016958]
  收敛检测[few_shot:extreme_source_station62_to_58_class3]: 首次达到收敛条件 @ epoch 41 (best_epoch=36, best_loss=0.016400, final_loss=0.017225)
      [extreme_source:62->target58] [Epoch 60/200] [loss_mse: 0.015846]
  收敛检测[few_shot:extreme_source_station62_to_58_class3]: 首次达到收敛条件 @ epoch 66 (best_epoch=61, best_loss=0.015462, final_loss=0.016781)
      [extreme_source:62->target58] [Epoch 80/200] [loss_mse: 0.015828]
  收敛检测[few_shot:extreme_source_station62_to_58_class3]: 首次达到收敛条件 @ epoch 83 (best_epoch=78, best_loss=0.014527, final_loss=0.015855)
      [extreme_source:62->target58] [Epoch 100/200] [loss_mse: 0.015796]
      [extreme_source:62->target58] [Epoch 120/200] [loss_mse: 0.015614]
      [extreme_source:62->target58] [Epoch 140/200] [loss_mse: 0.016304]
      [extreme_source:62->target58] [Epoch 160/200] [loss_mse: 0.017099]
  收敛检测[few_shot:extreme_source_station62_to_58_class3]: 首次达到收敛条件 @ epoch 170 (best_epoch=165, best_loss=0.014367, final_loss=0.016741)
  收敛检测[few_shot:extreme_source_station62_to_58_class3]: 首次达到收敛条件 @ epoch 179 (best_epoch=174, best_loss=0.014100, final_loss=0.015541)
      [extreme_source:62->target58] [Epoch 180/200] [loss_mse: 0.016899]
  收敛检测[few_shot:extreme_source_station62_to_58_class3]: 首次达到收敛条件 @ epoch 187 (best_epoch=182, best_loss=0.013829, final_loss=0.016571)
  收敛检测[few_shot:extreme_source_station62_to_58_class3]: 首次达到收敛条件 @ epoch 197 (best_epoch=192, best_loss=0.013562, final_loss=0.014534)
      [extreme_source:62->target58] [Epoch 200/200] [loss_mse: 0.015178]
  收敛检测[few_shot:extreme_source_station62_to_58_class3]: 已收敛 @ epoch 197 (best_epoch=192, best_loss=0.013562, final_loss=0.015178)
  收敛检测[few_shot:few_shot]: 未收敛 (best_epoch=1, best_loss=0.029693, final_loss=0.029693)
  收敛检测[few_shot:few_shot]: 未收敛 (best_epoch=1, best_loss=0.029646, final_loss=0.029646)
  收敛检测[few_shot:few_shot]: 未收敛 (best_epoch=1, best_loss=0.057679, final_loss=0.057679)
  收敛检测[few_shot:few_shot]: 未收敛 (best_epoch=1, best_loss=0.044978, final_loss=0.044978)
  收敛检测[few_shot:few_shot]: 未收敛 (best_epoch=1, best_loss=0.050702, final_loss=0.050702)
  收敛检测[few_shot:few_shot]: 未收敛 (best_epoch=1, best_loss=0.054089, final_loss=0.054089)
  收敛检测[few_shot:few_shot]: 未收敛 (best_epoch=1, best_loss=0.082328, final_loss=0.082328)
  收敛检测[few_shot:few_shot]: 未收敛 (best_epoch=1, best_loss=0.068489, final_loss=0.068489)
  收敛检测[few_shot:few_shot]: 未收敛 (best_epoch=1, best_loss=0.072970, final_loss=0.072970)
  收敛检测[few_shot:few_shot]: 未收敛 (best_epoch=1, best_loss=0.034916, final_loss=0.034916)
  收敛检测[few_shot:few_shot]: 未收敛 (best_epoch=1, best_loss=0.060894, final_loss=0.060894)
  收敛检测[few_shot:few_shot]: 未收敛 (best_epoch=1, best_loss=0.044817, final_loss=0.044817)
  收敛检测[few_shot:few_shot]: 未收敛 (best_epoch=1, best_loss=0.031033, final_loss=0.031033)
  收敛检测[few_shot:few_shot]: 未收敛 (best_epoch=1, best_loss=0.039064, final_loss=0.039064)
  收敛检测[few_shot:few_shot]: 未收敛 (best_epoch=1, best_loss=0.042046, final_loss=0.042046)
  收敛检测[few_shot:few_shot]: 未收敛 (best_epoch=1, best_loss=0.032305, final_loss=0.032305)
  收敛检测[few_shot:few_shot]: 未收敛 (best_epoch=1, best_loss=0.057329, final_loss=0.057329)
  收敛检测[few_shot:few_shot]: 未收敛 (best_epoch=1, best_loss=0.065325, final_loss=0.065325)
  收敛检测[few_shot:few_shot]: 未收敛 (best_epoch=1, best_loss=0.064739, final_loss=0.064739)
  收敛检测[few_shot:few_shot]: 未收敛 (best_epoch=1, best_loss=0.094071, final_loss=0.094071)
  收敛检测[few_shot:few_shot]: 未收敛 (best_epoch=1, best_loss=0.048513, final_loss=0.048513)
  收敛检测[few_shot:few_shot]: 未收敛 (best_epoch=1, best_loss=0.026619, final_loss=0.026619)
  收敛检测[few_shot:few_shot]: 未收敛 (best_epoch=1, best_loss=0.012757, final_loss=0.012757)
    [screen:extreme_source] source_station=63 -> target_station=58, candidate=28, gated=23, effective=20
      [extreme_source:63->target58] [Epoch 1/200] [loss_mse: 0.050728]
      [extreme_source:63->target58] [Epoch 2/200] [loss_mse: 0.046429]
      [extreme_source:63->target58] [Epoch 3/200] [loss_mse: 0.046051]
      [extreme_source:63->target58] [Epoch 4/200] [loss_mse: 0.043804]
      [extreme_source:63->target58] [Epoch 5/200] [loss_mse: 0.041943]
      [extreme_source:63->target58] [Epoch 6/200] [loss_mse: 0.039755]
      [extreme_source:63->target58] [Epoch 7/200] [loss_mse: 0.035651]
      [extreme_source:63->target58] [Epoch 8/200] [loss_mse: 0.035251]
      [extreme_source:63->target58] [Epoch 9/200] [loss_mse: 0.037510]
      [extreme_source:63->target58] [Epoch 10/200] [loss_mse: 0.034332]
      [extreme_source:63->target58] [Epoch 20/200] [loss_mse: 0.022721]
  收敛检测[few_shot:extreme_source_station63_to_58_class3]: 首次达到收敛条件 @ epoch 38 (best_epoch=33, best_loss=0.015865, final_loss=0.016369)
      [extreme_source:63->target58] [Epoch 40/200] [loss_mse: 0.014694]
  收敛检测[few_shot:extreme_source_station63_to_58_class3]: 首次达到收敛条件 @ epoch 52 (best_epoch=47, best_loss=0.014355, final_loss=0.015504)
      [extreme_source:63->target58] [Epoch 60/200] [loss_mse: 0.014296]
  收敛检测[few_shot:extreme_source_station63_to_58_class3]: 首次达到收敛条件 @ epoch 63 (best_epoch=58, best_loss=0.013565, final_loss=0.014348)
      [extreme_source:63->target58] [Epoch 80/200] [loss_mse: 0.014068]
  收敛检测[few_shot:extreme_source_station63_to_58_class3]: 首次达到收敛条件 @ epoch 88 (best_epoch=83, best_loss=0.013415, final_loss=0.015105)
      [extreme_source:63->target58] [Epoch 100/200] [loss_mse: 0.014283]
  收敛检测[few_shot:extreme_source_station63_to_58_class3]: 首次达到收敛条件 @ epoch 111 (best_epoch=106, best_loss=0.013271, final_loss=0.014427)
      [extreme_source:63->target58] [Epoch 120/200] [loss_mse: 0.014261]
      [extreme_source:63->target58] [Epoch 140/200] [loss_mse: 0.013543]
  收敛检测[few_shot:extreme_source_station63_to_58_class3]: 首次达到收敛条件 @ epoch 143 (best_epoch=138, best_loss=0.013149, final_loss=0.014401)
      [extreme_source:63->target58] [Epoch 160/200] [loss_mse: 0.013996]
  收敛检测[few_shot:extreme_source_station63_to_58_class3]: 首次达到收敛条件 @ epoch 170 (best_epoch=165, best_loss=0.012983, final_loss=0.013685)
      [extreme_source:63->target58] [Epoch 180/200] [loss_mse: 0.014204]
      [extreme_source:63->target58] [Epoch 200/200] [loss_mse: 0.013601]
  收敛检测[few_shot:extreme_source_station63_to_58_class3]: 已收敛 @ epoch 170 (best_epoch=165, best_loss=0.012983, final_loss=0.013601)
      [Extreme-FedAvg:target_refine] [Epoch 1/200] [loss_mse: 0.031038]
      [Extreme-FedAvg:target_refine] [Epoch 2/200] [loss_mse: 0.031255]
      [Extreme-FedAvg:target_refine] [Epoch 3/200] [loss_mse: 0.031208]
      [Extreme-FedAvg:target_refine] [Epoch 4/200] [loss_mse: 0.031447]
      [Extreme-FedAvg:target_refine] [Epoch 5/200] [loss_mse: 0.032264]
  收敛检测[few_shot:extreme_fedavg_station58_class3]: 首次达到收敛条件 @ epoch 6 (best_epoch=1, best_loss=0.031038, final_loss=0.031847)
      [Extreme-FedAvg:target_refine] [Epoch 6/200] [loss_mse: 0.031847]
      [Extreme-FedAvg:target_refine] [Epoch 7/200] [loss_mse: 0.031259]
      [Extreme-FedAvg:target_refine] [Epoch 8/200] [loss_mse: 0.030727]
      [Extreme-FedAvg:target_refine] [Epoch 9/200] [loss_mse: 0.031238]
      [Extreme-FedAvg:target_refine] [Epoch 10/200] [loss_mse: 0.030936]
  收敛检测[few_shot:extreme_fedavg_station58_class3]: 首次达到收敛条件 @ epoch 13 (best_epoch=8, best_loss=0.030727, final_loss=0.031721)
      [Extreme-FedAvg:target_refine] [Epoch 20/200] [loss_mse: 0.030983]
  收敛检测[few_shot:extreme_fedavg_station58_class3]: 首次达到收敛条件 @ epoch 26 (best_epoch=21, best_loss=0.030468, final_loss=0.031103)
      [Extreme-FedAvg:target_refine] [Epoch 40/200] [loss_mse: 0.030492]
  收敛检测[few_shot:extreme_fedavg_station58_class3]: 首次达到收敛条件 @ epoch 56 (best_epoch=51, best_loss=0.029864, final_loss=0.031641)
      [Extreme-FedAvg:target_refine] [Epoch 60/200] [loss_mse: 0.031485]
      [Extreme-FedAvg:target_refine] [Epoch 80/200] [loss_mse: 0.032138]
      [Extreme-FedAvg:target_refine] [Epoch 100/200] [loss_mse: 0.032306]
  收敛检测[few_shot:extreme_fedavg_station58_class3]: 首次达到收敛条件 @ epoch 108 (best_epoch=103, best_loss=0.029697, final_loss=0.030643)
      [Extreme-FedAvg:target_refine] [Epoch 120/200] [loss_mse: 0.030045]
      [Extreme-FedAvg:target_refine] [Epoch 140/200] [loss_mse: 0.031226]
      [Extreme-FedAvg:target_refine] [Epoch 160/200] [loss_mse: 0.029945]
  收敛检测[few_shot:extreme_fedavg_station58_class3]: 首次达到收敛条件 @ epoch 168 (best_epoch=163, best_loss=0.029412, final_loss=0.030736)
      [Extreme-FedAvg:target_refine] [Epoch 180/200] [loss_mse: 0.030992]
      [Extreme-FedAvg:target_refine] [Epoch 200/200] [loss_mse: 0.030297]
  收敛检测[few_shot:extreme_fedavg_station58_class3]: 已收敛 @ epoch 168 (best_epoch=163, best_loss=0.029412, final_loss=0.030297)
    ✓ 保存(Extreme-FedAvg): artifacts/2h6p_six_station/fed-normal-meta-5k/models/model_fore_station58_extreme3_extreme_fedavg.pth weights={'58': 0.16666666666666666, '59': 0.16666666666666666, '60': 0.16666666666666666, '61': 0.16666666666666666, '62': 0.16666666666666666, '63': 0.16666666666666666}
      [Proposed-A:self_update] [Epoch 1/200] [loss_mse: 0.072824]
      [Proposed-A:self_update] [Epoch 2/200] [loss_mse: 0.068824]
      [Proposed-A:self_update] [Epoch 3/200] [loss_mse: 0.067371]
      [Proposed-A:self_update] [Epoch 4/200] [loss_mse: 0.064731]
      [Proposed-A:self_update] [Epoch 5/200] [loss_mse: 0.059437]
      [Proposed-A:self_update] [Epoch 6/200] [loss_mse: 0.060218]
      [Proposed-A:self_update] [Epoch 7/200] [loss_mse: 0.058097]
      [Proposed-A:self_update] [Epoch 8/200] [loss_mse: 0.053535]
      [Proposed-A:self_update] [Epoch 9/200] [loss_mse: 0.054934]
      [Proposed-A:self_update] [Epoch 10/200] [loss_mse: 0.051338]
      [Proposed-A:self_update] [Epoch 20/200] [loss_mse: 0.038683]
      [Proposed-A:self_update] [Epoch 40/200] [loss_mse: 0.032215]
  收敛检测[few_shot:proposed_self_station58_class3]: 首次达到收敛条件 @ epoch 46 (best_epoch=41, best_loss=0.032074, final_loss=0.032254)
  收敛检测[few_shot:proposed_self_station58_class3]: 首次达到收敛条件 @ epoch 59 (best_epoch=54, best_loss=0.031846, final_loss=0.033231)
      [Proposed-A:self_update] [Epoch 60/200] [loss_mse: 0.032702]
  收敛检测[few_shot:proposed_self_station58_class3]: 首次达到收敛条件 @ epoch 70 (best_epoch=65, best_loss=0.031651, final_loss=0.031782)
      [Proposed-A:self_update] [Epoch 80/200] [loss_mse: 0.031099]
  收敛检测[few_shot:proposed_self_station58_class3]: 首次达到收敛条件 @ epoch 85 (best_epoch=80, best_loss=0.031099, final_loss=0.031673)
      [Proposed-A:self_update] [Epoch 100/200] [loss_mse: 0.031838]
      [Proposed-A:self_update] [Epoch 120/200] [loss_mse: 0.031443]
      [Proposed-A:self_update] [Epoch 140/200] [loss_mse: 0.031883]
  收敛检测[few_shot:proposed_self_station58_class3]: 首次达到收敛条件 @ epoch 155 (best_epoch=150, best_loss=0.030844, final_loss=0.031836)
      [Proposed-A:self_update] [Epoch 160/200] [loss_mse: 0.032146]
      [Proposed-A:self_update] [Epoch 180/200] [loss_mse: 0.030589]
  收敛检测[few_shot:proposed_self_station58_class3]: 首次达到收敛条件 @ epoch 185 (best_epoch=180, best_loss=0.030589, final_loss=0.031443)
      [Proposed-A:self_update] [Epoch 200/200] [loss_mse: 0.031610]
  收敛检测[few_shot:proposed_self_station58_class3]: 已收敛 @ epoch 185 (best_epoch=180, best_loss=0.030589, final_loss=0.031610)
  收敛检测[few_shot:few_shot]: 未收敛 (best_epoch=1, best_loss=0.076349, final_loss=0.076349)
  收敛检测[few_shot:few_shot]: 未收敛 (best_epoch=1, best_loss=0.045225, final_loss=0.045225)
  收敛检测[few_shot:few_shot]: 未收敛 (best_epoch=1, best_loss=0.075895, final_loss=0.075895)
  收敛检测[few_shot:few_shot]: 未收敛 (best_epoch=1, best_loss=0.074597, final_loss=0.074597)
  收敛检测[few_shot:few_shot]: 未收敛 (best_epoch=1, best_loss=0.124080, final_loss=0.124080)
  收敛检测[few_shot:few_shot]: 未收敛 (best_epoch=1, best_loss=0.042522, final_loss=0.042522)
  收敛检测[few_shot:few_shot]: 未收敛 (best_epoch=1, best_loss=0.058366, final_loss=0.058366)
  收敛检测[few_shot:few_shot]: 未收敛 (best_epoch=1, best_loss=0.078645, final_loss=0.078645)
  收敛检测[few_shot:few_shot]: 未收敛 (best_epoch=1, best_loss=0.050629, final_loss=0.050629)
  收敛检测[few_shot:few_shot]: 未收敛 (best_epoch=1, best_loss=0.072565, final_loss=0.072565)
  收敛检测[few_shot:few_shot]: 未收敛 (best_epoch=1, best_loss=0.030771, final_loss=0.030771)
  收敛检测[few_shot:few_shot]: 未收敛 (best_epoch=1, best_loss=0.024937, final_loss=0.024937)
  收敛检测[few_shot:few_shot]: 未收敛 (best_epoch=1, best_loss=0.070663, final_loss=0.070663)
  收敛检测[few_shot:few_shot]: 未收敛 (best_epoch=1, best_loss=0.013821, final_loss=0.013821)
  收敛检测[few_shot:few_shot]: 未收敛 (best_epoch=1, best_loss=0.028910, final_loss=0.028910)
  收敛检测[few_shot:few_shot]: 未收敛 (best_epoch=1, best_loss=0.030978, final_loss=0.030978)
    [screen:proposed_source] source_station=59 -> target_station=58, candidate=19, gated=16, effective=13
      [proposed_source:59->target58] [Epoch 1/200] [loss_mse: 0.067378]
      [proposed_source:59->target58] [Epoch 2/200] [loss_mse: 0.065133]
      [proposed_source:59->target58] [Epoch 3/200] [loss_mse: 0.059647]
      [proposed_source:59->target58] [Epoch 4/200] [loss_mse: 0.053295]
      [proposed_source:59->target58] [Epoch 5/200] [loss_mse: 0.049423]
      [proposed_source:59->target58] [Epoch 6/200] [loss_mse: 0.049621]
      [proposed_source:59->target58] [Epoch 7/200] [loss_mse: 0.048072]
      [proposed_source:59->target58] [Epoch 8/200] [loss_mse: 0.047482]
      [proposed_source:59->target58] [Epoch 9/200] [loss_mse: 0.045152]
      [proposed_source:59->target58] [Epoch 10/200] [loss_mse: 0.038353]
      [proposed_source:59->target58] [Epoch 20/200] [loss_mse: 0.026136]
      [proposed_source:59->target58] [Epoch 40/200] [loss_mse: 0.018572]
  收敛检测[few_shot:proposed_source_station59_to_58_class3]: 首次达到收敛条件 @ epoch 45 (best_epoch=40, best_loss=0.018572, final_loss=0.019212)
  收敛检测[few_shot:proposed_source_station59_to_58_class3]: 首次达到收敛条件 @ epoch 54 (best_epoch=49, best_loss=0.017943, final_loss=0.018577)
      [proposed_source:59->target58] [Epoch 60/200] [loss_mse: 0.017520]
  收敛检测[few_shot:proposed_source_station59_to_58_class3]: 首次达到收敛条件 @ epoch 62 (best_epoch=57, best_loss=0.017495, final_loss=0.018815)
      [proposed_source:59->target58] [Epoch 80/200] [loss_mse: 0.018443]
      [proposed_source:59->target58] [Epoch 100/200] [loss_mse: 0.018753]
  收敛检测[few_shot:proposed_source_station59_to_58_class3]: 首次达到收敛条件 @ epoch 115 (best_epoch=110, best_loss=0.016233, final_loss=0.017019)
      [proposed_source:59->target58] [Epoch 120/200] [loss_mse: 0.018591]
      [proposed_source:59->target58] [Epoch 140/200] [loss_mse: 0.017512]
      [proposed_source:59->target58] [Epoch 160/200] [loss_mse: 0.016878]
      [proposed_source:59->target58] [Epoch 180/200] [loss_mse: 0.017648]
      [proposed_source:59->target58] [Epoch 200/200] [loss_mse: 0.016906]
  收敛检测[few_shot:proposed_source_station59_to_58_class3]: 已收敛 @ epoch 115 (best_epoch=110, best_loss=0.016233, final_loss=0.016906)
  收敛检测[few_shot:few_shot]: 未收敛 (best_epoch=1, best_loss=0.195290, final_loss=0.195290)
  收敛检测[few_shot:few_shot]: 未收敛 (best_epoch=1, best_loss=0.068966, final_loss=0.068966)
  收敛检测[few_shot:few_shot]: 未收敛 (best_epoch=1, best_loss=0.051113, final_loss=0.051113)
  收敛检测[few_shot:few_shot]: 未收敛 (best_epoch=1, best_loss=0.063222, final_loss=0.063222)
  收敛检测[few_shot:few_shot]: 未收敛 (best_epoch=1, best_loss=0.050506, final_loss=0.050506)
  收敛检测[few_shot:few_shot]: 未收敛 (best_epoch=1, best_loss=0.082009, final_loss=0.082009)
  收敛检测[few_shot:few_shot]: 未收敛 (best_epoch=1, best_loss=0.051316, final_loss=0.051316)
  收敛检测[few_shot:few_shot]: 未收敛 (best_epoch=1, best_loss=0.081672, final_loss=0.081672)
  收敛检测[few_shot:few_shot]: 未收敛 (best_epoch=1, best_loss=0.078895, final_loss=0.078895)
  收敛检测[few_shot:few_shot]: 未收敛 (best_epoch=1, best_loss=0.037323, final_loss=0.037323)
  收敛检测[few_shot:few_shot]: 未收敛 (best_epoch=1, best_loss=0.069533, final_loss=0.069533)
  收敛检测[few_shot:few_shot]: 未收敛 (best_epoch=1, best_loss=0.054262, final_loss=0.054262)
  收敛检测[few_shot:few_shot]: 未收敛 (best_epoch=1, best_loss=0.036276, final_loss=0.036276)
  收敛检测[few_shot:few_shot]: 未收敛 (best_epoch=1, best_loss=0.048775, final_loss=0.048775)
  收敛检测[few_shot:few_shot]: 未收敛 (best_epoch=1, best_loss=0.053663, final_loss=0.053663)
  收敛检测[few_shot:few_shot]: 未收敛 (best_epoch=1, best_loss=0.011976, final_loss=0.011976)
  收敛检测[few_shot:few_shot]: 未收敛 (best_epoch=1, best_loss=0.070703, final_loss=0.070703)
  收敛检测[few_shot:few_shot]: 未收敛 (best_epoch=1, best_loss=0.183834, final_loss=0.183834)
  收敛检测[few_shot:few_shot]: 未收敛 (best_epoch=1, best_loss=0.089762, final_loss=0.089762)
  收敛检测[few_shot:few_shot]: 未收敛 (best_epoch=1, best_loss=0.055693, final_loss=0.055693)
  收敛检测[few_shot:few_shot]: 未收敛 (best_epoch=1, best_loss=0.034226, final_loss=0.034226)
  收敛检测[few_shot:few_shot]: 未收敛 (best_epoch=1, best_loss=0.039614, final_loss=0.039614)
  收敛检测[few_shot:few_shot]: 未收敛 (best_epoch=1, best_loss=0.013721, final_loss=0.013721)
    [screen:proposed_source] source_station=60 -> target_station=58, candidate=28, gated=23, effective=18
      [proposed_source:60->target58] [Epoch 1/200] [loss_mse: 0.060561]
      [proposed_source:60->target58] [Epoch 2/200] [loss_mse: 0.056359]
      [proposed_source:60->target58] [Epoch 3/200] [loss_mse: 0.050161]
      [proposed_source:60->target58] [Epoch 4/200] [loss_mse: 0.047821]
      [proposed_source:60->target58] [Epoch 5/200] [loss_mse: 0.045003]
      [proposed_source:60->target58] [Epoch 6/200] [loss_mse: 0.043543]
      [proposed_source:60->target58] [Epoch 7/200] [loss_mse: 0.043457]
      [proposed_source:60->target58] [Epoch 8/200] [loss_mse: 0.040715]
      [proposed_source:60->target58] [Epoch 9/200] [loss_mse: 0.037418]
      [proposed_source:60->target58] [Epoch 10/200] [loss_mse: 0.036475]
      [proposed_source:60->target58] [Epoch 20/200] [loss_mse: 0.023733]
      [proposed_source:60->target58] [Epoch 40/200] [loss_mse: 0.017255]
  收敛检测[few_shot:proposed_source_station60_to_58_class3]: 首次达到收敛条件 @ epoch 44 (best_epoch=39, best_loss=0.016710, final_loss=0.017250)
  收敛检测[few_shot:proposed_source_station60_to_58_class3]: 首次达到收敛条件 @ epoch 58 (best_epoch=53, best_loss=0.016011, final_loss=0.017000)
      [proposed_source:60->target58] [Epoch 60/200] [loss_mse: 0.016783]
  收敛检测[few_shot:proposed_source_station60_to_58_class3]: 首次达到收敛条件 @ epoch 68 (best_epoch=63, best_loss=0.015809, final_loss=0.017207)
      [proposed_source:60->target58] [Epoch 80/200] [loss_mse: 0.016646]
  收敛检测[few_shot:proposed_source_station60_to_58_class3]: 首次达到收敛条件 @ epoch 94 (best_epoch=89, best_loss=0.015660, final_loss=0.016529)
      [proposed_source:60->target58] [Epoch 100/200] [loss_mse: 0.017187]
      [proposed_source:60->target58] [Epoch 120/200] [loss_mse: 0.015902]
  收敛检测[few_shot:proposed_source_station60_to_58_class3]: 首次达到收敛条件 @ epoch 122 (best_epoch=117, best_loss=0.015217, final_loss=0.016505)
      [proposed_source:60->target58] [Epoch 140/200] [loss_mse: 0.016020]
  收敛检测[few_shot:proposed_source_station60_to_58_class3]: 首次达到收敛条件 @ epoch 156 (best_epoch=151, best_loss=0.015008, final_loss=0.017123)
      [proposed_source:60->target58] [Epoch 160/200] [loss_mse: 0.015514]
      [proposed_source:60->target58] [Epoch 180/200] [loss_mse: 0.015773]
      [proposed_source:60->target58] [Epoch 200/200] [loss_mse: 0.016130]
  收敛检测[few_shot:proposed_source_station60_to_58_class3]: 已收敛 @ epoch 156 (best_epoch=151, best_loss=0.015008, final_loss=0.016130)
  收敛检测[few_shot:few_shot]: 未收敛 (best_epoch=1, best_loss=0.081772, final_loss=0.081772)
  收敛检测[few_shot:few_shot]: 未收敛 (best_epoch=1, best_loss=0.104780, final_loss=0.104780)
  收敛检测[few_shot:few_shot]: 未收敛 (best_epoch=1, best_loss=0.090336, final_loss=0.090336)
  收敛检测[few_shot:few_shot]: 未收敛 (best_epoch=1, best_loss=0.060037, final_loss=0.060037)
  收敛检测[few_shot:few_shot]: 未收敛 (best_epoch=1, best_loss=0.090336, final_loss=0.090336)
  收敛检测[few_shot:few_shot]: 未收敛 (best_epoch=1, best_loss=0.089132, final_loss=0.089132)
  收敛检测[few_shot:few_shot]: 未收敛 (best_epoch=1, best_loss=0.076422, final_loss=0.076422)
  收敛检测[few_shot:few_shot]: 未收敛 (best_epoch=1, best_loss=0.047793, final_loss=0.047793)
  收敛检测[few_shot:few_shot]: 未收敛 (best_epoch=1, best_loss=0.085816, final_loss=0.085816)
  收敛检测[few_shot:few_shot]: 未收敛 (best_epoch=1, best_loss=0.107258, final_loss=0.107258)
  收敛检测[few_shot:few_shot]: 未收敛 (best_epoch=1, best_loss=0.049513, final_loss=0.049513)
  收敛检测[few_shot:few_shot]: 未收敛 (best_epoch=1, best_loss=0.023176, final_loss=0.023176)
  收敛检测[few_shot:few_shot]: 未收敛 (best_epoch=1, best_loss=0.078541, final_loss=0.078541)
  收敛检测[few_shot:few_shot]: 未收敛 (best_epoch=1, best_loss=0.057770, final_loss=0.057770)
  收敛检测[few_shot:few_shot]: 未收敛 (best_epoch=1, best_loss=0.013301, final_loss=0.013301)
  收敛检测[few_shot:few_shot]: 未收敛 (best_epoch=1, best_loss=0.041063, final_loss=0.041063)
  收敛检测[few_shot:few_shot]: 未收敛 (best_epoch=1, best_loss=0.048863, final_loss=0.048863)
  收敛检测[few_shot:few_shot]: 未收敛 (best_epoch=1, best_loss=0.071915, final_loss=0.071915)
  收敛检测[few_shot:few_shot]: 未收敛 (best_epoch=1, best_loss=0.087691, final_loss=0.087691)
  收敛检测[few_shot:few_shot]: 未收敛 (best_epoch=1, best_loss=0.052318, final_loss=0.052318)
  收敛检测[few_shot:few_shot]: 未收敛 (best_epoch=1, best_loss=0.039472, final_loss=0.039472)
  收敛检测[few_shot:few_shot]: 未收敛 (best_epoch=1, best_loss=0.056052, final_loss=0.056052)
  收敛检测[few_shot:few_shot]: 未收敛 (best_epoch=1, best_loss=0.056165, final_loss=0.056165)
  收敛检测[few_shot:few_shot]: 未收敛 (best_epoch=1, best_loss=0.030672, final_loss=0.030672)
  收敛检测[few_shot:few_shot]: 未收敛 (best_epoch=1, best_loss=0.038939, final_loss=0.038939)
  收敛检测[few_shot:few_shot]: 未收敛 (best_epoch=1, best_loss=0.087051, final_loss=0.087051)
  收敛检测[few_shot:few_shot]: 未收敛 (best_epoch=1, best_loss=0.051773, final_loss=0.051773)
  收敛检测[few_shot:few_shot]: 未收敛 (best_epoch=1, best_loss=0.069836, final_loss=0.069836)
  收敛检测[few_shot:few_shot]: 未收敛 (best_epoch=1, best_loss=0.043633, final_loss=0.043633)
  收敛检测[few_shot:few_shot]: 未收敛 (best_epoch=1, best_loss=0.066448, final_loss=0.066448)
    [screen:proposed_source] source_station=61 -> target_station=58, candidate=37, gated=30, effective=27
      [proposed_source:61->target58] [Epoch 1/200] [loss_mse: 0.065937]
      [proposed_source:61->target58] [Epoch 2/200] [loss_mse: 0.058009]
      [proposed_source:61->target58] [Epoch 3/200] [loss_mse: 0.055875]
      [proposed_source:61->target58] [Epoch 4/200] [loss_mse: 0.053463]
      [proposed_source:61->target58] [Epoch 5/200] [loss_mse: 0.050722]
      [proposed_source:61->target58] [Epoch 6/200] [loss_mse: 0.048814]
      [proposed_source:61->target58] [Epoch 7/200] [loss_mse: 0.045621]
      [proposed_source:61->target58] [Epoch 8/200] [loss_mse: 0.046062]
      [proposed_source:61->target58] [Epoch 9/200] [loss_mse: 0.041553]
      [proposed_source:61->target58] [Epoch 10/200] [loss_mse: 0.037227]
      [proposed_source:61->target58] [Epoch 20/200] [loss_mse: 0.023612]
      [proposed_source:61->target58] [Epoch 40/200] [loss_mse: 0.015624]
  收敛检测[few_shot:proposed_source_station61_to_58_class3]: 首次达到收敛条件 @ epoch 52 (best_epoch=47, best_loss=0.014435, final_loss=0.014893)
  收敛检测[few_shot:proposed_source_station61_to_58_class3]: 首次达到收敛条件 @ epoch 59 (best_epoch=54, best_loss=0.014064, final_loss=0.014917)
      [proposed_source:61->target58] [Epoch 60/200] [loss_mse: 0.014564]
      [proposed_source:61->target58] [Epoch 80/200] [loss_mse: 0.014570]
      [proposed_source:61->target58] [Epoch 100/200] [loss_mse: 0.013991]
  收敛检测[few_shot:proposed_source_station61_to_58_class3]: 首次达到收敛条件 @ epoch 108 (best_epoch=103, best_loss=0.013942, final_loss=0.013845)
      [proposed_source:61->target58] [Epoch 120/200] [loss_mse: 0.014112]
  收敛检测[few_shot:proposed_source_station61_to_58_class3]: 首次达到收敛条件 @ epoch 124 (best_epoch=119, best_loss=0.013710, final_loss=0.013983)
      [proposed_source:61->target58] [Epoch 140/200] [loss_mse: 0.014307]
      [proposed_source:61->target58] [Epoch 160/200] [loss_mse: 0.014406]
  收敛检测[few_shot:proposed_source_station61_to_58_class3]: 首次达到收敛条件 @ epoch 163 (best_epoch=158, best_loss=0.013419, final_loss=0.014385)
      [proposed_source:61->target58] [Epoch 180/200] [loss_mse: 0.013823]
      [proposed_source:61->target58] [Epoch 200/200] [loss_mse: 0.013722]
  收敛检测[few_shot:proposed_source_station61_to_58_class3]: 已收敛 @ epoch 163 (best_epoch=158, best_loss=0.013419, final_loss=0.013722)
  收敛检测[few_shot:few_shot]: 未收敛 (best_epoch=1, best_loss=0.203579, final_loss=0.203579)
  收敛检测[few_shot:few_shot]: 未收敛 (best_epoch=1, best_loss=0.210289, final_loss=0.210289)
  收敛检测[few_shot:few_shot]: 未收敛 (best_epoch=1, best_loss=0.053141, final_loss=0.053141)
  收敛检测[few_shot:few_shot]: 未收敛 (best_epoch=1, best_loss=0.066306, final_loss=0.066306)
  收敛检测[few_shot:few_shot]: 未收敛 (best_epoch=1, best_loss=0.139161, final_loss=0.139161)
  收敛检测[few_shot:few_shot]: 未收敛 (best_epoch=1, best_loss=0.032854, final_loss=0.032854)
  收敛检测[few_shot:few_shot]: 未收敛 (best_epoch=1, best_loss=0.048220, final_loss=0.048220)
  收敛检测[few_shot:few_shot]: 未收敛 (best_epoch=1, best_loss=0.075566, final_loss=0.075566)
  收敛检测[few_shot:few_shot]: 未收敛 (best_epoch=1, best_loss=0.133508, final_loss=0.133508)
  收敛检测[few_shot:few_shot]: 未收敛 (best_epoch=1, best_loss=0.043492, final_loss=0.043492)
  收敛检测[few_shot:few_shot]: 未收敛 (best_epoch=1, best_loss=0.020796, final_loss=0.020796)
  收敛检测[few_shot:few_shot]: 未收敛 (best_epoch=1, best_loss=0.024906, final_loss=0.024906)
  收敛检测[few_shot:few_shot]: 未收敛 (best_epoch=1, best_loss=0.085528, final_loss=0.085528)
  收敛检测[few_shot:few_shot]: 未收敛 (best_epoch=1, best_loss=0.021005, final_loss=0.021005)
  收敛检测[few_shot:few_shot]: 未收敛 (best_epoch=1, best_loss=0.037460, final_loss=0.037460)
  收敛检测[few_shot:few_shot]: 未收敛 (best_epoch=1, best_loss=0.032319, final_loss=0.032319)
    [screen:proposed_source] source_station=62 -> target_station=58, candidate=19, gated=16, effective=10
      [proposed_source:62->target58] [Epoch 1/200] [loss_mse: 0.048206]
      [proposed_source:62->target58] [Epoch 2/200] [loss_mse: 0.046099]
      [proposed_source:62->target58] [Epoch 3/200] [loss_mse: 0.043784]
      [proposed_source:62->target58] [Epoch 4/200] [loss_mse: 0.037261]
      [proposed_source:62->target58] [Epoch 5/200] [loss_mse: 0.040959]
      [proposed_source:62->target58] [Epoch 6/200] [loss_mse: 0.036651]
      [proposed_source:62->target58] [Epoch 7/200] [loss_mse: 0.033524]
      [proposed_source:62->target58] [Epoch 8/200] [loss_mse: 0.035316]
      [proposed_source:62->target58] [Epoch 9/200] [loss_mse: 0.037040]
      [proposed_source:62->target58] [Epoch 10/200] [loss_mse: 0.035752]
      [proposed_source:62->target58] [Epoch 20/200] [loss_mse: 0.025434]
  收敛检测[few_shot:proposed_source_station62_to_58_class3]: 首次达到收敛条件 @ epoch 31 (best_epoch=26, best_loss=0.020967, final_loss=0.022271)
  收敛检测[few_shot:proposed_source_station62_to_58_class3]: 首次达到收敛条件 @ epoch 37 (best_epoch=32, best_loss=0.020314, final_loss=0.023009)
      [proposed_source:62->target58] [Epoch 40/200] [loss_mse: 0.022781]
      [proposed_source:62->target58] [Epoch 60/200] [loss_mse: 0.022115]
  收敛检测[few_shot:proposed_source_station62_to_58_class3]: 首次达到收敛条件 @ epoch 77 (best_epoch=72, best_loss=0.019776, final_loss=0.020571)
      [proposed_source:62->target58] [Epoch 80/200] [loss_mse: 0.021456]
      [proposed_source:62->target58] [Epoch 100/200] [loss_mse: 0.022336]
  收敛检测[few_shot:proposed_source_station62_to_58_class3]: 首次达到收敛条件 @ epoch 112 (best_epoch=107, best_loss=0.019646, final_loss=0.020684)
      [proposed_source:62->target58] [Epoch 120/200] [loss_mse: 0.022837]
      [proposed_source:62->target58] [Epoch 140/200] [loss_mse: 0.024058]
  收敛检测[few_shot:proposed_source_station62_to_58_class3]: 首次达到收敛条件 @ epoch 147 (best_epoch=142, best_loss=0.018916, final_loss=0.020898)
      [proposed_source:62->target58] [Epoch 160/200] [loss_mse: 0.020458]
  收敛检测[few_shot:proposed_source_station62_to_58_class3]: 首次达到收敛条件 @ epoch 170 (best_epoch=165, best_loss=0.018275, final_loss=0.019979)
      [proposed_source:62->target58] [Epoch 180/200] [loss_mse: 0.021965]
  收敛检测[few_shot:proposed_source_station62_to_58_class3]: 首次达到收敛条件 @ epoch 195 (best_epoch=190, best_loss=0.017919, final_loss=0.020083)
      [proposed_source:62->target58] [Epoch 200/200] [loss_mse: 0.021404]
  收敛检测[few_shot:proposed_source_station62_to_58_class3]: 已收敛 @ epoch 195 (best_epoch=190, best_loss=0.017919, final_loss=0.021404)
  收敛检测[few_shot:few_shot]: 未收敛 (best_epoch=1, best_loss=0.054863, final_loss=0.054863)
  收敛检测[few_shot:few_shot]: 未收敛 (best_epoch=1, best_loss=0.024964, final_loss=0.024964)
  收敛检测[few_shot:few_shot]: 未收敛 (best_epoch=1, best_loss=0.059550, final_loss=0.059550)
  收敛检测[few_shot:few_shot]: 未收敛 (best_epoch=1, best_loss=0.055012, final_loss=0.055012)
  收敛检测[few_shot:few_shot]: 未收敛 (best_epoch=1, best_loss=0.071962, final_loss=0.071962)
  收敛检测[few_shot:few_shot]: 未收敛 (best_epoch=1, best_loss=0.069321, final_loss=0.069321)
  收敛检测[few_shot:few_shot]: 未收敛 (best_epoch=1, best_loss=0.071122, final_loss=0.071122)
  收敛检测[few_shot:few_shot]: 未收敛 (best_epoch=1, best_loss=0.078815, final_loss=0.078815)
  收敛检测[few_shot:few_shot]: 未收敛 (best_epoch=1, best_loss=0.081754, final_loss=0.081754)
  收敛检测[few_shot:few_shot]: 未收敛 (best_epoch=1, best_loss=0.042795, final_loss=0.042795)
  收敛检测[few_shot:few_shot]: 未收敛 (best_epoch=1, best_loss=0.080328, final_loss=0.080328)
  收敛检测[few_shot:few_shot]: 未收敛 (best_epoch=1, best_loss=0.048434, final_loss=0.048434)
  收敛检测[few_shot:few_shot]: 未收敛 (best_epoch=1, best_loss=0.051024, final_loss=0.051024)
  收敛检测[few_shot:few_shot]: 未收敛 (best_epoch=1, best_loss=0.038152, final_loss=0.038152)
  收敛检测[few_shot:few_shot]: 未收敛 (best_epoch=1, best_loss=0.041985, final_loss=0.041985)
  收敛检测[few_shot:few_shot]: 未收敛 (best_epoch=1, best_loss=0.028598, final_loss=0.028598)
  收敛检测[few_shot:few_shot]: 未收敛 (best_epoch=1, best_loss=0.041043, final_loss=0.041043)
  收敛检测[few_shot:few_shot]: 未收敛 (best_epoch=1, best_loss=0.082395, final_loss=0.082395)
  收敛检测[few_shot:few_shot]: 未收敛 (best_epoch=1, best_loss=0.091600, final_loss=0.091600)
  收敛检测[few_shot:few_shot]: 未收敛 (best_epoch=1, best_loss=0.086550, final_loss=0.086550)
  收敛检测[few_shot:few_shot]: 未收敛 (best_epoch=1, best_loss=0.061607, final_loss=0.061607)
  收敛检测[few_shot:few_shot]: 未收敛 (best_epoch=1, best_loss=0.032287, final_loss=0.032287)
  收敛检测[few_shot:few_shot]: 未收敛 (best_epoch=1, best_loss=0.012513, final_loss=0.012513)
    [screen:proposed_source] source_station=63 -> target_station=58, candidate=28, gated=23, effective=20
      [proposed_source:63->target58] [Epoch 1/200] [loss_mse: 0.058763]
      [proposed_source:63->target58] [Epoch 2/200] [loss_mse: 0.055816]
      [proposed_source:63->target58] [Epoch 3/200] [loss_mse: 0.053421]
      [proposed_source:63->target58] [Epoch 4/200] [loss_mse: 0.045925]
      [proposed_source:63->target58] [Epoch 5/200] [loss_mse: 0.043930]
      [proposed_source:63->target58] [Epoch 6/200] [loss_mse: 0.043737]
      [proposed_source:63->target58] [Epoch 7/200] [loss_mse: 0.042428]
      [proposed_source:63->target58] [Epoch 8/200] [loss_mse: 0.040051]
      [proposed_source:63->target58] [Epoch 9/200] [loss_mse: 0.036782]
      [proposed_source:63->target58] [Epoch 10/200] [loss_mse: 0.033760]
      [proposed_source:63->target58] [Epoch 20/200] [loss_mse: 0.020447]
  收敛检测[few_shot:proposed_source_station63_to_58_class3]: 首次达到收敛条件 @ epoch 32 (best_epoch=27, best_loss=0.016090, final_loss=0.016418)
      [proposed_source:63->target58] [Epoch 40/200] [loss_mse: 0.016121]
  收敛检测[few_shot:proposed_source_station63_to_58_class3]: 首次达到收敛条件 @ epoch 43 (best_epoch=38, best_loss=0.014694, final_loss=0.016176)
      [proposed_source:63->target58] [Epoch 60/200] [loss_mse: 0.015121]
  收敛检测[few_shot:proposed_source_station63_to_58_class3]: 首次达到收敛条件 @ epoch 63 (best_epoch=58, best_loss=0.014489, final_loss=0.015514)
  收敛检测[few_shot:proposed_source_station63_to_58_class3]: 首次达到收敛条件 @ epoch 72 (best_epoch=67, best_loss=0.014078, final_loss=0.014544)
      [proposed_source:63->target58] [Epoch 80/200] [loss_mse: 0.014887]
  收敛检测[few_shot:proposed_source_station63_to_58_class3]: 首次达到收敛条件 @ epoch 81 (best_epoch=76, best_loss=0.013781, final_loss=0.015148)
      [proposed_source:63->target58] [Epoch 100/200] [loss_mse: 0.014922]
      [proposed_source:63->target58] [Epoch 120/200] [loss_mse: 0.013605]
  收敛检测[few_shot:proposed_source_station63_to_58_class3]: 首次达到收敛条件 @ epoch 125 (best_epoch=120, best_loss=0.013605, final_loss=0.014861)
      [proposed_source:63->target58] [Epoch 140/200] [loss_mse: 0.014277]
      [proposed_source:63->target58] [Epoch 160/200] [loss_mse: 0.014177]
  收敛检测[few_shot:proposed_source_station63_to_58_class3]: 首次达到收敛条件 @ epoch 170 (best_epoch=165, best_loss=0.013147, final_loss=0.013909)
      [proposed_source:63->target58] [Epoch 180/200] [loss_mse: 0.013618]
      [proposed_source:63->target58] [Epoch 200/200] [loss_mse: 0.013711]
  收敛检测[few_shot:proposed_source_station63_to_58_class3]: 未收敛 (best_epoch=199, best_loss=0.013043, final_loss=0.013711)
      [Proposed-A:target_refine] [Epoch 1/200] [loss_mse: 0.030952]
      [Proposed-A:target_refine] [Epoch 2/200] [loss_mse: 0.031565]
      [Proposed-A:target_refine] [Epoch 3/200] [loss_mse: 0.031073]
      [Proposed-A:target_refine] [Epoch 4/200] [loss_mse: 0.031077]
      [Proposed-A:target_refine] [Epoch 5/200] [loss_mse: 0.032240]
  收敛检测[few_shot:proposed_a_station58_class3]: 首次达到收敛条件 @ epoch 6 (best_epoch=1, best_loss=0.030952, final_loss=0.031740)
      [Proposed-A:target_refine] [Epoch 6/200] [loss_mse: 0.031740]
      [Proposed-A:target_refine] [Epoch 7/200] [loss_mse: 0.031852]
      [Proposed-A:target_refine] [Epoch 8/200] [loss_mse: 0.031416]
      [Proposed-A:target_refine] [Epoch 9/200] [loss_mse: 0.031814]
      [Proposed-A:target_refine] [Epoch 10/200] [loss_mse: 0.031905]
      [Proposed-A:target_refine] [Epoch 20/200] [loss_mse: 0.032565]
  收敛检测[few_shot:proposed_a_station58_class3]: 首次达到收敛条件 @ epoch 30 (best_epoch=25, best_loss=0.030746, final_loss=0.031715)
      [Proposed-A:target_refine] [Epoch 40/200] [loss_mse: 0.031428]
      [Proposed-A:target_refine] [Epoch 60/200] [loss_mse: 0.031533]
      [Proposed-A:target_refine] [Epoch 80/200] [loss_mse: 0.031552]
  收敛检测[few_shot:proposed_a_station58_class3]: 首次达到收敛条件 @ epoch 87 (best_epoch=82, best_loss=0.030291, final_loss=0.031330)
      [Proposed-A:target_refine] [Epoch 100/200] [loss_mse: 0.030465]
  收敛检测[few_shot:proposed_a_station58_class3]: 首次达到收敛条件 @ epoch 104 (best_epoch=99, best_loss=0.030082, final_loss=0.031200)
      [Proposed-A:target_refine] [Epoch 120/200] [loss_mse: 0.030585]
  收敛检测[few_shot:proposed_a_station58_class3]: 首次达到收敛条件 @ epoch 139 (best_epoch=134, best_loss=0.029976, final_loss=0.031757)
      [Proposed-A:target_refine] [Epoch 140/200] [loss_mse: 0.030297]
      [Proposed-A:target_refine] [Epoch 160/200] [loss_mse: 0.031051]
      [Proposed-A:target_refine] [Epoch 180/200] [loss_mse: 0.031724]
      [Proposed-A:target_refine] [Epoch 200/200] [loss_mse: 0.030293]
  收敛检测[few_shot:proposed_a_station58_class3]: 已收敛 @ epoch 139 (best_epoch=134, best_loss=0.029976, final_loss=0.030293)
    ✓ 保存(Proposed-A): artifacts/2h6p_six_station/fed-normal-meta-5k/models/model_fore_station58_extreme3_proposed_a.pth weights={'58': 0.5, '59': 0.09164256501441649, '60': 0.10304995037879376, '61': 0.11507271359735617, '62': 0.08355699238961098, '63': 0.10667777861982254}

======================================================================
场站 59 的Few-shot适应
======================================================================

  极端天气类别 1:
    样本数: 7
    训练轮数: 200, few-shot loss=MSE
    adapt/val: 5 / 2
      [LMT] [Epoch 1/200] [loss_mse: 0.230603]
      [LMT] [Epoch 2/200] [loss_mse: 0.237092]
      [LMT] [Epoch 3/200] [loss_mse: 0.223423]
      [LMT] [Epoch 4/200] [loss_mse: 0.224083]
      [LMT] [Epoch 5/200] [loss_mse: 0.212011]
      [LMT] [Epoch 6/200] [loss_mse: 0.218757]
      [LMT] [Epoch 7/200] [loss_mse: 0.215288]
      [LMT] [Epoch 8/200] [loss_mse: 0.201985]
      [LMT] [Epoch 9/200] [loss_mse: 0.185158]
      [LMT] [Epoch 10/200] [loss_mse: 0.187768]
      [LMT] [Epoch 20/200] [loss_mse: 0.156768]
  收敛检测[few_shot:lmt_station59_class0]: 首次达到收敛条件 @ epoch 21 (best_epoch=16, best_loss=0.132474, final_loss=0.149849)
  收敛检测[few_shot:lmt_station59_class0]: 首次达到收敛条件 @ epoch 37 (best_epoch=32, best_loss=0.108008, final_loss=0.114814)
      [LMT] [Epoch 40/200] [loss_mse: 0.129747]
  收敛检测[few_shot:lmt_station59_class0]: 首次达到收敛条件 @ epoch 54 (best_epoch=49, best_loss=0.091109, final_loss=0.135381)
      [LMT] [Epoch 60/200] [loss_mse: 0.116896]
      [LMT] [Epoch 80/200] [loss_mse: 0.130872]
      [LMT] [Epoch 100/200] [loss_mse: 0.091521]
  收敛检测[few_shot:lmt_station59_class0]: 首次达到收敛条件 @ epoch 109 (best_epoch=104, best_loss=0.090660, final_loss=0.099944)
      [LMT] [Epoch 120/200] [loss_mse: 0.121465]
  收敛检测[few_shot:lmt_station59_class0]: 首次达到收敛条件 @ epoch 133 (best_epoch=128, best_loss=0.078177, final_loss=0.094361)
      [LMT] [Epoch 140/200] [loss_mse: 0.134092]
      [LMT] [Epoch 160/200] [loss_mse: 0.085861]
      [LMT] [Epoch 180/200] [loss_mse: 0.096669]
  收敛检测[few_shot:lmt_station59_class0]: 首次达到收敛条件 @ epoch 197 (best_epoch=192, best_loss=0.065034, final_loss=0.082766)
      [LMT] [Epoch 200/200] [loss_mse: 0.100905]
  收敛检测[few_shot:lmt_station59_class0]: 已收敛 @ epoch 197 (best_epoch=192, best_loss=0.065034, final_loss=0.100905)
    ✓ 保存(LMT): artifacts/2h6p_six_station/fed-normal-meta-5k/models/model_fore_station59_extreme0.pth
  收敛检测[few_shot:few_shot]: 未收敛 (best_epoch=1, best_loss=0.150768, final_loss=0.150768)
  收敛检测[few_shot:few_shot]: 未收敛 (best_epoch=1, best_loss=0.281255, final_loss=0.281255)
  收敛检测[few_shot:few_shot]: 未收敛 (best_epoch=1, best_loss=0.235824, final_loss=0.235824)
  收敛检测[few_shot:few_shot]: 未收敛 (best_epoch=1, best_loss=0.207020, final_loss=0.207020)
  收敛检测[few_shot:few_shot]: 未收敛 (best_epoch=1, best_loss=0.157421, final_loss=0.157421)
  收敛检测[few_shot:few_shot]: 未收敛 (best_epoch=1, best_loss=0.103756, final_loss=0.103756)
  收敛检测[few_shot:few_shot]: 未收敛 (best_epoch=1, best_loss=0.071463, final_loss=0.071463)
    [screen:extreme_source] source_station=58 -> target_station=59, candidate=8, gated=7, effective=2
      [extreme_source:58->target59] [Epoch 1/200] [loss_mse: 0.152954]
      [extreme_source:58->target59] [Epoch 2/200] [loss_mse: 0.137607]
      [extreme_source:58->target59] [Epoch 3/200] [loss_mse: 0.164784]
      [extreme_source:58->target59] [Epoch 4/200] [loss_mse: 0.151126]
      [extreme_source:58->target59] [Epoch 5/200] [loss_mse: 0.127147]
      [extreme_source:58->target59] [Epoch 6/200] [loss_mse: 0.114282]
      [extreme_source:58->target59] [Epoch 7/200] [loss_mse: 0.144281]
      [extreme_source:58->target59] [Epoch 8/200] [loss_mse: 0.103602]
      [extreme_source:58->target59] [Epoch 9/200] [loss_mse: 0.104726]
      [extreme_source:58->target59] [Epoch 10/200] [loss_mse: 0.117317]
      [extreme_source:58->target59] [Epoch 20/200] [loss_mse: 0.077697]
  收敛检测[few_shot:extreme_source_station58_to_59_class0]: 首次达到收敛条件 @ epoch 23 (best_epoch=18, best_loss=0.056987, final_loss=0.083756)
  收敛检测[few_shot:extreme_source_station58_to_59_class0]: 首次达到收敛条件 @ epoch 36 (best_epoch=31, best_loss=0.054030, final_loss=0.068074)
      [extreme_source:58->target59] [Epoch 40/200] [loss_mse: 0.049301]
  收敛检测[few_shot:extreme_source_station58_to_59_class0]: 首次达到收敛条件 @ epoch 50 (best_epoch=45, best_loss=0.041211, final_loss=0.060704)
      [extreme_source:58->target59] [Epoch 60/200] [loss_mse: 0.047612]
  收敛检测[few_shot:extreme_source_station58_to_59_class0]: 首次达到收敛条件 @ epoch 64 (best_epoch=59, best_loss=0.033245, final_loss=0.036158)
      [extreme_source:58->target59] [Epoch 80/200] [loss_mse: 0.029645]
  收敛检测[few_shot:extreme_source_station58_to_59_class0]: 首次达到收敛条件 @ epoch 83 (best_epoch=78, best_loss=0.021140, final_loss=0.061647)
  收敛检测[few_shot:extreme_source_station58_to_59_class0]: 首次达到收敛条件 @ epoch 100 (best_epoch=95, best_loss=0.019831, final_loss=0.047759)
      [extreme_source:58->target59] [Epoch 100/200] [loss_mse: 0.047759]
      [extreme_source:58->target59] [Epoch 120/200] [loss_mse: 0.050350]
  收敛检测[few_shot:extreme_source_station58_to_59_class0]: 首次达到收敛条件 @ epoch 133 (best_epoch=128, best_loss=0.018859, final_loss=0.028391)
      [extreme_source:58->target59] [Epoch 140/200] [loss_mse: 0.037755]
      [extreme_source:58->target59] [Epoch 160/200] [loss_mse: 0.050124]
      [extreme_source:58->target59] [Epoch 180/200] [loss_mse: 0.042622]
      [extreme_source:58->target59] [Epoch 200/200] [loss_mse: 0.044866]
  收敛检测[few_shot:extreme_source_station58_to_59_class0]: 已收敛 @ epoch 133 (best_epoch=128, best_loss=0.018859, final_loss=0.044866)
  收敛检测[few_shot:few_shot]: 未收敛 (best_epoch=1, best_loss=0.084842, final_loss=0.084842)
  收敛检测[few_shot:few_shot]: 未收敛 (best_epoch=1, best_loss=0.282999, final_loss=0.282999)
  收敛检测[few_shot:few_shot]: 未收敛 (best_epoch=1, best_loss=0.225218, final_loss=0.225218)
  收敛检测[few_shot:few_shot]: 未收敛 (best_epoch=1, best_loss=0.131466, final_loss=0.131466)
    [screen:extreme_source] source_station=60 -> target_station=59, candidate=5, gated=4, effective=4
      [extreme_source:60->target59] [Epoch 1/200] [loss_mse: 0.179482]
      [extreme_source:60->target59] [Epoch 2/200] [loss_mse: 0.159114]
      [extreme_source:60->target59] [Epoch 3/200] [loss_mse: 0.182180]
      [extreme_source:60->target59] [Epoch 4/200] [loss_mse: 0.181036]
      [extreme_source:60->target59] [Epoch 5/200] [loss_mse: 0.166476]
      [extreme_source:60->target59] [Epoch 6/200] [loss_mse: 0.148694]
      [extreme_source:60->target59] [Epoch 7/200] [loss_mse: 0.148676]
      [extreme_source:60->target59] [Epoch 8/200] [loss_mse: 0.133518]
      [extreme_source:60->target59] [Epoch 9/200] [loss_mse: 0.141638]
      [extreme_source:60->target59] [Epoch 10/200] [loss_mse: 0.143066]
      [extreme_source:60->target59] [Epoch 20/200] [loss_mse: 0.115885]
  收敛检测[few_shot:extreme_source_station60_to_59_class0]: 首次达到收敛条件 @ epoch 30 (best_epoch=25, best_loss=0.081757, final_loss=0.103906)
  收敛检测[few_shot:extreme_source_station60_to_59_class0]: 首次达到收敛条件 @ epoch 40 (best_epoch=35, best_loss=0.069659, final_loss=0.094456)
      [extreme_source:60->target59] [Epoch 40/200] [loss_mse: 0.094456]
      [extreme_source:60->target59] [Epoch 60/200] [loss_mse: 0.108025]
  收敛检测[few_shot:extreme_source_station60_to_59_class0]: 首次达到收敛条件 @ epoch 69 (best_epoch=64, best_loss=0.065780, final_loss=0.087613)
      [extreme_source:60->target59] [Epoch 80/200] [loss_mse: 0.086584]
  收敛检测[few_shot:extreme_source_station60_to_59_class0]: 首次达到收敛条件 @ epoch 87 (best_epoch=82, best_loss=0.062221, final_loss=0.065110)
      [extreme_source:60->target59] [Epoch 100/200] [loss_mse: 0.107915]
  收敛检测[few_shot:extreme_source_station60_to_59_class0]: 首次达到收敛条件 @ epoch 102 (best_epoch=97, best_loss=0.054302, final_loss=0.078687)
      [extreme_source:60->target59] [Epoch 120/200] [loss_mse: 0.083832]
      [extreme_source:60->target59] [Epoch 140/200] [loss_mse: 0.075606]
  收敛检测[few_shot:extreme_source_station60_to_59_class0]: 首次达到收敛条件 @ epoch 148 (best_epoch=143, best_loss=0.052731, final_loss=0.072518)
      [extreme_source:60->target59] [Epoch 160/200] [loss_mse: 0.065020]
  收敛检测[few_shot:extreme_source_station60_to_59_class0]: 首次达到收敛条件 @ epoch 162 (best_epoch=157, best_loss=0.051775, final_loss=0.062848)
      [extreme_source:60->target59] [Epoch 180/200] [loss_mse: 0.069825]
      [extreme_source:60->target59] [Epoch 200/200] [loss_mse: 0.087592]
  收敛检测[few_shot:extreme_source_station60_to_59_class0]: 未收敛 (best_epoch=196, best_loss=0.050675, final_loss=0.087592)
  收敛检测[few_shot:few_shot]: 未收敛 (best_epoch=1, best_loss=0.196246, final_loss=0.196246)
  收敛检测[few_shot:few_shot]: 未收敛 (best_epoch=1, best_loss=0.230309, final_loss=0.230309)
  收敛检测[few_shot:few_shot]: 未收敛 (best_epoch=1, best_loss=0.220774, final_loss=0.220774)
  收敛检测[few_shot:few_shot]: 未收敛 (best_epoch=1, best_loss=0.200552, final_loss=0.200552)
  收敛检测[few_shot:few_shot]: 未收敛 (best_epoch=1, best_loss=0.186025, final_loss=0.186025)
  收敛检测[few_shot:few_shot]: 未收敛 (best_epoch=1, best_loss=0.108284, final_loss=0.108284)
  收敛检测[few_shot:few_shot]: 未收敛 (best_epoch=1, best_loss=0.086838, final_loss=0.086838)
  收敛检测[few_shot:few_shot]: 未收敛 (best_epoch=1, best_loss=0.086243, final_loss=0.086243)
    [screen:extreme_source] source_station=61 -> target_station=59, candidate=9, gated=8, effective=3
      [extreme_source:61->target59] [Epoch 1/200] [loss_mse: 0.186838]
      [extreme_source:61->target59] [Epoch 2/200] [loss_mse: 0.192204]
      [extreme_source:61->target59] [Epoch 3/200] [loss_mse: 0.171499]
      [extreme_source:61->target59] [Epoch 4/200] [loss_mse: 0.179189]
      [extreme_source:61->target59] [Epoch 5/200] [loss_mse: 0.182971]
      [extreme_source:61->target59] [Epoch 6/200] [loss_mse: 0.160350]
      [extreme_source:61->target59] [Epoch 7/200] [loss_mse: 0.177750]
      [extreme_source:61->target59] [Epoch 8/200] [loss_mse: 0.177731]
      [extreme_source:61->target59] [Epoch 9/200] [loss_mse: 0.128770]
      [extreme_source:61->target59] [Epoch 10/200] [loss_mse: 0.168868]
  收敛检测[few_shot:extreme_source_station61_to_59_class0]: 首次达到收敛条件 @ epoch 16 (best_epoch=11, best_loss=0.106154, final_loss=0.133774)
      [extreme_source:61->target59] [Epoch 20/200] [loss_mse: 0.115123]
  收敛检测[few_shot:extreme_source_station61_to_59_class0]: 首次达到收敛条件 @ epoch 23 (best_epoch=18, best_loss=0.090193, final_loss=0.176042)
  收敛检测[few_shot:extreme_source_station61_to_59_class0]: 首次达到收敛条件 @ epoch 31 (best_epoch=26, best_loss=0.075046, final_loss=0.091805)
      [extreme_source:61->target59] [Epoch 40/200] [loss_mse: 0.114559]
  收敛检测[few_shot:extreme_source_station61_to_59_class0]: 首次达到收敛条件 @ epoch 46 (best_epoch=41, best_loss=0.074604, final_loss=0.126190)
      [extreme_source:61->target59] [Epoch 60/200] [loss_mse: 0.109799]
  收敛检测[few_shot:extreme_source_station61_to_59_class0]: 首次达到收敛条件 @ epoch 73 (best_epoch=68, best_loss=0.072875, final_loss=0.087851)
      [extreme_source:61->target59] [Epoch 80/200] [loss_mse: 0.226847]
      [extreme_source:61->target59] [Epoch 100/200] [loss_mse: 0.150051]
  收敛检测[few_shot:extreme_source_station61_to_59_class0]: 首次达到收敛条件 @ epoch 111 (best_epoch=106, best_loss=0.059054, final_loss=0.081838)
      [extreme_source:61->target59] [Epoch 120/200] [loss_mse: 0.078674]
      [extreme_source:61->target59] [Epoch 140/200] [loss_mse: 0.081209]
      [extreme_source:61->target59] [Epoch 160/200] [loss_mse: 0.092933]
      [extreme_source:61->target59] [Epoch 180/200] [loss_mse: 0.103903]
      [extreme_source:61->target59] [Epoch 200/200] [loss_mse: 0.066918]
  收敛检测[few_shot:extreme_source_station61_to_59_class0]: 已收敛 @ epoch 111 (best_epoch=106, best_loss=0.059054, final_loss=0.066918)
  收敛检测[few_shot:few_shot]: 未收敛 (best_epoch=1, best_loss=0.268799, final_loss=0.268799)
  收敛检测[few_shot:few_shot]: 未收敛 (best_epoch=1, best_loss=0.274487, final_loss=0.274487)
  收敛检测[few_shot:few_shot]: 未收敛 (best_epoch=1, best_loss=0.200223, final_loss=0.200223)
  收敛检测[few_shot:few_shot]: 未收敛 (best_epoch=1, best_loss=0.125324, final_loss=0.125324)
  收敛检测[few_shot:few_shot]: 未收敛 (best_epoch=1, best_loss=0.024323, final_loss=0.024323)
  收敛检测[few_shot:few_shot]: 未收敛 (best_epoch=1, best_loss=0.236073, final_loss=0.236073)
    [screen:extreme_source] source_station=62 -> target_station=59, candidate=7, gated=6, effective=5
      [extreme_source:62->target59] [Epoch 1/200] [loss_mse: 0.225490]
      [extreme_source:62->target59] [Epoch 2/200] [loss_mse: 0.206589]
      [extreme_source:62->target59] [Epoch 3/200] [loss_mse: 0.213406]
      [extreme_source:62->target59] [Epoch 4/200] [loss_mse: 0.189659]
      [extreme_source:62->target59] [Epoch 5/200] [loss_mse: 0.213300]
      [extreme_source:62->target59] [Epoch 6/200] [loss_mse: 0.191672]
      [extreme_source:62->target59] [Epoch 7/200] [loss_mse: 0.190819]
      [extreme_source:62->target59] [Epoch 8/200] [loss_mse: 0.171556]
      [extreme_source:62->target59] [Epoch 9/200] [loss_mse: 0.183758]
      [extreme_source:62->target59] [Epoch 10/200] [loss_mse: 0.186144]
  收敛检测[few_shot:extreme_source_station62_to_59_class0]: 首次达到收敛条件 @ epoch 17 (best_epoch=12, best_loss=0.153935, final_loss=0.156757)
      [extreme_source:62->target59] [Epoch 20/200] [loss_mse: 0.148446]
  收敛检测[few_shot:extreme_source_station62_to_59_class0]: 首次达到收敛条件 @ epoch 33 (best_epoch=28, best_loss=0.111239, final_loss=0.126330)
      [extreme_source:62->target59] [Epoch 40/200] [loss_mse: 0.118815]
  收敛检测[few_shot:extreme_source_station62_to_59_class0]: 首次达到收敛条件 @ epoch 43 (best_epoch=38, best_loss=0.107261, final_loss=0.129294)
      [extreme_source:62->target59] [Epoch 60/200] [loss_mse: 0.127096]
  收敛检测[few_shot:extreme_source_station62_to_59_class0]: 首次达到收敛条件 @ epoch 64 (best_epoch=59, best_loss=0.101039, final_loss=0.140553)
      [extreme_source:62->target59] [Epoch 80/200] [loss_mse: 0.113283]
  收敛检测[few_shot:extreme_source_station62_to_59_class0]: 首次达到收敛条件 @ epoch 94 (best_epoch=89, best_loss=0.095957, final_loss=0.152258)
      [extreme_source:62->target59] [Epoch 100/200] [loss_mse: 0.112736]
  收敛检测[few_shot:extreme_source_station62_to_59_class0]: 首次达到收敛条件 @ epoch 109 (best_epoch=104, best_loss=0.088968, final_loss=0.111237)
      [extreme_source:62->target59] [Epoch 120/200] [loss_mse: 0.138914]
      [extreme_source:62->target59] [Epoch 140/200] [loss_mse: 0.109877]
      [extreme_source:62->target59] [Epoch 160/200] [loss_mse: 0.121725]
      [extreme_source:62->target59] [Epoch 180/200] [loss_mse: 0.083158]
  收敛检测[few_shot:extreme_source_station62_to_59_class0]: 首次达到收敛条件 @ epoch 185 (best_epoch=180, best_loss=0.083158, final_loss=0.140181)
      [extreme_source:62->target59] [Epoch 200/200] [loss_mse: 0.075325]
  收敛检测[few_shot:extreme_source_station62_to_59_class0]: 未收敛 (best_epoch=200, best_loss=0.075325, final_loss=0.075325)
  收敛检测[few_shot:few_shot]: 未收敛 (best_epoch=1, best_loss=0.083758, final_loss=0.083758)
  收敛检测[few_shot:few_shot]: 未收敛 (best_epoch=1, best_loss=0.247170, final_loss=0.247170)
  收敛检测[few_shot:few_shot]: 未收敛 (best_epoch=1, best_loss=0.244233, final_loss=0.244233)
  收敛检测[few_shot:few_shot]: 未收敛 (best_epoch=1, best_loss=0.165953, final_loss=0.165953)
    [screen:extreme_source] source_station=63 -> target_station=59, candidate=5, gated=4, effective=4
      [extreme_source:63->target59] [Epoch 1/200] [loss_mse: 0.183263]
      [extreme_source:63->target59] [Epoch 2/200] [loss_mse: 0.202150]
      [extreme_source:63->target59] [Epoch 3/200] [loss_mse: 0.190464]
      [extreme_source:63->target59] [Epoch 4/200] [loss_mse: 0.208616]
      [extreme_source:63->target59] [Epoch 5/200] [loss_mse: 0.186108]
      [extreme_source:63->target59] [Epoch 6/200] [loss_mse: 0.169769]
      [extreme_source:63->target59] [Epoch 7/200] [loss_mse: 0.144323]
      [extreme_source:63->target59] [Epoch 8/200] [loss_mse: 0.173451]
      [extreme_source:63->target59] [Epoch 9/200] [loss_mse: 0.148203]
      [extreme_source:63->target59] [Epoch 10/200] [loss_mse: 0.154600]
      [extreme_source:63->target59] [Epoch 20/200] [loss_mse: 0.135538]
  收敛检测[few_shot:extreme_source_station63_to_59_class0]: 首次达到收敛条件 @ epoch 31 (best_epoch=26, best_loss=0.070200, final_loss=0.091530)
      [extreme_source:63->target59] [Epoch 40/200] [loss_mse: 0.103151]
  收敛检测[few_shot:extreme_source_station63_to_59_class0]: 首次达到收敛条件 @ epoch 43 (best_epoch=38, best_loss=0.066006, final_loss=0.098725)
  收敛检测[few_shot:extreme_source_station63_to_59_class0]: 首次达到收敛条件 @ epoch 56 (best_epoch=51, best_loss=0.059045, final_loss=0.083693)
      [extreme_source:63->target59] [Epoch 60/200] [loss_mse: 0.068251]
      [extreme_source:63->target59] [Epoch 80/200] [loss_mse: 0.083858]
  收敛检测[few_shot:extreme_source_station63_to_59_class0]: 首次达到收敛条件 @ epoch 98 (best_epoch=93, best_loss=0.050540, final_loss=0.080850)
      [extreme_source:63->target59] [Epoch 100/200] [loss_mse: 0.064569]
      [extreme_source:63->target59] [Epoch 120/200] [loss_mse: 0.055414]
  收敛检测[few_shot:extreme_source_station63_to_59_class0]: 首次达到收敛条件 @ epoch 121 (best_epoch=116, best_loss=0.047310, final_loss=0.062007)
      [extreme_source:63->target59] [Epoch 140/200] [loss_mse: 0.080395]
  收敛检测[few_shot:extreme_source_station63_to_59_class0]: 首次达到收敛条件 @ epoch 144 (best_epoch=139, best_loss=0.046725, final_loss=0.100079)
      [extreme_source:63->target59] [Epoch 160/200] [loss_mse: 0.069310]
      [extreme_source:63->target59] [Epoch 180/200] [loss_mse: 0.064498]
      [extreme_source:63->target59] [Epoch 200/200] [loss_mse: 0.060906]
  收敛检测[few_shot:extreme_source_station63_to_59_class0]: 已收敛 @ epoch 144 (best_epoch=139, best_loss=0.046725, final_loss=0.060906)
      [Extreme-FedAvg:target_refine] [Epoch 1/200] [loss_mse: 0.103228]
      [Extreme-FedAvg:target_refine] [Epoch 2/200] [loss_mse: 0.082788]
      [Extreme-FedAvg:target_refine] [Epoch 3/200] [loss_mse: 0.094360]
      [Extreme-FedAvg:target_refine] [Epoch 4/200] [loss_mse: 0.102128]
      [Extreme-FedAvg:target_refine] [Epoch 5/200] [loss_mse: 0.091488]
      [Extreme-FedAvg:target_refine] [Epoch 6/200] [loss_mse: 0.125029]
  收敛检测[few_shot:extreme_fedavg_station59_class0]: 首次达到收敛条件 @ epoch 7 (best_epoch=2, best_loss=0.082788, final_loss=0.094986)
      [Extreme-FedAvg:target_refine] [Epoch 7/200] [loss_mse: 0.094986]
      [Extreme-FedAvg:target_refine] [Epoch 8/200] [loss_mse: 0.095842]
      [Extreme-FedAvg:target_refine] [Epoch 9/200] [loss_mse: 0.140938]
      [Extreme-FedAvg:target_refine] [Epoch 10/200] [loss_mse: 0.114978]
      [Extreme-FedAvg:target_refine] [Epoch 20/200] [loss_mse: 0.092534]
  收敛检测[few_shot:extreme_fedavg_station59_class0]: 首次达到收敛条件 @ epoch 23 (best_epoch=18, best_loss=0.077633, final_loss=0.087924)
      [Extreme-FedAvg:target_refine] [Epoch 40/200] [loss_mse: 0.090699]
  收敛检测[few_shot:extreme_fedavg_station59_class0]: 首次达到收敛条件 @ epoch 48 (best_epoch=43, best_loss=0.070223, final_loss=0.076673)
  收敛检测[few_shot:extreme_fedavg_station59_class0]: 首次达到收敛条件 @ epoch 59 (best_epoch=54, best_loss=0.066982, final_loss=0.105938)
      [Extreme-FedAvg:target_refine] [Epoch 60/200] [loss_mse: 0.114154]
  收敛检测[few_shot:extreme_fedavg_station59_class0]: 首次达到收敛条件 @ epoch 70 (best_epoch=65, best_loss=0.050174, final_loss=0.077402)
      [Extreme-FedAvg:target_refine] [Epoch 80/200] [loss_mse: 0.091490]
      [Extreme-FedAvg:target_refine] [Epoch 100/200] [loss_mse: 0.099502]
      [Extreme-FedAvg:target_refine] [Epoch 120/200] [loss_mse: 0.080244]
      [Extreme-FedAvg:target_refine] [Epoch 140/200] [loss_mse: 0.077706]
      [Extreme-FedAvg:target_refine] [Epoch 160/200] [loss_mse: 0.091123]
      [Extreme-FedAvg:target_refine] [Epoch 180/200] [loss_mse: 0.085731]
      [Extreme-FedAvg:target_refine] [Epoch 200/200] [loss_mse: 0.098974]
  收敛检测[few_shot:extreme_fedavg_station59_class0]: 已收敛 @ epoch 70 (best_epoch=65, best_loss=0.050174, final_loss=0.098974)
    ✓ 保存(Extreme-FedAvg): artifacts/2h6p_six_station/fed-normal-meta-5k/models/model_fore_station59_extreme0_extreme_fedavg.pth weights={'59': 0.16666666666666666, '58': 0.16666666666666666, '60': 0.16666666666666666, '61': 0.16666666666666666, '62': 0.16666666666666666, '63': 0.16666666666666666}
      [Proposed-A:self_update] [Epoch 1/200] [loss_mse: 0.237136]
      [Proposed-A:self_update] [Epoch 2/200] [loss_mse: 0.227318]
      [Proposed-A:self_update] [Epoch 3/200] [loss_mse: 0.221950]
      [Proposed-A:self_update] [Epoch 4/200] [loss_mse: 0.217043]
      [Proposed-A:self_update] [Epoch 5/200] [loss_mse: 0.210274]
      [Proposed-A:self_update] [Epoch 6/200] [loss_mse: 0.184514]
      [Proposed-A:self_update] [Epoch 7/200] [loss_mse: 0.199630]
      [Proposed-A:self_update] [Epoch 8/200] [loss_mse: 0.195612]
      [Proposed-A:self_update] [Epoch 9/200] [loss_mse: 0.187393]
      [Proposed-A:self_update] [Epoch 10/200] [loss_mse: 0.176951]
      [Proposed-A:self_update] [Epoch 20/200] [loss_mse: 0.120206]
      [Proposed-A:self_update] [Epoch 40/200] [loss_mse: 0.109739]
  收敛检测[few_shot:proposed_self_station59_class0]: 首次达到收敛条件 @ epoch 41 (best_epoch=36, best_loss=0.081680, final_loss=0.092314)
  收敛检测[few_shot:proposed_self_station59_class0]: 首次达到收敛条件 @ epoch 58 (best_epoch=53, best_loss=0.070490, final_loss=0.101158)
      [Proposed-A:self_update] [Epoch 60/200] [loss_mse: 0.103628]
      [Proposed-A:self_update] [Epoch 80/200] [loss_mse: 0.090464]
      [Proposed-A:self_update] [Epoch 100/200] [loss_mse: 0.102136]
      [Proposed-A:self_update] [Epoch 120/200] [loss_mse: 0.079678]
      [Proposed-A:self_update] [Epoch 140/200] [loss_mse: 0.106360]
      [Proposed-A:self_update] [Epoch 160/200] [loss_mse: 0.087634]
  收敛检测[few_shot:proposed_self_station59_class0]: 首次达到收敛条件 @ epoch 179 (best_epoch=174, best_loss=0.069516, final_loss=0.089510)
      [Proposed-A:self_update] [Epoch 180/200] [loss_mse: 0.082272]
  收敛检测[few_shot:proposed_self_station59_class0]: 首次达到收敛条件 @ epoch 194 (best_epoch=189, best_loss=0.065670, final_loss=0.071741)
      [Proposed-A:self_update] [Epoch 200/200] [loss_mse: 0.092751]
  收敛检测[few_shot:proposed_self_station59_class0]: 未收敛 (best_epoch=199, best_loss=0.055395, final_loss=0.092751)
  收敛检测[few_shot:few_shot]: 未收敛 (best_epoch=1, best_loss=0.170902, final_loss=0.170902)
  收敛检测[few_shot:few_shot]: 未收敛 (best_epoch=1, best_loss=0.291028, final_loss=0.291028)
  收敛检测[few_shot:few_shot]: 未收敛 (best_epoch=1, best_loss=0.150624, final_loss=0.150624)
  收敛检测[few_shot:few_shot]: 未收敛 (best_epoch=1, best_loss=0.177288, final_loss=0.177288)
  收敛检测[few_shot:few_shot]: 未收敛 (best_epoch=1, best_loss=0.147512, final_loss=0.147512)
  收敛检测[few_shot:few_shot]: 未收敛 (best_epoch=1, best_loss=0.091429, final_loss=0.091429)
  收敛检测[few_shot:few_shot]: 未收敛 (best_epoch=1, best_loss=0.086664, final_loss=0.086664)
    [screen:proposed_source] source_station=58 -> target_station=59, candidate=8, gated=7, effective=2
      [proposed_source:58->target59] [Epoch 1/200] [loss_mse: 0.151105]
      [proposed_source:58->target59] [Epoch 2/200] [loss_mse: 0.163992]
      [proposed_source:58->target59] [Epoch 3/200] [loss_mse: 0.120769]
      [proposed_source:58->target59] [Epoch 4/200] [loss_mse: 0.127409]
      [proposed_source:58->target59] [Epoch 5/200] [loss_mse: 0.132174]
      [proposed_source:58->target59] [Epoch 6/200] [loss_mse: 0.114904]
      [proposed_source:58->target59] [Epoch 7/200] [loss_mse: 0.108891]
      [proposed_source:58->target59] [Epoch 8/200] [loss_mse: 0.110871]
      [proposed_source:58->target59] [Epoch 9/200] [loss_mse: 0.118669]
      [proposed_source:58->target59] [Epoch 10/200] [loss_mse: 0.094332]
      [proposed_source:58->target59] [Epoch 20/200] [loss_mse: 0.061288]
      [proposed_source:58->target59] [Epoch 40/200] [loss_mse: 0.042647]
  收敛检测[few_shot:proposed_source_station58_to_59_class0]: 首次达到收敛条件 @ epoch 42 (best_epoch=37, best_loss=0.026792, final_loss=0.070614)
      [proposed_source:58->target59] [Epoch 60/200] [loss_mse: 0.034501]
  收敛检测[few_shot:proposed_source_station58_to_59_class0]: 首次达到收敛条件 @ epoch 71 (best_epoch=66, best_loss=0.022554, final_loss=0.053476)
      [proposed_source:58->target59] [Epoch 80/200] [loss_mse: 0.052018]
  收敛检测[few_shot:proposed_source_station58_to_59_class0]: 首次达到收敛条件 @ epoch 84 (best_epoch=79, best_loss=0.016286, final_loss=0.025463)
      [proposed_source:58->target59] [Epoch 100/200] [loss_mse: 0.041306]
      [proposed_source:58->target59] [Epoch 120/200] [loss_mse: 0.048685]
      [proposed_source:58->target59] [Epoch 140/200] [loss_mse: 0.016910]
  收敛检测[few_shot:proposed_source_station58_to_59_class0]: 首次达到收敛条件 @ epoch 147 (best_epoch=142, best_loss=0.009954, final_loss=0.045356)
      [proposed_source:58->target59] [Epoch 160/200] [loss_mse: 0.016054]
      [proposed_source:58->target59] [Epoch 180/200] [loss_mse: 0.022637]
      [proposed_source:58->target59] [Epoch 200/200] [loss_mse: 0.015624]
  收敛检测[few_shot:proposed_source_station58_to_59_class0]: 已收敛 @ epoch 147 (best_epoch=142, best_loss=0.009954, final_loss=0.015624)
  收敛检测[few_shot:few_shot]: 未收敛 (best_epoch=1, best_loss=0.085195, final_loss=0.085195)
  收敛检测[few_shot:few_shot]: 未收敛 (best_epoch=1, best_loss=0.293803, final_loss=0.293803)
  收敛检测[few_shot:few_shot]: 未收敛 (best_epoch=1, best_loss=0.184018, final_loss=0.184018)
  收敛检测[few_shot:few_shot]: 未收敛 (best_epoch=1, best_loss=0.112372, final_loss=0.112372)
    [screen:proposed_source] source_station=60 -> target_station=59, candidate=5, gated=4, effective=4
      [proposed_source:60->target59] [Epoch 1/200] [loss_mse: 0.188812]
      [proposed_source:60->target59] [Epoch 2/200] [loss_mse: 0.182054]
      [proposed_source:60->target59] [Epoch 3/200] [loss_mse: 0.172627]
      [proposed_source:60->target59] [Epoch 4/200] [loss_mse: 0.157009]
      [proposed_source:60->target59] [Epoch 5/200] [loss_mse: 0.138251]
      [proposed_source:60->target59] [Epoch 6/200] [loss_mse: 0.155495]
      [proposed_source:60->target59] [Epoch 7/200] [loss_mse: 0.138938]
      [proposed_source:60->target59] [Epoch 8/200] [loss_mse: 0.145626]
      [proposed_source:60->target59] [Epoch 9/200] [loss_mse: 0.132290]
      [proposed_source:60->target59] [Epoch 10/200] [loss_mse: 0.121712]
      [proposed_source:60->target59] [Epoch 20/200] [loss_mse: 0.081365]
  收敛检测[few_shot:proposed_source_station60_to_59_class0]: 首次达到收敛条件 @ epoch 28 (best_epoch=23, best_loss=0.066998, final_loss=0.092223)
      [proposed_source:60->target59] [Epoch 40/200] [loss_mse: 0.067962]
  收敛检测[few_shot:proposed_source_station60_to_59_class0]: 首次达到收敛条件 @ epoch 42 (best_epoch=37, best_loss=0.062227, final_loss=0.070484)
      [proposed_source:60->target59] [Epoch 60/200] [loss_mse: 0.071825]
  收敛检测[few_shot:proposed_source_station60_to_59_class0]: 首次达到收敛条件 @ epoch 61 (best_epoch=56, best_loss=0.048232, final_loss=0.077633)
      [proposed_source:60->target59] [Epoch 80/200] [loss_mse: 0.095629]
      [proposed_source:60->target59] [Epoch 100/200] [loss_mse: 0.059589]
      [proposed_source:60->target59] [Epoch 120/200] [loss_mse: 0.063811]
      [proposed_source:60->target59] [Epoch 140/200] [loss_mse: 0.057253]
      [proposed_source:60->target59] [Epoch 160/200] [loss_mse: 0.061503]
  收敛检测[few_shot:proposed_source_station60_to_59_class0]: 首次达到收敛条件 @ epoch 162 (best_epoch=157, best_loss=0.047323, final_loss=0.059963)
  收敛检测[few_shot:proposed_source_station60_to_59_class0]: 首次达到收敛条件 @ epoch 176 (best_epoch=171, best_loss=0.042181, final_loss=0.067002)
      [proposed_source:60->target59] [Epoch 180/200] [loss_mse: 0.075206]
  收敛检测[few_shot:proposed_source_station60_to_59_class0]: 首次达到收敛条件 @ epoch 197 (best_epoch=192, best_loss=0.041377, final_loss=0.076733)
      [proposed_source:60->target59] [Epoch 200/200] [loss_mse: 0.057003]
  收敛检测[few_shot:proposed_source_station60_to_59_class0]: 已收敛 @ epoch 197 (best_epoch=192, best_loss=0.041377, final_loss=0.057003)
  收敛检测[few_shot:few_shot]: 未收敛 (best_epoch=1, best_loss=0.164870, final_loss=0.164870)
  收敛检测[few_shot:few_shot]: 未收敛 (best_epoch=1, best_loss=0.274416, final_loss=0.274416)
  收敛检测[few_shot:few_shot]: 未收敛 (best_epoch=1, best_loss=0.170611, final_loss=0.170611)
  收敛检测[few_shot:few_shot]: 未收敛 (best_epoch=1, best_loss=0.141368, final_loss=0.141368)
  收敛检测[few_shot:few_shot]: 未收敛 (best_epoch=1, best_loss=0.158181, final_loss=0.158181)
  收敛检测[few_shot:few_shot]: 未收敛 (best_epoch=1, best_loss=0.098738, final_loss=0.098738)
  收敛检测[few_shot:few_shot]: 未收敛 (best_epoch=1, best_loss=0.082535, final_loss=0.082535)
  收敛检测[few_shot:few_shot]: 未收敛 (best_epoch=1, best_loss=0.091141, final_loss=0.091141)
    [screen:proposed_source] source_station=61 -> target_station=59, candidate=9, gated=8, effective=3
      [proposed_source:61->target59] [Epoch 1/200] [loss_mse: 0.187111]
      [proposed_source:61->target59] [Epoch 2/200] [loss_mse: 0.210782]
      [proposed_source:61->target59] [Epoch 3/200] [loss_mse: 0.195547]
      [proposed_source:61->target59] [Epoch 4/200] [loss_mse: 0.185767]
      [proposed_source:61->target59] [Epoch 5/200] [loss_mse: 0.169298]
      [proposed_source:61->target59] [Epoch 6/200] [loss_mse: 0.153574]
      [proposed_source:61->target59] [Epoch 7/200] [loss_mse: 0.142337]
      [proposed_source:61->target59] [Epoch 8/200] [loss_mse: 0.158648]
      [proposed_source:61->target59] [Epoch 9/200] [loss_mse: 0.165668]
      [proposed_source:61->target59] [Epoch 10/200] [loss_mse: 0.169027]
      [proposed_source:61->target59] [Epoch 20/200] [loss_mse: 0.110206]
  收敛检测[few_shot:proposed_source_station61_to_59_class0]: 首次达到收敛条件 @ epoch 23 (best_epoch=18, best_loss=0.091672, final_loss=0.123825)
      [proposed_source:61->target59] [Epoch 40/200] [loss_mse: 0.110420]
  收敛检测[few_shot:proposed_source_station61_to_59_class0]: 首次达到收敛条件 @ epoch 42 (best_epoch=37, best_loss=0.082017, final_loss=0.092433)
  收敛检测[few_shot:proposed_source_station61_to_59_class0]: 首次达到收敛条件 @ epoch 50 (best_epoch=45, best_loss=0.075701, final_loss=0.117647)
  收敛检测[few_shot:proposed_source_station61_to_59_class0]: 首次达到收敛条件 @ epoch 59 (best_epoch=54, best_loss=0.066055, final_loss=0.077276)
      [proposed_source:61->target59] [Epoch 60/200] [loss_mse: 0.084053]
      [proposed_source:61->target59] [Epoch 80/200] [loss_mse: 0.083332]
      [proposed_source:61->target59] [Epoch 100/200] [loss_mse: 0.190870]
  收敛检测[few_shot:proposed_source_station61_to_59_class0]: 首次达到收敛条件 @ epoch 103 (best_epoch=98, best_loss=0.061050, final_loss=0.106530)
      [proposed_source:61->target59] [Epoch 120/200] [loss_mse: 0.089849]
      [proposed_source:61->target59] [Epoch 140/200] [loss_mse: 0.081535]
  收敛检测[few_shot:proposed_source_station61_to_59_class0]: 首次达到收敛条件 @ epoch 159 (best_epoch=154, best_loss=0.052801, final_loss=0.087717)
      [proposed_source:61->target59] [Epoch 160/200] [loss_mse: 0.099959]
      [proposed_source:61->target59] [Epoch 180/200] [loss_mse: 0.094374]
      [proposed_source:61->target59] [Epoch 200/200] [loss_mse: 0.097409]
  收敛检测[few_shot:proposed_source_station61_to_59_class0]: 已收敛 @ epoch 159 (best_epoch=154, best_loss=0.052801, final_loss=0.097409)
  收敛检测[few_shot:few_shot]: 未收敛 (best_epoch=1, best_loss=0.263702, final_loss=0.263702)
  收敛检测[few_shot:few_shot]: 未收敛 (best_epoch=1, best_loss=0.258033, final_loss=0.258033)
  收敛检测[few_shot:few_shot]: 未收敛 (best_epoch=1, best_loss=0.184653, final_loss=0.184653)
  收敛检测[few_shot:few_shot]: 未收敛 (best_epoch=1, best_loss=0.137768, final_loss=0.137768)
  收敛检测[few_shot:few_shot]: 未收敛 (best_epoch=1, best_loss=0.011447, final_loss=0.011447)
  收敛检测[few_shot:few_shot]: 未收敛 (best_epoch=1, best_loss=0.222954, final_loss=0.222954)
    [screen:proposed_source] source_station=62 -> target_station=59, candidate=7, gated=6, effective=4
      [proposed_source:62->target59] [Epoch 1/200] [loss_mse: 0.266856]
      [proposed_source:62->target59] [Epoch 2/200] [loss_mse: 0.238737]
      [proposed_source:62->target59] [Epoch 3/200] [loss_mse: 0.245222]
      [proposed_source:62->target59] [Epoch 4/200] [loss_mse: 0.236155]
      [proposed_source:62->target59] [Epoch 5/200] [loss_mse: 0.226395]
      [proposed_source:62->target59] [Epoch 6/200] [loss_mse: 0.212964]
      [proposed_source:62->target59] [Epoch 7/200] [loss_mse: 0.202620]
      [proposed_source:62->target59] [Epoch 8/200] [loss_mse: 0.208612]
      [proposed_source:62->target59] [Epoch 9/200] [loss_mse: 0.188127]
      [proposed_source:62->target59] [Epoch 10/200] [loss_mse: 0.200348]
      [proposed_source:62->target59] [Epoch 20/200] [loss_mse: 0.118641]
  收敛检测[few_shot:proposed_source_station62_to_59_class0]: 首次达到收敛条件 @ epoch 32 (best_epoch=27, best_loss=0.090331, final_loss=0.096586)
      [proposed_source:62->target59] [Epoch 40/200] [loss_mse: 0.091261]
  收敛检测[few_shot:proposed_source_station62_to_59_class0]: 首次达到收敛条件 @ epoch 46 (best_epoch=41, best_loss=0.060860, final_loss=0.094771)
      [proposed_source:62->target59] [Epoch 60/200] [loss_mse: 0.112772]
  收敛检测[few_shot:proposed_source_station62_to_59_class0]: 首次达到收敛条件 @ epoch 61 (best_epoch=56, best_loss=0.060632, final_loss=0.090431)
  收敛检测[few_shot:proposed_source_station62_to_59_class0]: 首次达到收敛条件 @ epoch 70 (best_epoch=65, best_loss=0.057839, final_loss=0.065551)
  收敛检测[few_shot:proposed_source_station62_to_59_class0]: 首次达到收敛条件 @ epoch 76 (best_epoch=71, best_loss=0.044232, final_loss=0.076674)
      [proposed_source:62->target59] [Epoch 80/200] [loss_mse: 0.081100]
      [proposed_source:62->target59] [Epoch 100/200] [loss_mse: 0.068411]
      [proposed_source:62->target59] [Epoch 120/200] [loss_mse: 0.076462]
      [proposed_source:62->target59] [Epoch 140/200] [loss_mse: 0.047500]
  收敛检测[few_shot:proposed_source_station62_to_59_class0]: 首次达到收敛条件 @ epoch 156 (best_epoch=151, best_loss=0.029957, final_loss=0.049283)
      [proposed_source:62->target59] [Epoch 160/200] [loss_mse: 0.064358]
      [proposed_source:62->target59] [Epoch 180/200] [loss_mse: 0.050009]
      [proposed_source:62->target59] [Epoch 200/200] [loss_mse: 0.076035]
  收敛检测[few_shot:proposed_source_station62_to_59_class0]: 已收敛 @ epoch 156 (best_epoch=151, best_loss=0.029957, final_loss=0.076035)
  收敛检测[few_shot:few_shot]: 未收敛 (best_epoch=1, best_loss=0.105070, final_loss=0.105070)
  收敛检测[few_shot:few_shot]: 未收敛 (best_epoch=1, best_loss=0.281180, final_loss=0.281180)
  收敛检测[few_shot:few_shot]: 未收敛 (best_epoch=1, best_loss=0.233858, final_loss=0.233858)
  收敛检测[few_shot:few_shot]: 未收敛 (best_epoch=1, best_loss=0.165324, final_loss=0.165324)
    [screen:proposed_source] source_station=63 -> target_station=59, candidate=5, gated=4, effective=4
      [proposed_source:63->target59] [Epoch 1/200] [loss_mse: 0.210716]
      [proposed_source:63->target59] [Epoch 2/200] [loss_mse: 0.208194]
      [proposed_source:63->target59] [Epoch 3/200] [loss_mse: 0.191157]
      [proposed_source:63->target59] [Epoch 4/200] [loss_mse: 0.188721]
      [proposed_source:63->target59] [Epoch 5/200] [loss_mse: 0.183647]
      [proposed_source:63->target59] [Epoch 6/200] [loss_mse: 0.174666]
      [proposed_source:63->target59] [Epoch 7/200] [loss_mse: 0.154388]
      [proposed_source:63->target59] [Epoch 8/200] [loss_mse: 0.151076]
      [proposed_source:63->target59] [Epoch 9/200] [loss_mse: 0.130206]
      [proposed_source:63->target59] [Epoch 10/200] [loss_mse: 0.137647]
      [proposed_source:63->target59] [Epoch 20/200] [loss_mse: 0.102216]
  收敛检测[few_shot:proposed_source_station63_to_59_class0]: 首次达到收敛条件 @ epoch 33 (best_epoch=28, best_loss=0.072073, final_loss=0.078703)
      [proposed_source:63->target59] [Epoch 40/200] [loss_mse: 0.053961]
  收敛检测[few_shot:proposed_source_station63_to_59_class0]: 首次达到收敛条件 @ epoch 45 (best_epoch=40, best_loss=0.053961, final_loss=0.065623)
      [proposed_source:63->target59] [Epoch 60/200] [loss_mse: 0.109821]
  收敛检测[few_shot:proposed_source_station63_to_59_class0]: 首次达到收敛条件 @ epoch 66 (best_epoch=61, best_loss=0.053269, final_loss=0.057083)
  收敛检测[few_shot:proposed_source_station63_to_59_class0]: 首次达到收敛条件 @ epoch 77 (best_epoch=72, best_loss=0.049829, final_loss=0.077172)
      [proposed_source:63->target59] [Epoch 80/200] [loss_mse: 0.099468]
      [proposed_source:63->target59] [Epoch 100/200] [loss_mse: 0.075766]
  收敛检测[few_shot:proposed_source_station63_to_59_class0]: 首次达到收敛条件 @ epoch 119 (best_epoch=114, best_loss=0.041704, final_loss=0.071355)
      [proposed_source:63->target59] [Epoch 120/200] [loss_mse: 0.050623]
      [proposed_source:63->target59] [Epoch 140/200] [loss_mse: 0.077630]
      [proposed_source:63->target59] [Epoch 160/200] [loss_mse: 0.067939]
  收敛检测[few_shot:proposed_source_station63_to_59_class0]: 首次达到收敛条件 @ epoch 177 (best_epoch=172, best_loss=0.039244, final_loss=0.066994)
      [proposed_source:63->target59] [Epoch 180/200] [loss_mse: 0.070587]
      [proposed_source:63->target59] [Epoch 200/200] [loss_mse: 0.065765]
  收敛检测[few_shot:proposed_source_station63_to_59_class0]: 已收敛 @ epoch 177 (best_epoch=172, best_loss=0.039244, final_loss=0.065765)
      [Proposed-A:target_refine] [Epoch 1/200] [loss_mse: 0.084276]
      [Proposed-A:target_refine] [Epoch 2/200] [loss_mse: 0.072152]
      [Proposed-A:target_refine] [Epoch 3/200] [loss_mse: 0.096141]
      [Proposed-A:target_refine] [Epoch 4/200] [loss_mse: 0.080440]
      [Proposed-A:target_refine] [Epoch 5/200] [loss_mse: 0.092001]
      [Proposed-A:target_refine] [Epoch 6/200] [loss_mse: 0.089439]
  收敛检测[few_shot:proposed_a_station59_class0]: 首次达到收敛条件 @ epoch 7 (best_epoch=2, best_loss=0.072152, final_loss=0.085318)
      [Proposed-A:target_refine] [Epoch 7/200] [loss_mse: 0.085318]
      [Proposed-A:target_refine] [Epoch 8/200] [loss_mse: 0.088683]
      [Proposed-A:target_refine] [Epoch 9/200] [loss_mse: 0.084646]
      [Proposed-A:target_refine] [Epoch 10/200] [loss_mse: 0.076582]
  收敛检测[few_shot:proposed_a_station59_class0]: 首次达到收敛条件 @ epoch 19 (best_epoch=14, best_loss=0.066404, final_loss=0.092405)
      [Proposed-A:target_refine] [Epoch 20/200] [loss_mse: 0.085876]
      [Proposed-A:target_refine] [Epoch 40/200] [loss_mse: 0.074794]
      [Proposed-A:target_refine] [Epoch 60/200] [loss_mse: 0.072100]
  收敛检测[few_shot:proposed_a_station59_class0]: 首次达到收敛条件 @ epoch 61 (best_epoch=56, best_loss=0.064432, final_loss=0.068408)
      [Proposed-A:target_refine] [Epoch 80/200] [loss_mse: 0.056792]
  收敛检测[few_shot:proposed_a_station59_class0]: 首次达到收敛条件 @ epoch 85 (best_epoch=80, best_loss=0.056792, final_loss=0.078566)
      [Proposed-A:target_refine] [Epoch 100/200] [loss_mse: 0.090513]
      [Proposed-A:target_refine] [Epoch 120/200] [loss_mse: 0.079995]
  收敛检测[few_shot:proposed_a_station59_class0]: 首次达到收敛条件 @ epoch 135 (best_epoch=130, best_loss=0.053092, final_loss=0.062750)
      [Proposed-A:target_refine] [Epoch 140/200] [loss_mse: 0.062371]
  收敛检测[few_shot:proposed_a_station59_class0]: 首次达到收敛条件 @ epoch 150 (best_epoch=145, best_loss=0.047311, final_loss=0.064809)
      [Proposed-A:target_refine] [Epoch 160/200] [loss_mse: 0.072964]
      [Proposed-A:target_refine] [Epoch 180/200] [loss_mse: 0.080504]
      [Proposed-A:target_refine] [Epoch 200/200] [loss_mse: 0.060991]
  收敛检测[few_shot:proposed_a_station59_class0]: 已收敛 @ epoch 150 (best_epoch=145, best_loss=0.047311, final_loss=0.060991)
    ✓ 保存(Proposed-A): artifacts/2h6p_six_station/fed-normal-meta-5k/models/model_fore_station59_extreme0_proposed_a.pth weights={'59': 0.5, '58': 0.06513705970843196, '60': 0.11827432088514632, '61': 0.09515440186994664, '62': 0.10435361523657408, '63': 0.11708060229990103}

  极端天气类别 2:
    样本数: 4
    训练轮数: 200, few-shot loss=MSE
    adapt/val: 3 / 1
      [LMT] [Epoch 1/200] [loss_mse: 0.074475]
      [LMT] [Epoch 2/200] [loss_mse: 0.070145]
      [LMT] [Epoch 3/200] [loss_mse: 0.071732]
      [LMT] [Epoch 4/200] [loss_mse: 0.063977]
      [LMT] [Epoch 5/200] [loss_mse: 0.058367]
      [LMT] [Epoch 6/200] [loss_mse: 0.058200]
      [LMT] [Epoch 7/200] [loss_mse: 0.052488]
      [LMT] [Epoch 8/200] [loss_mse: 0.047933]
      [LMT] [Epoch 9/200] [loss_mse: 0.042817]
      [LMT] [Epoch 10/200] [loss_mse: 0.046876]
      [LMT] [Epoch 20/200] [loss_mse: 0.024607]
      [LMT] [Epoch 40/200] [loss_mse: 0.007765]
      [LMT] [Epoch 60/200] [loss_mse: 0.006228]
  收敛检测[few_shot:lmt_station59_class1]: 首次达到收敛条件 @ epoch 69 (best_epoch=64, best_loss=0.005218, final_loss=0.006059)
      [LMT] [Epoch 80/200] [loss_mse: 0.005328]
  收敛检测[few_shot:lmt_station59_class1]: 首次达到收敛条件 @ epoch 86 (best_epoch=81, best_loss=0.004419, final_loss=0.005838)
      [LMT] [Epoch 100/200] [loss_mse: 0.006337]
      [LMT] [Epoch 120/200] [loss_mse: 0.005095]
      [LMT] [Epoch 140/200] [loss_mse: 0.005906]
      [LMT] [Epoch 160/200] [loss_mse: 0.005597]
      [LMT] [Epoch 180/200] [loss_mse: 0.005998]
      [LMT] [Epoch 200/200] [loss_mse: 0.006089]
  收敛检测[few_shot:lmt_station59_class1]: 已收敛 @ epoch 86 (best_epoch=81, best_loss=0.004419, final_loss=0.006089)
    ✓ 保存(LMT): artifacts/2h6p_six_station/fed-normal-meta-5k/models/model_fore_station59_extreme1.pth
  收敛检测[few_shot:few_shot]: 未收敛 (best_epoch=1, best_loss=0.043395, final_loss=0.043395)
    [screen:extreme_source] source_station=58 -> target_station=59, candidate=1, gated=1, effective=1
      [extreme_source:58->target59] [Epoch 1/200] [loss_mse: 0.026728]
      [extreme_source:58->target59] [Epoch 2/200] [loss_mse: 0.022222]
      [extreme_source:58->target59] [Epoch 3/200] [loss_mse: 0.023085]
      [extreme_source:58->target59] [Epoch 4/200] [loss_mse: 0.014415]
      [extreme_source:58->target59] [Epoch 5/200] [loss_mse: 0.025973]
      [extreme_source:58->target59] [Epoch 6/200] [loss_mse: 0.012135]
      [extreme_source:58->target59] [Epoch 7/200] [loss_mse: 0.012801]
      [extreme_source:58->target59] [Epoch 8/200] [loss_mse: 0.011358]
      [extreme_source:58->target59] [Epoch 9/200] [loss_mse: 0.014384]
      [extreme_source:58->target59] [Epoch 10/200] [loss_mse: 0.010969]
  收敛检测[few_shot:extreme_source_station58_to_59_class1]: 首次达到收敛条件 @ epoch 15 (best_epoch=10, best_loss=0.010969, final_loss=0.011493)
      [extreme_source:58->target59] [Epoch 20/200] [loss_mse: 0.017348]
  收敛检测[few_shot:extreme_source_station58_to_59_class1]: 首次达到收敛条件 @ epoch 36 (best_epoch=31, best_loss=0.005964, final_loss=0.008278)
      [extreme_source:58->target59] [Epoch 40/200] [loss_mse: 0.004523]
  收敛检测[few_shot:extreme_source_station58_to_59_class1]: 首次达到收敛条件 @ epoch 43 (best_epoch=38, best_loss=0.001153, final_loss=0.031124)
      [extreme_source:58->target59] [Epoch 60/200] [loss_mse: 0.019078]
      [extreme_source:58->target59] [Epoch 80/200] [loss_mse: 0.020960]
      [extreme_source:58->target59] [Epoch 100/200] [loss_mse: 0.024743]
      [extreme_source:58->target59] [Epoch 120/200] [loss_mse: 0.014659]
      [extreme_source:58->target59] [Epoch 140/200] [loss_mse: 0.008729]
      [extreme_source:58->target59] [Epoch 160/200] [loss_mse: 0.009433]
      [extreme_source:58->target59] [Epoch 180/200] [loss_mse: 0.014092]
      [extreme_source:58->target59] [Epoch 200/200] [loss_mse: 0.016474]
  收敛检测[few_shot:extreme_source_station58_to_59_class1]: 已收敛 @ epoch 43 (best_epoch=38, best_loss=0.001153, final_loss=0.016474)
  收敛检测[few_shot:few_shot]: 未收敛 (best_epoch=1, best_loss=0.023107, final_loss=0.023107)
  收敛检测[few_shot:few_shot]: 未收敛 (best_epoch=1, best_loss=0.062794, final_loss=0.062794)
  收敛检测[few_shot:few_shot]: 未收敛 (best_epoch=1, best_loss=0.031950, final_loss=0.031950)
    [screen:extreme_source] source_station=60 -> target_station=59, candidate=3, gated=3, effective=3
      [extreme_source:60->target59] [Epoch 1/200] [loss_mse: 0.054097]
      [extreme_source:60->target59] [Epoch 2/200] [loss_mse: 0.043788]
      [extreme_source:60->target59] [Epoch 3/200] [loss_mse: 0.041590]
      [extreme_source:60->target59] [Epoch 4/200] [loss_mse: 0.040040]
      [extreme_source:60->target59] [Epoch 5/200] [loss_mse: 0.034816]
      [extreme_source:60->target59] [Epoch 6/200] [loss_mse: 0.038391]
      [extreme_source:60->target59] [Epoch 7/200] [loss_mse: 0.033808]
      [extreme_source:60->target59] [Epoch 8/200] [loss_mse: 0.038921]
      [extreme_source:60->target59] [Epoch 9/200] [loss_mse: 0.033479]
      [extreme_source:60->target59] [Epoch 10/200] [loss_mse: 0.032627]
      [extreme_source:60->target59] [Epoch 20/200] [loss_mse: 0.025015]
  收敛检测[few_shot:extreme_source_station60_to_59_class1]: 首次达到收敛条件 @ epoch 24 (best_epoch=19, best_loss=0.017422, final_loss=0.023271)
      [extreme_source:60->target59] [Epoch 40/200] [loss_mse: 0.028952]
      [extreme_source:60->target59] [Epoch 60/200] [loss_mse: 0.028663]
      [extreme_source:60->target59] [Epoch 80/200] [loss_mse: 0.020951]
      [extreme_source:60->target59] [Epoch 100/200] [loss_mse: 0.026528]
      [extreme_source:60->target59] [Epoch 120/200] [loss_mse: 0.022384]
  收敛检测[few_shot:extreme_source_station60_to_59_class1]: 首次达到收敛条件 @ epoch 129 (best_epoch=124, best_loss=0.017015, final_loss=0.027473)
      [extreme_source:60->target59] [Epoch 140/200] [loss_mse: 0.023496]
      [extreme_source:60->target59] [Epoch 160/200] [loss_mse: 0.020722]
      [extreme_source:60->target59] [Epoch 180/200] [loss_mse: 0.023403]
      [extreme_source:60->target59] [Epoch 200/200] [loss_mse: 0.023570]
  收敛检测[few_shot:extreme_source_station60_to_59_class1]: 已收敛 @ epoch 129 (best_epoch=124, best_loss=0.017015, final_loss=0.023570)
  收敛检测[few_shot:few_shot]: 未收敛 (best_epoch=1, best_loss=0.050945, final_loss=0.050945)
    [screen:extreme_source] source_station=61 -> target_station=59, candidate=1, gated=1, effective=1
      [extreme_source:61->target59] [Epoch 1/200] [loss_mse: 0.006700]
      [extreme_source:61->target59] [Epoch 2/200] [loss_mse: 0.011999]
      [extreme_source:61->target59] [Epoch 3/200] [loss_mse: 0.023924]
      [extreme_source:61->target59] [Epoch 4/200] [loss_mse: 0.001083]
      [extreme_source:61->target59] [Epoch 5/200] [loss_mse: 0.001450]
      [extreme_source:61->target59] [Epoch 6/200] [loss_mse: 0.006397]
      [extreme_source:61->target59] [Epoch 7/200] [loss_mse: 0.003268]
      [extreme_source:61->target59] [Epoch 8/200] [loss_mse: 0.007923]
  收敛检测[few_shot:extreme_source_station61_to_59_class1]: 首次达到收敛条件 @ epoch 9 (best_epoch=4, best_loss=0.001083, final_loss=0.002386)
      [extreme_source:61->target59] [Epoch 9/200] [loss_mse: 0.002386]
      [extreme_source:61->target59] [Epoch 10/200] [loss_mse: 0.002396]
      [extreme_source:61->target59] [Epoch 20/200] [loss_mse: 0.000488]
  收敛检测[few_shot:extreme_source_station61_to_59_class1]: 首次达到收敛条件 @ epoch 23 (best_epoch=18, best_loss=0.000032, final_loss=0.002846)
      [extreme_source:61->target59] [Epoch 40/200] [loss_mse: 0.026370]
      [extreme_source:61->target59] [Epoch 60/200] [loss_mse: 0.002010]
      [extreme_source:61->target59] [Epoch 80/200] [loss_mse: 0.000659]
      [extreme_source:61->target59] [Epoch 100/200] [loss_mse: 0.000176]
      [extreme_source:61->target59] [Epoch 120/200] [loss_mse: 0.003661]
      [extreme_source:61->target59] [Epoch 140/200] [loss_mse: 0.000474]
      [extreme_source:61->target59] [Epoch 160/200] [loss_mse: 0.001802]
      [extreme_source:61->target59] [Epoch 180/200] [loss_mse: 0.011018]
      [extreme_source:61->target59] [Epoch 200/200] [loss_mse: 0.010320]
  收敛检测[few_shot:extreme_source_station61_to_59_class1]: 已收敛 @ epoch 23 (best_epoch=18, best_loss=0.000032, final_loss=0.010320)
  收敛检测[few_shot:few_shot]: 未收敛 (best_epoch=1, best_loss=0.085484, final_loss=0.085484)
  收敛检测[few_shot:few_shot]: 未收敛 (best_epoch=1, best_loss=0.061252, final_loss=0.061252)
  收敛检测[few_shot:few_shot]: 未收敛 (best_epoch=1, best_loss=0.078267, final_loss=0.078267)
  收敛检测[few_shot:few_shot]: 未收敛 (best_epoch=1, best_loss=0.039875, final_loss=0.039875)
    [screen:extreme_source] source_station=62 -> target_station=59, candidate=4, gated=4, effective=4
      [extreme_source:62->target59] [Epoch 1/200] [loss_mse: 0.070865]
      [extreme_source:62->target59] [Epoch 2/200] [loss_mse: 0.073513]
      [extreme_source:62->target59] [Epoch 3/200] [loss_mse: 0.065758]
      [extreme_source:62->target59] [Epoch 4/200] [loss_mse: 0.075290]
      [extreme_source:62->target59] [Epoch 5/200] [loss_mse: 0.060309]
      [extreme_source:62->target59] [Epoch 6/200] [loss_mse: 0.053037]
      [extreme_source:62->target59] [Epoch 7/200] [loss_mse: 0.044092]
      [extreme_source:62->target59] [Epoch 8/200] [loss_mse: 0.052834]
      [extreme_source:62->target59] [Epoch 9/200] [loss_mse: 0.043990]
      [extreme_source:62->target59] [Epoch 10/200] [loss_mse: 0.044236]
      [extreme_source:62->target59] [Epoch 20/200] [loss_mse: 0.024578]
  收敛检测[few_shot:extreme_source_station62_to_59_class1]: 首次达到收敛条件 @ epoch 34 (best_epoch=29, best_loss=0.013403, final_loss=0.013734)
      [extreme_source:62->target59] [Epoch 40/200] [loss_mse: 0.011368]
  收敛检测[few_shot:extreme_source_station62_to_59_class1]: 首次达到收敛条件 @ epoch 48 (best_epoch=43, best_loss=0.009827, final_loss=0.013833)
  收敛检测[few_shot:extreme_source_station62_to_59_class1]: 首次达到收敛条件 @ epoch 59 (best_epoch=54, best_loss=0.007918, final_loss=0.007917)
      [extreme_source:62->target59] [Epoch 60/200] [loss_mse: 0.007570]
  收敛检测[few_shot:extreme_source_station62_to_59_class1]: 首次达到收敛条件 @ epoch 67 (best_epoch=62, best_loss=0.007443, final_loss=0.008138)
      [extreme_source:62->target59] [Epoch 80/200] [loss_mse: 0.009040]
      [extreme_source:62->target59] [Epoch 100/200] [loss_mse: 0.008948]
  收敛检测[few_shot:extreme_source_station62_to_59_class1]: 首次达到收敛条件 @ epoch 104 (best_epoch=99, best_loss=0.007247, final_loss=0.008068)
      [extreme_source:62->target59] [Epoch 120/200] [loss_mse: 0.008111]
  收敛检测[few_shot:extreme_source_station62_to_59_class1]: 首次达到收敛条件 @ epoch 128 (best_epoch=123, best_loss=0.006853, final_loss=0.008835)
      [extreme_source:62->target59] [Epoch 140/200] [loss_mse: 0.007491]
      [extreme_source:62->target59] [Epoch 160/200] [loss_mse: 0.010010]
      [extreme_source:62->target59] [Epoch 180/200] [loss_mse: 0.008751]
      [extreme_source:62->target59] [Epoch 200/200] [loss_mse: 0.006976]
  收敛检测[few_shot:extreme_source_station62_to_59_class1]: 已收敛 @ epoch 128 (best_epoch=123, best_loss=0.006853, final_loss=0.006976)
  收敛检测[few_shot:few_shot]: 未收敛 (best_epoch=1, best_loss=0.015627, final_loss=0.015627)
  收敛检测[few_shot:few_shot]: 未收敛 (best_epoch=1, best_loss=0.069969, final_loss=0.069969)
  收敛检测[few_shot:few_shot]: 未收敛 (best_epoch=1, best_loss=0.017793, final_loss=0.017793)
    [screen:extreme_source] source_station=63 -> target_station=59, candidate=3, gated=3, effective=3
      [extreme_source:63->target59] [Epoch 1/200] [loss_mse: 0.033156]
      [extreme_source:63->target59] [Epoch 2/200] [loss_mse: 0.041962]
      [extreme_source:63->target59] [Epoch 3/200] [loss_mse: 0.048129]
      [extreme_source:63->target59] [Epoch 4/200] [loss_mse: 0.034982]
      [extreme_source:63->target59] [Epoch 5/200] [loss_mse: 0.035986]
  收敛检测[few_shot:extreme_source_station63_to_59_class1]: 首次达到收敛条件 @ epoch 6 (best_epoch=1, best_loss=0.033156, final_loss=0.033658)
      [extreme_source:63->target59] [Epoch 6/200] [loss_mse: 0.033658]
      [extreme_source:63->target59] [Epoch 7/200] [loss_mse: 0.025710]
      [extreme_source:63->target59] [Epoch 8/200] [loss_mse: 0.034511]
      [extreme_source:63->target59] [Epoch 9/200] [loss_mse: 0.031469]
      [extreme_source:63->target59] [Epoch 10/200] [loss_mse: 0.026268]
      [extreme_source:63->target59] [Epoch 20/200] [loss_mse: 0.016436]
  收敛检测[few_shot:extreme_source_station63_to_59_class1]: 首次达到收敛条件 @ epoch 26 (best_epoch=21, best_loss=0.011805, final_loss=0.018753)
  收敛检测[few_shot:extreme_source_station63_to_59_class1]: 首次达到收敛条件 @ epoch 32 (best_epoch=27, best_loss=0.010951, final_loss=0.012603)
      [extreme_source:63->target59] [Epoch 40/200] [loss_mse: 0.011268]
  收敛检测[few_shot:extreme_source_station63_to_59_class1]: 首次达到收敛条件 @ epoch 42 (best_epoch=37, best_loss=0.010551, final_loss=0.016347)
  收敛检测[few_shot:extreme_source_station63_to_59_class1]: 首次达到收敛条件 @ epoch 50 (best_epoch=45, best_loss=0.010282, final_loss=0.015055)
      [extreme_source:63->target59] [Epoch 60/200] [loss_mse: 0.013209]
  收敛检测[few_shot:extreme_source_station63_to_59_class1]: 首次达到收敛条件 @ epoch 73 (best_epoch=68, best_loss=0.009956, final_loss=0.010971)
      [extreme_source:63->target59] [Epoch 80/200] [loss_mse: 0.010091]
  收敛检测[few_shot:extreme_source_station63_to_59_class1]: 首次达到收敛条件 @ epoch 81 (best_epoch=76, best_loss=0.009623, final_loss=0.013317)
      [extreme_source:63->target59] [Epoch 100/200] [loss_mse: 0.013561]
  收敛检测[few_shot:extreme_source_station63_to_59_class1]: 首次达到收敛条件 @ epoch 108 (best_epoch=103, best_loss=0.007695, final_loss=0.012226)
      [extreme_source:63->target59] [Epoch 120/200] [loss_mse: 0.013645]
      [extreme_source:63->target59] [Epoch 140/200] [loss_mse: 0.014558]
      [extreme_source:63->target59] [Epoch 160/200] [loss_mse: 0.017138]
      [extreme_source:63->target59] [Epoch 180/200] [loss_mse: 0.013976]
      [extreme_source:63->target59] [Epoch 200/200] [loss_mse: 0.012681]
  收敛检测[few_shot:extreme_source_station63_to_59_class1]: 已收敛 @ epoch 108 (best_epoch=103, best_loss=0.007695, final_loss=0.012681)
      [Extreme-FedAvg:target_refine] [Epoch 1/200] [loss_mse: 0.028053]
      [Extreme-FedAvg:target_refine] [Epoch 2/200] [loss_mse: 0.022544]
      [Extreme-FedAvg:target_refine] [Epoch 3/200] [loss_mse: 0.022055]
      [Extreme-FedAvg:target_refine] [Epoch 4/200] [loss_mse: 0.021921]
      [Extreme-FedAvg:target_refine] [Epoch 5/200] [loss_mse: 0.022697]
      [Extreme-FedAvg:target_refine] [Epoch 6/200] [loss_mse: 0.018863]
      [Extreme-FedAvg:target_refine] [Epoch 7/200] [loss_mse: 0.016784]
      [Extreme-FedAvg:target_refine] [Epoch 8/200] [loss_mse: 0.015251]
      [Extreme-FedAvg:target_refine] [Epoch 9/200] [loss_mse: 0.016729]
      [Extreme-FedAvg:target_refine] [Epoch 10/200] [loss_mse: 0.013096]
      [Extreme-FedAvg:target_refine] [Epoch 20/200] [loss_mse: 0.006755]
  收敛检测[few_shot:extreme_fedavg_station59_class1]: 首次达到收敛条件 @ epoch 30 (best_epoch=25, best_loss=0.005554, final_loss=0.006255)
      [Extreme-FedAvg:target_refine] [Epoch 40/200] [loss_mse: 0.006499]
  收敛检测[few_shot:extreme_fedavg_station59_class1]: 首次达到收敛条件 @ epoch 57 (best_epoch=52, best_loss=0.005208, final_loss=0.005869)
      [Extreme-FedAvg:target_refine] [Epoch 60/200] [loss_mse: 0.006250]
      [Extreme-FedAvg:target_refine] [Epoch 80/200] [loss_mse: 0.006780]
  收敛检测[few_shot:extreme_fedavg_station59_class1]: 首次达到收敛条件 @ epoch 99 (best_epoch=94, best_loss=0.004941, final_loss=0.006256)
      [Extreme-FedAvg:target_refine] [Epoch 100/200] [loss_mse: 0.005267]
  收敛检测[few_shot:extreme_fedavg_station59_class1]: 首次达到收敛条件 @ epoch 107 (best_epoch=102, best_loss=0.004697, final_loss=0.006436)
  收敛检测[few_shot:extreme_fedavg_station59_class1]: 首次达到收敛条件 @ epoch 113 (best_epoch=108, best_loss=0.004115, final_loss=0.006185)
      [Extreme-FedAvg:target_refine] [Epoch 120/200] [loss_mse: 0.005918]
      [Extreme-FedAvg:target_refine] [Epoch 140/200] [loss_mse: 0.005323]
      [Extreme-FedAvg:target_refine] [Epoch 160/200] [loss_mse: 0.005820]
      [Extreme-FedAvg:target_refine] [Epoch 180/200] [loss_mse: 0.006109]
      [Extreme-FedAvg:target_refine] [Epoch 200/200] [loss_mse: 0.005892]
  收敛检测[few_shot:extreme_fedavg_station59_class1]: 已收敛 @ epoch 113 (best_epoch=108, best_loss=0.004115, final_loss=0.005892)
    ✓ 保存(Extreme-FedAvg): artifacts/2h6p_six_station/fed-normal-meta-5k/models/model_fore_station59_extreme1_extreme_fedavg.pth weights={'59': 0.16666666666666666, '58': 0.16666666666666666, '60': 0.16666666666666666, '61': 0.16666666666666666, '62': 0.16666666666666666, '63': 0.16666666666666666}
      [Proposed-A:self_update] [Epoch 1/200] [loss_mse: 0.072922]
      [Proposed-A:self_update] [Epoch 2/200] [loss_mse: 0.071262]
      [Proposed-A:self_update] [Epoch 3/200] [loss_mse: 0.066398]
      [Proposed-A:self_update] [Epoch 4/200] [loss_mse: 0.063524]
      [Proposed-A:self_update] [Epoch 5/200] [loss_mse: 0.060032]
      [Proposed-A:self_update] [Epoch 6/200] [loss_mse: 0.056965]
      [Proposed-A:self_update] [Epoch 7/200] [loss_mse: 0.052695]
      [Proposed-A:self_update] [Epoch 8/200] [loss_mse: 0.043007]
      [Proposed-A:self_update] [Epoch 9/200] [loss_mse: 0.037164]
      [Proposed-A:self_update] [Epoch 10/200] [loss_mse: 0.036036]
      [Proposed-A:self_update] [Epoch 20/200] [loss_mse: 0.015512]
      [Proposed-A:self_update] [Epoch 40/200] [loss_mse: 0.007872]
  收敛检测[few_shot:proposed_self_station59_class1]: 首次达到收敛条件 @ epoch 46 (best_epoch=41, best_loss=0.006292, final_loss=0.006603)
  收敛检测[few_shot:proposed_self_station59_class1]: 首次达到收敛条件 @ epoch 59 (best_epoch=54, best_loss=0.005293, final_loss=0.006227)
      [Proposed-A:self_update] [Epoch 60/200] [loss_mse: 0.005785]
      [Proposed-A:self_update] [Epoch 80/200] [loss_mse: 0.006445]
      [Proposed-A:self_update] [Epoch 100/200] [loss_mse: 0.005130]
  收敛检测[few_shot:proposed_self_station59_class1]: 首次达到收敛条件 @ epoch 105 (best_epoch=100, best_loss=0.005130, final_loss=0.006040)
  收敛检测[few_shot:proposed_self_station59_class1]: 首次达到收敛条件 @ epoch 115 (best_epoch=110, best_loss=0.004933, final_loss=0.005992)
      [Proposed-A:self_update] [Epoch 120/200] [loss_mse: 0.006947]
      [Proposed-A:self_update] [Epoch 140/200] [loss_mse: 0.006047]
      [Proposed-A:self_update] [Epoch 160/200] [loss_mse: 0.006569]
      [Proposed-A:self_update] [Epoch 180/200] [loss_mse: 0.006210]
      [Proposed-A:self_update] [Epoch 200/200] [loss_mse: 0.005165]
  收敛检测[few_shot:proposed_self_station59_class1]: 已收敛 @ epoch 115 (best_epoch=110, best_loss=0.004933, final_loss=0.005165)
  收敛检测[few_shot:few_shot]: 未收敛 (best_epoch=1, best_loss=0.035472, final_loss=0.035472)
    [screen:proposed_source] source_station=58 -> target_station=59, candidate=1, gated=1, effective=1
      [proposed_source:58->target59] [Epoch 1/200] [loss_mse: 0.020461]
      [proposed_source:58->target59] [Epoch 2/200] [loss_mse: 0.016125]
      [proposed_source:58->target59] [Epoch 3/200] [loss_mse: 0.012959]
      [proposed_source:58->target59] [Epoch 4/200] [loss_mse: 0.011041]
      [proposed_source:58->target59] [Epoch 5/200] [loss_mse: 0.021811]
      [proposed_source:58->target59] [Epoch 6/200] [loss_mse: 0.015643]
      [proposed_source:58->target59] [Epoch 7/200] [loss_mse: 0.019591]
      [proposed_source:58->target59] [Epoch 8/200] [loss_mse: 0.020050]
      [proposed_source:58->target59] [Epoch 9/200] [loss_mse: 0.008774]
      [proposed_source:58->target59] [Epoch 10/200] [loss_mse: 0.008897]
  收敛检测[few_shot:proposed_source_station58_to_59_class1]: 首次达到收敛条件 @ epoch 14 (best_epoch=9, best_loss=0.008774, final_loss=0.014415)
      [proposed_source:58->target59] [Epoch 20/200] [loss_mse: 0.017859]
  收敛检测[few_shot:proposed_source_station58_to_59_class1]: 首次达到收敛条件 @ epoch 30 (best_epoch=25, best_loss=0.008588, final_loss=0.025676)
      [proposed_source:58->target59] [Epoch 40/200] [loss_mse: 0.014519]
  收敛检测[few_shot:proposed_source_station58_to_59_class1]: 首次达到收敛条件 @ epoch 43 (best_epoch=38, best_loss=0.007703, final_loss=0.021357)
      [proposed_source:58->target59] [Epoch 60/200] [loss_mse: 0.025805]
  收敛检测[few_shot:proposed_source_station58_to_59_class1]: 首次达到收敛条件 @ epoch 61 (best_epoch=56, best_loss=0.001361, final_loss=0.010702)
      [proposed_source:58->target59] [Epoch 80/200] [loss_mse: 0.014625]
      [proposed_source:58->target59] [Epoch 100/200] [loss_mse: 0.012308]
  收敛检测[few_shot:proposed_source_station58_to_59_class1]: 首次达到收敛条件 @ epoch 109 (best_epoch=104, best_loss=0.001088, final_loss=0.009349)
      [proposed_source:58->target59] [Epoch 120/200] [loss_mse: 0.019716]
      [proposed_source:58->target59] [Epoch 140/200] [loss_mse: 0.005514]
  收敛检测[few_shot:proposed_source_station58_to_59_class1]: 首次达到收敛条件 @ epoch 156 (best_epoch=151, best_loss=0.000261, final_loss=0.020968)
      [proposed_source:58->target59] [Epoch 160/200] [loss_mse: 0.008903]
      [proposed_source:58->target59] [Epoch 180/200] [loss_mse: 0.010310]
  收敛检测[few_shot:proposed_source_station58_to_59_class1]: 首次达到收敛条件 @ epoch 194 (best_epoch=189, best_loss=0.000146, final_loss=0.014782)
      [proposed_source:58->target59] [Epoch 200/200] [loss_mse: 0.021410]
  收敛检测[few_shot:proposed_source_station58_to_59_class1]: 已收敛 @ epoch 194 (best_epoch=189, best_loss=0.000146, final_loss=0.021410)
  收敛检测[few_shot:few_shot]: 未收敛 (best_epoch=1, best_loss=0.017776, final_loss=0.017776)
  收敛检测[few_shot:few_shot]: 未收敛 (best_epoch=1, best_loss=0.072046, final_loss=0.072046)
  收敛检测[few_shot:few_shot]: 未收敛 (best_epoch=1, best_loss=0.030584, final_loss=0.030584)
    [screen:proposed_source] source_station=60 -> target_station=59, candidate=3, gated=3, effective=3
      [proposed_source:60->target59] [Epoch 1/200] [loss_mse: 0.039197]
      [proposed_source:60->target59] [Epoch 2/200] [loss_mse: 0.042530]
      [proposed_source:60->target59] [Epoch 3/200] [loss_mse: 0.046518]
      [proposed_source:60->target59] [Epoch 4/200] [loss_mse: 0.035553]
      [proposed_source:60->target59] [Epoch 5/200] [loss_mse: 0.039692]
      [proposed_source:60->target59] [Epoch 6/200] [loss_mse: 0.035510]
      [proposed_source:60->target59] [Epoch 7/200] [loss_mse: 0.024908]
      [proposed_source:60->target59] [Epoch 8/200] [loss_mse: 0.028493]
      [proposed_source:60->target59] [Epoch 9/200] [loss_mse: 0.028956]
      [proposed_source:60->target59] [Epoch 10/200] [loss_mse: 0.024957]
  收敛检测[few_shot:proposed_source_station60_to_59_class1]: 首次达到收敛条件 @ epoch 12 (best_epoch=7, best_loss=0.024908, final_loss=0.025344)
  收敛检测[few_shot:proposed_source_station60_to_59_class1]: 首次达到收敛条件 @ epoch 20 (best_epoch=15, best_loss=0.021268, final_loss=0.022611)
      [proposed_source:60->target59] [Epoch 20/200] [loss_mse: 0.022611]
  收敛检测[few_shot:proposed_source_station60_to_59_class1]: 首次达到收敛条件 @ epoch 26 (best_epoch=21, best_loss=0.019889, final_loss=0.023215)
  收敛检测[few_shot:proposed_source_station60_to_59_class1]: 首次达到收敛条件 @ epoch 37 (best_epoch=32, best_loss=0.019644, final_loss=0.026330)
      [proposed_source:60->target59] [Epoch 40/200] [loss_mse: 0.022748]
      [proposed_source:60->target59] [Epoch 60/200] [loss_mse: 0.021654]
      [proposed_source:60->target59] [Epoch 80/200] [loss_mse: 0.022255]
  收敛检测[few_shot:proposed_source_station60_to_59_class1]: 首次达到收敛条件 @ epoch 87 (best_epoch=82, best_loss=0.019509, final_loss=0.023579)
      [proposed_source:60->target59] [Epoch 100/200] [loss_mse: 0.020308]
      [proposed_source:60->target59] [Epoch 120/200] [loss_mse: 0.023312]
  收敛检测[few_shot:proposed_source_station60_to_59_class1]: 首次达到收敛条件 @ epoch 127 (best_epoch=122, best_loss=0.018822, final_loss=0.024005)
      [proposed_source:60->target59] [Epoch 140/200] [loss_mse: 0.022622]
      [proposed_source:60->target59] [Epoch 160/200] [loss_mse: 0.024066]
  收敛检测[few_shot:proposed_source_station60_to_59_class1]: 首次达到收敛条件 @ epoch 172 (best_epoch=167, best_loss=0.018554, final_loss=0.025929)
      [proposed_source:60->target59] [Epoch 180/200] [loss_mse: 0.020847]
      [proposed_source:60->target59] [Epoch 200/200] [loss_mse: 0.021293]
  收敛检测[few_shot:proposed_source_station60_to_59_class1]: 已收敛 @ epoch 172 (best_epoch=167, best_loss=0.018554, final_loss=0.021293)
  收敛检测[few_shot:few_shot]: 未收敛 (best_epoch=1, best_loss=0.051808, final_loss=0.051808)
    [screen:proposed_source] source_station=61 -> target_station=59, candidate=1, gated=1, effective=1
      [proposed_source:61->target59] [Epoch 1/200] [loss_mse: 0.005687]
      [proposed_source:61->target59] [Epoch 2/200] [loss_mse: 0.003145]
      [proposed_source:61->target59] [Epoch 3/200] [loss_mse: 0.002749]
      [proposed_source:61->target59] [Epoch 4/200] [loss_mse: 0.001120]
      [proposed_source:61->target59] [Epoch 5/200] [loss_mse: 0.001255]
      [proposed_source:61->target59] [Epoch 6/200] [loss_mse: 0.000365]
      [proposed_source:61->target59] [Epoch 7/200] [loss_mse: 0.000097]
      [proposed_source:61->target59] [Epoch 8/200] [loss_mse: 0.003988]
      [proposed_source:61->target59] [Epoch 9/200] [loss_mse: 0.000175]
      [proposed_source:61->target59] [Epoch 10/200] [loss_mse: 0.005341]
  收敛检测[few_shot:proposed_source_station61_to_59_class1]: 首次达到收敛条件 @ epoch 12 (best_epoch=7, best_loss=0.000097, final_loss=0.006322)
      [proposed_source:61->target59] [Epoch 20/200] [loss_mse: 0.003003]
      [proposed_source:61->target59] [Epoch 40/200] [loss_mse: 0.002015]
      [proposed_source:61->target59] [Epoch 60/200] [loss_mse: 0.001140]
      [proposed_source:61->target59] [Epoch 80/200] [loss_mse: 0.002122]
      [proposed_source:61->target59] [Epoch 100/200] [loss_mse: 0.000085]
      [proposed_source:61->target59] [Epoch 120/200] [loss_mse: 0.001221]
      [proposed_source:61->target59] [Epoch 140/200] [loss_mse: 0.000601]
      [proposed_source:61->target59] [Epoch 160/200] [loss_mse: 0.001270]
      [proposed_source:61->target59] [Epoch 180/200] [loss_mse: 0.001468]
      [proposed_source:61->target59] [Epoch 200/200] [loss_mse: 0.015176]
  收敛检测[few_shot:proposed_source_station61_to_59_class1]: 已收敛 @ epoch 12 (best_epoch=7, best_loss=0.000097, final_loss=0.015176)
  收敛检测[few_shot:few_shot]: 未收敛 (best_epoch=1, best_loss=0.079097, final_loss=0.079097)
  收敛检测[few_shot:few_shot]: 未收敛 (best_epoch=1, best_loss=0.064925, final_loss=0.064925)
  收敛检测[few_shot:few_shot]: 未收敛 (best_epoch=1, best_loss=0.079432, final_loss=0.079432)
  收敛检测[few_shot:few_shot]: 未收敛 (best_epoch=1, best_loss=0.051729, final_loss=0.051729)
    [screen:proposed_source] source_station=62 -> target_station=59, candidate=4, gated=4, effective=4
      [proposed_source:62->target59] [Epoch 1/200] [loss_mse: 0.071891]
      [proposed_source:62->target59] [Epoch 2/200] [loss_mse: 0.068889]
      [proposed_source:62->target59] [Epoch 3/200] [loss_mse: 0.066101]
      [proposed_source:62->target59] [Epoch 4/200] [loss_mse: 0.072681]
      [proposed_source:62->target59] [Epoch 5/200] [loss_mse: 0.059364]
      [proposed_source:62->target59] [Epoch 6/200] [loss_mse: 0.060469]
      [proposed_source:62->target59] [Epoch 7/200] [loss_mse: 0.050745]
      [proposed_source:62->target59] [Epoch 8/200] [loss_mse: 0.049190]
      [proposed_source:62->target59] [Epoch 9/200] [loss_mse: 0.036130]
      [proposed_source:62->target59] [Epoch 10/200] [loss_mse: 0.037601]
      [proposed_source:62->target59] [Epoch 20/200] [loss_mse: 0.023866]
      [proposed_source:62->target59] [Epoch 40/200] [loss_mse: 0.010030]
  收敛检测[few_shot:proposed_source_station62_to_59_class1]: 首次达到收敛条件 @ epoch 48 (best_epoch=43, best_loss=0.008600, final_loss=0.008759)
  收敛检测[few_shot:proposed_source_station62_to_59_class1]: 首次达到收敛条件 @ epoch 54 (best_epoch=49, best_loss=0.007374, final_loss=0.008064)
      [proposed_source:62->target59] [Epoch 60/200] [loss_mse: 0.008988]
      [proposed_source:62->target59] [Epoch 80/200] [loss_mse: 0.009762]
      [proposed_source:62->target59] [Epoch 100/200] [loss_mse: 0.010525]
      [proposed_source:62->target59] [Epoch 120/200] [loss_mse: 0.008893]
      [proposed_source:62->target59] [Epoch 140/200] [loss_mse: 0.008600]
      [proposed_source:62->target59] [Epoch 160/200] [loss_mse: 0.008676]
      [proposed_source:62->target59] [Epoch 180/200] [loss_mse: 0.009063]
      [proposed_source:62->target59] [Epoch 200/200] [loss_mse: 0.008457]
  收敛检测[few_shot:proposed_source_station62_to_59_class1]: 已收敛 @ epoch 54 (best_epoch=49, best_loss=0.007374, final_loss=0.008457)
  收敛检测[few_shot:few_shot]: 未收敛 (best_epoch=1, best_loss=0.021863, final_loss=0.021863)
  收敛检测[few_shot:few_shot]: 未收敛 (best_epoch=1, best_loss=0.061999, final_loss=0.061999)
  收敛检测[few_shot:few_shot]: 未收敛 (best_epoch=1, best_loss=0.029039, final_loss=0.029039)
    [screen:proposed_source] source_station=63 -> target_station=59, candidate=3, gated=3, effective=3
      [proposed_source:63->target59] [Epoch 1/200] [loss_mse: 0.049185]
      [proposed_source:63->target59] [Epoch 2/200] [loss_mse: 0.038857]
      [proposed_source:63->target59] [Epoch 3/200] [loss_mse: 0.036407]
      [proposed_source:63->target59] [Epoch 4/200] [loss_mse: 0.031126]
      [proposed_source:63->target59] [Epoch 5/200] [loss_mse: 0.030311]
      [proposed_source:63->target59] [Epoch 6/200] [loss_mse: 0.026417]
      [proposed_source:63->target59] [Epoch 7/200] [loss_mse: 0.022245]
      [proposed_source:63->target59] [Epoch 8/200] [loss_mse: 0.022078]
      [proposed_source:63->target59] [Epoch 9/200] [loss_mse: 0.022254]
      [proposed_source:63->target59] [Epoch 10/200] [loss_mse: 0.019813]
  收敛检测[few_shot:proposed_source_station63_to_59_class1]: 首次达到收敛条件 @ epoch 19 (best_epoch=14, best_loss=0.012290, final_loss=0.013222)
      [proposed_source:63->target59] [Epoch 20/200] [loss_mse: 0.013642]
  收敛检测[few_shot:proposed_source_station63_to_59_class1]: 首次达到收敛条件 @ epoch 27 (best_epoch=22, best_loss=0.011922, final_loss=0.013004)
  收敛检测[few_shot:proposed_source_station63_to_59_class1]: 首次达到收敛条件 @ epoch 36 (best_epoch=31, best_loss=0.011334, final_loss=0.012115)
      [proposed_source:63->target59] [Epoch 40/200] [loss_mse: 0.010466]
  收敛检测[few_shot:proposed_source_station63_to_59_class1]: 首次达到收敛条件 @ epoch 45 (best_epoch=40, best_loss=0.010466, final_loss=0.012103)
  收敛检测[few_shot:proposed_source_station63_to_59_class1]: 首次达到收敛条件 @ epoch 53 (best_epoch=48, best_loss=0.010085, final_loss=0.011148)
      [proposed_source:63->target59] [Epoch 60/200] [loss_mse: 0.015780]
      [proposed_source:63->target59] [Epoch 80/200] [loss_mse: 0.011683]
  收敛检测[few_shot:proposed_source_station63_to_59_class1]: 首次达到收敛条件 @ epoch 98 (best_epoch=93, best_loss=0.008683, final_loss=0.016575)
      [proposed_source:63->target59] [Epoch 100/200] [loss_mse: 0.012057]
      [proposed_source:63->target59] [Epoch 120/200] [loss_mse: 0.013928]
      [proposed_source:63->target59] [Epoch 140/200] [loss_mse: 0.013262]
      [proposed_source:63->target59] [Epoch 160/200] [loss_mse: 0.014869]
      [proposed_source:63->target59] [Epoch 180/200] [loss_mse: 0.014054]
      [proposed_source:63->target59] [Epoch 200/200] [loss_mse: 0.010715]
  收敛检测[few_shot:proposed_source_station63_to_59_class1]: 已收敛 @ epoch 98 (best_epoch=93, best_loss=0.008683, final_loss=0.010715)
      [Proposed-A:target_refine] [Epoch 1/200] [loss_mse: 0.009947]
      [Proposed-A:target_refine] [Epoch 2/200] [loss_mse: 0.008972]
      [Proposed-A:target_refine] [Epoch 3/200] [loss_mse: 0.007852]
      [Proposed-A:target_refine] [Epoch 4/200] [loss_mse: 0.005931]
      [Proposed-A:target_refine] [Epoch 5/200] [loss_mse: 0.006515]
      [Proposed-A:target_refine] [Epoch 6/200] [loss_mse: 0.006498]
      [Proposed-A:target_refine] [Epoch 7/200] [loss_mse: 0.005355]
      [Proposed-A:target_refine] [Epoch 8/200] [loss_mse: 0.007265]
      [Proposed-A:target_refine] [Epoch 9/200] [loss_mse: 0.006141]
      [Proposed-A:target_refine] [Epoch 10/200] [loss_mse: 0.006544]
  收敛检测[few_shot:proposed_a_station59_class1]: 首次达到收敛条件 @ epoch 12 (best_epoch=7, best_loss=0.005355, final_loss=0.005806)
      [Proposed-A:target_refine] [Epoch 20/200] [loss_mse: 0.006015]
  收敛检测[few_shot:proposed_a_station59_class1]: 首次达到收敛条件 @ epoch 24 (best_epoch=19, best_loss=0.005050, final_loss=0.006646)
      [Proposed-A:target_refine] [Epoch 40/200] [loss_mse: 0.006145]
      [Proposed-A:target_refine] [Epoch 60/200] [loss_mse: 0.005164]
      [Proposed-A:target_refine] [Epoch 80/200] [loss_mse: 0.004577]
  收敛检测[few_shot:proposed_a_station59_class1]: 首次达到收敛条件 @ epoch 85 (best_epoch=80, best_loss=0.004577, final_loss=0.005547)
      [Proposed-A:target_refine] [Epoch 100/200] [loss_mse: 0.005961]
      [Proposed-A:target_refine] [Epoch 120/200] [loss_mse: 0.005422]
      [Proposed-A:target_refine] [Epoch 140/200] [loss_mse: 0.005321]
  收敛检测[few_shot:proposed_a_station59_class1]: 首次达到收敛条件 @ epoch 146 (best_epoch=141, best_loss=0.004316, final_loss=0.005804)
      [Proposed-A:target_refine] [Epoch 160/200] [loss_mse: 0.004661]
      [Proposed-A:target_refine] [Epoch 180/200] [loss_mse: 0.004382]
      [Proposed-A:target_refine] [Epoch 200/200] [loss_mse: 0.004606]
  收敛检测[few_shot:proposed_a_station59_class1]: 已收敛 @ epoch 146 (best_epoch=141, best_loss=0.004316, final_loss=0.004606)
    ✓ 保存(Proposed-A): artifacts/2h6p_six_station/fed-normal-meta-5k/models/model_fore_station59_extreme1_proposed_a.pth weights={'59': 0.5, '58': 0.05496894699993001, '60': 0.12411770600416483, '61': 0.05697560924642732, '62': 0.13860468291046604, '63': 0.1253330548390118}

  极端天气类别 3:
    样本数: 2
    训练轮数: 200, few-shot loss=MSE
    adapt/val: 1 / 1
      [LMT] [Epoch 1/200] [loss_mse: 0.176167]
      [LMT] [Epoch 2/200] [loss_mse: 0.156973]
      [LMT] [Epoch 3/200] [loss_mse: 0.178571]
      [LMT] [Epoch 4/200] [loss_mse: 0.181899]
      [LMT] [Epoch 5/200] [loss_mse: 0.141226]
      [LMT] [Epoch 6/200] [loss_mse: 0.114723]
      [LMT] [Epoch 7/200] [loss_mse: 0.110440]
      [LMT] [Epoch 8/200] [loss_mse: 0.128602]
      [LMT] [Epoch 9/200] [loss_mse: 0.166394]
      [LMT] [Epoch 10/200] [loss_mse: 0.105007]
  收敛检测[few_shot:lmt_station59_class2]: 首次达到收敛条件 @ epoch 19 (best_epoch=14, best_loss=0.089264, final_loss=0.117864)
      [LMT] [Epoch 20/200] [loss_mse: 0.095986]
  收敛检测[few_shot:lmt_station59_class2]: 首次达到收敛条件 @ epoch 26 (best_epoch=21, best_loss=0.062421, final_loss=0.072418)
      [LMT] [Epoch 40/200] [loss_mse: 0.079045]
  收敛检测[few_shot:lmt_station59_class2]: 首次达到收敛条件 @ epoch 46 (best_epoch=41, best_loss=0.048153, final_loss=0.054310)
  收敛检测[few_shot:lmt_station59_class2]: 首次达到收敛条件 @ epoch 56 (best_epoch=51, best_loss=0.034528, final_loss=0.130399)
      [LMT] [Epoch 60/200] [loss_mse: 0.083097]
      [LMT] [Epoch 80/200] [loss_mse: 0.042078]
  收敛检测[few_shot:lmt_station59_class2]: 首次达到收敛条件 @ epoch 88 (best_epoch=83, best_loss=0.029488, final_loss=0.126331)
      [LMT] [Epoch 100/200] [loss_mse: 0.047185]
      [LMT] [Epoch 120/200] [loss_mse: 0.083844]
      [LMT] [Epoch 140/200] [loss_mse: 0.041794]
      [LMT] [Epoch 160/200] [loss_mse: 0.134583]
      [LMT] [Epoch 180/200] [loss_mse: 0.031627]
  收敛检测[few_shot:lmt_station59_class2]: 首次达到收敛条件 @ epoch 200 (best_epoch=195, best_loss=0.028141, final_loss=0.061953)
      [LMT] [Epoch 200/200] [loss_mse: 0.061953]
  收敛检测[few_shot:lmt_station59_class2]: 已收敛 @ epoch 200 (best_epoch=195, best_loss=0.028141, final_loss=0.061953)
    ✓ 保存(LMT): artifacts/2h6p_six_station/fed-normal-meta-5k/models/model_fore_station59_extreme2.pth
  收敛检测[few_shot:few_shot]: 未收敛 (best_epoch=1, best_loss=0.123036, final_loss=0.123036)
    [screen:extreme_source] source_station=58 -> target_station=59, candidate=1, gated=1, effective=1
      [extreme_source:58->target59] [Epoch 1/200] [loss_mse: 0.000336]
      [extreme_source:58->target59] [Epoch 2/200] [loss_mse: 0.000778]
      [extreme_source:58->target59] [Epoch 3/200] [loss_mse: 0.000104]
      [extreme_source:58->target59] [Epoch 4/200] [loss_mse: 0.003008]
      [extreme_source:58->target59] [Epoch 5/200] [loss_mse: 0.029827]
      [extreme_source:58->target59] [Epoch 6/200] [loss_mse: 0.001613]
      [extreme_source:58->target59] [Epoch 7/200] [loss_mse: 0.000361]
  收敛检测[few_shot:extreme_source_station58_to_59_class2]: 首次达到收敛条件 @ epoch 8 (best_epoch=3, best_loss=0.000104, final_loss=0.002831)
      [extreme_source:58->target59] [Epoch 8/200] [loss_mse: 0.002831]
      [extreme_source:58->target59] [Epoch 9/200] [loss_mse: 0.003838]
      [extreme_source:58->target59] [Epoch 10/200] [loss_mse: 0.001649]
      [extreme_source:58->target59] [Epoch 20/200] [loss_mse: 0.000486]
      [extreme_source:58->target59] [Epoch 40/200] [loss_mse: 0.009945]
      [extreme_source:58->target59] [Epoch 60/200] [loss_mse: 0.002535]
      [extreme_source:58->target59] [Epoch 80/200] [loss_mse: 0.000378]
      [extreme_source:58->target59] [Epoch 100/200] [loss_mse: 0.002105]
      [extreme_source:58->target59] [Epoch 120/200] [loss_mse: 0.000560]
      [extreme_source:58->target59] [Epoch 140/200] [loss_mse: 0.002612]
  收敛检测[few_shot:extreme_source_station58_to_59_class2]: 首次达到收敛条件 @ epoch 160 (best_epoch=155, best_loss=0.000003, final_loss=0.000101)
      [extreme_source:58->target59] [Epoch 160/200] [loss_mse: 0.000101]
      [extreme_source:58->target59] [Epoch 180/200] [loss_mse: 0.044043]
      [extreme_source:58->target59] [Epoch 200/200] [loss_mse: 0.000581]
  收敛检测[few_shot:extreme_source_station58_to_59_class2]: 已收敛 @ epoch 160 (best_epoch=155, best_loss=0.000003, final_loss=0.000581)
  收敛检测[few_shot:few_shot]: 未收敛 (best_epoch=1, best_loss=0.229836, final_loss=0.229836)
    [screen:extreme_source] source_station=60 -> target_station=59, candidate=1, gated=1, effective=1
      [extreme_source:60->target59] [Epoch 1/200] [loss_mse: 0.134135]
      [extreme_source:60->target59] [Epoch 2/200] [loss_mse: 0.121756]
      [extreme_source:60->target59] [Epoch 3/200] [loss_mse: 0.098459]
      [extreme_source:60->target59] [Epoch 4/200] [loss_mse: 0.139124]
      [extreme_source:60->target59] [Epoch 5/200] [loss_mse: 0.113788]
      [extreme_source:60->target59] [Epoch 6/200] [loss_mse: 0.094349]
      [extreme_source:60->target59] [Epoch 7/200] [loss_mse: 0.110794]
      [extreme_source:60->target59] [Epoch 8/200] [loss_mse: 0.107402]
      [extreme_source:60->target59] [Epoch 9/200] [loss_mse: 0.072026]
      [extreme_source:60->target59] [Epoch 10/200] [loss_mse: 0.101358]
  收敛检测[few_shot:extreme_source_station60_to_59_class2]: 首次达到收敛条件 @ epoch 18 (best_epoch=13, best_loss=0.060506, final_loss=0.147405)
      [extreme_source:60->target59] [Epoch 20/200] [loss_mse: 0.029661]
  收敛检测[few_shot:extreme_source_station60_to_59_class2]: 首次达到收敛条件 @ epoch 25 (best_epoch=20, best_loss=0.029661, final_loss=0.031696)
  收敛检测[few_shot:extreme_source_station60_to_59_class2]: 首次达到收敛条件 @ epoch 40 (best_epoch=35, best_loss=0.014028, final_loss=0.072346)
      [extreme_source:60->target59] [Epoch 40/200] [loss_mse: 0.072346]
  收敛检测[few_shot:extreme_source_station60_to_59_class2]: 首次达到收敛条件 @ epoch 54 (best_epoch=49, best_loss=0.003369, final_loss=0.009754)
      [extreme_source:60->target59] [Epoch 60/200] [loss_mse: 0.020997]
  收敛检测[few_shot:extreme_source_station60_to_59_class2]: 首次达到收敛条件 @ epoch 66 (best_epoch=61, best_loss=0.000617, final_loss=0.005290)
      [extreme_source:60->target59] [Epoch 80/200] [loss_mse: 0.000862]
  收敛检测[few_shot:extreme_source_station60_to_59_class2]: 首次达到收敛条件 @ epoch 95 (best_epoch=90, best_loss=0.000345, final_loss=0.078328)
      [extreme_source:60->target59] [Epoch 100/200] [loss_mse: 0.005627]
  收敛检测[few_shot:extreme_source_station60_to_59_class2]: 首次达到收敛条件 @ epoch 112 (best_epoch=107, best_loss=0.000006, final_loss=0.006010)
      [extreme_source:60->target59] [Epoch 120/200] [loss_mse: 0.075528]
      [extreme_source:60->target59] [Epoch 140/200] [loss_mse: 0.015052]
      [extreme_source:60->target59] [Epoch 160/200] [loss_mse: 0.005075]
      [extreme_source:60->target59] [Epoch 180/200] [loss_mse: 0.000384]
      [extreme_source:60->target59] [Epoch 200/200] [loss_mse: 0.012248]
  收敛检测[few_shot:extreme_source_station60_to_59_class2]: 已收敛 @ epoch 112 (best_epoch=107, best_loss=0.000006, final_loss=0.012248)
  收敛检测[few_shot:few_shot]: 未收敛 (best_epoch=1, best_loss=0.054555, final_loss=0.054555)
  收敛检测[few_shot:few_shot]: 未收敛 (best_epoch=1, best_loss=0.345170, final_loss=0.345170)
    [screen:extreme_source] source_station=61 -> target_station=59, candidate=2, gated=2, effective=2
      [extreme_source:61->target59] [Epoch 1/200] [loss_mse: 0.103510]
      [extreme_source:61->target59] [Epoch 2/200] [loss_mse: 0.127080]
      [extreme_source:61->target59] [Epoch 3/200] [loss_mse: 0.074603]
      [extreme_source:61->target59] [Epoch 4/200] [loss_mse: 0.069188]
      [extreme_source:61->target59] [Epoch 5/200] [loss_mse: 0.060590]
      [extreme_source:61->target59] [Epoch 6/200] [loss_mse: 0.060144]
      [extreme_source:61->target59] [Epoch 7/200] [loss_mse: 0.069423]
      [extreme_source:61->target59] [Epoch 8/200] [loss_mse: 0.070383]
      [extreme_source:61->target59] [Epoch 9/200] [loss_mse: 0.077168]
      [extreme_source:61->target59] [Epoch 10/200] [loss_mse: 0.085554]
      [extreme_source:61->target59] [Epoch 20/200] [loss_mse: 0.037646]
  收敛检测[few_shot:extreme_source_station61_to_59_class2]: 首次达到收敛条件 @ epoch 26 (best_epoch=21, best_loss=0.036811, final_loss=0.040302)
  收敛检测[few_shot:extreme_source_station61_to_59_class2]: 首次达到收敛条件 @ epoch 34 (best_epoch=29, best_loss=0.018668, final_loss=0.035604)
      [extreme_source:61->target59] [Epoch 40/200] [loss_mse: 0.059407]
      [extreme_source:61->target59] [Epoch 60/200] [loss_mse: 0.033165]
      [extreme_source:61->target59] [Epoch 80/200] [loss_mse: 0.025546]
      [extreme_source:61->target59] [Epoch 100/200] [loss_mse: 0.093092]
  收敛检测[few_shot:extreme_source_station61_to_59_class2]: 首次达到收敛条件 @ epoch 106 (best_epoch=101, best_loss=0.012678, final_loss=0.032253)
      [extreme_source:61->target59] [Epoch 120/200] [loss_mse: 0.064337]
      [extreme_source:61->target59] [Epoch 140/200] [loss_mse: 0.032637]
      [extreme_source:61->target59] [Epoch 160/200] [loss_mse: 0.053477]
      [extreme_source:61->target59] [Epoch 180/200] [loss_mse: 0.026147]
  收敛检测[few_shot:extreme_source_station61_to_59_class2]: 首次达到收敛条件 @ epoch 198 (best_epoch=193, best_loss=0.010223, final_loss=0.013490)
      [extreme_source:61->target59] [Epoch 200/200] [loss_mse: 0.043089]
  收敛检测[few_shot:extreme_source_station61_to_59_class2]: 已收敛 @ epoch 198 (best_epoch=193, best_loss=0.010223, final_loss=0.043089)
  收敛检测[few_shot:few_shot]: 未收敛 (best_epoch=1, best_loss=0.178432, final_loss=0.178432)
  收敛检测[few_shot:few_shot]: 未收敛 (best_epoch=1, best_loss=0.133383, final_loss=0.133383)
    [screen:extreme_source] source_station=62 -> target_station=59, candidate=2, gated=2, effective=2
      [extreme_source:62->target59] [Epoch 1/200] [loss_mse: 0.175625]
      [extreme_source:62->target59] [Epoch 2/200] [loss_mse: 0.202727]
      [extreme_source:62->target59] [Epoch 3/200] [loss_mse: 0.213005]
      [extreme_source:62->target59] [Epoch 4/200] [loss_mse: 0.183107]
      [extreme_source:62->target59] [Epoch 5/200] [loss_mse: 0.178139]
      [extreme_source:62->target59] [Epoch 6/200] [loss_mse: 0.163738]
      [extreme_source:62->target59] [Epoch 7/200] [loss_mse: 0.168030]
      [extreme_source:62->target59] [Epoch 8/200] [loss_mse: 0.175552]
      [extreme_source:62->target59] [Epoch 9/200] [loss_mse: 0.152101]
      [extreme_source:62->target59] [Epoch 10/200] [loss_mse: 0.152892]
      [extreme_source:62->target59] [Epoch 20/200] [loss_mse: 0.091332]
  收敛检测[few_shot:extreme_source_station62_to_59_class2]: 首次达到收敛条件 @ epoch 28 (best_epoch=23, best_loss=0.072185, final_loss=0.083701)
  收敛检测[few_shot:extreme_source_station62_to_59_class2]: 首次达到收敛条件 @ epoch 38 (best_epoch=33, best_loss=0.044200, final_loss=0.068142)
      [extreme_source:62->target59] [Epoch 40/200] [loss_mse: 0.085023]
  收敛检测[few_shot:extreme_source_station62_to_59_class2]: 首次达到收敛条件 @ epoch 50 (best_epoch=45, best_loss=0.025905, final_loss=0.030555)
  收敛检测[few_shot:extreme_source_station62_to_59_class2]: 首次达到收敛条件 @ epoch 60 (best_epoch=55, best_loss=0.024977, final_loss=0.053314)
      [extreme_source:62->target59] [Epoch 60/200] [loss_mse: 0.053314]
  收敛检测[few_shot:extreme_source_station62_to_59_class2]: 首次达到收敛条件 @ epoch 66 (best_epoch=61, best_loss=0.015915, final_loss=0.074870)
      [extreme_source:62->target59] [Epoch 80/200] [loss_mse: 0.059777]
  收敛检测[few_shot:extreme_source_station62_to_59_class2]: 首次达到收敛条件 @ epoch 91 (best_epoch=86, best_loss=0.014502, final_loss=0.021418)
  收敛检测[few_shot:extreme_source_station62_to_59_class2]: 首次达到收敛条件 @ epoch 98 (best_epoch=93, best_loss=0.008416, final_loss=0.051343)
      [extreme_source:62->target59] [Epoch 100/200] [loss_mse: 0.014365]
  收敛检测[few_shot:extreme_source_station62_to_59_class2]: 首次达到收敛条件 @ epoch 118 (best_epoch=113, best_loss=0.007609, final_loss=0.018049)
      [extreme_source:62->target59] [Epoch 120/200] [loss_mse: 0.015686]
      [extreme_source:62->target59] [Epoch 140/200] [loss_mse: 0.036683]
  收敛检测[few_shot:extreme_source_station62_to_59_class2]: 首次达到收敛条件 @ epoch 155 (best_epoch=150, best_loss=0.007449, final_loss=0.026621)
      [extreme_source:62->target59] [Epoch 160/200] [loss_mse: 0.048392]
      [extreme_source:62->target59] [Epoch 180/200] [loss_mse: 0.060305]
      [extreme_source:62->target59] [Epoch 200/200] [loss_mse: 0.060115]
  收敛检测[few_shot:extreme_source_station62_to_59_class2]: 已收敛 @ epoch 155 (best_epoch=150, best_loss=0.007449, final_loss=0.060115)
  收敛检测[few_shot:few_shot]: 未收敛 (best_epoch=1, best_loss=0.213408, final_loss=0.213408)
    [screen:extreme_source] source_station=63 -> target_station=59, candidate=1, gated=1, effective=1
      [extreme_source:63->target59] [Epoch 1/200] [loss_mse: 0.130861]
      [extreme_source:63->target59] [Epoch 2/200] [loss_mse: 0.131822]
      [extreme_source:63->target59] [Epoch 3/200] [loss_mse: 0.123898]
      [extreme_source:63->target59] [Epoch 4/200] [loss_mse: 0.111546]
      [extreme_source:63->target59] [Epoch 5/200] [loss_mse: 0.100606]
      [extreme_source:63->target59] [Epoch 6/200] [loss_mse: 0.085995]
      [extreme_source:63->target59] [Epoch 7/200] [loss_mse: 0.087693]
      [extreme_source:63->target59] [Epoch 8/200] [loss_mse: 0.093587]
      [extreme_source:63->target59] [Epoch 9/200] [loss_mse: 0.079094]
      [extreme_source:63->target59] [Epoch 10/200] [loss_mse: 0.085156]
      [extreme_source:63->target59] [Epoch 20/200] [loss_mse: 0.063783]
  收敛检测[few_shot:extreme_source_station63_to_59_class2]: 首次达到收敛条件 @ epoch 38 (best_epoch=33, best_loss=0.011666, final_loss=0.019731)
      [extreme_source:63->target59] [Epoch 40/200] [loss_mse: 0.035944]
  收敛检测[few_shot:extreme_source_station63_to_59_class2]: 首次达到收敛条件 @ epoch 51 (best_epoch=46, best_loss=0.011439, final_loss=0.016721)
  收敛检测[few_shot:extreme_source_station63_to_59_class2]: 首次达到收敛条件 @ epoch 60 (best_epoch=55, best_loss=0.005318, final_loss=0.057016)
      [extreme_source:63->target59] [Epoch 60/200] [loss_mse: 0.057016]
  收敛检测[few_shot:extreme_source_station63_to_59_class2]: 首次达到收敛条件 @ epoch 68 (best_epoch=63, best_loss=0.001357, final_loss=0.003001)
      [extreme_source:63->target59] [Epoch 80/200] [loss_mse: 0.032002]
  收敛检测[few_shot:extreme_source_station63_to_59_class2]: 首次达到收敛条件 @ epoch 86 (best_epoch=81, best_loss=0.000015, final_loss=0.112490)
      [extreme_source:63->target59] [Epoch 100/200] [loss_mse: 0.008862]
      [extreme_source:63->target59] [Epoch 120/200] [loss_mse: 0.028990]
      [extreme_source:63->target59] [Epoch 140/200] [loss_mse: 0.007844]
      [extreme_source:63->target59] [Epoch 160/200] [loss_mse: 0.000842]
      [extreme_source:63->target59] [Epoch 180/200] [loss_mse: 0.001632]
      [extreme_source:63->target59] [Epoch 200/200] [loss_mse: 0.004879]
  收敛检测[few_shot:extreme_source_station63_to_59_class2]: 已收敛 @ epoch 86 (best_epoch=81, best_loss=0.000015, final_loss=0.004879)
      [Extreme-FedAvg:target_refine] [Epoch 1/200] [loss_mse: 0.091880]
      [Extreme-FedAvg:target_refine] [Epoch 2/200] [loss_mse: 0.112719]
      [Extreme-FedAvg:target_refine] [Epoch 3/200] [loss_mse: 0.031995]
      [Extreme-FedAvg:target_refine] [Epoch 4/200] [loss_mse: 0.060286]
      [Extreme-FedAvg:target_refine] [Epoch 5/200] [loss_mse: 0.064214]
      [Extreme-FedAvg:target_refine] [Epoch 6/200] [loss_mse: 0.054111]
      [Extreme-FedAvg:target_refine] [Epoch 7/200] [loss_mse: 0.039323]
  收敛检测[few_shot:extreme_fedavg_station59_class2]: 首次达到收敛条件 @ epoch 8 (best_epoch=3, best_loss=0.031995, final_loss=0.063305)
      [Extreme-FedAvg:target_refine] [Epoch 8/200] [loss_mse: 0.063305]
      [Extreme-FedAvg:target_refine] [Epoch 9/200] [loss_mse: 0.087064]
      [Extreme-FedAvg:target_refine] [Epoch 10/200] [loss_mse: 0.056919]
      [Extreme-FedAvg:target_refine] [Epoch 20/200] [loss_mse: 0.075504]
      [Extreme-FedAvg:target_refine] [Epoch 40/200] [loss_mse: 0.047410]
      [Extreme-FedAvg:target_refine] [Epoch 60/200] [loss_mse: 0.086574]
      [Extreme-FedAvg:target_refine] [Epoch 80/200] [loss_mse: 0.078042]
  收敛检测[few_shot:extreme_fedavg_station59_class2]: 首次达到收敛条件 @ epoch 93 (best_epoch=88, best_loss=0.016776, final_loss=0.113774)
      [Extreme-FedAvg:target_refine] [Epoch 100/200] [loss_mse: 0.064088]
      [Extreme-FedAvg:target_refine] [Epoch 120/200] [loss_mse: 0.083563]
      [Extreme-FedAvg:target_refine] [Epoch 140/200] [loss_mse: 0.072748]
      [Extreme-FedAvg:target_refine] [Epoch 160/200] [loss_mse: 0.078832]
      [Extreme-FedAvg:target_refine] [Epoch 180/200] [loss_mse: 0.040841]
      [Extreme-FedAvg:target_refine] [Epoch 200/200] [loss_mse: 0.042355]
  收敛检测[few_shot:extreme_fedavg_station59_class2]: 已收敛 @ epoch 93 (best_epoch=88, best_loss=0.016776, final_loss=0.042355)
    ✓ 保存(Extreme-FedAvg): artifacts/2h6p_six_station/fed-normal-meta-5k/models/model_fore_station59_extreme2_extreme_fedavg.pth weights={'59': 0.16666666666666666, '58': 0.16666666666666666, '60': 0.16666666666666666, '61': 0.16666666666666666, '62': 0.16666666666666666, '63': 0.16666666666666666}
      [Proposed-A:self_update] [Epoch 1/200] [loss_mse: 0.150462]
      [Proposed-A:self_update] [Epoch 2/200] [loss_mse: 0.214188]
      [Proposed-A:self_update] [Epoch 3/200] [loss_mse: 0.199400]
      [Proposed-A:self_update] [Epoch 4/200] [loss_mse: 0.142222]
      [Proposed-A:self_update] [Epoch 5/200] [loss_mse: 0.134844]
      [Proposed-A:self_update] [Epoch 6/200] [loss_mse: 0.167417]
      [Proposed-A:self_update] [Epoch 7/200] [loss_mse: 0.128161]
      [Proposed-A:self_update] [Epoch 8/200] [loss_mse: 0.141372]
      [Proposed-A:self_update] [Epoch 9/200] [loss_mse: 0.105321]
      [Proposed-A:self_update] [Epoch 10/200] [loss_mse: 0.121948]
      [Proposed-A:self_update] [Epoch 20/200] [loss_mse: 0.079690]
  收敛检测[few_shot:proposed_self_station59_class2]: 首次达到收敛条件 @ epoch 21 (best_epoch=16, best_loss=0.079259, final_loss=0.093829)
  收敛检测[few_shot:proposed_self_station59_class2]: 首次达到收敛条件 @ epoch 32 (best_epoch=27, best_loss=0.055137, final_loss=0.094054)
  收敛检测[few_shot:proposed_self_station59_class2]: 首次达到收敛条件 @ epoch 39 (best_epoch=34, best_loss=0.041876, final_loss=0.081254)
      [Proposed-A:self_update] [Epoch 40/200] [loss_mse: 0.051966]
      [Proposed-A:self_update] [Epoch 60/200] [loss_mse: 0.130643]
  收敛检测[few_shot:proposed_self_station59_class2]: 首次达到收敛条件 @ epoch 74 (best_epoch=69, best_loss=0.020467, final_loss=0.038002)
      [Proposed-A:self_update] [Epoch 80/200] [loss_mse: 0.126289]
      [Proposed-A:self_update] [Epoch 100/200] [loss_mse: 0.058449]
      [Proposed-A:self_update] [Epoch 120/200] [loss_mse: 0.125294]
  收敛检测[few_shot:proposed_self_station59_class2]: 首次达到收敛条件 @ epoch 121 (best_epoch=116, best_loss=0.019914, final_loss=0.050918)
      [Proposed-A:self_update] [Epoch 140/200] [loss_mse: 0.062483]
      [Proposed-A:self_update] [Epoch 160/200] [loss_mse: 0.066607]
      [Proposed-A:self_update] [Epoch 180/200] [loss_mse: 0.057412]
      [Proposed-A:self_update] [Epoch 200/200] [loss_mse: 0.078707]
  收敛检测[few_shot:proposed_self_station59_class2]: 已收敛 @ epoch 121 (best_epoch=116, best_loss=0.019914, final_loss=0.078707)
  收敛检测[few_shot:few_shot]: 未收敛 (best_epoch=1, best_loss=0.151788, final_loss=0.151788)
    [screen:proposed_source] source_station=58 -> target_station=59, candidate=1, gated=1, effective=1
      [proposed_source:58->target59] [Epoch 1/200] [loss_mse: 0.001996]
      [proposed_source:58->target59] [Epoch 2/200] [loss_mse: 0.004480]
      [proposed_source:58->target59] [Epoch 3/200] [loss_mse: 0.001862]
      [proposed_source:58->target59] [Epoch 4/200] [loss_mse: 0.003779]
      [proposed_source:58->target59] [Epoch 5/200] [loss_mse: 0.004462]
      [proposed_source:58->target59] [Epoch 6/200] [loss_mse: 0.002104]
      [proposed_source:58->target59] [Epoch 7/200] [loss_mse: 0.001458]
      [proposed_source:58->target59] [Epoch 8/200] [loss_mse: 0.003550]
      [proposed_source:58->target59] [Epoch 9/200] [loss_mse: 0.002752]
      [proposed_source:58->target59] [Epoch 10/200] [loss_mse: 0.001116]
  收敛检测[few_shot:proposed_source_station58_to_59_class2]: 首次达到收敛条件 @ epoch 17 (best_epoch=12, best_loss=0.000124, final_loss=0.000636)
      [proposed_source:58->target59] [Epoch 20/200] [loss_mse: 0.000905]
      [proposed_source:58->target59] [Epoch 40/200] [loss_mse: 0.000856]
      [proposed_source:58->target59] [Epoch 60/200] [loss_mse: 0.001121]
      [proposed_source:58->target59] [Epoch 80/200] [loss_mse: 0.003087]
      [proposed_source:58->target59] [Epoch 100/200] [loss_mse: 0.002773]
      [proposed_source:58->target59] [Epoch 120/200] [loss_mse: 0.000246]
      [proposed_source:58->target59] [Epoch 140/200] [loss_mse: 0.000700]
      [proposed_source:58->target59] [Epoch 160/200] [loss_mse: 0.001233]
      [proposed_source:58->target59] [Epoch 180/200] [loss_mse: 0.000217]
      [proposed_source:58->target59] [Epoch 200/200] [loss_mse: 0.003993]
  收敛检测[few_shot:proposed_source_station58_to_59_class2]: 已收敛 @ epoch 17 (best_epoch=12, best_loss=0.000124, final_loss=0.003993)
  收敛检测[few_shot:few_shot]: 未收敛 (best_epoch=1, best_loss=0.237723, final_loss=0.237723)
    [screen:proposed_source] source_station=60 -> target_station=59, candidate=1, gated=1, effective=1
      [proposed_source:60->target59] [Epoch 1/200] [loss_mse: 0.135335]
      [proposed_source:60->target59] [Epoch 2/200] [loss_mse: 0.138376]
      [proposed_source:60->target59] [Epoch 3/200] [loss_mse: 0.130180]
      [proposed_source:60->target59] [Epoch 4/200] [loss_mse: 0.094457]
      [proposed_source:60->target59] [Epoch 5/200] [loss_mse: 0.075331]
      [proposed_source:60->target59] [Epoch 6/200] [loss_mse: 0.094734]
      [proposed_source:60->target59] [Epoch 7/200] [loss_mse: 0.096820]
      [proposed_source:60->target59] [Epoch 8/200] [loss_mse: 0.100852]
      [proposed_source:60->target59] [Epoch 9/200] [loss_mse: 0.078626]
      [proposed_source:60->target59] [Epoch 10/200] [loss_mse: 0.066453]
      [proposed_source:60->target59] [Epoch 20/200] [loss_mse: 0.055975]
  收敛检测[few_shot:proposed_source_station60_to_59_class2]: 首次达到收敛条件 @ epoch 40 (best_epoch=35, best_loss=0.003007, final_loss=0.010186)
      [proposed_source:60->target59] [Epoch 40/200] [loss_mse: 0.010186]
  收敛检测[few_shot:proposed_source_station60_to_59_class2]: 首次达到收敛条件 @ epoch 48 (best_epoch=43, best_loss=0.002554, final_loss=0.012311)
      [proposed_source:60->target59] [Epoch 60/200] [loss_mse: 0.000250]
  收敛检测[few_shot:proposed_source_station60_to_59_class2]: 首次达到收敛条件 @ epoch 64 (best_epoch=59, best_loss=0.000137, final_loss=0.009542)
      [proposed_source:60->target59] [Epoch 80/200] [loss_mse: 0.008510]
      [proposed_source:60->target59] [Epoch 100/200] [loss_mse: 0.001065]
      [proposed_source:60->target59] [Epoch 120/200] [loss_mse: 0.052984]
      [proposed_source:60->target59] [Epoch 140/200] [loss_mse: 0.006492]
      [proposed_source:60->target59] [Epoch 160/200] [loss_mse: 0.058636]
      [proposed_source:60->target59] [Epoch 180/200] [loss_mse: 0.000022]
  收敛检测[few_shot:proposed_source_station60_to_59_class2]: 首次达到收敛条件 @ epoch 185 (best_epoch=180, best_loss=0.000022, final_loss=0.010191)
      [proposed_source:60->target59] [Epoch 200/200] [loss_mse: 0.009120]
  收敛检测[few_shot:proposed_source_station60_to_59_class2]: 已收敛 @ epoch 185 (best_epoch=180, best_loss=0.000022, final_loss=0.009120)
  收敛检测[few_shot:few_shot]: 未收敛 (best_epoch=1, best_loss=0.086027, final_loss=0.086027)
  收敛检测[few_shot:few_shot]: 未收敛 (best_epoch=1, best_loss=0.335728, final_loss=0.335728)
    [screen:proposed_source] source_station=61 -> target_station=59, candidate=2, gated=2, effective=2
      [proposed_source:61->target59] [Epoch 1/200] [loss_mse: 0.090481]
      [proposed_source:61->target59] [Epoch 2/200] [loss_mse: 0.075061]
      [proposed_source:61->target59] [Epoch 3/200] [loss_mse: 0.091215]
      [proposed_source:61->target59] [Epoch 4/200] [loss_mse: 0.082802]
      [proposed_source:61->target59] [Epoch 5/200] [loss_mse: 0.066858]
      [proposed_source:61->target59] [Epoch 6/200] [loss_mse: 0.069769]
      [proposed_source:61->target59] [Epoch 7/200] [loss_mse: 0.060820]
      [proposed_source:61->target59] [Epoch 8/200] [loss_mse: 0.060303]
      [proposed_source:61->target59] [Epoch 9/200] [loss_mse: 0.070088]
      [proposed_source:61->target59] [Epoch 10/200] [loss_mse: 0.059145]
      [proposed_source:61->target59] [Epoch 20/200] [loss_mse: 0.041849]
  收敛检测[few_shot:proposed_source_station61_to_59_class2]: 首次达到收敛条件 @ epoch 25 (best_epoch=20, best_loss=0.041849, final_loss=0.072471)
  收敛检测[few_shot:proposed_source_station61_to_59_class2]: 首次达到收敛条件 @ epoch 34 (best_epoch=29, best_loss=0.041095, final_loss=0.042609)
  收敛检测[few_shot:proposed_source_station61_to_59_class2]: 首次达到收敛条件 @ epoch 40 (best_epoch=35, best_loss=0.019723, final_loss=0.030710)
      [proposed_source:61->target59] [Epoch 40/200] [loss_mse: 0.030710]
      [proposed_source:61->target59] [Epoch 60/200] [loss_mse: 0.047032]
      [proposed_source:61->target59] [Epoch 80/200] [loss_mse: 0.062001]
      [proposed_source:61->target59] [Epoch 100/200] [loss_mse: 0.034991]
      [proposed_source:61->target59] [Epoch 120/200] [loss_mse: 0.042953]
      [proposed_source:61->target59] [Epoch 140/200] [loss_mse: 0.051820]
      [proposed_source:61->target59] [Epoch 160/200] [loss_mse: 0.036171]
      [proposed_source:61->target59] [Epoch 180/200] [loss_mse: 0.066202]
      [proposed_source:61->target59] [Epoch 200/200] [loss_mse: 0.023038]
  收敛检测[few_shot:proposed_source_station61_to_59_class2]: 已收敛 @ epoch 40 (best_epoch=35, best_loss=0.019723, final_loss=0.023038)
  收敛检测[few_shot:few_shot]: 未收敛 (best_epoch=1, best_loss=0.206055, final_loss=0.206055)
  收敛检测[few_shot:few_shot]: 未收敛 (best_epoch=1, best_loss=0.159568, final_loss=0.159568)
    [screen:proposed_source] source_station=62 -> target_station=59, candidate=2, gated=2, effective=2
      [proposed_source:62->target59] [Epoch 1/200] [loss_mse: 0.198295]
      [proposed_source:62->target59] [Epoch 2/200] [loss_mse: 0.208303]
      [proposed_source:62->target59] [Epoch 3/200] [loss_mse: 0.185868]
      [proposed_source:62->target59] [Epoch 4/200] [loss_mse: 0.164655]
      [proposed_source:62->target59] [Epoch 5/200] [loss_mse: 0.179497]
      [proposed_source:62->target59] [Epoch 6/200] [loss_mse: 0.132605]
      [proposed_source:62->target59] [Epoch 7/200] [loss_mse: 0.168839]
      [proposed_source:62->target59] [Epoch 8/200] [loss_mse: 0.121472]
      [proposed_source:62->target59] [Epoch 9/200] [loss_mse: 0.128851]
      [proposed_source:62->target59] [Epoch 10/200] [loss_mse: 0.159566]
  收敛检测[few_shot:proposed_source_station62_to_59_class2]: 首次达到收敛条件 @ epoch 13 (best_epoch=8, best_loss=0.121472, final_loss=0.144166)
      [proposed_source:62->target59] [Epoch 20/200] [loss_mse: 0.071316]
      [proposed_source:62->target59] [Epoch 40/200] [loss_mse: 0.051687]
  收敛检测[few_shot:proposed_source_station62_to_59_class2]: 首次达到收敛条件 @ epoch 44 (best_epoch=39, best_loss=0.022937, final_loss=0.075032)
  收敛检测[few_shot:proposed_source_station62_to_59_class2]: 首次达到收敛条件 @ epoch 57 (best_epoch=52, best_loss=0.011700, final_loss=0.049536)
      [proposed_source:62->target59] [Epoch 60/200] [loss_mse: 0.035454]
  收敛检测[few_shot:proposed_source_station62_to_59_class2]: 首次达到收敛条件 @ epoch 76 (best_epoch=71, best_loss=0.004162, final_loss=0.103865)
      [proposed_source:62->target59] [Epoch 80/200] [loss_mse: 0.053972]
      [proposed_source:62->target59] [Epoch 100/200] [loss_mse: 0.037262]
      [proposed_source:62->target59] [Epoch 120/200] [loss_mse: 0.065608]
      [proposed_source:62->target59] [Epoch 140/200] [loss_mse: 0.003831]
  收敛检测[few_shot:proposed_source_station62_to_59_class2]: 首次达到收敛条件 @ epoch 145 (best_epoch=140, best_loss=0.003831, final_loss=0.020522)
      [proposed_source:62->target59] [Epoch 160/200] [loss_mse: 0.041475]
  收敛检测[few_shot:proposed_source_station62_to_59_class2]: 首次达到收敛条件 @ epoch 180 (best_epoch=175, best_loss=0.003230, final_loss=0.070770)
      [proposed_source:62->target59] [Epoch 180/200] [loss_mse: 0.070770]
      [proposed_source:62->target59] [Epoch 200/200] [loss_mse: 0.029679]
  收敛检测[few_shot:proposed_source_station62_to_59_class2]: 已收敛 @ epoch 180 (best_epoch=175, best_loss=0.003230, final_loss=0.029679)
  收敛检测[few_shot:few_shot]: 未收敛 (best_epoch=1, best_loss=0.234618, final_loss=0.234618)
    [screen:proposed_source] source_station=63 -> target_station=59, candidate=1, gated=1, effective=1
      [proposed_source:63->target59] [Epoch 1/200] [loss_mse: 0.129623]
      [proposed_source:63->target59] [Epoch 2/200] [loss_mse: 0.113956]
      [proposed_source:63->target59] [Epoch 3/200] [loss_mse: 0.111681]
      [proposed_source:63->target59] [Epoch 4/200] [loss_mse: 0.081899]
      [proposed_source:63->target59] [Epoch 5/200] [loss_mse: 0.092433]
      [proposed_source:63->target59] [Epoch 6/200] [loss_mse: 0.083584]
      [proposed_source:63->target59] [Epoch 7/200] [loss_mse: 0.089688]
      [proposed_source:63->target59] [Epoch 8/200] [loss_mse: 0.073492]
      [proposed_source:63->target59] [Epoch 9/200] [loss_mse: 0.087953]
      [proposed_source:63->target59] [Epoch 10/200] [loss_mse: 0.077206]
  收敛检测[few_shot:proposed_source_station63_to_59_class2]: 首次达到收敛条件 @ epoch 19 (best_epoch=14, best_loss=0.034131, final_loss=0.042108)
      [proposed_source:63->target59] [Epoch 20/200] [loss_mse: 0.040673]
      [proposed_source:63->target59] [Epoch 40/200] [loss_mse: 0.006992]
  收敛检测[few_shot:proposed_source_station63_to_59_class2]: 首次达到收敛条件 @ epoch 48 (best_epoch=43, best_loss=0.004129, final_loss=0.027327)
  收敛检测[few_shot:proposed_source_station63_to_59_class2]: 首次达到收敛条件 @ epoch 55 (best_epoch=50, best_loss=0.003361, final_loss=0.015835)
      [proposed_source:63->target59] [Epoch 60/200] [loss_mse: 0.016775]
  收敛检测[few_shot:proposed_source_station63_to_59_class2]: 首次达到收敛条件 @ epoch 75 (best_epoch=70, best_loss=0.001390, final_loss=0.053546)
      [proposed_source:63->target59] [Epoch 80/200] [loss_mse: 0.006858]
      [proposed_source:63->target59] [Epoch 100/200] [loss_mse: 0.019054]
      [proposed_source:63->target59] [Epoch 120/200] [loss_mse: 0.005611]
  收敛检测[few_shot:proposed_source_station63_to_59_class2]: 首次达到收敛条件 @ epoch 132 (best_epoch=127, best_loss=0.000508, final_loss=0.009332)
      [proposed_source:63->target59] [Epoch 140/200] [loss_mse: 0.013602]
      [proposed_source:63->target59] [Epoch 160/200] [loss_mse: 0.018135]
      [proposed_source:63->target59] [Epoch 180/200] [loss_mse: 0.070814]
      [proposed_source:63->target59] [Epoch 200/200] [loss_mse: 0.010899]
  收敛检测[few_shot:proposed_source_station63_to_59_class2]: 已收敛 @ epoch 132 (best_epoch=127, best_loss=0.000508, final_loss=0.010899)
      [Proposed-A:target_refine] [Epoch 1/200] [loss_mse: 0.058103]
      [Proposed-A:target_refine] [Epoch 2/200] [loss_mse: 0.062049]
      [Proposed-A:target_refine] [Epoch 3/200] [loss_mse: 0.083133]
      [Proposed-A:target_refine] [Epoch 4/200] [loss_mse: 0.082732]
      [Proposed-A:target_refine] [Epoch 5/200] [loss_mse: 0.066196]
      [Proposed-A:target_refine] [Epoch 6/200] [loss_mse: 0.053477]
      [Proposed-A:target_refine] [Epoch 7/200] [loss_mse: 0.025202]
      [Proposed-A:target_refine] [Epoch 8/200] [loss_mse: 0.073553]
      [Proposed-A:target_refine] [Epoch 9/200] [loss_mse: 0.084286]
      [Proposed-A:target_refine] [Epoch 10/200] [loss_mse: 0.026703]
  收敛检测[few_shot:proposed_a_station59_class2]: 首次达到收敛条件 @ epoch 12 (best_epoch=7, best_loss=0.025202, final_loss=0.063925)
      [Proposed-A:target_refine] [Epoch 20/200] [loss_mse: 0.049826]
      [Proposed-A:target_refine] [Epoch 40/200] [loss_mse: 0.072036]
      [Proposed-A:target_refine] [Epoch 60/200] [loss_mse: 0.058563]
      [Proposed-A:target_refine] [Epoch 80/200] [loss_mse: 0.068153]
      [Proposed-A:target_refine] [Epoch 100/200] [loss_mse: 0.058063]
      [Proposed-A:target_refine] [Epoch 120/200] [loss_mse: 0.079220]
      [Proposed-A:target_refine] [Epoch 140/200] [loss_mse: 0.071392]
      [Proposed-A:target_refine] [Epoch 160/200] [loss_mse: 0.061220]
      [Proposed-A:target_refine] [Epoch 180/200] [loss_mse: 0.084070]
      [Proposed-A:target_refine] [Epoch 200/200] [loss_mse: 0.075584]
  收敛检测[few_shot:proposed_a_station59_class2]: 已收敛 @ epoch 12 (best_epoch=7, best_loss=0.025202, final_loss=0.075584)
    ✓ 保存(Proposed-A): artifacts/2h6p_six_station/fed-normal-meta-5k/models/model_fore_station59_extreme2_proposed_a.pth weights={'59': 0.5, '58': 0.05895320375206266, '60': 0.08754840467065356, '61': 0.11812111442803944, '62': 0.1463562298822166, '63': 0.08902104726702773}

  极端天气类别 4:
    样本数: 19
    训练轮数: 200, few-shot loss=MSE
    adapt/val: 14 / 5
      [LMT] [Epoch 1/200] [loss_mse: 0.101555]
      [LMT] [Epoch 2/200] [loss_mse: 0.094315]
      [LMT] [Epoch 3/200] [loss_mse: 0.105914]
      [LMT] [Epoch 4/200] [loss_mse: 0.099380]
      [LMT] [Epoch 5/200] [loss_mse: 0.088491]
      [LMT] [Epoch 6/200] [loss_mse: 0.095307]
      [LMT] [Epoch 7/200] [loss_mse: 0.096119]
      [LMT] [Epoch 8/200] [loss_mse: 0.088796]
      [LMT] [Epoch 9/200] [loss_mse: 0.090969]
  收敛检测[few_shot:lmt_station59_class3]: 首次达到收敛条件 @ epoch 10 (best_epoch=5, best_loss=0.088491, final_loss=0.096666)
      [LMT] [Epoch 10/200] [loss_mse: 0.096666]
      [LMT] [Epoch 20/200] [loss_mse: 0.090119]
  收敛检测[few_shot:lmt_station59_class3]: 首次达到收敛条件 @ epoch 40 (best_epoch=35, best_loss=0.086579, final_loss=0.091113)
      [LMT] [Epoch 40/200] [loss_mse: 0.091113]
      [LMT] [Epoch 60/200] [loss_mse: 0.092265]
      [LMT] [Epoch 80/200] [loss_mse: 0.089306]
  收敛检测[few_shot:lmt_station59_class3]: 首次达到收敛条件 @ epoch 90 (best_epoch=85, best_loss=0.086163, final_loss=0.090460)
  收敛检测[few_shot:lmt_station59_class3]: 首次达到收敛条件 @ epoch 98 (best_epoch=93, best_loss=0.084306, final_loss=0.092028)
      [LMT] [Epoch 100/200] [loss_mse: 0.090897]
      [LMT] [Epoch 120/200] [loss_mse: 0.085649]
      [LMT] [Epoch 140/200] [loss_mse: 0.088211]
  收敛检测[few_shot:lmt_station59_class3]: 首次达到收敛条件 @ epoch 160 (best_epoch=155, best_loss=0.084099, final_loss=0.084859)
      [LMT] [Epoch 160/200] [loss_mse: 0.084859]
      [LMT] [Epoch 180/200] [loss_mse: 0.083638]
  收敛检测[few_shot:lmt_station59_class3]: 首次达到收敛条件 @ epoch 188 (best_epoch=183, best_loss=0.081453, final_loss=0.091147)
      [LMT] [Epoch 200/200] [loss_mse: 0.084326]
  收敛检测[few_shot:lmt_station59_class3]: 已收敛 @ epoch 188 (best_epoch=183, best_loss=0.081453, final_loss=0.084326)
    ✓ 保存(LMT): artifacts/2h6p_six_station/fed-normal-meta-5k/models/model_fore_station59_extreme3.pth
  收敛检测[few_shot:few_shot]: 未收敛 (best_epoch=1, best_loss=0.105043, final_loss=0.105043)
  收敛检测[few_shot:few_shot]: 未收敛 (best_epoch=1, best_loss=0.122961, final_loss=0.122961)
  收敛检测[few_shot:few_shot]: 未收敛 (best_epoch=1, best_loss=0.117923, final_loss=0.117923)
  收敛检测[few_shot:few_shot]: 未收敛 (best_epoch=1, best_loss=0.104553, final_loss=0.104553)
  收敛检测[few_shot:few_shot]: 未收敛 (best_epoch=1, best_loss=0.125710, final_loss=0.125710)
  收敛检测[few_shot:few_shot]: 未收敛 (best_epoch=1, best_loss=0.118903, final_loss=0.118903)
  收敛检测[few_shot:few_shot]: 未收敛 (best_epoch=1, best_loss=0.105428, final_loss=0.105428)
  收敛检测[few_shot:few_shot]: 未收敛 (best_epoch=1, best_loss=0.104964, final_loss=0.104964)
  收敛检测[few_shot:few_shot]: 未收敛 (best_epoch=1, best_loss=0.079609, final_loss=0.079609)
  收敛检测[few_shot:few_shot]: 未收敛 (best_epoch=1, best_loss=0.120110, final_loss=0.120110)
  收敛检测[few_shot:few_shot]: 未收敛 (best_epoch=1, best_loss=0.132878, final_loss=0.132878)
  收敛检测[few_shot:few_shot]: 未收敛 (best_epoch=1, best_loss=0.090719, final_loss=0.090719)
  收敛检测[few_shot:few_shot]: 未收敛 (best_epoch=1, best_loss=0.021097, final_loss=0.021097)
  收敛检测[few_shot:few_shot]: 未收敛 (best_epoch=1, best_loss=0.121880, final_loss=0.121880)
  收敛检测[few_shot:few_shot]: 未收敛 (best_epoch=1, best_loss=0.102191, final_loss=0.102191)
  收敛检测[few_shot:few_shot]: 未收敛 (best_epoch=1, best_loss=0.042965, final_loss=0.042965)
  收敛检测[few_shot:few_shot]: 未收敛 (best_epoch=1, best_loss=0.031489, final_loss=0.031489)
  收敛检测[few_shot:few_shot]: 未收敛 (best_epoch=1, best_loss=0.027653, final_loss=0.027653)
  收敛检测[few_shot:few_shot]: 未收敛 (best_epoch=1, best_loss=0.113168, final_loss=0.113168)
  收敛检测[few_shot:few_shot]: 未收敛 (best_epoch=1, best_loss=0.106403, final_loss=0.106403)
  收敛检测[few_shot:few_shot]: 未收敛 (best_epoch=1, best_loss=0.088008, final_loss=0.088008)
  收敛检测[few_shot:few_shot]: 未收敛 (best_epoch=1, best_loss=0.054324, final_loss=0.054324)
  收敛检测[few_shot:few_shot]: 未收敛 (best_epoch=1, best_loss=0.062349, final_loss=0.062349)
  收敛检测[few_shot:few_shot]: 未收敛 (best_epoch=1, best_loss=0.090220, final_loss=0.090220)
  收敛检测[few_shot:few_shot]: 未收敛 (best_epoch=1, best_loss=0.080005, final_loss=0.080005)
  收敛检测[few_shot:few_shot]: 未收敛 (best_epoch=1, best_loss=0.068886, final_loss=0.068886)
  收敛检测[few_shot:few_shot]: 未收敛 (best_epoch=1, best_loss=0.106542, final_loss=0.106542)
  收敛检测[few_shot:few_shot]: 未收敛 (best_epoch=1, best_loss=0.056693, final_loss=0.056693)
  收敛检测[few_shot:few_shot]: 未收敛 (best_epoch=1, best_loss=0.054922, final_loss=0.054922)
    [screen:extreme_source] source_station=58 -> target_station=59, candidate=36, gated=29, effective=19
      [extreme_source:58->target59] [Epoch 1/200] [loss_mse: 0.095092]
      [extreme_source:58->target59] [Epoch 2/200] [loss_mse: 0.093682]
      [extreme_source:58->target59] [Epoch 3/200] [loss_mse: 0.088717]
      [extreme_source:58->target59] [Epoch 4/200] [loss_mse: 0.083955]
      [extreme_source:58->target59] [Epoch 5/200] [loss_mse: 0.083898]
      [extreme_source:58->target59] [Epoch 6/200] [loss_mse: 0.072296]
      [extreme_source:58->target59] [Epoch 7/200] [loss_mse: 0.073288]
      [extreme_source:58->target59] [Epoch 8/200] [loss_mse: 0.064864]
      [extreme_source:58->target59] [Epoch 9/200] [loss_mse: 0.062608]
      [extreme_source:58->target59] [Epoch 10/200] [loss_mse: 0.059676]
      [extreme_source:58->target59] [Epoch 20/200] [loss_mse: 0.035045]
      [extreme_source:58->target59] [Epoch 40/200] [loss_mse: 0.012792]
      [extreme_source:58->target59] [Epoch 60/200] [loss_mse: 0.007742]
  收敛检测[few_shot:extreme_source_station58_to_59_class3]: 首次达到收敛条件 @ epoch 64 (best_epoch=59, best_loss=0.007728, final_loss=0.007821)
  收敛检测[few_shot:extreme_source_station58_to_59_class3]: 首次达到收敛条件 @ epoch 77 (best_epoch=72, best_loss=0.006860, final_loss=0.006983)
      [extreme_source:58->target59] [Epoch 80/200] [loss_mse: 0.006973]
      [extreme_source:58->target59] [Epoch 100/200] [loss_mse: 0.007077]
      [extreme_source:58->target59] [Epoch 120/200] [loss_mse: 0.007032]
  收敛检测[few_shot:extreme_source_station58_to_59_class3]: 首次达到收敛条件 @ epoch 127 (best_epoch=122, best_loss=0.006682, final_loss=0.007074)
      [extreme_source:58->target59] [Epoch 140/200] [loss_mse: 0.006986]
      [extreme_source:58->target59] [Epoch 160/200] [loss_mse: 0.006945]
  收敛检测[few_shot:extreme_source_station58_to_59_class3]: 首次达到收敛条件 @ epoch 162 (best_epoch=157, best_loss=0.006501, final_loss=0.007017)
      [extreme_source:58->target59] [Epoch 180/200] [loss_mse: 0.007139]
      [extreme_source:58->target59] [Epoch 200/200] [loss_mse: 0.006829]
  收敛检测[few_shot:extreme_source_station58_to_59_class3]: 已收敛 @ epoch 162 (best_epoch=157, best_loss=0.006501, final_loss=0.006829)
  收敛检测[few_shot:few_shot]: 未收敛 (best_epoch=1, best_loss=0.152551, final_loss=0.152551)
  收敛检测[few_shot:few_shot]: 未收敛 (best_epoch=1, best_loss=0.104356, final_loss=0.104356)
  收敛检测[few_shot:few_shot]: 未收敛 (best_epoch=1, best_loss=0.038682, final_loss=0.038682)
  收敛检测[few_shot:few_shot]: 未收敛 (best_epoch=1, best_loss=0.086249, final_loss=0.086249)
  收敛检测[few_shot:few_shot]: 未收敛 (best_epoch=1, best_loss=0.074169, final_loss=0.074169)
  收敛检测[few_shot:few_shot]: 未收敛 (best_epoch=1, best_loss=0.099272, final_loss=0.099272)
  收敛检测[few_shot:few_shot]: 未收敛 (best_epoch=1, best_loss=0.080538, final_loss=0.080538)
  收敛检测[few_shot:few_shot]: 未收敛 (best_epoch=1, best_loss=0.114109, final_loss=0.114109)
  收敛检测[few_shot:few_shot]: 未收敛 (best_epoch=1, best_loss=0.106162, final_loss=0.106162)
  收敛检测[few_shot:few_shot]: 未收敛 (best_epoch=1, best_loss=0.052253, final_loss=0.052253)
  收敛检测[few_shot:few_shot]: 未收敛 (best_epoch=1, best_loss=0.091247, final_loss=0.091247)
  收敛检测[few_shot:few_shot]: 未收敛 (best_epoch=1, best_loss=0.093310, final_loss=0.093310)
  收敛检测[few_shot:few_shot]: 未收敛 (best_epoch=1, best_loss=0.077373, final_loss=0.077373)
  收敛检测[few_shot:few_shot]: 未收敛 (best_epoch=1, best_loss=0.101999, final_loss=0.101999)
  收敛检测[few_shot:few_shot]: 未收敛 (best_epoch=1, best_loss=0.083816, final_loss=0.083816)
  收敛检测[few_shot:few_shot]: 未收敛 (best_epoch=1, best_loss=0.034173, final_loss=0.034173)
  收敛检测[few_shot:few_shot]: 未收敛 (best_epoch=1, best_loss=0.040806, final_loss=0.040806)
  收敛检测[few_shot:few_shot]: 未收敛 (best_epoch=1, best_loss=0.100796, final_loss=0.100796)
  收敛检测[few_shot:few_shot]: 未收敛 (best_epoch=1, best_loss=0.123490, final_loss=0.123490)
  收敛检测[few_shot:few_shot]: 未收敛 (best_epoch=1, best_loss=0.038924, final_loss=0.038924)
  收敛检测[few_shot:few_shot]: 未收敛 (best_epoch=1, best_loss=0.039145, final_loss=0.039145)
  收敛检测[few_shot:few_shot]: 未收敛 (best_epoch=1, best_loss=0.057065, final_loss=0.057065)
  收敛检测[few_shot:few_shot]: 未收敛 (best_epoch=1, best_loss=0.031816, final_loss=0.031816)
    [screen:extreme_source] source_station=60 -> target_station=59, candidate=28, gated=23, effective=19
      [extreme_source:60->target59] [Epoch 1/200] [loss_mse: 0.084357]
      [extreme_source:60->target59] [Epoch 2/200] [loss_mse: 0.072199]
      [extreme_source:60->target59] [Epoch 3/200] [loss_mse: 0.077013]
      [extreme_source:60->target59] [Epoch 4/200] [loss_mse: 0.067068]
      [extreme_source:60->target59] [Epoch 5/200] [loss_mse: 0.063228]
      [extreme_source:60->target59] [Epoch 6/200] [loss_mse: 0.065141]
      [extreme_source:60->target59] [Epoch 7/200] [loss_mse: 0.061222]
      [extreme_source:60->target59] [Epoch 8/200] [loss_mse: 0.054827]
      [extreme_source:60->target59] [Epoch 9/200] [loss_mse: 0.049624]
      [extreme_source:60->target59] [Epoch 10/200] [loss_mse: 0.052148]
      [extreme_source:60->target59] [Epoch 20/200] [loss_mse: 0.029186]
      [extreme_source:60->target59] [Epoch 40/200] [loss_mse: 0.016656]
  收敛检测[few_shot:extreme_source_station60_to_59_class3]: 首次达到收敛条件 @ epoch 54 (best_epoch=49, best_loss=0.014624, final_loss=0.015812)
      [extreme_source:60->target59] [Epoch 60/200] [loss_mse: 0.014531]
  收敛检测[few_shot:extreme_source_station60_to_59_class3]: 首次达到收敛条件 @ epoch 68 (best_epoch=63, best_loss=0.014063, final_loss=0.014106)
      [extreme_source:60->target59] [Epoch 80/200] [loss_mse: 0.015469]
  收敛检测[few_shot:extreme_source_station60_to_59_class3]: 首次达到收敛条件 @ epoch 83 (best_epoch=78, best_loss=0.013803, final_loss=0.014185)
      [extreme_source:60->target59] [Epoch 100/200] [loss_mse: 0.014199]
      [extreme_source:60->target59] [Epoch 120/200] [loss_mse: 0.013994]
      [extreme_source:60->target59] [Epoch 140/200] [loss_mse: 0.014118]
      [extreme_source:60->target59] [Epoch 160/200] [loss_mse: 0.014828]
      [extreme_source:60->target59] [Epoch 180/200] [loss_mse: 0.014414]
      [extreme_source:60->target59] [Epoch 200/200] [loss_mse: 0.014329]
  收敛检测[few_shot:extreme_source_station60_to_59_class3]: 已收敛 @ epoch 83 (best_epoch=78, best_loss=0.013803, final_loss=0.014329)
  收敛检测[few_shot:few_shot]: 未收敛 (best_epoch=1, best_loss=0.108913, final_loss=0.108913)
  收敛检测[few_shot:few_shot]: 未收敛 (best_epoch=1, best_loss=0.108316, final_loss=0.108316)
  收敛检测[few_shot:few_shot]: 未收敛 (best_epoch=1, best_loss=0.134766, final_loss=0.134766)
  收敛检测[few_shot:few_shot]: 未收敛 (best_epoch=1, best_loss=0.086798, final_loss=0.086798)
  收敛检测[few_shot:few_shot]: 未收敛 (best_epoch=1, best_loss=0.124598, final_loss=0.124598)
  收敛检测[few_shot:few_shot]: 未收敛 (best_epoch=1, best_loss=0.116554, final_loss=0.116554)
  收敛检测[few_shot:few_shot]: 未收敛 (best_epoch=1, best_loss=0.091943, final_loss=0.091943)
  收敛检测[few_shot:few_shot]: 未收敛 (best_epoch=1, best_loss=0.082637, final_loss=0.082637)
  收敛检测[few_shot:few_shot]: 未收敛 (best_epoch=1, best_loss=0.113726, final_loss=0.113726)
  收敛检测[few_shot:few_shot]: 未收敛 (best_epoch=1, best_loss=0.131549, final_loss=0.131549)
  收敛检测[few_shot:few_shot]: 未收敛 (best_epoch=1, best_loss=0.075118, final_loss=0.075118)
  收敛检测[few_shot:few_shot]: 未收敛 (best_epoch=1, best_loss=0.018661, final_loss=0.018661)
  收敛检测[few_shot:few_shot]: 未收敛 (best_epoch=1, best_loss=0.087884, final_loss=0.087884)
  收敛检测[few_shot:few_shot]: 未收敛 (best_epoch=1, best_loss=0.104538, final_loss=0.104538)
  收敛检测[few_shot:few_shot]: 未收敛 (best_epoch=1, best_loss=0.014857, final_loss=0.014857)
  收敛检测[few_shot:few_shot]: 未收敛 (best_epoch=1, best_loss=0.016877, final_loss=0.016877)
  收敛检测[few_shot:few_shot]: 未收敛 (best_epoch=1, best_loss=0.017883, final_loss=0.017883)
  收敛检测[few_shot:few_shot]: 未收敛 (best_epoch=1, best_loss=0.089639, final_loss=0.089639)
  收敛检测[few_shot:few_shot]: 未收敛 (best_epoch=1, best_loss=0.108339, final_loss=0.108339)
  收敛检测[few_shot:few_shot]: 未收敛 (best_epoch=1, best_loss=0.076683, final_loss=0.076683)
  收敛检测[few_shot:few_shot]: 未收敛 (best_epoch=1, best_loss=0.059098, final_loss=0.059098)
  收敛检测[few_shot:few_shot]: 未收敛 (best_epoch=1, best_loss=0.042552, final_loss=0.042552)
  收敛检测[few_shot:few_shot]: 未收敛 (best_epoch=1, best_loss=0.049584, final_loss=0.049584)
  收敛检测[few_shot:few_shot]: 未收敛 (best_epoch=1, best_loss=0.084024, final_loss=0.084024)
  收敛检测[few_shot:few_shot]: 未收敛 (best_epoch=1, best_loss=0.081018, final_loss=0.081018)
  收敛检测[few_shot:few_shot]: 未收敛 (best_epoch=1, best_loss=0.089429, final_loss=0.089429)
  收敛检测[few_shot:few_shot]: 未收敛 (best_epoch=1, best_loss=0.092704, final_loss=0.092704)
  收敛检测[few_shot:few_shot]: 未收敛 (best_epoch=1, best_loss=0.071900, final_loss=0.071900)
  收敛检测[few_shot:few_shot]: 未收敛 (best_epoch=1, best_loss=0.066288, final_loss=0.066288)
  收敛检测[few_shot:few_shot]: 未收敛 (best_epoch=1, best_loss=0.069646, final_loss=0.069646)
    [screen:extreme_source] source_station=61 -> target_station=59, candidate=37, gated=30, effective=19
      [extreme_source:61->target59] [Epoch 1/200] [loss_mse: 0.094044]
      [extreme_source:61->target59] [Epoch 2/200] [loss_mse: 0.093204]
      [extreme_source:61->target59] [Epoch 3/200] [loss_mse: 0.089105]
      [extreme_source:61->target59] [Epoch 4/200] [loss_mse: 0.077117]
      [extreme_source:61->target59] [Epoch 5/200] [loss_mse: 0.078681]
      [extreme_source:61->target59] [Epoch 6/200] [loss_mse: 0.075398]
      [extreme_source:61->target59] [Epoch 7/200] [loss_mse: 0.064194]
      [extreme_source:61->target59] [Epoch 8/200] [loss_mse: 0.065862]
      [extreme_source:61->target59] [Epoch 9/200] [loss_mse: 0.065709]
      [extreme_source:61->target59] [Epoch 10/200] [loss_mse: 0.059218]
      [extreme_source:61->target59] [Epoch 20/200] [loss_mse: 0.033181]
      [extreme_source:61->target59] [Epoch 40/200] [loss_mse: 0.012285]
      [extreme_source:61->target59] [Epoch 60/200] [loss_mse: 0.008002]
  收敛检测[few_shot:extreme_source_station61_to_59_class3]: 首次达到收敛条件 @ epoch 73 (best_epoch=68, best_loss=0.007226, final_loss=0.007321)
      [extreme_source:61->target59] [Epoch 80/200] [loss_mse: 0.007344]
  收敛检测[few_shot:extreme_source_station61_to_59_class3]: 首次达到收敛条件 @ epoch 87 (best_epoch=82, best_loss=0.006986, final_loss=0.007311)
      [extreme_source:61->target59] [Epoch 100/200] [loss_mse: 0.007045]
      [extreme_source:61->target59] [Epoch 120/200] [loss_mse: 0.007171]
  收敛检测[few_shot:extreme_source_station61_to_59_class3]: 首次达到收敛条件 @ epoch 124 (best_epoch=119, best_loss=0.006829, final_loss=0.007435)
      [extreme_source:61->target59] [Epoch 140/200] [loss_mse: 0.007218]
  收敛检测[few_shot:extreme_source_station61_to_59_class3]: 首次达到收敛条件 @ epoch 146 (best_epoch=141, best_loss=0.006708, final_loss=0.007421)
      [extreme_source:61->target59] [Epoch 160/200] [loss_mse: 0.007202]
      [extreme_source:61->target59] [Epoch 180/200] [loss_mse: 0.006778]
      [extreme_source:61->target59] [Epoch 200/200] [loss_mse: 0.006903]
  收敛检测[few_shot:extreme_source_station61_to_59_class3]: 已收敛 @ epoch 146 (best_epoch=141, best_loss=0.006708, final_loss=0.006903)
  收敛检测[few_shot:few_shot]: 未收敛 (best_epoch=1, best_loss=0.133527, final_loss=0.133527)
  收敛检测[few_shot:few_shot]: 未收敛 (best_epoch=1, best_loss=0.184290, final_loss=0.184290)
  收敛检测[few_shot:few_shot]: 未收敛 (best_epoch=1, best_loss=0.076019, final_loss=0.076019)
  收敛检测[few_shot:few_shot]: 未收敛 (best_epoch=1, best_loss=0.112305, final_loss=0.112305)
  收敛检测[few_shot:few_shot]: 未收敛 (best_epoch=1, best_loss=0.145706, final_loss=0.145706)
  收敛检测[few_shot:few_shot]: 未收敛 (best_epoch=1, best_loss=0.022769, final_loss=0.022769)
  收敛检测[few_shot:few_shot]: 未收敛 (best_epoch=1, best_loss=0.067187, final_loss=0.067187)
  收敛检测[few_shot:few_shot]: 未收敛 (best_epoch=1, best_loss=0.101703, final_loss=0.101703)
  收敛检测[few_shot:few_shot]: 未收敛 (best_epoch=1, best_loss=0.135195, final_loss=0.135195)
  收敛检测[few_shot:few_shot]: 未收敛 (best_epoch=1, best_loss=0.063559, final_loss=0.063559)
  收敛检测[few_shot:few_shot]: 未收敛 (best_epoch=1, best_loss=0.032797, final_loss=0.032797)
  收敛检测[few_shot:few_shot]: 未收敛 (best_epoch=1, best_loss=0.057557, final_loss=0.057557)
  收敛检测[few_shot:few_shot]: 未收敛 (best_epoch=1, best_loss=0.047204, final_loss=0.047204)
  收敛检测[few_shot:few_shot]: 未收敛 (best_epoch=1, best_loss=0.022271, final_loss=0.022271)
  收敛检测[few_shot:few_shot]: 未收敛 (best_epoch=1, best_loss=0.088975, final_loss=0.088975)
  收敛检测[few_shot:few_shot]: 未收敛 (best_epoch=1, best_loss=0.080778, final_loss=0.080778)
    [screen:extreme_source] source_station=62 -> target_station=59, candidate=19, gated=16, effective=11
      [extreme_source:62->target59] [Epoch 1/200] [loss_mse: 0.076251]
      [extreme_source:62->target59] [Epoch 2/200] [loss_mse: 0.066274]
      [extreme_source:62->target59] [Epoch 3/200] [loss_mse: 0.067943]
      [extreme_source:62->target59] [Epoch 4/200] [loss_mse: 0.060654]
      [extreme_source:62->target59] [Epoch 5/200] [loss_mse: 0.054659]
      [extreme_source:62->target59] [Epoch 6/200] [loss_mse: 0.054903]
      [extreme_source:62->target59] [Epoch 7/200] [loss_mse: 0.045603]
      [extreme_source:62->target59] [Epoch 8/200] [loss_mse: 0.047299]
      [extreme_source:62->target59] [Epoch 9/200] [loss_mse: 0.046541]
      [extreme_source:62->target59] [Epoch 10/200] [loss_mse: 0.047425]
      [extreme_source:62->target59] [Epoch 20/200] [loss_mse: 0.028239]
  收敛检测[few_shot:extreme_source_station62_to_59_class3]: 首次达到收敛条件 @ epoch 33 (best_epoch=28, best_loss=0.021970, final_loss=0.022134)
      [extreme_source:62->target59] [Epoch 40/200] [loss_mse: 0.021762]
  收敛检测[few_shot:extreme_source_station62_to_59_class3]: 首次达到收敛条件 @ epoch 52 (best_epoch=47, best_loss=0.019208, final_loss=0.021416)
      [extreme_source:62->target59] [Epoch 60/200] [loss_mse: 0.019746]
  收敛检测[few_shot:extreme_source_station62_to_59_class3]: 首次达到收敛条件 @ epoch 72 (best_epoch=67, best_loss=0.018407, final_loss=0.020697)
      [extreme_source:62->target59] [Epoch 80/200] [loss_mse: 0.020192]
      [extreme_source:62->target59] [Epoch 100/200] [loss_mse: 0.020961]
      [extreme_source:62->target59] [Epoch 120/200] [loss_mse: 0.020075]
      [extreme_source:62->target59] [Epoch 140/200] [loss_mse: 0.019343]
      [extreme_source:62->target59] [Epoch 160/200] [loss_mse: 0.019494]
      [extreme_source:62->target59] [Epoch 180/200] [loss_mse: 0.019349]
      [extreme_source:62->target59] [Epoch 200/200] [loss_mse: 0.020123]
  收敛检测[few_shot:extreme_source_station62_to_59_class3]: 已收敛 @ epoch 72 (best_epoch=67, best_loss=0.018407, final_loss=0.020123)
  收敛检测[few_shot:few_shot]: 未收敛 (best_epoch=1, best_loss=0.060399, final_loss=0.060399)
  收敛检测[few_shot:few_shot]: 未收敛 (best_epoch=1, best_loss=0.034583, final_loss=0.034583)
  收敛检测[few_shot:few_shot]: 未收敛 (best_epoch=1, best_loss=0.096888, final_loss=0.096888)
  收敛检测[few_shot:few_shot]: 未收敛 (best_epoch=1, best_loss=0.094500, final_loss=0.094500)
  收敛检测[few_shot:few_shot]: 未收敛 (best_epoch=1, best_loss=0.070676, final_loss=0.070676)
  收敛检测[few_shot:few_shot]: 未收敛 (best_epoch=1, best_loss=0.088639, final_loss=0.088639)
  收敛检测[few_shot:few_shot]: 未收敛 (best_epoch=1, best_loss=0.092767, final_loss=0.092767)
  收敛检测[few_shot:few_shot]: 未收敛 (best_epoch=1, best_loss=0.116477, final_loss=0.116477)
  收敛检测[few_shot:few_shot]: 未收敛 (best_epoch=1, best_loss=0.104720, final_loss=0.104720)
  收敛检测[few_shot:few_shot]: 未收敛 (best_epoch=1, best_loss=0.052643, final_loss=0.052643)
  收敛检测[few_shot:few_shot]: 未收敛 (best_epoch=1, best_loss=0.084359, final_loss=0.084359)
  收敛检测[few_shot:few_shot]: 未收敛 (best_epoch=1, best_loss=0.074687, final_loss=0.074687)
  收敛检测[few_shot:few_shot]: 未收敛 (best_epoch=1, best_loss=0.059701, final_loss=0.059701)
  收敛检测[few_shot:few_shot]: 未收敛 (best_epoch=1, best_loss=0.044464, final_loss=0.044464)
  收敛检测[few_shot:few_shot]: 未收敛 (best_epoch=1, best_loss=0.086059, final_loss=0.086059)
  收敛检测[few_shot:few_shot]: 未收敛 (best_epoch=1, best_loss=0.038477, final_loss=0.038477)
  收敛检测[few_shot:few_shot]: 未收敛 (best_epoch=1, best_loss=0.025682, final_loss=0.025682)
  收敛检测[few_shot:few_shot]: 未收敛 (best_epoch=1, best_loss=0.107700, final_loss=0.107700)
  收敛检测[few_shot:few_shot]: 未收敛 (best_epoch=1, best_loss=0.121519, final_loss=0.121519)
  收敛检测[few_shot:few_shot]: 未收敛 (best_epoch=1, best_loss=0.088524, final_loss=0.088524)
  收敛检测[few_shot:few_shot]: 未收敛 (best_epoch=1, best_loss=0.074168, final_loss=0.074168)
  收敛检测[few_shot:few_shot]: 未收敛 (best_epoch=1, best_loss=0.054028, final_loss=0.054028)
  收敛检测[few_shot:few_shot]: 未收敛 (best_epoch=1, best_loss=0.017463, final_loss=0.017463)
    [screen:extreme_source] source_station=63 -> target_station=59, candidate=28, gated=23, effective=19
      [extreme_source:63->target59] [Epoch 1/200] [loss_mse: 0.081518]
      [extreme_source:63->target59] [Epoch 2/200] [loss_mse: 0.073042]
      [extreme_source:63->target59] [Epoch 3/200] [loss_mse: 0.072467]
      [extreme_source:63->target59] [Epoch 4/200] [loss_mse: 0.074210]
      [extreme_source:63->target59] [Epoch 5/200] [loss_mse: 0.067406]
      [extreme_source:63->target59] [Epoch 6/200] [loss_mse: 0.064687]
      [extreme_source:63->target59] [Epoch 7/200] [loss_mse: 0.060412]
      [extreme_source:63->target59] [Epoch 8/200] [loss_mse: 0.058663]
      [extreme_source:63->target59] [Epoch 9/200] [loss_mse: 0.050792]
      [extreme_source:63->target59] [Epoch 10/200] [loss_mse: 0.056277]
      [extreme_source:63->target59] [Epoch 20/200] [loss_mse: 0.028055]
      [extreme_source:63->target59] [Epoch 40/200] [loss_mse: 0.013653]
      [extreme_source:63->target59] [Epoch 60/200] [loss_mse: 0.011177]
  收敛检测[few_shot:extreme_source_station63_to_59_class3]: 首次达到收敛条件 @ epoch 65 (best_epoch=60, best_loss=0.011177, final_loss=0.011296)
  收敛检测[few_shot:extreme_source_station63_to_59_class3]: 首次达到收敛条件 @ epoch 73 (best_epoch=68, best_loss=0.010895, final_loss=0.011064)
      [extreme_source:63->target59] [Epoch 80/200] [loss_mse: 0.011118]
  收敛检测[few_shot:extreme_source_station63_to_59_class3]: 首次达到收敛条件 @ epoch 96 (best_epoch=91, best_loss=0.010685, final_loss=0.011324)
      [extreme_source:63->target59] [Epoch 100/200] [loss_mse: 0.011456]
  收敛检测[few_shot:extreme_source_station63_to_59_class3]: 首次达到收敛条件 @ epoch 106 (best_epoch=101, best_loss=0.010575, final_loss=0.011392)
      [extreme_source:63->target59] [Epoch 120/200] [loss_mse: 0.010986]
  收敛检测[few_shot:extreme_source_station63_to_59_class3]: 首次达到收敛条件 @ epoch 131 (best_epoch=126, best_loss=0.010429, final_loss=0.011802)
      [extreme_source:63->target59] [Epoch 140/200] [loss_mse: 0.010995]
  收敛检测[few_shot:extreme_source_station63_to_59_class3]: 首次达到收敛条件 @ epoch 147 (best_epoch=142, best_loss=0.010301, final_loss=0.011706)
      [extreme_source:63->target59] [Epoch 160/200] [loss_mse: 0.011095]
      [extreme_source:63->target59] [Epoch 180/200] [loss_mse: 0.011202]
      [extreme_source:63->target59] [Epoch 200/200] [loss_mse: 0.011420]
  收敛检测[few_shot:extreme_source_station63_to_59_class3]: 已收敛 @ epoch 147 (best_epoch=142, best_loss=0.010301, final_loss=0.011420)
      [Extreme-FedAvg:target_refine] [Epoch 1/200] [loss_mse: 0.112021]
      [Extreme-FedAvg:target_refine] [Epoch 2/200] [loss_mse: 0.109877]
      [Extreme-FedAvg:target_refine] [Epoch 3/200] [loss_mse: 0.105838]
      [Extreme-FedAvg:target_refine] [Epoch 4/200] [loss_mse: 0.103632]
      [Extreme-FedAvg:target_refine] [Epoch 5/200] [loss_mse: 0.102694]
      [Extreme-FedAvg:target_refine] [Epoch 6/200] [loss_mse: 0.097037]
      [Extreme-FedAvg:target_refine] [Epoch 7/200] [loss_mse: 0.101701]
      [Extreme-FedAvg:target_refine] [Epoch 8/200] [loss_mse: 0.096561]
      [Extreme-FedAvg:target_refine] [Epoch 9/200] [loss_mse: 0.095569]
      [Extreme-FedAvg:target_refine] [Epoch 10/200] [loss_mse: 0.095021]
  收敛检测[few_shot:extreme_fedavg_station59_class3]: 首次达到收敛条件 @ epoch 18 (best_epoch=13, best_loss=0.089526, final_loss=0.092405)
      [Extreme-FedAvg:target_refine] [Epoch 20/200] [loss_mse: 0.091838]
  收敛检测[few_shot:extreme_fedavg_station59_class3]: 首次达到收敛条件 @ epoch 29 (best_epoch=24, best_loss=0.087348, final_loss=0.089980)
  收敛检测[few_shot:extreme_fedavg_station59_class3]: 首次达到收敛条件 @ epoch 40 (best_epoch=35, best_loss=0.086064, final_loss=0.088164)
      [Extreme-FedAvg:target_refine] [Epoch 40/200] [loss_mse: 0.088164]
      [Extreme-FedAvg:target_refine] [Epoch 60/200] [loss_mse: 0.088686]
  收敛检测[few_shot:extreme_fedavg_station59_class3]: 首次达到收敛条件 @ epoch 63 (best_epoch=58, best_loss=0.085734, final_loss=0.091172)
  收敛检测[few_shot:extreme_fedavg_station59_class3]: 首次达到收敛条件 @ epoch 71 (best_epoch=66, best_loss=0.084203, final_loss=0.091908)
      [Extreme-FedAvg:target_refine] [Epoch 80/200] [loss_mse: 0.093386]
      [Extreme-FedAvg:target_refine] [Epoch 100/200] [loss_mse: 0.087890]
      [Extreme-FedAvg:target_refine] [Epoch 120/200] [loss_mse: 0.091612]
      [Extreme-FedAvg:target_refine] [Epoch 140/200] [loss_mse: 0.086357]
      [Extreme-FedAvg:target_refine] [Epoch 160/200] [loss_mse: 0.090101]
  收敛检测[few_shot:extreme_fedavg_station59_class3]: 首次达到收敛条件 @ epoch 168 (best_epoch=163, best_loss=0.083669, final_loss=0.089076)
      [Extreme-FedAvg:target_refine] [Epoch 180/200] [loss_mse: 0.086276]
  收敛检测[few_shot:extreme_fedavg_station59_class3]: 首次达到收敛条件 @ epoch 191 (best_epoch=186, best_loss=0.080557, final_loss=0.086381)
      [Extreme-FedAvg:target_refine] [Epoch 200/200] [loss_mse: 0.093108]
  收敛检测[few_shot:extreme_fedavg_station59_class3]: 已收敛 @ epoch 191 (best_epoch=186, best_loss=0.080557, final_loss=0.093108)
    ✓ 保存(Extreme-FedAvg): artifacts/2h6p_six_station/fed-normal-meta-5k/models/model_fore_station59_extreme3_extreme_fedavg.pth weights={'59': 0.16666666666666666, '58': 0.16666666666666666, '60': 0.16666666666666666, '61': 0.16666666666666666, '62': 0.16666666666666666, '63': 0.16666666666666666}
      [Proposed-A:self_update] [Epoch 1/200] [loss_mse: 0.104393]
      [Proposed-A:self_update] [Epoch 2/200] [loss_mse: 0.102319]
      [Proposed-A:self_update] [Epoch 3/200] [loss_mse: 0.100206]
      [Proposed-A:self_update] [Epoch 4/200] [loss_mse: 0.099274]
      [Proposed-A:self_update] [Epoch 5/200] [loss_mse: 0.096765]
      [Proposed-A:self_update] [Epoch 6/200] [loss_mse: 0.096026]
      [Proposed-A:self_update] [Epoch 7/200] [loss_mse: 0.094194]
      [Proposed-A:self_update] [Epoch 8/200] [loss_mse: 0.099103]
      [Proposed-A:self_update] [Epoch 9/200] [loss_mse: 0.089771]
      [Proposed-A:self_update] [Epoch 10/200] [loss_mse: 0.090984]
  收敛检测[few_shot:proposed_self_station59_class3]: 首次达到收敛条件 @ epoch 14 (best_epoch=9, best_loss=0.089771, final_loss=0.092274)
      [Proposed-A:self_update] [Epoch 20/200] [loss_mse: 0.091812]
  收敛检测[few_shot:proposed_self_station59_class3]: 首次达到收敛条件 @ epoch 27 (best_epoch=22, best_loss=0.088536, final_loss=0.093767)
      [Proposed-A:self_update] [Epoch 40/200] [loss_mse: 0.093839]
  收敛检测[few_shot:proposed_self_station59_class3]: 首次达到收敛条件 @ epoch 50 (best_epoch=45, best_loss=0.087267, final_loss=0.091015)
  收敛检测[few_shot:proposed_self_station59_class3]: 首次达到收敛条件 @ epoch 56 (best_epoch=51, best_loss=0.086783, final_loss=0.094140)
      [Proposed-A:self_update] [Epoch 60/200] [loss_mse: 0.098317]
      [Proposed-A:self_update] [Epoch 80/200] [loss_mse: 0.091094]
      [Proposed-A:self_update] [Epoch 100/200] [loss_mse: 0.093525]
  收敛检测[few_shot:proposed_self_station59_class3]: 首次达到收敛条件 @ epoch 101 (best_epoch=96, best_loss=0.086438, final_loss=0.087896)
      [Proposed-A:self_update] [Epoch 120/200] [loss_mse: 0.094834]
      [Proposed-A:self_update] [Epoch 140/200] [loss_mse: 0.100347]
      [Proposed-A:self_update] [Epoch 160/200] [loss_mse: 0.090847]
      [Proposed-A:self_update] [Epoch 180/200] [loss_mse: 0.085145]
  收敛检测[few_shot:proposed_self_station59_class3]: 首次达到收敛条件 @ epoch 185 (best_epoch=180, best_loss=0.085145, final_loss=0.087320)
      [Proposed-A:self_update] [Epoch 200/200] [loss_mse: 0.089991]
  收敛检测[few_shot:proposed_self_station59_class3]: 已收敛 @ epoch 185 (best_epoch=180, best_loss=0.085145, final_loss=0.089991)
  收敛检测[few_shot:few_shot]: 未收敛 (best_epoch=1, best_loss=0.110911, final_loss=0.110911)
  收敛检测[few_shot:few_shot]: 未收敛 (best_epoch=1, best_loss=0.130909, final_loss=0.130909)
  收敛检测[few_shot:few_shot]: 未收敛 (best_epoch=1, best_loss=0.112201, final_loss=0.112201)
  收敛检测[few_shot:few_shot]: 未收敛 (best_epoch=1, best_loss=0.076984, final_loss=0.076984)
  收敛检测[few_shot:few_shot]: 未收敛 (best_epoch=1, best_loss=0.127811, final_loss=0.127811)
  收敛检测[few_shot:few_shot]: 未收敛 (best_epoch=1, best_loss=0.090122, final_loss=0.090122)
  收敛检测[few_shot:few_shot]: 未收敛 (best_epoch=1, best_loss=0.126019, final_loss=0.126019)
  收敛检测[few_shot:few_shot]: 未收敛 (best_epoch=1, best_loss=0.105052, final_loss=0.105052)
  收敛检测[few_shot:few_shot]: 未收敛 (best_epoch=1, best_loss=0.067229, final_loss=0.067229)
  收敛检测[few_shot:few_shot]: 未收敛 (best_epoch=1, best_loss=0.112440, final_loss=0.112440)
  收敛检测[few_shot:few_shot]: 未收敛 (best_epoch=1, best_loss=0.099637, final_loss=0.099637)
  收敛检测[few_shot:few_shot]: 未收敛 (best_epoch=1, best_loss=0.078205, final_loss=0.078205)
  收敛检测[few_shot:few_shot]: 未收敛 (best_epoch=1, best_loss=0.022174, final_loss=0.022174)
  收敛检测[few_shot:few_shot]: 未收敛 (best_epoch=1, best_loss=0.106187, final_loss=0.106187)
  收敛检测[few_shot:few_shot]: 未收敛 (best_epoch=1, best_loss=0.094298, final_loss=0.094298)
  收敛检测[few_shot:few_shot]: 未收敛 (best_epoch=1, best_loss=0.027893, final_loss=0.027893)
  收敛检测[few_shot:few_shot]: 未收敛 (best_epoch=1, best_loss=0.009972, final_loss=0.009972)
  收敛检测[few_shot:few_shot]: 未收敛 (best_epoch=1, best_loss=0.045548, final_loss=0.045548)
  收敛检测[few_shot:few_shot]: 未收敛 (best_epoch=1, best_loss=0.106277, final_loss=0.106277)
  收敛检测[few_shot:few_shot]: 未收敛 (best_epoch=1, best_loss=0.110810, final_loss=0.110810)
  收敛检测[few_shot:few_shot]: 未收敛 (best_epoch=1, best_loss=0.071416, final_loss=0.071416)
  收敛检测[few_shot:few_shot]: 未收敛 (best_epoch=1, best_loss=0.065929, final_loss=0.065929)
  收敛检测[few_shot:few_shot]: 未收敛 (best_epoch=1, best_loss=0.050402, final_loss=0.050402)
  收敛检测[few_shot:few_shot]: 未收敛 (best_epoch=1, best_loss=0.082592, final_loss=0.082592)
  收敛检测[few_shot:few_shot]: 未收敛 (best_epoch=1, best_loss=0.069339, final_loss=0.069339)
  收敛检测[few_shot:few_shot]: 未收敛 (best_epoch=1, best_loss=0.073436, final_loss=0.073436)
  收敛检测[few_shot:few_shot]: 未收敛 (best_epoch=1, best_loss=0.087043, final_loss=0.087043)
  收敛检测[few_shot:few_shot]: 未收敛 (best_epoch=1, best_loss=0.065168, final_loss=0.065168)
  收敛检测[few_shot:few_shot]: 未收敛 (best_epoch=1, best_loss=0.079644, final_loss=0.079644)
    [screen:proposed_source] source_station=58 -> target_station=59, candidate=36, gated=29, effective=19
      [proposed_source:58->target59] [Epoch 1/200] [loss_mse: 0.093790]
      [proposed_source:58->target59] [Epoch 2/200] [loss_mse: 0.094452]
      [proposed_source:58->target59] [Epoch 3/200] [loss_mse: 0.086959]
      [proposed_source:58->target59] [Epoch 4/200] [loss_mse: 0.082256]
      [proposed_source:58->target59] [Epoch 5/200] [loss_mse: 0.072050]
      [proposed_source:58->target59] [Epoch 6/200] [loss_mse: 0.068687]
      [proposed_source:58->target59] [Epoch 7/200] [loss_mse: 0.066428]
      [proposed_source:58->target59] [Epoch 8/200] [loss_mse: 0.061801]
      [proposed_source:58->target59] [Epoch 9/200] [loss_mse: 0.055628]
      [proposed_source:58->target59] [Epoch 10/200] [loss_mse: 0.053588]
      [proposed_source:58->target59] [Epoch 20/200] [loss_mse: 0.024563]
      [proposed_source:58->target59] [Epoch 40/200] [loss_mse: 0.009429]
  收敛检测[few_shot:proposed_source_station58_to_59_class3]: 首次达到收敛条件 @ epoch 53 (best_epoch=48, best_loss=0.007491, final_loss=0.007665)
      [proposed_source:58->target59] [Epoch 60/200] [loss_mse: 0.007642]
  收敛检测[few_shot:proposed_source_station58_to_59_class3]: 首次达到收敛条件 @ epoch 71 (best_epoch=66, best_loss=0.007318, final_loss=0.007749)
      [proposed_source:58->target59] [Epoch 80/200] [loss_mse: 0.007611]
  收敛检测[few_shot:proposed_source_station58_to_59_class3]: 首次达到收敛条件 @ epoch 91 (best_epoch=86, best_loss=0.007208, final_loss=0.007715)
      [proposed_source:58->target59] [Epoch 100/200] [loss_mse: 0.008034]
      [proposed_source:58->target59] [Epoch 120/200] [loss_mse: 0.007592]
  收敛检测[few_shot:proposed_source_station58_to_59_class3]: 首次达到收敛条件 @ epoch 140 (best_epoch=135, best_loss=0.007103, final_loss=0.007375)
      [proposed_source:58->target59] [Epoch 140/200] [loss_mse: 0.007375]
      [proposed_source:58->target59] [Epoch 160/200] [loss_mse: 0.007308]
      [proposed_source:58->target59] [Epoch 180/200] [loss_mse: 0.007018]
      [proposed_source:58->target59] [Epoch 200/200] [loss_mse: 0.007735]
  收敛检测[few_shot:proposed_source_station58_to_59_class3]: 已收敛 @ epoch 140 (best_epoch=135, best_loss=0.007103, final_loss=0.007735)
  收敛检测[few_shot:few_shot]: 未收敛 (best_epoch=1, best_loss=0.151867, final_loss=0.151867)
  收敛检测[few_shot:few_shot]: 未收敛 (best_epoch=1, best_loss=0.109766, final_loss=0.109766)
  收敛检测[few_shot:few_shot]: 未收敛 (best_epoch=1, best_loss=0.051135, final_loss=0.051135)
  收敛检测[few_shot:few_shot]: 未收敛 (best_epoch=1, best_loss=0.086674, final_loss=0.086674)
  收敛检测[few_shot:few_shot]: 未收敛 (best_epoch=1, best_loss=0.086690, final_loss=0.086690)
  收敛检测[few_shot:few_shot]: 未收敛 (best_epoch=1, best_loss=0.103384, final_loss=0.103384)
  收敛检测[few_shot:few_shot]: 未收敛 (best_epoch=1, best_loss=0.085685, final_loss=0.085685)
  收敛检测[few_shot:few_shot]: 未收敛 (best_epoch=1, best_loss=0.133653, final_loss=0.133653)
  收敛检测[few_shot:few_shot]: 未收敛 (best_epoch=1, best_loss=0.107429, final_loss=0.107429)
  收敛检测[few_shot:few_shot]: 未收敛 (best_epoch=1, best_loss=0.064102, final_loss=0.064102)
  收敛检测[few_shot:few_shot]: 未收敛 (best_epoch=1, best_loss=0.095143, final_loss=0.095143)
  收敛检测[few_shot:few_shot]: 未收敛 (best_epoch=1, best_loss=0.071479, final_loss=0.071479)
  收敛检测[few_shot:few_shot]: 未收敛 (best_epoch=1, best_loss=0.051584, final_loss=0.051584)
  收敛检测[few_shot:few_shot]: 未收敛 (best_epoch=1, best_loss=0.084698, final_loss=0.084698)
  收敛检测[few_shot:few_shot]: 未收敛 (best_epoch=1, best_loss=0.063490, final_loss=0.063490)
  收敛检测[few_shot:few_shot]: 未收敛 (best_epoch=1, best_loss=0.031014, final_loss=0.031014)
  收敛检测[few_shot:few_shot]: 未收敛 (best_epoch=1, best_loss=0.054176, final_loss=0.054176)
  收敛检测[few_shot:few_shot]: 未收敛 (best_epoch=1, best_loss=0.154195, final_loss=0.154195)
  收敛检测[few_shot:few_shot]: 未收敛 (best_epoch=1, best_loss=0.113131, final_loss=0.113131)
  收敛检测[few_shot:few_shot]: 未收敛 (best_epoch=1, best_loss=0.044027, final_loss=0.044027)
  收敛检测[few_shot:few_shot]: 未收敛 (best_epoch=1, best_loss=0.062246, final_loss=0.062246)
  收敛检测[few_shot:few_shot]: 未收敛 (best_epoch=1, best_loss=0.066026, final_loss=0.066026)
  收敛检测[few_shot:few_shot]: 未收敛 (best_epoch=1, best_loss=0.027874, final_loss=0.027874)
    [screen:proposed_source] source_station=60 -> target_station=59, candidate=28, gated=23, effective=19
      [proposed_source:60->target59] [Epoch 1/200] [loss_mse: 0.080524]
      [proposed_source:60->target59] [Epoch 2/200] [loss_mse: 0.077856]
      [proposed_source:60->target59] [Epoch 3/200] [loss_mse: 0.067739]
      [proposed_source:60->target59] [Epoch 4/200] [loss_mse: 0.067685]
      [proposed_source:60->target59] [Epoch 5/200] [loss_mse: 0.060185]
      [proposed_source:60->target59] [Epoch 6/200] [loss_mse: 0.055568]
      [proposed_source:60->target59] [Epoch 7/200] [loss_mse: 0.054444]
      [proposed_source:60->target59] [Epoch 8/200] [loss_mse: 0.050439]
      [proposed_source:60->target59] [Epoch 9/200] [loss_mse: 0.046089]
      [proposed_source:60->target59] [Epoch 10/200] [loss_mse: 0.042806]
      [proposed_source:60->target59] [Epoch 20/200] [loss_mse: 0.023576]
      [proposed_source:60->target59] [Epoch 40/200] [loss_mse: 0.017050]
  收敛检测[few_shot:proposed_source_station60_to_59_class3]: 首次达到收敛条件 @ epoch 41 (best_epoch=36, best_loss=0.016938, final_loss=0.017033)
  收敛检测[few_shot:proposed_source_station60_to_59_class3]: 首次达到收敛条件 @ epoch 51 (best_epoch=46, best_loss=0.016738, final_loss=0.017257)
  收敛检测[few_shot:proposed_source_station60_to_59_class3]: 首次达到收敛条件 @ epoch 57 (best_epoch=52, best_loss=0.016317, final_loss=0.016954)
      [proposed_source:60->target59] [Epoch 60/200] [loss_mse: 0.017360]
      [proposed_source:60->target59] [Epoch 80/200] [loss_mse: 0.016840]
      [proposed_source:60->target59] [Epoch 100/200] [loss_mse: 0.016283]
  收敛检测[few_shot:proposed_source_station60_to_59_class3]: 首次达到收敛条件 @ epoch 104 (best_epoch=99, best_loss=0.016198, final_loss=0.016484)
      [proposed_source:60->target59] [Epoch 120/200] [loss_mse: 0.017357]
  收敛检测[few_shot:proposed_source_station60_to_59_class3]: 首次达到收敛条件 @ epoch 137 (best_epoch=132, best_loss=0.015926, final_loss=0.016263)
      [proposed_source:60->target59] [Epoch 140/200] [loss_mse: 0.017068]
      [proposed_source:60->target59] [Epoch 160/200] [loss_mse: 0.016400]
  收敛检测[few_shot:proposed_source_station60_to_59_class3]: 首次达到收敛条件 @ epoch 173 (best_epoch=168, best_loss=0.015761, final_loss=0.016282)
      [proposed_source:60->target59] [Epoch 180/200] [loss_mse: 0.016878]
      [proposed_source:60->target59] [Epoch 200/200] [loss_mse: 0.016818]
  收敛检测[few_shot:proposed_source_station60_to_59_class3]: 已收敛 @ epoch 173 (best_epoch=168, best_loss=0.015761, final_loss=0.016818)
  收敛检测[few_shot:few_shot]: 未收敛 (best_epoch=1, best_loss=0.103655, final_loss=0.103655)
  收敛检测[few_shot:few_shot]: 未收敛 (best_epoch=1, best_loss=0.108581, final_loss=0.108581)
  收敛检测[few_shot:few_shot]: 未收敛 (best_epoch=1, best_loss=0.104184, final_loss=0.104184)
  收敛检测[few_shot:few_shot]: 未收敛 (best_epoch=1, best_loss=0.096123, final_loss=0.096123)
  收敛检测[few_shot:few_shot]: 未收敛 (best_epoch=1, best_loss=0.094160, final_loss=0.094160)
  收敛检测[few_shot:few_shot]: 未收敛 (best_epoch=1, best_loss=0.114086, final_loss=0.114086)
  收敛检测[few_shot:few_shot]: 未收敛 (best_epoch=1, best_loss=0.088447, final_loss=0.088447)
  收敛检测[few_shot:few_shot]: 未收敛 (best_epoch=1, best_loss=0.070281, final_loss=0.070281)
  收敛检测[few_shot:few_shot]: 未收敛 (best_epoch=1, best_loss=0.137857, final_loss=0.137857)
  收敛检测[few_shot:few_shot]: 未收敛 (best_epoch=1, best_loss=0.127180, final_loss=0.127180)
  收敛检测[few_shot:few_shot]: 未收敛 (best_epoch=1, best_loss=0.066206, final_loss=0.066206)
  收敛检测[few_shot:few_shot]: 未收敛 (best_epoch=1, best_loss=0.010414, final_loss=0.010414)
  收敛检测[few_shot:few_shot]: 未收敛 (best_epoch=1, best_loss=0.099391, final_loss=0.099391)
  收敛检测[few_shot:few_shot]: 未收敛 (best_epoch=1, best_loss=0.093609, final_loss=0.093609)
  收敛检测[few_shot:few_shot]: 未收敛 (best_epoch=1, best_loss=0.017009, final_loss=0.017009)
  收敛检测[few_shot:few_shot]: 未收敛 (best_epoch=1, best_loss=0.019125, final_loss=0.019125)
  收敛检测[few_shot:few_shot]: 未收敛 (best_epoch=1, best_loss=0.024255, final_loss=0.024255)
  收敛检测[few_shot:few_shot]: 未收敛 (best_epoch=1, best_loss=0.109102, final_loss=0.109102)
  收敛检测[few_shot:few_shot]: 未收敛 (best_epoch=1, best_loss=0.115061, final_loss=0.115061)
  收敛检测[few_shot:few_shot]: 未收敛 (best_epoch=1, best_loss=0.077015, final_loss=0.077015)
  收敛检测[few_shot:few_shot]: 未收敛 (best_epoch=1, best_loss=0.054327, final_loss=0.054327)
  收敛检测[few_shot:few_shot]: 未收敛 (best_epoch=1, best_loss=0.051715, final_loss=0.051715)
  收敛检测[few_shot:few_shot]: 未收敛 (best_epoch=1, best_loss=0.074669, final_loss=0.074669)
  收敛检测[few_shot:few_shot]: 未收敛 (best_epoch=1, best_loss=0.072086, final_loss=0.072086)
  收敛检测[few_shot:few_shot]: 未收敛 (best_epoch=1, best_loss=0.045749, final_loss=0.045749)
  收敛检测[few_shot:few_shot]: 未收敛 (best_epoch=1, best_loss=0.076965, final_loss=0.076965)
  收敛检测[few_shot:few_shot]: 未收敛 (best_epoch=1, best_loss=0.079325, final_loss=0.079325)
  收敛检测[few_shot:few_shot]: 未收敛 (best_epoch=1, best_loss=0.081645, final_loss=0.081645)
  收敛检测[few_shot:few_shot]: 未收敛 (best_epoch=1, best_loss=0.068640, final_loss=0.068640)
  收敛检测[few_shot:few_shot]: 未收敛 (best_epoch=1, best_loss=0.079455, final_loss=0.079455)
    [screen:proposed_source] source_station=61 -> target_station=59, candidate=37, gated=30, effective=19
      [proposed_source:61->target59] [Epoch 1/200] [loss_mse: 0.097821]
      [proposed_source:61->target59] [Epoch 2/200] [loss_mse: 0.094154]
      [proposed_source:61->target59] [Epoch 3/200] [loss_mse: 0.087653]
      [proposed_source:61->target59] [Epoch 4/200] [loss_mse: 0.080159]
      [proposed_source:61->target59] [Epoch 5/200] [loss_mse: 0.071635]
      [proposed_source:61->target59] [Epoch 6/200] [loss_mse: 0.068487]
      [proposed_source:61->target59] [Epoch 7/200] [loss_mse: 0.066815]
      [proposed_source:61->target59] [Epoch 8/200] [loss_mse: 0.060570]
      [proposed_source:61->target59] [Epoch 9/200] [loss_mse: 0.058224]
      [proposed_source:61->target59] [Epoch 10/200] [loss_mse: 0.052373]
      [proposed_source:61->target59] [Epoch 20/200] [loss_mse: 0.024256]
      [proposed_source:61->target59] [Epoch 40/200] [loss_mse: 0.008766]
  收敛检测[few_shot:proposed_source_station61_to_59_class3]: 首次达到收敛条件 @ epoch 48 (best_epoch=43, best_loss=0.007978, final_loss=0.008137)
  收敛检测[few_shot:proposed_source_station61_to_59_class3]: 首次达到收敛条件 @ epoch 57 (best_epoch=52, best_loss=0.007375, final_loss=0.007523)
      [proposed_source:61->target59] [Epoch 60/200] [loss_mse: 0.007634]
  收敛检测[few_shot:proposed_source_station61_to_59_class3]: 首次达到收敛条件 @ epoch 67 (best_epoch=62, best_loss=0.007067, final_loss=0.007126)
  收敛检测[few_shot:proposed_source_station61_to_59_class3]: 首次达到收敛条件 @ epoch 75 (best_epoch=70, best_loss=0.006959, final_loss=0.007676)
      [proposed_source:61->target59] [Epoch 80/200] [loss_mse: 0.007267]
      [proposed_source:61->target59] [Epoch 100/200] [loss_mse: 0.007629]
  收敛检测[few_shot:proposed_source_station61_to_59_class3]: 首次达到收敛条件 @ epoch 119 (best_epoch=114, best_loss=0.006680, final_loss=0.007031)
      [proposed_source:61->target59] [Epoch 120/200] [loss_mse: 0.007368]
      [proposed_source:61->target59] [Epoch 140/200] [loss_mse: 0.007079]
      [proposed_source:61->target59] [Epoch 160/200] [loss_mse: 0.007116]
      [proposed_source:61->target59] [Epoch 180/200] [loss_mse: 0.006848]
      [proposed_source:61->target59] [Epoch 200/200] [loss_mse: 0.007429]
  收敛检测[few_shot:proposed_source_station61_to_59_class3]: 已收敛 @ epoch 119 (best_epoch=114, best_loss=0.006680, final_loss=0.007429)
  收敛检测[few_shot:few_shot]: 未收敛 (best_epoch=1, best_loss=0.130711, final_loss=0.130711)
  收敛检测[few_shot:few_shot]: 未收敛 (best_epoch=1, best_loss=0.196967, final_loss=0.196967)
  收敛检测[few_shot:few_shot]: 未收敛 (best_epoch=1, best_loss=0.066608, final_loss=0.066608)
  收敛检测[few_shot:few_shot]: 未收敛 (best_epoch=1, best_loss=0.135660, final_loss=0.135660)
  收敛检测[few_shot:few_shot]: 未收敛 (best_epoch=1, best_loss=0.108682, final_loss=0.108682)
  收敛检测[few_shot:few_shot]: 未收敛 (best_epoch=1, best_loss=0.030075, final_loss=0.030075)
  收敛检测[few_shot:few_shot]: 未收敛 (best_epoch=1, best_loss=0.080386, final_loss=0.080386)
  收敛检测[few_shot:few_shot]: 未收敛 (best_epoch=1, best_loss=0.110471, final_loss=0.110471)
  收敛检测[few_shot:few_shot]: 未收敛 (best_epoch=1, best_loss=0.096732, final_loss=0.096732)
  收敛检测[few_shot:few_shot]: 未收敛 (best_epoch=1, best_loss=0.051325, final_loss=0.051325)
  收敛检测[few_shot:few_shot]: 未收敛 (best_epoch=1, best_loss=0.026461, final_loss=0.026461)
  收敛检测[few_shot:few_shot]: 未收敛 (best_epoch=1, best_loss=0.061605, final_loss=0.061605)
  收敛检测[few_shot:few_shot]: 未收敛 (best_epoch=1, best_loss=0.034862, final_loss=0.034862)
  收敛检测[few_shot:few_shot]: 未收敛 (best_epoch=1, best_loss=0.020951, final_loss=0.020951)
  收敛检测[few_shot:few_shot]: 未收敛 (best_epoch=1, best_loss=0.077379, final_loss=0.077379)
  收敛检测[few_shot:few_shot]: 未收敛 (best_epoch=1, best_loss=0.055344, final_loss=0.055344)
    [screen:proposed_source] source_station=62 -> target_station=59, candidate=19, gated=16, effective=11
      [proposed_source:62->target59] [Epoch 1/200] [loss_mse: 0.065951]
      [proposed_source:62->target59] [Epoch 2/200] [loss_mse: 0.063972]
      [proposed_source:62->target59] [Epoch 3/200] [loss_mse: 0.057312]
      [proposed_source:62->target59] [Epoch 4/200] [loss_mse: 0.055577]
      [proposed_source:62->target59] [Epoch 5/200] [loss_mse: 0.055867]
      [proposed_source:62->target59] [Epoch 6/200] [loss_mse: 0.049367]
      [proposed_source:62->target59] [Epoch 7/200] [loss_mse: 0.047690]
      [proposed_source:62->target59] [Epoch 8/200] [loss_mse: 0.042295]
      [proposed_source:62->target59] [Epoch 9/200] [loss_mse: 0.041003]
      [proposed_source:62->target59] [Epoch 10/200] [loss_mse: 0.042162]
      [proposed_source:62->target59] [Epoch 20/200] [loss_mse: 0.026644]
      [proposed_source:62->target59] [Epoch 40/200] [loss_mse: 0.021242]
  收敛检测[few_shot:proposed_source_station62_to_59_class3]: 首次达到收敛条件 @ epoch 41 (best_epoch=36, best_loss=0.021210, final_loss=0.021897)
      [proposed_source:62->target59] [Epoch 60/200] [loss_mse: 0.021722]
  收敛检测[few_shot:proposed_source_station62_to_59_class3]: 首次达到收敛条件 @ epoch 62 (best_epoch=57, best_loss=0.019910, final_loss=0.020792)
      [proposed_source:62->target59] [Epoch 80/200] [loss_mse: 0.021455]
      [proposed_source:62->target59] [Epoch 100/200] [loss_mse: 0.020127]
  收敛检测[few_shot:proposed_source_station62_to_59_class3]: 首次达到收敛条件 @ epoch 110 (best_epoch=105, best_loss=0.019643, final_loss=0.021242)
      [proposed_source:62->target59] [Epoch 120/200] [loss_mse: 0.021348]
      [proposed_source:62->target59] [Epoch 140/200] [loss_mse: 0.020369]
      [proposed_source:62->target59] [Epoch 160/200] [loss_mse: 0.020168]
  收敛检测[few_shot:proposed_source_station62_to_59_class3]: 首次达到收敛条件 @ epoch 180 (best_epoch=175, best_loss=0.019482, final_loss=0.020406)
      [proposed_source:62->target59] [Epoch 180/200] [loss_mse: 0.020406]
      [proposed_source:62->target59] [Epoch 200/200] [loss_mse: 0.020755]
  收敛检测[few_shot:proposed_source_station62_to_59_class3]: 已收敛 @ epoch 180 (best_epoch=175, best_loss=0.019482, final_loss=0.020755)
  收敛检测[few_shot:few_shot]: 未收敛 (best_epoch=1, best_loss=0.082640, final_loss=0.082640)
  收敛检测[few_shot:few_shot]: 未收敛 (best_epoch=1, best_loss=0.048796, final_loss=0.048796)
  收敛检测[few_shot:few_shot]: 未收敛 (best_epoch=1, best_loss=0.094143, final_loss=0.094143)
  收敛检测[few_shot:few_shot]: 未收敛 (best_epoch=1, best_loss=0.092597, final_loss=0.092597)
  收敛检测[few_shot:few_shot]: 未收敛 (best_epoch=1, best_loss=0.080161, final_loss=0.080161)
  收敛检测[few_shot:few_shot]: 未收敛 (best_epoch=1, best_loss=0.112147, final_loss=0.112147)
  收敛检测[few_shot:few_shot]: 未收敛 (best_epoch=1, best_loss=0.105741, final_loss=0.105741)
  收敛检测[few_shot:few_shot]: 未收敛 (best_epoch=1, best_loss=0.119455, final_loss=0.119455)
  收敛检测[few_shot:few_shot]: 未收敛 (best_epoch=1, best_loss=0.114804, final_loss=0.114804)
  收敛检测[few_shot:few_shot]: 未收敛 (best_epoch=1, best_loss=0.060570, final_loss=0.060570)
  收敛检测[few_shot:few_shot]: 未收敛 (best_epoch=1, best_loss=0.077625, final_loss=0.077625)
  收敛检测[few_shot:few_shot]: 未收敛 (best_epoch=1, best_loss=0.078731, final_loss=0.078731)
  收敛检测[few_shot:few_shot]: 未收敛 (best_epoch=1, best_loss=0.054634, final_loss=0.054634)
  收敛检测[few_shot:few_shot]: 未收敛 (best_epoch=1, best_loss=0.054125, final_loss=0.054125)
  收敛检测[few_shot:few_shot]: 未收敛 (best_epoch=1, best_loss=0.094840, final_loss=0.094840)
  收敛检测[few_shot:few_shot]: 未收敛 (best_epoch=1, best_loss=0.032544, final_loss=0.032544)
  收敛检测[few_shot:few_shot]: 未收敛 (best_epoch=1, best_loss=0.041821, final_loss=0.041821)
  收敛检测[few_shot:few_shot]: 未收敛 (best_epoch=1, best_loss=0.114754, final_loss=0.114754)
  收敛检测[few_shot:few_shot]: 未收敛 (best_epoch=1, best_loss=0.110956, final_loss=0.110956)
  收敛检测[few_shot:few_shot]: 未收敛 (best_epoch=1, best_loss=0.096187, final_loss=0.096187)
  收敛检测[few_shot:few_shot]: 未收敛 (best_epoch=1, best_loss=0.077297, final_loss=0.077297)
  收敛检测[few_shot:few_shot]: 未收敛 (best_epoch=1, best_loss=0.048758, final_loss=0.048758)
  收敛检测[few_shot:few_shot]: 未收敛 (best_epoch=1, best_loss=0.026890, final_loss=0.026890)
    [screen:proposed_source] source_station=63 -> target_station=59, candidate=28, gated=23, effective=19
      [proposed_source:63->target59] [Epoch 1/200] [loss_mse: 0.084582]
      [proposed_source:63->target59] [Epoch 2/200] [loss_mse: 0.076293]
      [proposed_source:63->target59] [Epoch 3/200] [loss_mse: 0.068645]
      [proposed_source:63->target59] [Epoch 4/200] [loss_mse: 0.064607]
      [proposed_source:63->target59] [Epoch 5/200] [loss_mse: 0.064506]
      [proposed_source:63->target59] [Epoch 6/200] [loss_mse: 0.059587]
      [proposed_source:63->target59] [Epoch 7/200] [loss_mse: 0.055012]
      [proposed_source:63->target59] [Epoch 8/200] [loss_mse: 0.049202]
      [proposed_source:63->target59] [Epoch 9/200] [loss_mse: 0.049783]
      [proposed_source:63->target59] [Epoch 10/200] [loss_mse: 0.044336]
      [proposed_source:63->target59] [Epoch 20/200] [loss_mse: 0.024083]
      [proposed_source:63->target59] [Epoch 40/200] [loss_mse: 0.015147]
  收敛检测[few_shot:proposed_source_station63_to_59_class3]: 首次达到收敛条件 @ epoch 42 (best_epoch=37, best_loss=0.014679, final_loss=0.014817)
  收敛检测[few_shot:proposed_source_station63_to_59_class3]: 首次达到收敛条件 @ epoch 49 (best_epoch=44, best_loss=0.014527, final_loss=0.014817)
      [proposed_source:63->target59] [Epoch 60/200] [loss_mse: 0.014376]
  收敛检测[few_shot:proposed_source_station63_to_59_class3]: 首次达到收敛条件 @ epoch 66 (best_epoch=61, best_loss=0.013701, final_loss=0.014508)
      [proposed_source:63->target59] [Epoch 80/200] [loss_mse: 0.014522]
  收敛检测[few_shot:proposed_source_station63_to_59_class3]: 首次达到收敛条件 @ epoch 92 (best_epoch=87, best_loss=0.013444, final_loss=0.014055)
      [proposed_source:63->target59] [Epoch 100/200] [loss_mse: 0.014716]
      [proposed_source:63->target59] [Epoch 120/200] [loss_mse: 0.014587]
      [proposed_source:63->target59] [Epoch 140/200] [loss_mse: 0.014340]
      [proposed_source:63->target59] [Epoch 160/200] [loss_mse: 0.014131]
  收敛检测[few_shot:proposed_source_station63_to_59_class3]: 首次达到收敛条件 @ epoch 167 (best_epoch=162, best_loss=0.013333, final_loss=0.014082)
      [proposed_source:63->target59] [Epoch 180/200] [loss_mse: 0.014468]
      [proposed_source:63->target59] [Epoch 200/200] [loss_mse: 0.014172]
  收敛检测[few_shot:proposed_source_station63_to_59_class3]: 已收敛 @ epoch 167 (best_epoch=162, best_loss=0.013333, final_loss=0.014172)
      [Proposed-A:target_refine] [Epoch 1/200] [loss_mse: 0.098806]
      [Proposed-A:target_refine] [Epoch 2/200] [loss_mse: 0.096626]
      [Proposed-A:target_refine] [Epoch 3/200] [loss_mse: 0.096560]
      [Proposed-A:target_refine] [Epoch 4/200] [loss_mse: 0.094587]
      [Proposed-A:target_refine] [Epoch 5/200] [loss_mse: 0.093407]
      [Proposed-A:target_refine] [Epoch 6/200] [loss_mse: 0.095847]
      [Proposed-A:target_refine] [Epoch 7/200] [loss_mse: 0.096346]
      [Proposed-A:target_refine] [Epoch 8/200] [loss_mse: 0.090822]
      [Proposed-A:target_refine] [Epoch 9/200] [loss_mse: 0.094691]
      [Proposed-A:target_refine] [Epoch 10/200] [loss_mse: 0.087460]
  收敛检测[few_shot:proposed_a_station59_class3]: 首次达到收敛条件 @ epoch 15 (best_epoch=10, best_loss=0.087460, final_loss=0.091973)
      [Proposed-A:target_refine] [Epoch 20/200] [loss_mse: 0.091116]
      [Proposed-A:target_refine] [Epoch 40/200] [loss_mse: 0.088435]
  收敛检测[few_shot:proposed_a_station59_class3]: 首次达到收敛条件 @ epoch 43 (best_epoch=38, best_loss=0.086191, final_loss=0.088653)
  收敛检测[few_shot:proposed_a_station59_class3]: 首次达到收敛条件 @ epoch 54 (best_epoch=49, best_loss=0.085777, final_loss=0.088865)
      [Proposed-A:target_refine] [Epoch 60/200] [loss_mse: 0.090068]
      [Proposed-A:target_refine] [Epoch 80/200] [loss_mse: 0.090662]
  收敛检测[few_shot:proposed_a_station59_class3]: 首次达到收敛条件 @ epoch 96 (best_epoch=91, best_loss=0.083306, final_loss=0.090938)
      [Proposed-A:target_refine] [Epoch 100/200] [loss_mse: 0.086657]
      [Proposed-A:target_refine] [Epoch 120/200] [loss_mse: 0.088851]
      [Proposed-A:target_refine] [Epoch 140/200] [loss_mse: 0.089098]
      [Proposed-A:target_refine] [Epoch 160/200] [loss_mse: 0.084148]
      [Proposed-A:target_refine] [Epoch 180/200] [loss_mse: 0.087882]
      [Proposed-A:target_refine] [Epoch 200/200] [loss_mse: 0.084598]
  收敛检测[few_shot:proposed_a_station59_class3]: 未收敛 (best_epoch=196, best_loss=0.082471, final_loss=0.084598)
    ✓ 保存(Proposed-A): artifacts/2h6p_six_station/fed-normal-meta-5k/models/model_fore_station59_extreme3_proposed_a.pth weights={'59': 0.5, '58': 0.10381126554695862, '60': 0.10369593353218061, '61': 0.1023891444373463, '62': 0.08569054321803951, '63': 0.10441311326547494}

======================================================================
场站 60 的Few-shot适应
======================================================================

  极端天气类别 1:
    样本数: 5
    训练轮数: 200, few-shot loss=MSE
    adapt/val: 4 / 1
      [LMT] [Epoch 1/200] [loss_mse: 0.158416]
      [LMT] [Epoch 2/200] [loss_mse: 0.159746]
      [LMT] [Epoch 3/200] [loss_mse: 0.122854]
      [LMT] [Epoch 4/200] [loss_mse: 0.134171]
      [LMT] [Epoch 5/200] [loss_mse: 0.128246]
      [LMT] [Epoch 6/200] [loss_mse: 0.122080]
      [LMT] [Epoch 7/200] [loss_mse: 0.130381]
      [LMT] [Epoch 8/200] [loss_mse: 0.103440]
      [LMT] [Epoch 9/200] [loss_mse: 0.108543]
      [LMT] [Epoch 10/200] [loss_mse: 0.116914]
  收敛检测[few_shot:lmt_station60_class0]: 首次达到收敛条件 @ epoch 17 (best_epoch=12, best_loss=0.095174, final_loss=0.107669)
      [LMT] [Epoch 20/200] [loss_mse: 0.089993]
      [LMT] [Epoch 40/200] [loss_mse: 0.077524]
  收敛检测[few_shot:lmt_station60_class0]: 首次达到收敛条件 @ epoch 43 (best_epoch=38, best_loss=0.057916, final_loss=0.091385)
      [LMT] [Epoch 60/200] [loss_mse: 0.089615]
      [LMT] [Epoch 80/200] [loss_mse: 0.072034]
      [LMT] [Epoch 100/200] [loss_mse: 0.077646]
  收敛检测[few_shot:lmt_station60_class0]: 首次达到收敛条件 @ epoch 108 (best_epoch=103, best_loss=0.050968, final_loss=0.056084)
      [LMT] [Epoch 120/200] [loss_mse: 0.079723]
      [LMT] [Epoch 140/200] [loss_mse: 0.060173]
  收敛检测[few_shot:lmt_station60_class0]: 首次达到收敛条件 @ epoch 154 (best_epoch=149, best_loss=0.047014, final_loss=0.065904)
      [LMT] [Epoch 160/200] [loss_mse: 0.073307]
      [LMT] [Epoch 180/200] [loss_mse: 0.064184]
  收敛检测[few_shot:lmt_station60_class0]: 首次达到收敛条件 @ epoch 184 (best_epoch=179, best_loss=0.041608, final_loss=0.081720)
      [LMT] [Epoch 200/200] [loss_mse: 0.059214]
  收敛检测[few_shot:lmt_station60_class0]: 已收敛 @ epoch 184 (best_epoch=179, best_loss=0.041608, final_loss=0.059214)
    ✓ 保存(LMT): artifacts/2h6p_six_station/fed-normal-meta-5k/models/model_fore_station60_extreme0.pth
  收敛检测[few_shot:few_shot]: 未收敛 (best_epoch=1, best_loss=0.139441, final_loss=0.139441)
  收敛检测[few_shot:few_shot]: 未收敛 (best_epoch=1, best_loss=0.208966, final_loss=0.208966)
  收敛检测[few_shot:few_shot]: 未收敛 (best_epoch=1, best_loss=0.308785, final_loss=0.308785)
  收敛检测[few_shot:few_shot]: 未收敛 (best_epoch=1, best_loss=0.274665, final_loss=0.274665)
  收敛检测[few_shot:few_shot]: 未收敛 (best_epoch=1, best_loss=0.235198, final_loss=0.235198)
  收敛检测[few_shot:few_shot]: 未收敛 (best_epoch=1, best_loss=0.133661, final_loss=0.133661)
  收敛检测[few_shot:few_shot]: 未收敛 (best_epoch=1, best_loss=0.150467, final_loss=0.150467)
    [screen:extreme_source] source_station=58 -> target_station=60, candidate=8, gated=7, effective=2
      [extreme_source:58->target60] [Epoch 1/200] [loss_mse: 0.103320]
      [extreme_source:58->target60] [Epoch 2/200] [loss_mse: 0.106037]
      [extreme_source:58->target60] [Epoch 3/200] [loss_mse: 0.103032]
      [extreme_source:58->target60] [Epoch 4/200] [loss_mse: 0.103165]
      [extreme_source:58->target60] [Epoch 5/200] [loss_mse: 0.091898]
      [extreme_source:58->target60] [Epoch 6/200] [loss_mse: 0.091695]
      [extreme_source:58->target60] [Epoch 7/200] [loss_mse: 0.096035]
      [extreme_source:58->target60] [Epoch 8/200] [loss_mse: 0.069037]
      [extreme_source:58->target60] [Epoch 9/200] [loss_mse: 0.062992]
      [extreme_source:58->target60] [Epoch 10/200] [loss_mse: 0.104321]
  收敛检测[few_shot:extreme_source_station58_to_60_class0]: 首次达到收敛条件 @ epoch 17 (best_epoch=12, best_loss=0.055601, final_loss=0.091135)
      [extreme_source:58->target60] [Epoch 20/200] [loss_mse: 0.048501]
  收敛检测[few_shot:extreme_source_station58_to_60_class0]: 首次达到收敛条件 @ epoch 25 (best_epoch=20, best_loss=0.048501, final_loss=0.048801)
  收敛检测[few_shot:extreme_source_station58_to_60_class0]: 首次达到收敛条件 @ epoch 37 (best_epoch=32, best_loss=0.046150, final_loss=0.059648)
      [extreme_source:58->target60] [Epoch 40/200] [loss_mse: 0.065982]
  收敛检测[few_shot:extreme_source_station58_to_60_class0]: 首次达到收敛条件 @ epoch 44 (best_epoch=39, best_loss=0.037088, final_loss=0.098441)
  收敛检测[few_shot:extreme_source_station58_to_60_class0]: 首次达到收敛条件 @ epoch 57 (best_epoch=52, best_loss=0.031362, final_loss=0.073801)
      [extreme_source:58->target60] [Epoch 60/200] [loss_mse: 0.043750]
      [extreme_source:58->target60] [Epoch 80/200] [loss_mse: 0.050055]
      [extreme_source:58->target60] [Epoch 100/200] [loss_mse: 0.040742]
      [extreme_source:58->target60] [Epoch 120/200] [loss_mse: 0.068197]
      [extreme_source:58->target60] [Epoch 140/200] [loss_mse: 0.055672]
      [extreme_source:58->target60] [Epoch 160/200] [loss_mse: 0.040084]
  收敛检测[few_shot:extreme_source_station58_to_60_class0]: 首次达到收敛条件 @ epoch 175 (best_epoch=170, best_loss=0.015697, final_loss=0.064901)
      [extreme_source:58->target60] [Epoch 180/200] [loss_mse: 0.037011]
      [extreme_source:58->target60] [Epoch 200/200] [loss_mse: 0.028509]
  收敛检测[few_shot:extreme_source_station58_to_60_class0]: 已收敛 @ epoch 175 (best_epoch=170, best_loss=0.015697, final_loss=0.028509)
  收敛检测[few_shot:few_shot]: 未收敛 (best_epoch=1, best_loss=0.200630, final_loss=0.200630)
  收敛检测[few_shot:few_shot]: 未收敛 (best_epoch=1, best_loss=0.172221, final_loss=0.172221)
  收敛检测[few_shot:few_shot]: 未收敛 (best_epoch=1, best_loss=0.135925, final_loss=0.135925)
  收敛检测[few_shot:few_shot]: 未收敛 (best_epoch=1, best_loss=0.127356, final_loss=0.127356)
  收敛检测[few_shot:few_shot]: 未收敛 (best_epoch=1, best_loss=0.043329, final_loss=0.043329)
  收敛检测[few_shot:few_shot]: 未收敛 (best_epoch=1, best_loss=0.192571, final_loss=0.192571)
    [screen:extreme_source] source_station=59 -> target_station=60, candidate=7, gated=6, effective=4
      [extreme_source:59->target60] [Epoch 1/200] [loss_mse: 0.198245]
      [extreme_source:59->target60] [Epoch 2/200] [loss_mse: 0.177410]
      [extreme_source:59->target60] [Epoch 3/200] [loss_mse: 0.178373]
      [extreme_source:59->target60] [Epoch 4/200] [loss_mse: 0.145617]
      [extreme_source:59->target60] [Epoch 5/200] [loss_mse: 0.161893]
      [extreme_source:59->target60] [Epoch 6/200] [loss_mse: 0.158522]
      [extreme_source:59->target60] [Epoch 7/200] [loss_mse: 0.143900]
      [extreme_source:59->target60] [Epoch 8/200] [loss_mse: 0.167516]
      [extreme_source:59->target60] [Epoch 9/200] [loss_mse: 0.164930]
      [extreme_source:59->target60] [Epoch 10/200] [loss_mse: 0.128562]
      [extreme_source:59->target60] [Epoch 20/200] [loss_mse: 0.090819]
  收敛检测[few_shot:extreme_source_station59_to_60_class0]: 首次达到收敛条件 @ epoch 27 (best_epoch=22, best_loss=0.076153, final_loss=0.084735)
      [extreme_source:59->target60] [Epoch 40/200] [loss_mse: 0.051352]
  收敛检测[few_shot:extreme_source_station59_to_60_class0]: 首次达到收敛条件 @ epoch 45 (best_epoch=40, best_loss=0.051352, final_loss=0.058410)
  收敛检测[few_shot:extreme_source_station59_to_60_class0]: 首次达到收敛条件 @ epoch 51 (best_epoch=46, best_loss=0.050245, final_loss=0.051245)
      [extreme_source:59->target60] [Epoch 60/200] [loss_mse: 0.058470]
  收敛检测[few_shot:extreme_source_station59_to_60_class0]: 首次达到收敛条件 @ epoch 62 (best_epoch=57, best_loss=0.040979, final_loss=0.079520)
      [extreme_source:59->target60] [Epoch 80/200] [loss_mse: 0.050353]
      [extreme_source:59->target60] [Epoch 100/200] [loss_mse: 0.058023]
  收敛检测[few_shot:extreme_source_station59_to_60_class0]: 首次达到收敛条件 @ epoch 118 (best_epoch=113, best_loss=0.032285, final_loss=0.036503)
      [extreme_source:59->target60] [Epoch 120/200] [loss_mse: 0.037354]
      [extreme_source:59->target60] [Epoch 140/200] [loss_mse: 0.040001]
      [extreme_source:59->target60] [Epoch 160/200] [loss_mse: 0.054411]
  收敛检测[few_shot:extreme_source_station59_to_60_class0]: 首次达到收敛条件 @ epoch 179 (best_epoch=174, best_loss=0.030510, final_loss=0.062846)
      [extreme_source:59->target60] [Epoch 180/200] [loss_mse: 0.052380]
      [extreme_source:59->target60] [Epoch 200/200] [loss_mse: 0.065578]
  收敛检测[few_shot:extreme_source_station59_to_60_class0]: 已收敛 @ epoch 179 (best_epoch=174, best_loss=0.030510, final_loss=0.065578)
  收敛检测[few_shot:few_shot]: 未收敛 (best_epoch=1, best_loss=0.117746, final_loss=0.117746)
  收敛检测[few_shot:few_shot]: 未收敛 (best_epoch=1, best_loss=0.197441, final_loss=0.197441)
  收敛检测[few_shot:few_shot]: 未收敛 (best_epoch=1, best_loss=0.285320, final_loss=0.285320)
  收敛检测[few_shot:few_shot]: 未收敛 (best_epoch=1, best_loss=0.277608, final_loss=0.277608)
  收敛检测[few_shot:few_shot]: 未收敛 (best_epoch=1, best_loss=0.243975, final_loss=0.243975)
  收敛检测[few_shot:few_shot]: 未收敛 (best_epoch=1, best_loss=0.198831, final_loss=0.198831)
  收敛检测[few_shot:few_shot]: 未收敛 (best_epoch=1, best_loss=0.152258, final_loss=0.152258)
  收敛检测[few_shot:few_shot]: 未收敛 (best_epoch=1, best_loss=0.051057, final_loss=0.051057)
    [screen:extreme_source] source_station=61 -> target_station=60, candidate=9, gated=8, effective=3
      [extreme_source:61->target60] [Epoch 1/200] [loss_mse: 0.139065]
      [extreme_source:61->target60] [Epoch 2/200] [loss_mse: 0.184801]
      [extreme_source:61->target60] [Epoch 3/200] [loss_mse: 0.129298]
      [extreme_source:61->target60] [Epoch 4/200] [loss_mse: 0.130376]
      [extreme_source:61->target60] [Epoch 5/200] [loss_mse: 0.139594]
      [extreme_source:61->target60] [Epoch 6/200] [loss_mse: 0.102439]
      [extreme_source:61->target60] [Epoch 7/200] [loss_mse: 0.146712]
      [extreme_source:61->target60] [Epoch 8/200] [loss_mse: 0.115169]
      [extreme_source:61->target60] [Epoch 9/200] [loss_mse: 0.122975]
      [extreme_source:61->target60] [Epoch 10/200] [loss_mse: 0.120002]
  收敛检测[few_shot:extreme_source_station61_to_60_class0]: 首次达到收敛条件 @ epoch 11 (best_epoch=6, best_loss=0.102439, final_loss=0.112369)
      [extreme_source:61->target60] [Epoch 20/200] [loss_mse: 0.127809]
  收敛检测[few_shot:extreme_source_station61_to_60_class0]: 首次达到收敛条件 @ epoch 23 (best_epoch=18, best_loss=0.090030, final_loss=0.160790)
  收敛检测[few_shot:extreme_source_station61_to_60_class0]: 首次达到收敛条件 @ epoch 35 (best_epoch=30, best_loss=0.076010, final_loss=0.085383)
      [extreme_source:61->target60] [Epoch 40/200] [loss_mse: 0.152605]
      [extreme_source:61->target60] [Epoch 60/200] [loss_mse: 0.124576]
      [extreme_source:61->target60] [Epoch 80/200] [loss_mse: 0.082101]
      [extreme_source:61->target60] [Epoch 100/200] [loss_mse: 0.164044]
  收敛检测[few_shot:extreme_source_station61_to_60_class0]: 首次达到收敛条件 @ epoch 102 (best_epoch=97, best_loss=0.067031, final_loss=0.097885)
      [extreme_source:61->target60] [Epoch 120/200] [loss_mse: 0.093620]
      [extreme_source:61->target60] [Epoch 140/200] [loss_mse: 0.083335]
  收敛检测[few_shot:extreme_source_station61_to_60_class0]: 首次达到收敛条件 @ epoch 152 (best_epoch=147, best_loss=0.058786, final_loss=0.105970)
      [extreme_source:61->target60] [Epoch 160/200] [loss_mse: 0.093070]
      [extreme_source:61->target60] [Epoch 180/200] [loss_mse: 0.159554]
      [extreme_source:61->target60] [Epoch 200/200] [loss_mse: 0.077431]
  收敛检测[few_shot:extreme_source_station61_to_60_class0]: 已收敛 @ epoch 152 (best_epoch=147, best_loss=0.058786, final_loss=0.077431)
  收敛检测[few_shot:few_shot]: 未收敛 (best_epoch=1, best_loss=0.194129, final_loss=0.194129)
  收敛检测[few_shot:few_shot]: 未收敛 (best_epoch=1, best_loss=0.171403, final_loss=0.171403)
  收敛检测[few_shot:few_shot]: 未收敛 (best_epoch=1, best_loss=0.159144, final_loss=0.159144)
  收敛检测[few_shot:few_shot]: 未收敛 (best_epoch=1, best_loss=0.114428, final_loss=0.114428)
  收敛检测[few_shot:few_shot]: 未收敛 (best_epoch=1, best_loss=0.053686, final_loss=0.053686)
  收敛检测[few_shot:few_shot]: 未收敛 (best_epoch=1, best_loss=0.135682, final_loss=0.135682)
    [screen:extreme_source] source_station=62 -> target_station=60, candidate=7, gated=6, effective=4
      [extreme_source:62->target60] [Epoch 1/200] [loss_mse: 0.197954]
      [extreme_source:62->target60] [Epoch 2/200] [loss_mse: 0.188183]
      [extreme_source:62->target60] [Epoch 3/200] [loss_mse: 0.172345]
      [extreme_source:62->target60] [Epoch 4/200] [loss_mse: 0.176688]
      [extreme_source:62->target60] [Epoch 5/200] [loss_mse: 0.161569]
      [extreme_source:62->target60] [Epoch 6/200] [loss_mse: 0.141772]
      [extreme_source:62->target60] [Epoch 7/200] [loss_mse: 0.161061]
      [extreme_source:62->target60] [Epoch 8/200] [loss_mse: 0.143516]
      [extreme_source:62->target60] [Epoch 9/200] [loss_mse: 0.156620]
      [extreme_source:62->target60] [Epoch 10/200] [loss_mse: 0.134413]
      [extreme_source:62->target60] [Epoch 20/200] [loss_mse: 0.097809]
  收敛检测[few_shot:extreme_source_station62_to_60_class0]: 首次达到收敛条件 @ epoch 22 (best_epoch=17, best_loss=0.093655, final_loss=0.115203)
  收敛检测[few_shot:extreme_source_station62_to_60_class0]: 首次达到收敛条件 @ epoch 34 (best_epoch=29, best_loss=0.080499, final_loss=0.084021)
      [extreme_source:62->target60] [Epoch 40/200] [loss_mse: 0.094937]
  收敛检测[few_shot:extreme_source_station62_to_60_class0]: 首次达到收敛条件 @ epoch 42 (best_epoch=37, best_loss=0.075024, final_loss=0.080891)
  收敛检测[few_shot:extreme_source_station62_to_60_class0]: 首次达到收敛条件 @ epoch 48 (best_epoch=43, best_loss=0.067261, final_loss=0.069280)
  收敛检测[few_shot:extreme_source_station62_to_60_class0]: 首次达到收敛条件 @ epoch 57 (best_epoch=52, best_loss=0.040685, final_loss=0.057876)
      [extreme_source:62->target60] [Epoch 60/200] [loss_mse: 0.096851]
      [extreme_source:62->target60] [Epoch 80/200] [loss_mse: 0.065146]
      [extreme_source:62->target60] [Epoch 100/200] [loss_mse: 0.094101]
      [extreme_source:62->target60] [Epoch 120/200] [loss_mse: 0.097331]
  收敛检测[few_shot:extreme_source_station62_to_60_class0]: 首次达到收敛条件 @ epoch 121 (best_epoch=116, best_loss=0.037507, final_loss=0.076355)
      [extreme_source:62->target60] [Epoch 140/200] [loss_mse: 0.098110]
      [extreme_source:62->target60] [Epoch 160/200] [loss_mse: 0.058964]
  收敛检测[few_shot:extreme_source_station62_to_60_class0]: 首次达到收敛条件 @ epoch 180 (best_epoch=175, best_loss=0.035165, final_loss=0.084159)
      [extreme_source:62->target60] [Epoch 180/200] [loss_mse: 0.084159]
      [extreme_source:62->target60] [Epoch 200/200] [loss_mse: 0.090595]
  收敛检测[few_shot:extreme_source_station62_to_60_class0]: 已收敛 @ epoch 180 (best_epoch=175, best_loss=0.035165, final_loss=0.090595)
  收敛检测[few_shot:few_shot]: 未收敛 (best_epoch=1, best_loss=0.050255, final_loss=0.050255)
  收敛检测[few_shot:few_shot]: 未收敛 (best_epoch=1, best_loss=0.190759, final_loss=0.190759)
  收敛检测[few_shot:few_shot]: 未收敛 (best_epoch=1, best_loss=0.147455, final_loss=0.147455)
  收敛检测[few_shot:few_shot]: 未收敛 (best_epoch=1, best_loss=0.126228, final_loss=0.126228)
    [screen:extreme_source] source_station=63 -> target_station=60, candidate=5, gated=4, effective=4
      [extreme_source:63->target60] [Epoch 1/200] [loss_mse: 0.140509]
      [extreme_source:63->target60] [Epoch 2/200] [loss_mse: 0.137185]
      [extreme_source:63->target60] [Epoch 3/200] [loss_mse: 0.147398]
      [extreme_source:63->target60] [Epoch 4/200] [loss_mse: 0.138623]
      [extreme_source:63->target60] [Epoch 5/200] [loss_mse: 0.135398]
      [extreme_source:63->target60] [Epoch 6/200] [loss_mse: 0.118290]
      [extreme_source:63->target60] [Epoch 7/200] [loss_mse: 0.115104]
      [extreme_source:63->target60] [Epoch 8/200] [loss_mse: 0.108571]
      [extreme_source:63->target60] [Epoch 9/200] [loss_mse: 0.107333]
      [extreme_source:63->target60] [Epoch 10/200] [loss_mse: 0.092843]
      [extreme_source:63->target60] [Epoch 20/200] [loss_mse: 0.087697]
  收敛检测[few_shot:extreme_source_station63_to_60_class0]: 首次达到收敛条件 @ epoch 24 (best_epoch=19, best_loss=0.066897, final_loss=0.068947)
  收敛检测[few_shot:extreme_source_station63_to_60_class0]: 首次达到收敛条件 @ epoch 38 (best_epoch=33, best_loss=0.061392, final_loss=0.064027)
      [extreme_source:63->target60] [Epoch 40/200] [loss_mse: 0.083616]
  收敛检测[few_shot:extreme_source_station63_to_60_class0]: 首次达到收敛条件 @ epoch 47 (best_epoch=42, best_loss=0.053244, final_loss=0.094138)
      [extreme_source:63->target60] [Epoch 60/200] [loss_mse: 0.073186]
  收敛检测[few_shot:extreme_source_station63_to_60_class0]: 首次达到收敛条件 @ epoch 74 (best_epoch=69, best_loss=0.046521, final_loss=0.076752)
      [extreme_source:63->target60] [Epoch 80/200] [loss_mse: 0.073651]
      [extreme_source:63->target60] [Epoch 100/200] [loss_mse: 0.074517]
      [extreme_source:63->target60] [Epoch 120/200] [loss_mse: 0.064134]
      [extreme_source:63->target60] [Epoch 140/200] [loss_mse: 0.062323]
  收敛检测[few_shot:extreme_source_station63_to_60_class0]: 首次达到收敛条件 @ epoch 151 (best_epoch=146, best_loss=0.044956, final_loss=0.070092)
      [extreme_source:63->target60] [Epoch 160/200] [loss_mse: 0.082320]
  收敛检测[few_shot:extreme_source_station63_to_60_class0]: 首次达到收敛条件 @ epoch 163 (best_epoch=158, best_loss=0.040150, final_loss=0.064046)
  收敛检测[few_shot:extreme_source_station63_to_60_class0]: 首次达到收敛条件 @ epoch 176 (best_epoch=171, best_loss=0.039510, final_loss=0.090650)
      [extreme_source:63->target60] [Epoch 180/200] [loss_mse: 0.071146]
      [extreme_source:63->target60] [Epoch 200/200] [loss_mse: 0.072999]
  收敛检测[few_shot:extreme_source_station63_to_60_class0]: 已收敛 @ epoch 176 (best_epoch=171, best_loss=0.039510, final_loss=0.072999)
      [Extreme-FedAvg:target_refine] [Epoch 1/200] [loss_mse: 0.079434]
      [Extreme-FedAvg:target_refine] [Epoch 2/200] [loss_mse: 0.078040]
      [Extreme-FedAvg:target_refine] [Epoch 3/200] [loss_mse: 0.079393]
      [Extreme-FedAvg:target_refine] [Epoch 4/200] [loss_mse: 0.070964]
      [Extreme-FedAvg:target_refine] [Epoch 5/200] [loss_mse: 0.073194]
      [Extreme-FedAvg:target_refine] [Epoch 6/200] [loss_mse: 0.062270]
      [Extreme-FedAvg:target_refine] [Epoch 7/200] [loss_mse: 0.067139]
      [Extreme-FedAvg:target_refine] [Epoch 8/200] [loss_mse: 0.072623]
      [Extreme-FedAvg:target_refine] [Epoch 9/200] [loss_mse: 0.084077]
      [Extreme-FedAvg:target_refine] [Epoch 10/200] [loss_mse: 0.081789]
  收敛检测[few_shot:extreme_fedavg_station60_class0]: 首次达到收敛条件 @ epoch 11 (best_epoch=6, best_loss=0.062270, final_loss=0.063907)
      [Extreme-FedAvg:target_refine] [Epoch 20/200] [loss_mse: 0.071137]
  收敛检测[few_shot:extreme_fedavg_station60_class0]: 首次达到收敛条件 @ epoch 26 (best_epoch=21, best_loss=0.052180, final_loss=0.071187)
      [Extreme-FedAvg:target_refine] [Epoch 40/200] [loss_mse: 0.074845]
  收敛检测[few_shot:extreme_fedavg_station60_class0]: 首次达到收敛条件 @ epoch 52 (best_epoch=47, best_loss=0.047311, final_loss=0.076885)
      [Extreme-FedAvg:target_refine] [Epoch 60/200] [loss_mse: 0.097511]
  收敛检测[few_shot:extreme_fedavg_station60_class0]: 首次达到收敛条件 @ epoch 70 (best_epoch=65, best_loss=0.045322, final_loss=0.077778)
  收敛检测[few_shot:extreme_fedavg_station60_class0]: 首次达到收敛条件 @ epoch 80 (best_epoch=75, best_loss=0.043240, final_loss=0.051897)
      [Extreme-FedAvg:target_refine] [Epoch 80/200] [loss_mse: 0.051897]
  收敛检测[few_shot:extreme_fedavg_station60_class0]: 首次达到收敛条件 @ epoch 86 (best_epoch=81, best_loss=0.043078, final_loss=0.068213)
      [Extreme-FedAvg:target_refine] [Epoch 100/200] [loss_mse: 0.059276]
      [Extreme-FedAvg:target_refine] [Epoch 120/200] [loss_mse: 0.050750]
  收敛检测[few_shot:extreme_fedavg_station60_class0]: 首次达到收敛条件 @ epoch 131 (best_epoch=126, best_loss=0.037081, final_loss=0.055505)
      [Extreme-FedAvg:target_refine] [Epoch 140/200] [loss_mse: 0.045463]
  收敛检测[few_shot:extreme_fedavg_station60_class0]: 首次达到收敛条件 @ epoch 160 (best_epoch=155, best_loss=0.036189, final_loss=0.039845)
      [Extreme-FedAvg:target_refine] [Epoch 160/200] [loss_mse: 0.039845]
      [Extreme-FedAvg:target_refine] [Epoch 180/200] [loss_mse: 0.034698]
  收敛检测[few_shot:extreme_fedavg_station60_class0]: 首次达到收敛条件 @ epoch 185 (best_epoch=180, best_loss=0.034698, final_loss=0.055748)
      [Extreme-FedAvg:target_refine] [Epoch 200/200] [loss_mse: 0.044385]
  收敛检测[few_shot:extreme_fedavg_station60_class0]: 已收敛 @ epoch 185 (best_epoch=180, best_loss=0.034698, final_loss=0.044385)
    ✓ 保存(Extreme-FedAvg): artifacts/2h6p_six_station/fed-normal-meta-5k/models/model_fore_station60_extreme0_extreme_fedavg.pth weights={'60': 0.16666666666666666, '58': 0.16666666666666666, '59': 0.16666666666666666, '61': 0.16666666666666666, '62': 0.16666666666666666, '63': 0.16666666666666666}
      [Proposed-A:self_update] [Epoch 1/200] [loss_mse: 0.128736]
      [Proposed-A:self_update] [Epoch 2/200] [loss_mse: 0.137603]
      [Proposed-A:self_update] [Epoch 3/200] [loss_mse: 0.124087]
      [Proposed-A:self_update] [Epoch 4/200] [loss_mse: 0.118549]
      [Proposed-A:self_update] [Epoch 5/200] [loss_mse: 0.120834]
      [Proposed-A:self_update] [Epoch 6/200] [loss_mse: 0.111509]
      [Proposed-A:self_update] [Epoch 7/200] [loss_mse: 0.095293]
      [Proposed-A:self_update] [Epoch 8/200] [loss_mse: 0.101460]
      [Proposed-A:self_update] [Epoch 9/200] [loss_mse: 0.106806]
      [Proposed-A:self_update] [Epoch 10/200] [loss_mse: 0.094321]
      [Proposed-A:self_update] [Epoch 20/200] [loss_mse: 0.078763]
  收敛检测[few_shot:proposed_self_station60_class0]: 首次达到收敛条件 @ epoch 22 (best_epoch=17, best_loss=0.066050, final_loss=0.076279)
      [Proposed-A:self_update] [Epoch 40/200] [loss_mse: 0.076323]
  收敛检测[few_shot:proposed_self_station60_class0]: 首次达到收敛条件 @ epoch 41 (best_epoch=36, best_loss=0.060172, final_loss=0.070397)
  收敛检测[few_shot:proposed_self_station60_class0]: 首次达到收敛条件 @ epoch 49 (best_epoch=44, best_loss=0.048965, final_loss=0.071645)
      [Proposed-A:self_update] [Epoch 60/200] [loss_mse: 0.072835]
      [Proposed-A:self_update] [Epoch 80/200] [loss_mse: 0.063821]
      [Proposed-A:self_update] [Epoch 100/200] [loss_mse: 0.069307]
      [Proposed-A:self_update] [Epoch 120/200] [loss_mse: 0.073930]
      [Proposed-A:self_update] [Epoch 140/200] [loss_mse: 0.055371]
  收敛检测[few_shot:proposed_self_station60_class0]: 首次达到收敛条件 @ epoch 148 (best_epoch=143, best_loss=0.047890, final_loss=0.080577)
      [Proposed-A:self_update] [Epoch 160/200] [loss_mse: 0.044227]
  收敛检测[few_shot:proposed_self_station60_class0]: 首次达到收敛条件 @ epoch 164 (best_epoch=159, best_loss=0.043378, final_loss=0.043279)
      [Proposed-A:self_update] [Epoch 180/200] [loss_mse: 0.044195]
      [Proposed-A:self_update] [Epoch 200/200] [loss_mse: 0.047468]
  收敛检测[few_shot:proposed_self_station60_class0]: 已收敛 @ epoch 164 (best_epoch=159, best_loss=0.043378, final_loss=0.047468)
  收敛检测[few_shot:few_shot]: 未收敛 (best_epoch=1, best_loss=0.083308, final_loss=0.083308)
  收敛检测[few_shot:few_shot]: 未收敛 (best_epoch=1, best_loss=0.256936, final_loss=0.256936)
  收敛检测[few_shot:few_shot]: 未收敛 (best_epoch=1, best_loss=0.294848, final_loss=0.294848)
  收敛检测[few_shot:few_shot]: 未收敛 (best_epoch=1, best_loss=0.275593, final_loss=0.275593)
  收敛检测[few_shot:few_shot]: 未收敛 (best_epoch=1, best_loss=0.262004, final_loss=0.262004)
  收敛检测[few_shot:few_shot]: 未收敛 (best_epoch=1, best_loss=0.174983, final_loss=0.174983)
  收敛检测[few_shot:few_shot]: 未收敛 (best_epoch=1, best_loss=0.140896, final_loss=0.140896)
    [screen:proposed_source] source_station=58 -> target_station=60, candidate=8, gated=7, effective=2
      [proposed_source:58->target60] [Epoch 1/200] [loss_mse: 0.078799]
      [proposed_source:58->target60] [Epoch 2/200] [loss_mse: 0.072886]
      [proposed_source:58->target60] [Epoch 3/200] [loss_mse: 0.107126]
      [proposed_source:58->target60] [Epoch 4/200] [loss_mse: 0.085962]
      [proposed_source:58->target60] [Epoch 5/200] [loss_mse: 0.070532]
      [proposed_source:58->target60] [Epoch 6/200] [loss_mse: 0.081366]
      [proposed_source:58->target60] [Epoch 7/200] [loss_mse: 0.090057]
      [proposed_source:58->target60] [Epoch 8/200] [loss_mse: 0.085842]
      [proposed_source:58->target60] [Epoch 9/200] [loss_mse: 0.082827]
      [proposed_source:58->target60] [Epoch 10/200] [loss_mse: 0.054483]
  收敛检测[few_shot:proposed_source_station58_to_60_class0]: 首次达到收敛条件 @ epoch 15 (best_epoch=10, best_loss=0.054483, final_loss=0.082431)
      [proposed_source:58->target60] [Epoch 20/200] [loss_mse: 0.093986]
  收敛检测[few_shot:proposed_source_station58_to_60_class0]: 首次达到收敛条件 @ epoch 26 (best_epoch=21, best_loss=0.032217, final_loss=0.037381)
      [proposed_source:58->target60] [Epoch 40/200] [loss_mse: 0.058378]
  收敛检测[few_shot:proposed_source_station58_to_60_class0]: 首次达到收敛条件 @ epoch 46 (best_epoch=41, best_loss=0.031569, final_loss=0.036714)
  收敛检测[few_shot:proposed_source_station58_to_60_class0]: 首次达到收敛条件 @ epoch 57 (best_epoch=52, best_loss=0.024361, final_loss=0.059212)
      [proposed_source:58->target60] [Epoch 60/200] [loss_mse: 0.056746]
      [proposed_source:58->target60] [Epoch 80/200] [loss_mse: 0.031369]
  收敛检测[few_shot:proposed_source_station58_to_60_class0]: 首次达到收敛条件 @ epoch 99 (best_epoch=94, best_loss=0.023475, final_loss=0.029543)
      [proposed_source:58->target60] [Epoch 100/200] [loss_mse: 0.060334]
      [proposed_source:58->target60] [Epoch 120/200] [loss_mse: 0.060303]
  收敛检测[few_shot:proposed_source_station58_to_60_class0]: 首次达到收敛条件 @ epoch 138 (best_epoch=133, best_loss=0.023125, final_loss=0.072806)
      [proposed_source:58->target60] [Epoch 140/200] [loss_mse: 0.057999]
      [proposed_source:58->target60] [Epoch 160/200] [loss_mse: 0.063075]
  收敛检测[few_shot:proposed_source_station58_to_60_class0]: 首次达到收敛条件 @ epoch 174 (best_epoch=169, best_loss=0.012134, final_loss=0.051255)
      [proposed_source:58->target60] [Epoch 180/200] [loss_mse: 0.045563]
      [proposed_source:58->target60] [Epoch 200/200] [loss_mse: 0.027109]
  收敛检测[few_shot:proposed_source_station58_to_60_class0]: 已收敛 @ epoch 174 (best_epoch=169, best_loss=0.012134, final_loss=0.027109)
  收敛检测[few_shot:few_shot]: 未收敛 (best_epoch=1, best_loss=0.197923, final_loss=0.197923)
  收敛检测[few_shot:few_shot]: 未收敛 (best_epoch=1, best_loss=0.171253, final_loss=0.171253)
  收敛检测[few_shot:few_shot]: 未收敛 (best_epoch=1, best_loss=0.143121, final_loss=0.143121)
  收敛检测[few_shot:few_shot]: 未收敛 (best_epoch=1, best_loss=0.091958, final_loss=0.091958)
  收敛检测[few_shot:few_shot]: 未收敛 (best_epoch=1, best_loss=0.046164, final_loss=0.046164)
  收敛检测[few_shot:few_shot]: 未收敛 (best_epoch=1, best_loss=0.188894, final_loss=0.188894)
    [screen:proposed_source] source_station=59 -> target_station=60, candidate=7, gated=6, effective=4
      [proposed_source:59->target60] [Epoch 1/200] [loss_mse: 0.196734]
      [proposed_source:59->target60] [Epoch 2/200] [loss_mse: 0.165566]
      [proposed_source:59->target60] [Epoch 3/200] [loss_mse: 0.157160]
      [proposed_source:59->target60] [Epoch 4/200] [loss_mse: 0.159136]
      [proposed_source:59->target60] [Epoch 5/200] [loss_mse: 0.138240]
      [proposed_source:59->target60] [Epoch 6/200] [loss_mse: 0.129365]
      [proposed_source:59->target60] [Epoch 7/200] [loss_mse: 0.135415]
      [proposed_source:59->target60] [Epoch 8/200] [loss_mse: 0.123547]
      [proposed_source:59->target60] [Epoch 9/200] [loss_mse: 0.124778]
      [proposed_source:59->target60] [Epoch 10/200] [loss_mse: 0.112265]
      [proposed_source:59->target60] [Epoch 20/200] [loss_mse: 0.079425]
  收敛检测[few_shot:proposed_source_station59_to_60_class0]: 首次达到收敛条件 @ epoch 39 (best_epoch=34, best_loss=0.037324, final_loss=0.053046)
      [proposed_source:59->target60] [Epoch 40/200] [loss_mse: 0.055478]
  收敛检测[few_shot:proposed_source_station59_to_60_class0]: 首次达到收敛条件 @ epoch 49 (best_epoch=44, best_loss=0.030449, final_loss=0.045109)
      [proposed_source:59->target60] [Epoch 60/200] [loss_mse: 0.049069]
      [proposed_source:59->target60] [Epoch 80/200] [loss_mse: 0.044242]
  收敛检测[few_shot:proposed_source_station59_to_60_class0]: 首次达到收敛条件 @ epoch 88 (best_epoch=83, best_loss=0.026250, final_loss=0.032304)
      [proposed_source:59->target60] [Epoch 100/200] [loss_mse: 0.027616]
      [proposed_source:59->target60] [Epoch 120/200] [loss_mse: 0.029912]
      [proposed_source:59->target60] [Epoch 140/200] [loss_mse: 0.035491]
  收敛检测[few_shot:proposed_source_station59_to_60_class0]: 首次达到收敛条件 @ epoch 142 (best_epoch=137, best_loss=0.024664, final_loss=0.051185)
  收敛检测[few_shot:proposed_source_station59_to_60_class0]: 首次达到收敛条件 @ epoch 155 (best_epoch=150, best_loss=0.023468, final_loss=0.044170)
      [proposed_source:59->target60] [Epoch 160/200] [loss_mse: 0.042264]
      [proposed_source:59->target60] [Epoch 180/200] [loss_mse: 0.030315]
  收敛检测[few_shot:proposed_source_station59_to_60_class0]: 首次达到收敛条件 @ epoch 182 (best_epoch=177, best_loss=0.022345, final_loss=0.039881)
      [proposed_source:59->target60] [Epoch 200/200] [loss_mse: 0.036477]
  收敛检测[few_shot:proposed_source_station59_to_60_class0]: 未收敛 (best_epoch=198, best_loss=0.020508, final_loss=0.036477)
  收敛检测[few_shot:few_shot]: 未收敛 (best_epoch=1, best_loss=0.096082, final_loss=0.096082)
  收敛检测[few_shot:few_shot]: 未收敛 (best_epoch=1, best_loss=0.151057, final_loss=0.151057)
  收敛检测[few_shot:few_shot]: 未收敛 (best_epoch=1, best_loss=0.239302, final_loss=0.239302)
  收敛检测[few_shot:few_shot]: 未收敛 (best_epoch=1, best_loss=0.276384, final_loss=0.276384)
  收敛检测[few_shot:few_shot]: 未收敛 (best_epoch=1, best_loss=0.273023, final_loss=0.273023)
  收敛检测[few_shot:few_shot]: 未收敛 (best_epoch=1, best_loss=0.177939, final_loss=0.177939)
  收敛检测[few_shot:few_shot]: 未收敛 (best_epoch=1, best_loss=0.188485, final_loss=0.188485)
  收敛检测[few_shot:few_shot]: 未收敛 (best_epoch=1, best_loss=0.046158, final_loss=0.046158)
    [screen:proposed_source] source_station=61 -> target_station=60, candidate=9, gated=8, effective=3
      [proposed_source:61->target60] [Epoch 1/200] [loss_mse: 0.129802]
      [proposed_source:61->target60] [Epoch 2/200] [loss_mse: 0.144201]
      [proposed_source:61->target60] [Epoch 3/200] [loss_mse: 0.144231]
      [proposed_source:61->target60] [Epoch 4/200] [loss_mse: 0.131480]
      [proposed_source:61->target60] [Epoch 5/200] [loss_mse: 0.129547]
      [proposed_source:61->target60] [Epoch 6/200] [loss_mse: 0.128180]
      [proposed_source:61->target60] [Epoch 7/200] [loss_mse: 0.121348]
      [proposed_source:61->target60] [Epoch 8/200] [loss_mse: 0.186697]
      [proposed_source:61->target60] [Epoch 9/200] [loss_mse: 0.145907]
      [proposed_source:61->target60] [Epoch 10/200] [loss_mse: 0.103000]
      [proposed_source:61->target60] [Epoch 20/200] [loss_mse: 0.084780]
  收敛检测[few_shot:proposed_source_station61_to_60_class0]: 首次达到收敛条件 @ epoch 25 (best_epoch=20, best_loss=0.084780, final_loss=0.113811)
  收敛检测[few_shot:proposed_source_station61_to_60_class0]: 首次达到收敛条件 @ epoch 33 (best_epoch=28, best_loss=0.083528, final_loss=0.128116)
      [proposed_source:61->target60] [Epoch 40/200] [loss_mse: 0.114524]
  收敛检测[few_shot:proposed_source_station61_to_60_class0]: 首次达到收敛条件 @ epoch 42 (best_epoch=37, best_loss=0.072646, final_loss=0.076264)
      [proposed_source:61->target60] [Epoch 60/200] [loss_mse: 0.135955]
      [proposed_source:61->target60] [Epoch 80/200] [loss_mse: 0.139583]
      [proposed_source:61->target60] [Epoch 100/200] [loss_mse: 0.094130]
  收敛检测[few_shot:proposed_source_station61_to_60_class0]: 首次达到收敛条件 @ epoch 117 (best_epoch=112, best_loss=0.068513, final_loss=0.076142)
      [proposed_source:61->target60] [Epoch 120/200] [loss_mse: 0.103113]
      [proposed_source:61->target60] [Epoch 140/200] [loss_mse: 0.130123]
      [proposed_source:61->target60] [Epoch 160/200] [loss_mse: 0.102588]
      [proposed_source:61->target60] [Epoch 180/200] [loss_mse: 0.073329]
      [proposed_source:61->target60] [Epoch 200/200] [loss_mse: 0.072245]
  收敛检测[few_shot:proposed_source_station61_to_60_class0]: 已收敛 @ epoch 117 (best_epoch=112, best_loss=0.068513, final_loss=0.072245)
  收敛检测[few_shot:few_shot]: 未收敛 (best_epoch=1, best_loss=0.187561, final_loss=0.187561)
  收敛检测[few_shot:few_shot]: 未收敛 (best_epoch=1, best_loss=0.166444, final_loss=0.166444)
  收敛检测[few_shot:few_shot]: 未收敛 (best_epoch=1, best_loss=0.149468, final_loss=0.149468)
  收敛检测[few_shot:few_shot]: 未收敛 (best_epoch=1, best_loss=0.171262, final_loss=0.171262)
  收敛检测[few_shot:few_shot]: 未收敛 (best_epoch=1, best_loss=0.049268, final_loss=0.049268)
  收敛检测[few_shot:few_shot]: 未收敛 (best_epoch=1, best_loss=0.118295, final_loss=0.118295)
    [screen:proposed_source] source_station=62 -> target_station=60, candidate=7, gated=6, effective=4
      [proposed_source:62->target60] [Epoch 1/200] [loss_mse: 0.192895]
      [proposed_source:62->target60] [Epoch 2/200] [loss_mse: 0.161747]
      [proposed_source:62->target60] [Epoch 3/200] [loss_mse: 0.165582]
      [proposed_source:62->target60] [Epoch 4/200] [loss_mse: 0.151131]
      [proposed_source:62->target60] [Epoch 5/200] [loss_mse: 0.157422]
      [proposed_source:62->target60] [Epoch 6/200] [loss_mse: 0.128497]
      [proposed_source:62->target60] [Epoch 7/200] [loss_mse: 0.126384]
      [proposed_source:62->target60] [Epoch 8/200] [loss_mse: 0.153058]
      [proposed_source:62->target60] [Epoch 9/200] [loss_mse: 0.125139]
      [proposed_source:62->target60] [Epoch 10/200] [loss_mse: 0.114898]
  收敛检测[few_shot:proposed_source_station62_to_60_class0]: 首次达到收敛条件 @ epoch 18 (best_epoch=13, best_loss=0.083371, final_loss=0.086712)
      [proposed_source:62->target60] [Epoch 20/200] [loss_mse: 0.078728]
      [proposed_source:62->target60] [Epoch 40/200] [loss_mse: 0.075422]
  收敛检测[few_shot:proposed_source_station62_to_60_class0]: 首次达到收敛条件 @ epoch 41 (best_epoch=36, best_loss=0.051505, final_loss=0.067145)
  收敛检测[few_shot:proposed_source_station62_to_60_class0]: 首次达到收敛条件 @ epoch 48 (best_epoch=43, best_loss=0.042004, final_loss=0.087365)
      [proposed_source:62->target60] [Epoch 60/200] [loss_mse: 0.082407]
  收敛检测[few_shot:proposed_source_station62_to_60_class0]: 首次达到收敛条件 @ epoch 67 (best_epoch=62, best_loss=0.034680, final_loss=0.045485)
      [proposed_source:62->target60] [Epoch 80/200] [loss_mse: 0.076924]
      [proposed_source:62->target60] [Epoch 100/200] [loss_mse: 0.077518]
      [proposed_source:62->target60] [Epoch 120/200] [loss_mse: 0.055341]
      [proposed_source:62->target60] [Epoch 140/200] [loss_mse: 0.079076]
      [proposed_source:62->target60] [Epoch 160/200] [loss_mse: 0.059041]
      [proposed_source:62->target60] [Epoch 180/200] [loss_mse: 0.061544]
      [proposed_source:62->target60] [Epoch 200/200] [loss_mse: 0.044843]
  收敛检测[few_shot:proposed_source_station62_to_60_class0]: 已收敛 @ epoch 67 (best_epoch=62, best_loss=0.034680, final_loss=0.044843)
  收敛检测[few_shot:few_shot]: 未收敛 (best_epoch=1, best_loss=0.058047, final_loss=0.058047)
  收敛检测[few_shot:few_shot]: 未收敛 (best_epoch=1, best_loss=0.166398, final_loss=0.166398)
  收敛检测[few_shot:few_shot]: 未收敛 (best_epoch=1, best_loss=0.151018, final_loss=0.151018)
  收敛检测[few_shot:few_shot]: 未收敛 (best_epoch=1, best_loss=0.110811, final_loss=0.110811)
    [screen:proposed_source] source_station=63 -> target_station=60, candidate=5, gated=4, effective=4
      [proposed_source:63->target60] [Epoch 1/200] [loss_mse: 0.135424]
      [proposed_source:63->target60] [Epoch 2/200] [loss_mse: 0.140646]
      [proposed_source:63->target60] [Epoch 3/200] [loss_mse: 0.116477]
      [proposed_source:63->target60] [Epoch 4/200] [loss_mse: 0.115535]
      [proposed_source:63->target60] [Epoch 5/200] [loss_mse: 0.105316]
      [proposed_source:63->target60] [Epoch 6/200] [loss_mse: 0.130456]
      [proposed_source:63->target60] [Epoch 7/200] [loss_mse: 0.116264]
      [proposed_source:63->target60] [Epoch 8/200] [loss_mse: 0.090672]
      [proposed_source:63->target60] [Epoch 9/200] [loss_mse: 0.114602]
      [proposed_source:63->target60] [Epoch 10/200] [loss_mse: 0.085787]
      [proposed_source:63->target60] [Epoch 20/200] [loss_mse: 0.075226]
  收敛检测[few_shot:proposed_source_station63_to_60_class0]: 首次达到收敛条件 @ epoch 26 (best_epoch=21, best_loss=0.055485, final_loss=0.095193)
  收敛检测[few_shot:proposed_source_station63_to_60_class0]: 首次达到收敛条件 @ epoch 34 (best_epoch=29, best_loss=0.054401, final_loss=0.059693)
      [proposed_source:63->target60] [Epoch 40/200] [loss_mse: 0.083164]
      [proposed_source:63->target60] [Epoch 60/200] [loss_mse: 0.075633]
  收敛检测[few_shot:proposed_source_station63_to_60_class0]: 首次达到收敛条件 @ epoch 62 (best_epoch=57, best_loss=0.050967, final_loss=0.063460)
      [proposed_source:63->target60] [Epoch 80/200] [loss_mse: 0.047079]
  收敛检测[few_shot:proposed_source_station63_to_60_class0]: 首次达到收敛条件 @ epoch 85 (best_epoch=80, best_loss=0.047079, final_loss=0.066581)
      [proposed_source:63->target60] [Epoch 100/200] [loss_mse: 0.058166]
      [proposed_source:63->target60] [Epoch 120/200] [loss_mse: 0.048951]
      [proposed_source:63->target60] [Epoch 140/200] [loss_mse: 0.056555]
  收敛检测[few_shot:proposed_source_station63_to_60_class0]: 首次达到收敛条件 @ epoch 144 (best_epoch=139, best_loss=0.037828, final_loss=0.066157)
      [proposed_source:63->target60] [Epoch 160/200] [loss_mse: 0.066178]
  收敛检测[few_shot:proposed_source_station63_to_60_class0]: 首次达到收敛条件 @ epoch 163 (best_epoch=158, best_loss=0.034897, final_loss=0.070842)
      [proposed_source:63->target60] [Epoch 180/200] [loss_mse: 0.055577]
      [proposed_source:63->target60] [Epoch 200/200] [loss_mse: 0.038341]
  收敛检测[few_shot:proposed_source_station63_to_60_class0]: 已收敛 @ epoch 163 (best_epoch=158, best_loss=0.034897, final_loss=0.038341)
      [Proposed-A:target_refine] [Epoch 1/200] [loss_mse: 0.053109]
      [Proposed-A:target_refine] [Epoch 2/200] [loss_mse: 0.054769]
      [Proposed-A:target_refine] [Epoch 3/200] [loss_mse: 0.066247]
      [Proposed-A:target_refine] [Epoch 4/200] [loss_mse: 0.062490]
      [Proposed-A:target_refine] [Epoch 5/200] [loss_mse: 0.064361]
      [Proposed-A:target_refine] [Epoch 6/200] [loss_mse: 0.051318]
      [Proposed-A:target_refine] [Epoch 7/200] [loss_mse: 0.055314]
      [Proposed-A:target_refine] [Epoch 8/200] [loss_mse: 0.065535]
      [Proposed-A:target_refine] [Epoch 9/200] [loss_mse: 0.060027]
      [Proposed-A:target_refine] [Epoch 10/200] [loss_mse: 0.066987]
  收敛检测[few_shot:proposed_a_station60_class0]: 首次达到收敛条件 @ epoch 11 (best_epoch=6, best_loss=0.051318, final_loss=0.059068)
      [Proposed-A:target_refine] [Epoch 20/200] [loss_mse: 0.072309]
  收敛检测[few_shot:proposed_a_station60_class0]: 首次达到收敛条件 @ epoch 21 (best_epoch=16, best_loss=0.039341, final_loss=0.060920)
      [Proposed-A:target_refine] [Epoch 40/200] [loss_mse: 0.058056]
  收敛检测[few_shot:proposed_a_station60_class0]: 首次达到收敛条件 @ epoch 52 (best_epoch=47, best_loss=0.038291, final_loss=0.051686)
      [Proposed-A:target_refine] [Epoch 60/200] [loss_mse: 0.045777]
      [Proposed-A:target_refine] [Epoch 80/200] [loss_mse: 0.053852]
      [Proposed-A:target_refine] [Epoch 100/200] [loss_mse: 0.053592]
      [Proposed-A:target_refine] [Epoch 120/200] [loss_mse: 0.043673]
  收敛检测[few_shot:proposed_a_station60_class0]: 首次达到收敛条件 @ epoch 135 (best_epoch=130, best_loss=0.033243, final_loss=0.049394)
      [Proposed-A:target_refine] [Epoch 140/200] [loss_mse: 0.047680]
      [Proposed-A:target_refine] [Epoch 160/200] [loss_mse: 0.035532]
  收敛检测[few_shot:proposed_a_station60_class0]: 首次达到收敛条件 @ epoch 179 (best_epoch=174, best_loss=0.032039, final_loss=0.045337)
      [Proposed-A:target_refine] [Epoch 180/200] [loss_mse: 0.056262]
  收敛检测[few_shot:proposed_a_station60_class0]: 首次达到收敛条件 @ epoch 198 (best_epoch=193, best_loss=0.031798, final_loss=0.062641)
      [Proposed-A:target_refine] [Epoch 200/200] [loss_mse: 0.041011]
  收敛检测[few_shot:proposed_a_station60_class0]: 已收敛 @ epoch 198 (best_epoch=193, best_loss=0.031798, final_loss=0.041011)
    ✓ 保存(Proposed-A): artifacts/2h6p_six_station/fed-normal-meta-5k/models/model_fore_station60_extreme0_proposed_a.pth weights={'60': 0.5, '58': 0.0650806688057181, '59': 0.11430711734037838, '61': 0.09488242885143885, '62': 0.10805478128636306, '63': 0.11767500371610165}

  极端天气类别 2:
    样本数: 3
    训练轮数: 200, few-shot loss=MSE
    adapt/val: 2 / 1
      [LMT] [Epoch 1/200] [loss_mse: 0.094804]
      [LMT] [Epoch 2/200] [loss_mse: 0.087225]
      [LMT] [Epoch 3/200] [loss_mse: 0.088607]
      [LMT] [Epoch 4/200] [loss_mse: 0.077202]
      [LMT] [Epoch 5/200] [loss_mse: 0.078101]
      [LMT] [Epoch 6/200] [loss_mse: 0.069476]
      [LMT] [Epoch 7/200] [loss_mse: 0.077788]
      [LMT] [Epoch 8/200] [loss_mse: 0.061401]
      [LMT] [Epoch 9/200] [loss_mse: 0.062555]
      [LMT] [Epoch 10/200] [loss_mse: 0.064404]
      [LMT] [Epoch 20/200] [loss_mse: 0.042621]
  收敛检测[few_shot:lmt_station60_class1]: 首次达到收敛条件 @ epoch 22 (best_epoch=17, best_loss=0.034556, final_loss=0.035692)
  收敛检测[few_shot:lmt_station60_class1]: 首次达到收敛条件 @ epoch 40 (best_epoch=35, best_loss=0.023270, final_loss=0.026832)
      [LMT] [Epoch 40/200] [loss_mse: 0.026832]
  收敛检测[few_shot:lmt_station60_class1]: 首次达到收敛条件 @ epoch 47 (best_epoch=42, best_loss=0.021559, final_loss=0.022750)
  收敛检测[few_shot:lmt_station60_class1]: 首次达到收敛条件 @ epoch 54 (best_epoch=49, best_loss=0.019318, final_loss=0.029441)
      [LMT] [Epoch 60/200] [loss_mse: 0.021389]
  收敛检测[few_shot:lmt_station60_class1]: 首次达到收敛条件 @ epoch 64 (best_epoch=59, best_loss=0.019205, final_loss=0.022114)
  收敛检测[few_shot:lmt_station60_class1]: 首次达到收敛条件 @ epoch 78 (best_epoch=73, best_loss=0.017397, final_loss=0.020586)
      [LMT] [Epoch 80/200] [loss_mse: 0.023968]
      [LMT] [Epoch 100/200] [loss_mse: 0.024230]
      [LMT] [Epoch 120/200] [loss_mse: 0.023941]
      [LMT] [Epoch 140/200] [loss_mse: 0.024237]
      [LMT] [Epoch 160/200] [loss_mse: 0.023364]
      [LMT] [Epoch 180/200] [loss_mse: 0.026301]
      [LMT] [Epoch 200/200] [loss_mse: 0.025638]
  收敛检测[few_shot:lmt_station60_class1]: 已收敛 @ epoch 78 (best_epoch=73, best_loss=0.017397, final_loss=0.025638)
    ✓ 保存(LMT): artifacts/2h6p_six_station/fed-normal-meta-5k/models/model_fore_station60_extreme1.pth
  收敛检测[few_shot:few_shot]: 未收敛 (best_epoch=1, best_loss=0.088276, final_loss=0.088276)
    [screen:extreme_source] source_station=58 -> target_station=60, candidate=1, gated=1, effective=1
      [extreme_source:58->target60] [Epoch 1/200] [loss_mse: 0.007877]
      [extreme_source:58->target60] [Epoch 2/200] [loss_mse: 0.023931]
      [extreme_source:58->target60] [Epoch 3/200] [loss_mse: 0.014512]
      [extreme_source:58->target60] [Epoch 4/200] [loss_mse: 0.014535]
      [extreme_source:58->target60] [Epoch 5/200] [loss_mse: 0.029260]
  收敛检测[few_shot:extreme_source_station58_to_60_class1]: 首次达到收敛条件 @ epoch 6 (best_epoch=1, best_loss=0.007877, final_loss=0.013715)
      [extreme_source:58->target60] [Epoch 6/200] [loss_mse: 0.013715]
      [extreme_source:58->target60] [Epoch 7/200] [loss_mse: 0.028399]
      [extreme_source:58->target60] [Epoch 8/200] [loss_mse: 0.023745]
      [extreme_source:58->target60] [Epoch 9/200] [loss_mse: 0.013379]
      [extreme_source:58->target60] [Epoch 10/200] [loss_mse: 0.010617]
  收敛检测[few_shot:extreme_source_station58_to_60_class1]: 首次达到收敛条件 @ epoch 17 (best_epoch=12, best_loss=0.002152, final_loss=0.024014)
      [extreme_source:58->target60] [Epoch 20/200] [loss_mse: 0.024548]
  收敛检测[few_shot:extreme_source_station58_to_60_class1]: 首次达到收敛条件 @ epoch 33 (best_epoch=28, best_loss=0.002046, final_loss=0.007535)
      [extreme_source:58->target60] [Epoch 40/200] [loss_mse: 0.012831]
  收敛检测[few_shot:extreme_source_station58_to_60_class1]: 首次达到收敛条件 @ epoch 52 (best_epoch=47, best_loss=0.000551, final_loss=0.021244)
      [extreme_source:58->target60] [Epoch 60/200] [loss_mse: 0.000580]
      [extreme_source:58->target60] [Epoch 80/200] [loss_mse: 0.009866]
  收敛检测[few_shot:extreme_source_station58_to_60_class1]: 首次达到收敛条件 @ epoch 87 (best_epoch=82, best_loss=0.000117, final_loss=0.023574)
      [extreme_source:58->target60] [Epoch 100/200] [loss_mse: 0.013668]
      [extreme_source:58->target60] [Epoch 120/200] [loss_mse: 0.008129]
      [extreme_source:58->target60] [Epoch 140/200] [loss_mse: 0.006523]
      [extreme_source:58->target60] [Epoch 160/200] [loss_mse: 0.007348]
      [extreme_source:58->target60] [Epoch 180/200] [loss_mse: 0.009064]
      [extreme_source:58->target60] [Epoch 200/200] [loss_mse: 0.004558]
  收敛检测[few_shot:extreme_source_station58_to_60_class1]: 已收敛 @ epoch 87 (best_epoch=82, best_loss=0.000117, final_loss=0.004558)
  收敛检测[few_shot:few_shot]: 未收敛 (best_epoch=1, best_loss=0.158137, final_loss=0.158137)
  收敛检测[few_shot:few_shot]: 未收敛 (best_epoch=1, best_loss=0.150865, final_loss=0.150865)
  收敛检测[few_shot:few_shot]: 未收敛 (best_epoch=1, best_loss=0.181820, final_loss=0.181820)
  收敛检测[few_shot:few_shot]: 未收敛 (best_epoch=1, best_loss=0.100643, final_loss=0.100643)
    [screen:extreme_source] source_station=59 -> target_station=60, candidate=4, gated=4, effective=3
      [extreme_source:59->target60] [Epoch 1/200] [loss_mse: 0.141084]
      [extreme_source:59->target60] [Epoch 2/200] [loss_mse: 0.153712]
      [extreme_source:59->target60] [Epoch 3/200] [loss_mse: 0.178594]
      [extreme_source:59->target60] [Epoch 4/200] [loss_mse: 0.149149]
      [extreme_source:59->target60] [Epoch 5/200] [loss_mse: 0.117226]
      [extreme_source:59->target60] [Epoch 6/200] [loss_mse: 0.131689]
      [extreme_source:59->target60] [Epoch 7/200] [loss_mse: 0.125670]
      [extreme_source:59->target60] [Epoch 8/200] [loss_mse: 0.123171]
      [extreme_source:59->target60] [Epoch 9/200] [loss_mse: 0.109930]
      [extreme_source:59->target60] [Epoch 10/200] [loss_mse: 0.106481]
      [extreme_source:59->target60] [Epoch 20/200] [loss_mse: 0.059974]
      [extreme_source:59->target60] [Epoch 40/200] [loss_mse: 0.030618]
  收敛检测[few_shot:extreme_source_station59_to_60_class1]: 首次达到收敛条件 @ epoch 54 (best_epoch=49, best_loss=0.015510, final_loss=0.018781)
      [extreme_source:59->target60] [Epoch 60/200] [loss_mse: 0.012974]
  收敛检测[few_shot:extreme_source_station59_to_60_class1]: 首次达到收敛条件 @ epoch 66 (best_epoch=61, best_loss=0.010266, final_loss=0.010639)
      [extreme_source:59->target60] [Epoch 80/200] [loss_mse: 0.007162]
  收敛检测[few_shot:extreme_source_station59_to_60_class1]: 首次达到收敛条件 @ epoch 92 (best_epoch=87, best_loss=0.005732, final_loss=0.008814)
      [extreme_source:59->target60] [Epoch 100/200] [loss_mse: 0.007749]
  收敛检测[few_shot:extreme_source_station59_to_60_class1]: 首次达到收敛条件 @ epoch 118 (best_epoch=113, best_loss=0.005234, final_loss=0.007730)
      [extreme_source:59->target60] [Epoch 120/200] [loss_mse: 0.006438]
      [extreme_source:59->target60] [Epoch 140/200] [loss_mse: 0.006112]
      [extreme_source:59->target60] [Epoch 160/200] [loss_mse: 0.006011]
      [extreme_source:59->target60] [Epoch 180/200] [loss_mse: 0.007173]
      [extreme_source:59->target60] [Epoch 200/200] [loss_mse: 0.005851]
  收敛检测[few_shot:extreme_source_station59_to_60_class1]: 已收敛 @ epoch 118 (best_epoch=113, best_loss=0.005234, final_loss=0.005851)
  收敛检测[few_shot:few_shot]: 未收敛 (best_epoch=1, best_loss=0.055927, final_loss=0.055927)
    [screen:extreme_source] source_station=61 -> target_station=60, candidate=1, gated=1, effective=1
      [extreme_source:61->target60] [Epoch 1/200] [loss_mse: 0.013100]
      [extreme_source:61->target60] [Epoch 2/200] [loss_mse: 0.006753]
      [extreme_source:61->target60] [Epoch 3/200] [loss_mse: 0.001072]
      [extreme_source:61->target60] [Epoch 4/200] [loss_mse: 0.002001]
      [extreme_source:61->target60] [Epoch 5/200] [loss_mse: 0.000347]
      [extreme_source:61->target60] [Epoch 6/200] [loss_mse: 0.000379]
      [extreme_source:61->target60] [Epoch 7/200] [loss_mse: 0.000100]
      [extreme_source:61->target60] [Epoch 8/200] [loss_mse: 0.004649]
      [extreme_source:61->target60] [Epoch 9/200] [loss_mse: 0.000655]
      [extreme_source:61->target60] [Epoch 10/200] [loss_mse: 0.000661]
  收敛检测[few_shot:extreme_source_station61_to_60_class1]: 首次达到收敛条件 @ epoch 12 (best_epoch=7, best_loss=0.000100, final_loss=0.002674)
      [extreme_source:61->target60] [Epoch 20/200] [loss_mse: 0.001104]
      [extreme_source:61->target60] [Epoch 40/200] [loss_mse: 0.002482]
      [extreme_source:61->target60] [Epoch 60/200] [loss_mse: 0.003258]
      [extreme_source:61->target60] [Epoch 80/200] [loss_mse: 0.000206]
      [extreme_source:61->target60] [Epoch 100/200] [loss_mse: 0.001209]
      [extreme_source:61->target60] [Epoch 120/200] [loss_mse: 0.000578]
      [extreme_source:61->target60] [Epoch 140/200] [loss_mse: 0.000060]
      [extreme_source:61->target60] [Epoch 160/200] [loss_mse: 0.010009]
      [extreme_source:61->target60] [Epoch 180/200] [loss_mse: 0.005134]
      [extreme_source:61->target60] [Epoch 200/200] [loss_mse: 0.001328]
  收敛检测[few_shot:extreme_source_station61_to_60_class1]: 已收敛 @ epoch 12 (best_epoch=7, best_loss=0.000100, final_loss=0.001328)
  收敛检测[few_shot:few_shot]: 未收敛 (best_epoch=1, best_loss=0.145071, final_loss=0.145071)
  收敛检测[few_shot:few_shot]: 未收敛 (best_epoch=1, best_loss=0.133763, final_loss=0.133763)
  收敛检测[few_shot:few_shot]: 未收敛 (best_epoch=1, best_loss=0.185321, final_loss=0.185321)
  收敛检测[few_shot:few_shot]: 未收敛 (best_epoch=1, best_loss=0.081349, final_loss=0.081349)
    [screen:extreme_source] source_station=62 -> target_station=60, candidate=4, gated=4, effective=3
      [extreme_source:62->target60] [Epoch 1/200] [loss_mse: 0.133467]
      [extreme_source:62->target60] [Epoch 2/200] [loss_mse: 0.119071]
      [extreme_source:62->target60] [Epoch 3/200] [loss_mse: 0.130423]
      [extreme_source:62->target60] [Epoch 4/200] [loss_mse: 0.141749]
      [extreme_source:62->target60] [Epoch 5/200] [loss_mse: 0.125955]
      [extreme_source:62->target60] [Epoch 6/200] [loss_mse: 0.137159]
      [extreme_source:62->target60] [Epoch 7/200] [loss_mse: 0.113464]
      [extreme_source:62->target60] [Epoch 8/200] [loss_mse: 0.110192]
      [extreme_source:62->target60] [Epoch 9/200] [loss_mse: 0.094182]
      [extreme_source:62->target60] [Epoch 10/200] [loss_mse: 0.090647]
      [extreme_source:62->target60] [Epoch 20/200] [loss_mse: 0.060511]
  收敛检测[few_shot:extreme_source_station62_to_60_class1]: 首次达到收敛条件 @ epoch 27 (best_epoch=22, best_loss=0.046073, final_loss=0.047017)
      [extreme_source:62->target60] [Epoch 40/200] [loss_mse: 0.021723]
  收敛检测[few_shot:extreme_source_station62_to_60_class1]: 首次达到收敛条件 @ epoch 57 (best_epoch=52, best_loss=0.013292, final_loss=0.015300)
      [extreme_source:62->target60] [Epoch 60/200] [loss_mse: 0.013197]
  收敛检测[few_shot:extreme_source_station62_to_60_class1]: 首次达到收敛条件 @ epoch 70 (best_epoch=65, best_loss=0.008784, final_loss=0.009817)
      [extreme_source:62->target60] [Epoch 80/200] [loss_mse: 0.008759]
  收敛检测[few_shot:extreme_source_station62_to_60_class1]: 首次达到收敛条件 @ epoch 84 (best_epoch=79, best_loss=0.007355, final_loss=0.008552)
      [extreme_source:62->target60] [Epoch 100/200] [loss_mse: 0.010413]
      [extreme_source:62->target60] [Epoch 120/200] [loss_mse: 0.010093]
      [extreme_source:62->target60] [Epoch 140/200] [loss_mse: 0.008181]
      [extreme_source:62->target60] [Epoch 160/200] [loss_mse: 0.009683]
  收敛检测[few_shot:extreme_source_station62_to_60_class1]: 首次达到收敛条件 @ epoch 169 (best_epoch=164, best_loss=0.006774, final_loss=0.007756)
      [extreme_source:62->target60] [Epoch 180/200] [loss_mse: 0.009874]
      [extreme_source:62->target60] [Epoch 200/200] [loss_mse: 0.009189]
  收敛检测[few_shot:extreme_source_station62_to_60_class1]: 已收敛 @ epoch 169 (best_epoch=164, best_loss=0.006774, final_loss=0.009189)
  收敛检测[few_shot:few_shot]: 未收敛 (best_epoch=1, best_loss=0.074422, final_loss=0.074422)
  收敛检测[few_shot:few_shot]: 未收敛 (best_epoch=1, best_loss=0.138451, final_loss=0.138451)
  收敛检测[few_shot:few_shot]: 未收敛 (best_epoch=1, best_loss=0.061155, final_loss=0.061155)
    [screen:extreme_source] source_station=63 -> target_station=60, candidate=3, gated=3, effective=3
      [extreme_source:63->target60] [Epoch 1/200] [loss_mse: 0.110697]
      [extreme_source:63->target60] [Epoch 2/200] [loss_mse: 0.084405]
      [extreme_source:63->target60] [Epoch 3/200] [loss_mse: 0.083280]
      [extreme_source:63->target60] [Epoch 4/200] [loss_mse: 0.078097]
      [extreme_source:63->target60] [Epoch 5/200] [loss_mse: 0.087361]
      [extreme_source:63->target60] [Epoch 6/200] [loss_mse: 0.085808]
      [extreme_source:63->target60] [Epoch 7/200] [loss_mse: 0.072998]
      [extreme_source:63->target60] [Epoch 8/200] [loss_mse: 0.059620]
      [extreme_source:63->target60] [Epoch 9/200] [loss_mse: 0.062764]
      [extreme_source:63->target60] [Epoch 10/200] [loss_mse: 0.059701]
      [extreme_source:63->target60] [Epoch 20/200] [loss_mse: 0.033874]
  收敛检测[few_shot:extreme_source_station63_to_60_class1]: 首次达到收敛条件 @ epoch 40 (best_epoch=35, best_loss=0.015301, final_loss=0.018641)
      [extreme_source:63->target60] [Epoch 40/200] [loss_mse: 0.018641]
  收敛检测[few_shot:extreme_source_station63_to_60_class1]: 首次达到收敛条件 @ epoch 49 (best_epoch=44, best_loss=0.012405, final_loss=0.014661)
      [extreme_source:63->target60] [Epoch 60/200] [loss_mse: 0.014266]
  收敛检测[few_shot:extreme_source_station63_to_60_class1]: 首次达到收敛条件 @ epoch 66 (best_epoch=61, best_loss=0.011475, final_loss=0.014364)
      [extreme_source:63->target60] [Epoch 80/200] [loss_mse: 0.013231]
  收敛检测[few_shot:extreme_source_station63_to_60_class1]: 首次达到收敛条件 @ epoch 90 (best_epoch=85, best_loss=0.011151, final_loss=0.014253)
      [extreme_source:63->target60] [Epoch 100/200] [loss_mse: 0.015154]
      [extreme_source:63->target60] [Epoch 120/200] [loss_mse: 0.016640]
  收敛检测[few_shot:extreme_source_station63_to_60_class1]: 首次达到收敛条件 @ epoch 126 (best_epoch=121, best_loss=0.009963, final_loss=0.015489)
      [extreme_source:63->target60] [Epoch 140/200] [loss_mse: 0.012232]
      [extreme_source:63->target60] [Epoch 160/200] [loss_mse: 0.014385]
      [extreme_source:63->target60] [Epoch 180/200] [loss_mse: 0.014162]
      [extreme_source:63->target60] [Epoch 200/200] [loss_mse: 0.010978]
  收敛检测[few_shot:extreme_source_station63_to_60_class1]: 已收敛 @ epoch 126 (best_epoch=121, best_loss=0.009963, final_loss=0.010978)
      [Extreme-FedAvg:target_refine] [Epoch 1/200] [loss_mse: 0.025630]
      [Extreme-FedAvg:target_refine] [Epoch 2/200] [loss_mse: 0.023660]
      [Extreme-FedAvg:target_refine] [Epoch 3/200] [loss_mse: 0.024710]
      [Extreme-FedAvg:target_refine] [Epoch 4/200] [loss_mse: 0.021339]
      [Extreme-FedAvg:target_refine] [Epoch 5/200] [loss_mse: 0.024541]
      [Extreme-FedAvg:target_refine] [Epoch 6/200] [loss_mse: 0.023055]
      [Extreme-FedAvg:target_refine] [Epoch 7/200] [loss_mse: 0.022047]
      [Extreme-FedAvg:target_refine] [Epoch 8/200] [loss_mse: 0.022125]
  收敛检测[few_shot:extreme_fedavg_station60_class1]: 首次达到收敛条件 @ epoch 9 (best_epoch=4, best_loss=0.021339, final_loss=0.021392)
      [Extreme-FedAvg:target_refine] [Epoch 9/200] [loss_mse: 0.021392]
      [Extreme-FedAvg:target_refine] [Epoch 10/200] [loss_mse: 0.028097]
      [Extreme-FedAvg:target_refine] [Epoch 20/200] [loss_mse: 0.023812]
  收敛检测[few_shot:extreme_fedavg_station60_class1]: 首次达到收敛条件 @ epoch 30 (best_epoch=25, best_loss=0.017923, final_loss=0.021022)
      [Extreme-FedAvg:target_refine] [Epoch 40/200] [loss_mse: 0.025476]
      [Extreme-FedAvg:target_refine] [Epoch 60/200] [loss_mse: 0.023523]
      [Extreme-FedAvg:target_refine] [Epoch 80/200] [loss_mse: 0.023209]
      [Extreme-FedAvg:target_refine] [Epoch 100/200] [loss_mse: 0.021136]
      [Extreme-FedAvg:target_refine] [Epoch 120/200] [loss_mse: 0.021264]
      [Extreme-FedAvg:target_refine] [Epoch 140/200] [loss_mse: 0.024262]
      [Extreme-FedAvg:target_refine] [Epoch 160/200] [loss_mse: 0.021351]
      [Extreme-FedAvg:target_refine] [Epoch 180/200] [loss_mse: 0.024057]
      [Extreme-FedAvg:target_refine] [Epoch 200/200] [loss_mse: 0.023203]
  收敛检测[few_shot:extreme_fedavg_station60_class1]: 已收敛 @ epoch 30 (best_epoch=25, best_loss=0.017923, final_loss=0.023203)
    ✓ 保存(Extreme-FedAvg): artifacts/2h6p_six_station/fed-normal-meta-5k/models/model_fore_station60_extreme1_extreme_fedavg.pth weights={'60': 0.16666666666666666, '58': 0.16666666666666666, '59': 0.16666666666666666, '61': 0.16666666666666666, '62': 0.16666666666666666, '63': 0.16666666666666666}
      [Proposed-A:self_update] [Epoch 1/200] [loss_mse: 0.098348]
      [Proposed-A:self_update] [Epoch 2/200] [loss_mse: 0.098726]
      [Proposed-A:self_update] [Epoch 3/200] [loss_mse: 0.088624]
      [Proposed-A:self_update] [Epoch 4/200] [loss_mse: 0.083196]
      [Proposed-A:self_update] [Epoch 5/200] [loss_mse: 0.074432]
      [Proposed-A:self_update] [Epoch 6/200] [loss_mse: 0.072674]
      [Proposed-A:self_update] [Epoch 7/200] [loss_mse: 0.075005]
      [Proposed-A:self_update] [Epoch 8/200] [loss_mse: 0.067675]
      [Proposed-A:self_update] [Epoch 9/200] [loss_mse: 0.054135]
      [Proposed-A:self_update] [Epoch 10/200] [loss_mse: 0.061238]
      [Proposed-A:self_update] [Epoch 20/200] [loss_mse: 0.037192]
  收敛检测[few_shot:proposed_self_station60_class1]: 首次达到收敛条件 @ epoch 27 (best_epoch=22, best_loss=0.027688, final_loss=0.029686)
  收敛检测[few_shot:proposed_self_station60_class1]: 首次达到收敛条件 @ epoch 36 (best_epoch=31, best_loss=0.023003, final_loss=0.023244)
      [Proposed-A:self_update] [Epoch 40/200] [loss_mse: 0.020272]
  收敛检测[few_shot:proposed_self_station60_class1]: 首次达到收敛条件 @ epoch 42 (best_epoch=37, best_loss=0.019502, final_loss=0.023820)
      [Proposed-A:self_update] [Epoch 60/200] [loss_mse: 0.020208]
      [Proposed-A:self_update] [Epoch 80/200] [loss_mse: 0.022935]
      [Proposed-A:self_update] [Epoch 100/200] [loss_mse: 0.024866]
      [Proposed-A:self_update] [Epoch 120/200] [loss_mse: 0.024187]
      [Proposed-A:self_update] [Epoch 140/200] [loss_mse: 0.024681]
      [Proposed-A:self_update] [Epoch 160/200] [loss_mse: 0.021712]
  收敛检测[few_shot:proposed_self_station60_class1]: 首次达到收敛条件 @ epoch 177 (best_epoch=172, best_loss=0.017842, final_loss=0.021936)
      [Proposed-A:self_update] [Epoch 180/200] [loss_mse: 0.022562]
      [Proposed-A:self_update] [Epoch 200/200] [loss_mse: 0.022252]
  收敛检测[few_shot:proposed_self_station60_class1]: 已收敛 @ epoch 177 (best_epoch=172, best_loss=0.017842, final_loss=0.022252)
  收敛检测[few_shot:few_shot]: 未收敛 (best_epoch=1, best_loss=0.094741, final_loss=0.094741)
    [screen:proposed_source] source_station=58 -> target_station=60, candidate=1, gated=1, effective=1
      [proposed_source:58->target60] [Epoch 1/200] [loss_mse: 0.006686]
      [proposed_source:58->target60] [Epoch 2/200] [loss_mse: 0.019565]
      [proposed_source:58->target60] [Epoch 3/200] [loss_mse: 0.001637]
      [proposed_source:58->target60] [Epoch 4/200] [loss_mse: 0.012947]
      [proposed_source:58->target60] [Epoch 5/200] [loss_mse: 0.018816]
      [proposed_source:58->target60] [Epoch 6/200] [loss_mse: 0.020772]
      [proposed_source:58->target60] [Epoch 7/200] [loss_mse: 0.002663]
  收敛检测[few_shot:proposed_source_station58_to_60_class1]: 首次达到收敛条件 @ epoch 8 (best_epoch=3, best_loss=0.001637, final_loss=0.019030)
      [proposed_source:58->target60] [Epoch 8/200] [loss_mse: 0.019030]
      [proposed_source:58->target60] [Epoch 9/200] [loss_mse: 0.012367]
      [proposed_source:58->target60] [Epoch 10/200] [loss_mse: 0.024094]
      [proposed_source:58->target60] [Epoch 20/200] [loss_mse: 0.014467]
      [proposed_source:58->target60] [Epoch 40/200] [loss_mse: 0.012555]
      [proposed_source:58->target60] [Epoch 60/200] [loss_mse: 0.018242]
      [proposed_source:58->target60] [Epoch 80/200] [loss_mse: 0.012387]
  收敛检测[few_shot:proposed_source_station58_to_60_class1]: 首次达到收敛条件 @ epoch 93 (best_epoch=88, best_loss=0.000139, final_loss=0.005333)
      [proposed_source:58->target60] [Epoch 100/200] [loss_mse: 0.016105]
      [proposed_source:58->target60] [Epoch 120/200] [loss_mse: 0.006379]
      [proposed_source:58->target60] [Epoch 140/200] [loss_mse: 0.002562]
      [proposed_source:58->target60] [Epoch 160/200] [loss_mse: 0.001260]
      [proposed_source:58->target60] [Epoch 180/200] [loss_mse: 0.010369]
      [proposed_source:58->target60] [Epoch 200/200] [loss_mse: 0.006556]
  收敛检测[few_shot:proposed_source_station58_to_60_class1]: 已收敛 @ epoch 93 (best_epoch=88, best_loss=0.000139, final_loss=0.006556)
  收敛检测[few_shot:few_shot]: 未收敛 (best_epoch=1, best_loss=0.155922, final_loss=0.155922)
  收敛检测[few_shot:few_shot]: 未收敛 (best_epoch=1, best_loss=0.132453, final_loss=0.132453)
  收敛检测[few_shot:few_shot]: 未收敛 (best_epoch=1, best_loss=0.156728, final_loss=0.156728)
  收敛检测[few_shot:few_shot]: 未收敛 (best_epoch=1, best_loss=0.097197, final_loss=0.097197)
    [screen:proposed_source] source_station=59 -> target_station=60, candidate=4, gated=4, effective=3
      [proposed_source:59->target60] [Epoch 1/200] [loss_mse: 0.141864]
      [proposed_source:59->target60] [Epoch 2/200] [loss_mse: 0.142232]
      [proposed_source:59->target60] [Epoch 3/200] [loss_mse: 0.126852]
      [proposed_source:59->target60] [Epoch 4/200] [loss_mse: 0.128398]
      [proposed_source:59->target60] [Epoch 5/200] [loss_mse: 0.118876]
      [proposed_source:59->target60] [Epoch 6/200] [loss_mse: 0.105906]
      [proposed_source:59->target60] [Epoch 7/200] [loss_mse: 0.110400]
      [proposed_source:59->target60] [Epoch 8/200] [loss_mse: 0.106583]
      [proposed_source:59->target60] [Epoch 9/200] [loss_mse: 0.087991]
      [proposed_source:59->target60] [Epoch 10/200] [loss_mse: 0.084947]
      [proposed_source:59->target60] [Epoch 20/200] [loss_mse: 0.055445]
      [proposed_source:59->target60] [Epoch 40/200] [loss_mse: 0.018658]
  收敛检测[few_shot:proposed_source_station59_to_60_class1]: 首次达到收敛条件 @ epoch 54 (best_epoch=49, best_loss=0.007419, final_loss=0.010292)
      [proposed_source:59->target60] [Epoch 60/200] [loss_mse: 0.009084]
      [proposed_source:59->target60] [Epoch 80/200] [loss_mse: 0.007635]
  收敛检测[few_shot:proposed_source_station59_to_60_class1]: 首次达到收敛条件 @ epoch 83 (best_epoch=78, best_loss=0.005726, final_loss=0.007135)
      [proposed_source:59->target60] [Epoch 100/200] [loss_mse: 0.006729]
      [proposed_source:59->target60] [Epoch 120/200] [loss_mse: 0.008090]
  收敛检测[few_shot:proposed_source_station59_to_60_class1]: 首次达到收敛条件 @ epoch 126 (best_epoch=121, best_loss=0.005050, final_loss=0.009751)
      [proposed_source:59->target60] [Epoch 140/200] [loss_mse: 0.007045]
      [proposed_source:59->target60] [Epoch 160/200] [loss_mse: 0.007370]
      [proposed_source:59->target60] [Epoch 180/200] [loss_mse: 0.008240]
      [proposed_source:59->target60] [Epoch 200/200] [loss_mse: 0.007222]
  收敛检测[few_shot:proposed_source_station59_to_60_class1]: 已收敛 @ epoch 126 (best_epoch=121, best_loss=0.005050, final_loss=0.007222)
  收敛检测[few_shot:few_shot]: 未收敛 (best_epoch=1, best_loss=0.072533, final_loss=0.072533)
    [screen:proposed_source] source_station=61 -> target_station=60, candidate=1, gated=1, effective=1
      [proposed_source:61->target60] [Epoch 1/200] [loss_mse: 0.009383]
      [proposed_source:61->target60] [Epoch 2/200] [loss_mse: 0.008714]
      [proposed_source:61->target60] [Epoch 3/200] [loss_mse: 0.004328]
      [proposed_source:61->target60] [Epoch 4/200] [loss_mse: 0.002278]
      [proposed_source:61->target60] [Epoch 5/200] [loss_mse: 0.001898]
      [proposed_source:61->target60] [Epoch 6/200] [loss_mse: 0.008738]
      [proposed_source:61->target60] [Epoch 7/200] [loss_mse: 0.000539]
      [proposed_source:61->target60] [Epoch 8/200] [loss_mse: 0.000518]
      [proposed_source:61->target60] [Epoch 9/200] [loss_mse: 0.000486]
      [proposed_source:61->target60] [Epoch 10/200] [loss_mse: 0.004587]
  收敛检测[few_shot:proposed_source_station61_to_60_class1]: 首次达到收敛条件 @ epoch 16 (best_epoch=11, best_loss=0.000255, final_loss=0.001053)
      [proposed_source:61->target60] [Epoch 20/200] [loss_mse: 0.002992]
      [proposed_source:61->target60] [Epoch 40/200] [loss_mse: 0.000062]
  收敛检测[few_shot:proposed_source_station61_to_60_class1]: 首次达到收敛条件 @ epoch 45 (best_epoch=40, best_loss=0.000062, final_loss=0.000008)
      [proposed_source:61->target60] [Epoch 60/200] [loss_mse: 0.001126]
      [proposed_source:61->target60] [Epoch 80/200] [loss_mse: 0.002417]
      [proposed_source:61->target60] [Epoch 100/200] [loss_mse: 0.000492]
      [proposed_source:61->target60] [Epoch 120/200] [loss_mse: 0.026707]
      [proposed_source:61->target60] [Epoch 140/200] [loss_mse: 0.000272]
      [proposed_source:61->target60] [Epoch 160/200] [loss_mse: 0.000135]
      [proposed_source:61->target60] [Epoch 180/200] [loss_mse: 0.000527]
      [proposed_source:61->target60] [Epoch 200/200] [loss_mse: 0.000112]
  收敛检测[few_shot:proposed_source_station61_to_60_class1]: 已收敛 @ epoch 45 (best_epoch=40, best_loss=0.000062, final_loss=0.000112)
  收敛检测[few_shot:few_shot]: 未收敛 (best_epoch=1, best_loss=0.144783, final_loss=0.144783)
  收敛检测[few_shot:few_shot]: 未收敛 (best_epoch=1, best_loss=0.140787, final_loss=0.140787)
  收敛检测[few_shot:few_shot]: 未收敛 (best_epoch=1, best_loss=0.144698, final_loss=0.144698)
  收敛检测[few_shot:few_shot]: 未收敛 (best_epoch=1, best_loss=0.090624, final_loss=0.090624)
    [screen:proposed_source] source_station=62 -> target_station=60, candidate=4, gated=4, effective=3
      [proposed_source:62->target60] [Epoch 1/200] [loss_mse: 0.153411]
      [proposed_source:62->target60] [Epoch 2/200] [loss_mse: 0.157629]
      [proposed_source:62->target60] [Epoch 3/200] [loss_mse: 0.143294]
      [proposed_source:62->target60] [Epoch 4/200] [loss_mse: 0.134222]
      [proposed_source:62->target60] [Epoch 5/200] [loss_mse: 0.121353]
      [proposed_source:62->target60] [Epoch 6/200] [loss_mse: 0.129255]
      [proposed_source:62->target60] [Epoch 7/200] [loss_mse: 0.113877]
      [proposed_source:62->target60] [Epoch 8/200] [loss_mse: 0.103440]
      [proposed_source:62->target60] [Epoch 9/200] [loss_mse: 0.097092]
      [proposed_source:62->target60] [Epoch 10/200] [loss_mse: 0.092230]
      [proposed_source:62->target60] [Epoch 20/200] [loss_mse: 0.051709]
      [proposed_source:62->target60] [Epoch 40/200] [loss_mse: 0.021851]
  收敛检测[few_shot:proposed_source_station62_to_60_class1]: 首次达到收敛条件 @ epoch 41 (best_epoch=36, best_loss=0.020155, final_loss=0.022125)
  收敛检测[few_shot:proposed_source_station62_to_60_class1]: 首次达到收敛条件 @ epoch 56 (best_epoch=51, best_loss=0.010823, final_loss=0.012176)
      [proposed_source:62->target60] [Epoch 60/200] [loss_mse: 0.012147]
  收敛检测[few_shot:proposed_source_station62_to_60_class1]: 首次达到收敛条件 @ epoch 70 (best_epoch=65, best_loss=0.008830, final_loss=0.010584)
      [proposed_source:62->target60] [Epoch 80/200] [loss_mse: 0.008025]
  收敛检测[few_shot:proposed_source_station62_to_60_class1]: 首次达到收敛条件 @ epoch 89 (best_epoch=84, best_loss=0.007874, final_loss=0.008906)
      [proposed_source:62->target60] [Epoch 100/200] [loss_mse: 0.009105]
  收敛检测[few_shot:proposed_source_station62_to_60_class1]: 首次达到收敛条件 @ epoch 101 (best_epoch=96, best_loss=0.007386, final_loss=0.009086)
      [proposed_source:62->target60] [Epoch 120/200] [loss_mse: 0.010293]
      [proposed_source:62->target60] [Epoch 140/200] [loss_mse: 0.008904]
      [proposed_source:62->target60] [Epoch 160/200] [loss_mse: 0.010360]
  收敛检测[few_shot:proposed_source_station62_to_60_class1]: 首次达到收敛条件 @ epoch 164 (best_epoch=159, best_loss=0.007028, final_loss=0.007042)
      [proposed_source:62->target60] [Epoch 180/200] [loss_mse: 0.010471]
      [proposed_source:62->target60] [Epoch 200/200] [loss_mse: 0.008233]
  收敛检测[few_shot:proposed_source_station62_to_60_class1]: 未收敛 (best_epoch=196, best_loss=0.006566, final_loss=0.008233)
  收敛检测[few_shot:few_shot]: 未收敛 (best_epoch=1, best_loss=0.048615, final_loss=0.048615)
  收敛检测[few_shot:few_shot]: 未收敛 (best_epoch=1, best_loss=0.142782, final_loss=0.142782)
  收敛检测[few_shot:few_shot]: 未收敛 (best_epoch=1, best_loss=0.089267, final_loss=0.089267)
    [screen:proposed_source] source_station=63 -> target_station=60, candidate=3, gated=3, effective=3
      [proposed_source:63->target60] [Epoch 1/200] [loss_mse: 0.101740]
      [proposed_source:63->target60] [Epoch 2/200] [loss_mse: 0.099089]
      [proposed_source:63->target60] [Epoch 3/200] [loss_mse: 0.093116]
      [proposed_source:63->target60] [Epoch 4/200] [loss_mse: 0.083924]
      [proposed_source:63->target60] [Epoch 5/200] [loss_mse: 0.070858]
      [proposed_source:63->target60] [Epoch 6/200] [loss_mse: 0.076564]
      [proposed_source:63->target60] [Epoch 7/200] [loss_mse: 0.066075]
      [proposed_source:63->target60] [Epoch 8/200] [loss_mse: 0.067654]
      [proposed_source:63->target60] [Epoch 9/200] [loss_mse: 0.065073]
      [proposed_source:63->target60] [Epoch 10/200] [loss_mse: 0.058970]
      [proposed_source:63->target60] [Epoch 20/200] [loss_mse: 0.034651]
  收敛检测[few_shot:proposed_source_station63_to_60_class1]: 首次达到收敛条件 @ epoch 36 (best_epoch=31, best_loss=0.012069, final_loss=0.018203)
      [proposed_source:63->target60] [Epoch 40/200] [loss_mse: 0.018050]
      [proposed_source:63->target60] [Epoch 60/200] [loss_mse: 0.012911]
  收敛检测[few_shot:proposed_source_station63_to_60_class1]: 首次达到收敛条件 @ epoch 67 (best_epoch=62, best_loss=0.011678, final_loss=0.016280)
      [proposed_source:63->target60] [Epoch 80/200] [loss_mse: 0.012494]
      [proposed_source:63->target60] [Epoch 100/200] [loss_mse: 0.014838]
  收敛检测[few_shot:proposed_source_station63_to_60_class1]: 首次达到收敛条件 @ epoch 113 (best_epoch=108, best_loss=0.011098, final_loss=0.013639)
      [proposed_source:63->target60] [Epoch 120/200] [loss_mse: 0.014833]
      [proposed_source:63->target60] [Epoch 140/200] [loss_mse: 0.014841]
      [proposed_source:63->target60] [Epoch 160/200] [loss_mse: 0.011303]
  收敛检测[few_shot:proposed_source_station63_to_60_class1]: 首次达到收敛条件 @ epoch 163 (best_epoch=158, best_loss=0.010725, final_loss=0.011741)
      [proposed_source:63->target60] [Epoch 180/200] [loss_mse: 0.015550]
      [proposed_source:63->target60] [Epoch 200/200] [loss_mse: 0.011421]
  收敛检测[few_shot:proposed_source_station63_to_60_class1]: 已收敛 @ epoch 163 (best_epoch=158, best_loss=0.010725, final_loss=0.011421)
      [Proposed-A:target_refine] [Epoch 1/200] [loss_mse: 0.021921]
      [Proposed-A:target_refine] [Epoch 2/200] [loss_mse: 0.023602]
      [Proposed-A:target_refine] [Epoch 3/200] [loss_mse: 0.025866]
      [Proposed-A:target_refine] [Epoch 4/200] [loss_mse: 0.021866]
      [Proposed-A:target_refine] [Epoch 5/200] [loss_mse: 0.021763]
      [Proposed-A:target_refine] [Epoch 6/200] [loss_mse: 0.024625]
      [Proposed-A:target_refine] [Epoch 7/200] [loss_mse: 0.020580]
      [Proposed-A:target_refine] [Epoch 8/200] [loss_mse: 0.021477]
      [Proposed-A:target_refine] [Epoch 9/200] [loss_mse: 0.021324]
      [Proposed-A:target_refine] [Epoch 10/200] [loss_mse: 0.023097]
  收敛检测[few_shot:proposed_a_station60_class1]: 首次达到收敛条件 @ epoch 12 (best_epoch=7, best_loss=0.020580, final_loss=0.024819)
      [Proposed-A:target_refine] [Epoch 20/200] [loss_mse: 0.022603]
  收敛检测[few_shot:proposed_a_station60_class1]: 首次达到收敛条件 @ epoch 28 (best_epoch=23, best_loss=0.018855, final_loss=0.021412)
      [Proposed-A:target_refine] [Epoch 40/200] [loss_mse: 0.024353]
      [Proposed-A:target_refine] [Epoch 60/200] [loss_mse: 0.022257]
  收敛检测[few_shot:proposed_a_station60_class1]: 首次达到收敛条件 @ epoch 70 (best_epoch=65, best_loss=0.018738, final_loss=0.019743)
      [Proposed-A:target_refine] [Epoch 80/200] [loss_mse: 0.019498]
      [Proposed-A:target_refine] [Epoch 100/200] [loss_mse: 0.022278]
      [Proposed-A:target_refine] [Epoch 120/200] [loss_mse: 0.021503]
      [Proposed-A:target_refine] [Epoch 140/200] [loss_mse: 0.020792]
      [Proposed-A:target_refine] [Epoch 160/200] [loss_mse: 0.024744]
      [Proposed-A:target_refine] [Epoch 180/200] [loss_mse: 0.022848]
      [Proposed-A:target_refine] [Epoch 200/200] [loss_mse: 0.021924]
  收敛检测[few_shot:proposed_a_station60_class1]: 已收敛 @ epoch 70 (best_epoch=65, best_loss=0.018738, final_loss=0.021924)
    ✓ 保存(Proposed-A): artifacts/2h6p_six_station/fed-normal-meta-5k/models/model_fore_station60_extreme1_proposed_a.pth weights={'60': 0.5, '58': 0.058657877459493434, '59': 0.12696613683138633, '61': 0.06018222396900862, '62': 0.12579699479054832, '63': 0.12839676694956328}

  极端天气类别 3:
    样本数: 1
    训练轮数: 200, few-shot loss=MSE
    adapt/val: 1 / 1
      [LMT] [Epoch 1/200] [loss_mse: 0.111776]
      [LMT] [Epoch 2/200] [loss_mse: 0.081913]
      [LMT] [Epoch 3/200] [loss_mse: 0.046508]
      [LMT] [Epoch 4/200] [loss_mse: 0.065618]
      [LMT] [Epoch 5/200] [loss_mse: 0.055414]
      [LMT] [Epoch 6/200] [loss_mse: 0.057967]
      [LMT] [Epoch 7/200] [loss_mse: 0.055951]
  收敛检测[few_shot:lmt_station60_class2]: 首次达到收敛条件 @ epoch 8 (best_epoch=3, best_loss=0.046508, final_loss=0.051226)
      [LMT] [Epoch 8/200] [loss_mse: 0.051226]
      [LMT] [Epoch 9/200] [loss_mse: 0.039995]
      [LMT] [Epoch 10/200] [loss_mse: 0.037207]
      [LMT] [Epoch 20/200] [loss_mse: 0.041945]
  收敛检测[few_shot:lmt_station60_class2]: 首次达到收敛条件 @ epoch 26 (best_epoch=21, best_loss=0.014791, final_loss=0.015953)
  收敛检测[few_shot:lmt_station60_class2]: 首次达到收敛条件 @ epoch 40 (best_epoch=35, best_loss=0.003936, final_loss=0.007627)
      [LMT] [Epoch 40/200] [loss_mse: 0.007627]
  收敛检测[few_shot:lmt_station60_class2]: 首次达到收敛条件 @ epoch 47 (best_epoch=42, best_loss=0.001290, final_loss=0.011592)
  收敛检测[few_shot:lmt_station60_class2]: 首次达到收敛条件 @ epoch 53 (best_epoch=48, best_loss=0.000018, final_loss=0.000642)
      [LMT] [Epoch 60/200] [loss_mse: 0.010792]
      [LMT] [Epoch 80/200] [loss_mse: 0.013436]
      [LMT] [Epoch 100/200] [loss_mse: 0.003538]
      [LMT] [Epoch 120/200] [loss_mse: 0.005565]
      [LMT] [Epoch 140/200] [loss_mse: 0.001366]
      [LMT] [Epoch 160/200] [loss_mse: 0.001922]
      [LMT] [Epoch 180/200] [loss_mse: 0.002320]
      [LMT] [Epoch 200/200] [loss_mse: 0.052875]
  收敛检测[few_shot:lmt_station60_class2]: 已收敛 @ epoch 53 (best_epoch=48, best_loss=0.000018, final_loss=0.052875)
    ✓ 保存(LMT): artifacts/2h6p_six_station/fed-normal-meta-5k/models/model_fore_station60_extreme2.pth
  收敛检测[few_shot:few_shot]: 未收敛 (best_epoch=1, best_loss=0.122975, final_loss=0.122975)
    [screen:extreme_source] source_station=58 -> target_station=60, candidate=1, gated=1, effective=1
      [extreme_source:58->target60] [Epoch 1/200] [loss_mse: 0.024665]
      [extreme_source:58->target60] [Epoch 2/200] [loss_mse: 0.007490]
      [extreme_source:58->target60] [Epoch 3/200] [loss_mse: 0.001311]
      [extreme_source:58->target60] [Epoch 4/200] [loss_mse: 0.012048]
      [extreme_source:58->target60] [Epoch 5/200] [loss_mse: 0.016579]
      [extreme_source:58->target60] [Epoch 6/200] [loss_mse: 0.023066]
      [extreme_source:58->target60] [Epoch 7/200] [loss_mse: 0.000626]
      [extreme_source:58->target60] [Epoch 8/200] [loss_mse: 0.003006]
      [extreme_source:58->target60] [Epoch 9/200] [loss_mse: 0.004479]
      [extreme_source:58->target60] [Epoch 10/200] [loss_mse: 0.003088]
  收敛检测[few_shot:extreme_source_station58_to_60_class2]: 首次达到收敛条件 @ epoch 12 (best_epoch=7, best_loss=0.000626, final_loss=0.005442)
      [extreme_source:58->target60] [Epoch 20/200] [loss_mse: 0.004921]
  收敛检测[few_shot:extreme_source_station58_to_60_class2]: 首次达到收敛条件 @ epoch 21 (best_epoch=16, best_loss=0.000524, final_loss=0.006953)
  收敛检测[few_shot:extreme_source_station58_to_60_class2]: 首次达到收敛条件 @ epoch 28 (best_epoch=23, best_loss=0.000348, final_loss=0.001571)
      [extreme_source:58->target60] [Epoch 40/200] [loss_mse: 0.003101]
      [extreme_source:58->target60] [Epoch 60/200] [loss_mse: 0.000569]
  收敛检测[few_shot:extreme_source_station58_to_60_class2]: 首次达到收敛条件 @ epoch 69 (best_epoch=64, best_loss=0.000129, final_loss=0.001451)
      [extreme_source:58->target60] [Epoch 80/200] [loss_mse: 0.001185]
  收敛检测[few_shot:extreme_source_station58_to_60_class2]: 首次达到收敛条件 @ epoch 89 (best_epoch=84, best_loss=0.000008, final_loss=0.001907)
      [extreme_source:58->target60] [Epoch 100/200] [loss_mse: 0.004649]
      [extreme_source:58->target60] [Epoch 120/200] [loss_mse: 0.004627]
      [extreme_source:58->target60] [Epoch 140/200] [loss_mse: 0.000564]
      [extreme_source:58->target60] [Epoch 160/200] [loss_mse: 0.000413]
      [extreme_source:58->target60] [Epoch 180/200] [loss_mse: 0.000852]
      [extreme_source:58->target60] [Epoch 200/200] [loss_mse: 0.001617]
  收敛检测[few_shot:extreme_source_station58_to_60_class2]: 已收敛 @ epoch 89 (best_epoch=84, best_loss=0.000008, final_loss=0.001617)
  收敛检测[few_shot:few_shot]: 未收敛 (best_epoch=1, best_loss=0.161499, final_loss=0.161499)
  收敛检测[few_shot:few_shot]: 未收敛 (best_epoch=1, best_loss=0.143438, final_loss=0.143438)
    [screen:extreme_source] source_station=59 -> target_station=60, candidate=2, gated=2, effective=1
      [extreme_source:59->target60] [Epoch 1/200] [loss_mse: 0.148948]
      [extreme_source:59->target60] [Epoch 2/200] [loss_mse: 0.151155]
      [extreme_source:59->target60] [Epoch 3/200] [loss_mse: 0.171844]
      [extreme_source:59->target60] [Epoch 4/200] [loss_mse: 0.146446]
      [extreme_source:59->target60] [Epoch 5/200] [loss_mse: 0.143014]
      [extreme_source:59->target60] [Epoch 6/200] [loss_mse: 0.139856]
      [extreme_source:59->target60] [Epoch 7/200] [loss_mse: 0.122290]
      [extreme_source:59->target60] [Epoch 8/200] [loss_mse: 0.112397]
      [extreme_source:59->target60] [Epoch 9/200] [loss_mse: 0.145386]
      [extreme_source:59->target60] [Epoch 10/200] [loss_mse: 0.127320]
  收敛检测[few_shot:extreme_source_station59_to_60_class2]: 首次达到收敛条件 @ epoch 16 (best_epoch=11, best_loss=0.105634, final_loss=0.111889)
      [extreme_source:59->target60] [Epoch 20/200] [loss_mse: 0.110870]
  收敛检测[few_shot:extreme_source_station59_to_60_class2]: 首次达到收敛条件 @ epoch 23 (best_epoch=18, best_loss=0.064007, final_loss=0.127361)
  收敛检测[few_shot:extreme_source_station59_to_60_class2]: 首次达到收敛条件 @ epoch 39 (best_epoch=34, best_loss=0.033337, final_loss=0.071804)
      [extreme_source:59->target60] [Epoch 40/200] [loss_mse: 0.055304]
  收敛检测[few_shot:extreme_source_station59_to_60_class2]: 首次达到收敛条件 @ epoch 55 (best_epoch=50, best_loss=0.031861, final_loss=0.052491)
      [extreme_source:59->target60] [Epoch 60/200] [loss_mse: 0.075500]
      [extreme_source:59->target60] [Epoch 80/200] [loss_mse: 0.088620]
  收敛检测[few_shot:extreme_source_station59_to_60_class2]: 首次达到收敛条件 @ epoch 92 (best_epoch=87, best_loss=0.020507, final_loss=0.059458)
      [extreme_source:59->target60] [Epoch 100/200] [loss_mse: 0.018823]
  收敛检测[few_shot:extreme_source_station59_to_60_class2]: 首次达到收敛条件 @ epoch 105 (best_epoch=100, best_loss=0.018823, final_loss=0.029374)
  收敛检测[few_shot:extreme_source_station59_to_60_class2]: 首次达到收敛条件 @ epoch 113 (best_epoch=108, best_loss=0.005169, final_loss=0.071639)
      [extreme_source:59->target60] [Epoch 120/200] [loss_mse: 0.041948]
      [extreme_source:59->target60] [Epoch 140/200] [loss_mse: 0.028068]
      [extreme_source:59->target60] [Epoch 160/200] [loss_mse: 0.020476]
  收敛检测[few_shot:extreme_source_station59_to_60_class2]: 首次达到收敛条件 @ epoch 175 (best_epoch=170, best_loss=0.002635, final_loss=0.023446)
      [extreme_source:59->target60] [Epoch 180/200] [loss_mse: 0.032971]
      [extreme_source:59->target60] [Epoch 200/200] [loss_mse: 0.058646]
  收敛检测[few_shot:extreme_source_station59_to_60_class2]: 未收敛 (best_epoch=197, best_loss=0.000639, final_loss=0.058646)
  收敛检测[few_shot:few_shot]: 未收敛 (best_epoch=1, best_loss=0.072035, final_loss=0.072035)
  收敛检测[few_shot:few_shot]: 未收敛 (best_epoch=1, best_loss=0.232626, final_loss=0.232626)
    [screen:extreme_source] source_station=61 -> target_station=60, candidate=2, gated=2, effective=1
      [extreme_source:61->target60] [Epoch 1/200] [loss_mse: 0.243236]
      [extreme_source:61->target60] [Epoch 2/200] [loss_mse: 0.303260]
      [extreme_source:61->target60] [Epoch 3/200] [loss_mse: 0.222486]
      [extreme_source:61->target60] [Epoch 4/200] [loss_mse: 0.221034]
      [extreme_source:61->target60] [Epoch 5/200] [loss_mse: 0.237701]
      [extreme_source:61->target60] [Epoch 6/200] [loss_mse: 0.195203]
      [extreme_source:61->target60] [Epoch 7/200] [loss_mse: 0.210755]
      [extreme_source:61->target60] [Epoch 8/200] [loss_mse: 0.213738]
      [extreme_source:61->target60] [Epoch 9/200] [loss_mse: 0.188299]
      [extreme_source:61->target60] [Epoch 10/200] [loss_mse: 0.201061]
      [extreme_source:61->target60] [Epoch 20/200] [loss_mse: 0.117454]
  收敛检测[few_shot:extreme_source_station61_to_60_class2]: 首次达到收敛条件 @ epoch 29 (best_epoch=24, best_loss=0.083144, final_loss=0.120496)
      [extreme_source:61->target60] [Epoch 40/200] [loss_mse: 0.112079]
  收敛检测[few_shot:extreme_source_station61_to_60_class2]: 首次达到收敛条件 @ epoch 44 (best_epoch=39, best_loss=0.054586, final_loss=0.072427)
      [extreme_source:61->target60] [Epoch 60/200] [loss_mse: 0.050073]
  收敛检测[few_shot:extreme_source_station61_to_60_class2]: 首次达到收敛条件 @ epoch 64 (best_epoch=59, best_loss=0.006427, final_loss=0.065945)
      [extreme_source:61->target60] [Epoch 80/200] [loss_mse: 0.027291]
  收敛检测[few_shot:extreme_source_station61_to_60_class2]: 首次达到收敛条件 @ epoch 99 (best_epoch=94, best_loss=0.005046, final_loss=0.007373)
      [extreme_source:61->target60] [Epoch 100/200] [loss_mse: 0.001304]
  收敛检测[few_shot:extreme_source_station61_to_60_class2]: 首次达到收敛条件 @ epoch 105 (best_epoch=100, best_loss=0.001304, final_loss=0.045615)
      [extreme_source:61->target60] [Epoch 120/200] [loss_mse: 0.066904]
      [extreme_source:61->target60] [Epoch 140/200] [loss_mse: 0.001484]
  收敛检测[few_shot:extreme_source_station61_to_60_class2]: 首次达到收敛条件 @ epoch 142 (best_epoch=137, best_loss=0.000225, final_loss=0.125185)
      [extreme_source:61->target60] [Epoch 160/200] [loss_mse: 0.048298]
      [extreme_source:61->target60] [Epoch 180/200] [loss_mse: 0.048933]
  收敛检测[few_shot:extreme_source_station61_to_60_class2]: 首次达到收敛条件 @ epoch 182 (best_epoch=177, best_loss=0.000026, final_loss=0.010318)
      [extreme_source:61->target60] [Epoch 200/200] [loss_mse: 0.050028]
  收敛检测[few_shot:extreme_source_station61_to_60_class2]: 已收敛 @ epoch 182 (best_epoch=177, best_loss=0.000026, final_loss=0.050028)
  收敛检测[few_shot:few_shot]: 未收敛 (best_epoch=1, best_loss=0.105769, final_loss=0.105769)
  收敛检测[few_shot:few_shot]: 未收敛 (best_epoch=1, best_loss=0.071055, final_loss=0.071055)
    [screen:extreme_source] source_station=62 -> target_station=60, candidate=2, gated=2, effective=1
      [extreme_source:62->target60] [Epoch 1/200] [loss_mse: 0.019549]
      [extreme_source:62->target60] [Epoch 2/200] [loss_mse: 0.019556]
      [extreme_source:62->target60] [Epoch 3/200] [loss_mse: 0.017000]
      [extreme_source:62->target60] [Epoch 4/200] [loss_mse: 0.101589]
      [extreme_source:62->target60] [Epoch 5/200] [loss_mse: 0.030774]
      [extreme_source:62->target60] [Epoch 6/200] [loss_mse: 0.017593]
      [extreme_source:62->target60] [Epoch 7/200] [loss_mse: 0.103749]
  收敛检测[few_shot:extreme_source_station62_to_60_class2]: 首次达到收敛条件 @ epoch 8 (best_epoch=3, best_loss=0.017000, final_loss=0.031386)
      [extreme_source:62->target60] [Epoch 8/200] [loss_mse: 0.031386]
      [extreme_source:62->target60] [Epoch 9/200] [loss_mse: 0.077985]
      [extreme_source:62->target60] [Epoch 10/200] [loss_mse: 0.024149]
  收敛检测[few_shot:extreme_source_station62_to_60_class2]: 首次达到收敛条件 @ epoch 17 (best_epoch=12, best_loss=0.008658, final_loss=0.017765)
      [extreme_source:62->target60] [Epoch 20/200] [loss_mse: 0.100066]
  收敛检测[few_shot:extreme_source_station62_to_60_class2]: 首次达到收敛条件 @ epoch 36 (best_epoch=31, best_loss=0.002811, final_loss=0.017506)
      [extreme_source:62->target60] [Epoch 40/200] [loss_mse: 0.005683]
  收敛检测[few_shot:extreme_source_station62_to_60_class2]: 首次达到收敛条件 @ epoch 53 (best_epoch=48, best_loss=0.000434, final_loss=0.007943)
      [extreme_source:62->target60] [Epoch 60/200] [loss_mse: 0.037116]
      [extreme_source:62->target60] [Epoch 80/200] [loss_mse: 0.005422]
      [extreme_source:62->target60] [Epoch 100/200] [loss_mse: 0.087383]
      [extreme_source:62->target60] [Epoch 120/200] [loss_mse: 0.020950]
      [extreme_source:62->target60] [Epoch 140/200] [loss_mse: 0.023734]
      [extreme_source:62->target60] [Epoch 160/200] [loss_mse: 0.051661]
      [extreme_source:62->target60] [Epoch 180/200] [loss_mse: 0.015778]
      [extreme_source:62->target60] [Epoch 200/200] [loss_mse: 0.083918]
  收敛检测[few_shot:extreme_source_station62_to_60_class2]: 已收敛 @ epoch 53 (best_epoch=48, best_loss=0.000434, final_loss=0.083918)
  收敛检测[few_shot:few_shot]: 未收敛 (best_epoch=1, best_loss=0.164646, final_loss=0.164646)
    [screen:extreme_source] source_station=63 -> target_station=60, candidate=1, gated=1, effective=1
      [extreme_source:63->target60] [Epoch 1/200] [loss_mse: 0.050764]
      [extreme_source:63->target60] [Epoch 2/200] [loss_mse: 0.067362]
      [extreme_source:63->target60] [Epoch 3/200] [loss_mse: 0.065389]
      [extreme_source:63->target60] [Epoch 4/200] [loss_mse: 0.049183]
      [extreme_source:63->target60] [Epoch 5/200] [loss_mse: 0.041086]
      [extreme_source:63->target60] [Epoch 6/200] [loss_mse: 0.076793]
      [extreme_source:63->target60] [Epoch 7/200] [loss_mse: 0.053991]
      [extreme_source:63->target60] [Epoch 8/200] [loss_mse: 0.043039]
      [extreme_source:63->target60] [Epoch 9/200] [loss_mse: 0.031561]
      [extreme_source:63->target60] [Epoch 10/200] [loss_mse: 0.065208]
      [extreme_source:63->target60] [Epoch 20/200] [loss_mse: 0.019683]
  收敛检测[few_shot:extreme_source_station63_to_60_class2]: 首次达到收敛条件 @ epoch 35 (best_epoch=30, best_loss=0.003053, final_loss=0.005498)
      [extreme_source:63->target60] [Epoch 40/200] [loss_mse: 0.006994]
  收敛检测[few_shot:extreme_source_station63_to_60_class2]: 首次达到收敛条件 @ epoch 42 (best_epoch=37, best_loss=0.001767, final_loss=0.009969)
  收敛检测[few_shot:extreme_source_station63_to_60_class2]: 首次达到收敛条件 @ epoch 52 (best_epoch=47, best_loss=0.001373, final_loss=0.003047)
  收敛检测[few_shot:extreme_source_station63_to_60_class2]: 首次达到收敛条件 @ epoch 59 (best_epoch=54, best_loss=0.000877, final_loss=0.001084)
      [extreme_source:63->target60] [Epoch 60/200] [loss_mse: 0.013645]
      [extreme_source:63->target60] [Epoch 80/200] [loss_mse: 0.003347]
  收敛检测[few_shot:extreme_source_station63_to_60_class2]: 首次达到收敛条件 @ epoch 83 (best_epoch=78, best_loss=0.000111, final_loss=0.000329)
      [extreme_source:63->target60] [Epoch 100/200] [loss_mse: 0.007739]
      [extreme_source:63->target60] [Epoch 120/200] [loss_mse: 0.030660]
      [extreme_source:63->target60] [Epoch 140/200] [loss_mse: 0.043091]
      [extreme_source:63->target60] [Epoch 160/200] [loss_mse: 0.006557]
      [extreme_source:63->target60] [Epoch 180/200] [loss_mse: 0.005534]
      [extreme_source:63->target60] [Epoch 200/200] [loss_mse: 0.012405]
  收敛检测[few_shot:extreme_source_station63_to_60_class2]: 已收敛 @ epoch 83 (best_epoch=78, best_loss=0.000111, final_loss=0.012405)
      [Extreme-FedAvg:target_refine] [Epoch 1/200] [loss_mse: 0.019057]
      [Extreme-FedAvg:target_refine] [Epoch 2/200] [loss_mse: 0.041169]
      [Extreme-FedAvg:target_refine] [Epoch 3/200] [loss_mse: 0.016348]
      [Extreme-FedAvg:target_refine] [Epoch 4/200] [loss_mse: 0.008749]
      [Extreme-FedAvg:target_refine] [Epoch 5/200] [loss_mse: 0.002347]
      [Extreme-FedAvg:target_refine] [Epoch 6/200] [loss_mse: 0.003618]
      [Extreme-FedAvg:target_refine] [Epoch 7/200] [loss_mse: 0.042337]
      [Extreme-FedAvg:target_refine] [Epoch 8/200] [loss_mse: 0.059602]
      [Extreme-FedAvg:target_refine] [Epoch 9/200] [loss_mse: 0.000478]
      [Extreme-FedAvg:target_refine] [Epoch 10/200] [loss_mse: 0.002929]
  收敛检测[few_shot:extreme_fedavg_station60_class2]: 首次达到收敛条件 @ epoch 17 (best_epoch=12, best_loss=0.000179, final_loss=0.004985)
      [Extreme-FedAvg:target_refine] [Epoch 20/200] [loss_mse: 0.009200]
      [Extreme-FedAvg:target_refine] [Epoch 40/200] [loss_mse: 0.003972]
      [Extreme-FedAvg:target_refine] [Epoch 60/200] [loss_mse: 0.008092]
      [Extreme-FedAvg:target_refine] [Epoch 80/200] [loss_mse: 0.010781]
      [Extreme-FedAvg:target_refine] [Epoch 100/200] [loss_mse: 0.006085]
  收敛检测[few_shot:extreme_fedavg_station60_class2]: 首次达到收敛条件 @ epoch 119 (best_epoch=114, best_loss=0.000017, final_loss=0.003093)
      [Extreme-FedAvg:target_refine] [Epoch 120/200] [loss_mse: 0.021070]
      [Extreme-FedAvg:target_refine] [Epoch 140/200] [loss_mse: 0.000338]
      [Extreme-FedAvg:target_refine] [Epoch 160/200] [loss_mse: 0.000149]
      [Extreme-FedAvg:target_refine] [Epoch 180/200] [loss_mse: 0.016293]
      [Extreme-FedAvg:target_refine] [Epoch 200/200] [loss_mse: 0.001065]
  收敛检测[few_shot:extreme_fedavg_station60_class2]: 已收敛 @ epoch 119 (best_epoch=114, best_loss=0.000017, final_loss=0.001065)
    ✓ 保存(Extreme-FedAvg): artifacts/2h6p_six_station/fed-normal-meta-5k/models/model_fore_station60_extreme2_extreme_fedavg.pth weights={'60': 0.16666666666666666, '58': 0.16666666666666666, '59': 0.16666666666666666, '61': 0.16666666666666666, '62': 0.16666666666666666, '63': 0.16666666666666666}
      [Proposed-A:self_update] [Epoch 1/200] [loss_mse: 0.054500]
      [Proposed-A:self_update] [Epoch 2/200] [loss_mse: 0.049106]
      [Proposed-A:self_update] [Epoch 3/200] [loss_mse: 0.054993]
      [Proposed-A:self_update] [Epoch 4/200] [loss_mse: 0.050370]
      [Proposed-A:self_update] [Epoch 5/200] [loss_mse: 0.039694]
      [Proposed-A:self_update] [Epoch 6/200] [loss_mse: 0.106086]
      [Proposed-A:self_update] [Epoch 7/200] [loss_mse: 0.031846]
      [Proposed-A:self_update] [Epoch 8/200] [loss_mse: 0.022534]
      [Proposed-A:self_update] [Epoch 9/200] [loss_mse: 0.039410]
      [Proposed-A:self_update] [Epoch 10/200] [loss_mse: 0.035701]
      [Proposed-A:self_update] [Epoch 20/200] [loss_mse: 0.005913]
  收敛检测[few_shot:proposed_self_station60_class2]: 首次达到收敛条件 @ epoch 24 (best_epoch=19, best_loss=0.001116, final_loss=0.009192)
      [Proposed-A:self_update] [Epoch 40/200] [loss_mse: 0.002886]
  收敛检测[few_shot:proposed_self_station60_class2]: 首次达到收敛条件 @ epoch 51 (best_epoch=46, best_loss=0.000298, final_loss=0.072288)
      [Proposed-A:self_update] [Epoch 60/200] [loss_mse: 0.000449]
      [Proposed-A:self_update] [Epoch 80/200] [loss_mse: 0.002942]
  收敛检测[few_shot:proposed_self_station60_class2]: 首次达到收敛条件 @ epoch 82 (best_epoch=77, best_loss=0.000018, final_loss=0.006099)
      [Proposed-A:self_update] [Epoch 100/200] [loss_mse: 0.006352]
      [Proposed-A:self_update] [Epoch 120/200] [loss_mse: 0.001974]
      [Proposed-A:self_update] [Epoch 140/200] [loss_mse: 0.002364]
      [Proposed-A:self_update] [Epoch 160/200] [loss_mse: 0.001227]
      [Proposed-A:self_update] [Epoch 180/200] [loss_mse: 0.012989]
      [Proposed-A:self_update] [Epoch 200/200] [loss_mse: 0.048549]
  收敛检测[few_shot:proposed_self_station60_class2]: 已收敛 @ epoch 82 (best_epoch=77, best_loss=0.000018, final_loss=0.048549)
  收敛检测[few_shot:few_shot]: 未收敛 (best_epoch=1, best_loss=0.166015, final_loss=0.166015)
    [screen:proposed_source] source_station=58 -> target_station=60, candidate=1, gated=1, effective=1
      [proposed_source:58->target60] [Epoch 1/200] [loss_mse: 0.030234]
      [proposed_source:58->target60] [Epoch 2/200] [loss_mse: 0.020625]
      [proposed_source:58->target60] [Epoch 3/200] [loss_mse: 0.008528]
      [proposed_source:58->target60] [Epoch 4/200] [loss_mse: 0.040213]
      [proposed_source:58->target60] [Epoch 5/200] [loss_mse: 0.015289]
      [proposed_source:58->target60] [Epoch 6/200] [loss_mse: 0.007867]
      [proposed_source:58->target60] [Epoch 7/200] [loss_mse: 0.002881]
      [proposed_source:58->target60] [Epoch 8/200] [loss_mse: 0.010244]
      [proposed_source:58->target60] [Epoch 9/200] [loss_mse: 0.002920]
      [proposed_source:58->target60] [Epoch 10/200] [loss_mse: 0.008646]
  收敛检测[few_shot:proposed_source_station58_to_60_class2]: 首次达到收敛条件 @ epoch 12 (best_epoch=7, best_loss=0.002881, final_loss=0.003601)
  收敛检测[few_shot:proposed_source_station58_to_60_class2]: 首次达到收敛条件 @ epoch 18 (best_epoch=13, best_loss=0.000268, final_loss=0.027177)
      [proposed_source:58->target60] [Epoch 20/200] [loss_mse: 0.003273]
      [proposed_source:58->target60] [Epoch 40/200] [loss_mse: 0.003320]
  收敛检测[few_shot:proposed_source_station58_to_60_class2]: 首次达到收敛条件 @ epoch 54 (best_epoch=49, best_loss=0.000142, final_loss=0.000243)
      [proposed_source:58->target60] [Epoch 60/200] [loss_mse: 0.002341]
      [proposed_source:58->target60] [Epoch 80/200] [loss_mse: 0.000860]
      [proposed_source:58->target60] [Epoch 100/200] [loss_mse: 0.011349]
      [proposed_source:58->target60] [Epoch 120/200] [loss_mse: 0.005120]
      [proposed_source:58->target60] [Epoch 140/200] [loss_mse: 0.000765]
      [proposed_source:58->target60] [Epoch 160/200] [loss_mse: 0.001591]
      [proposed_source:58->target60] [Epoch 180/200] [loss_mse: 0.006516]
      [proposed_source:58->target60] [Epoch 200/200] [loss_mse: 0.002220]
  收敛检测[few_shot:proposed_source_station58_to_60_class2]: 已收敛 @ epoch 54 (best_epoch=49, best_loss=0.000142, final_loss=0.002220)
  收敛检测[few_shot:few_shot]: 未收敛 (best_epoch=1, best_loss=0.135569, final_loss=0.135569)
  收敛检测[few_shot:few_shot]: 未收敛 (best_epoch=1, best_loss=0.107642, final_loss=0.107642)
    [screen:proposed_source] source_station=59 -> target_station=60, candidate=2, gated=2, effective=1
      [proposed_source:59->target60] [Epoch 1/200] [loss_mse: 0.145111]
      [proposed_source:59->target60] [Epoch 2/200] [loss_mse: 0.134615]
      [proposed_source:59->target60] [Epoch 3/200] [loss_mse: 0.155295]
      [proposed_source:59->target60] [Epoch 4/200] [loss_mse: 0.124409]
      [proposed_source:59->target60] [Epoch 5/200] [loss_mse: 0.117455]
      [proposed_source:59->target60] [Epoch 6/200] [loss_mse: 0.100778]
      [proposed_source:59->target60] [Epoch 7/200] [loss_mse: 0.104041]
      [proposed_source:59->target60] [Epoch 8/200] [loss_mse: 0.113326]
      [proposed_source:59->target60] [Epoch 9/200] [loss_mse: 0.081492]
      [proposed_source:59->target60] [Epoch 10/200] [loss_mse: 0.091080]
  收敛检测[few_shot:proposed_source_station59_to_60_class2]: 首次达到收敛条件 @ epoch 18 (best_epoch=13, best_loss=0.077117, final_loss=0.077087)
      [proposed_source:59->target60] [Epoch 20/200] [loss_mse: 0.086380]
  收敛检测[few_shot:proposed_source_station59_to_60_class2]: 首次达到收敛条件 @ epoch 35 (best_epoch=30, best_loss=0.037222, final_loss=0.049442)
      [proposed_source:59->target60] [Epoch 40/200] [loss_mse: 0.060479]
  收敛检测[few_shot:proposed_source_station59_to_60_class2]: 首次达到收敛条件 @ epoch 46 (best_epoch=41, best_loss=0.021220, final_loss=0.069011)
  收敛检测[few_shot:proposed_source_station59_to_60_class2]: 首次达到收敛条件 @ epoch 54 (best_epoch=49, best_loss=0.021014, final_loss=0.023458)
  收敛检测[few_shot:proposed_source_station59_to_60_class2]: 首次达到收敛条件 @ epoch 60 (best_epoch=55, best_loss=0.010565, final_loss=0.085436)
      [proposed_source:59->target60] [Epoch 60/200] [loss_mse: 0.085436]
      [proposed_source:59->target60] [Epoch 80/200] [loss_mse: 0.046897]
      [proposed_source:59->target60] [Epoch 100/200] [loss_mse: 0.018709]
  收敛检测[few_shot:proposed_source_station59_to_60_class2]: 首次达到收敛条件 @ epoch 118 (best_epoch=113, best_loss=0.008508, final_loss=0.043994)
      [proposed_source:59->target60] [Epoch 120/200] [loss_mse: 0.028520]
      [proposed_source:59->target60] [Epoch 140/200] [loss_mse: 0.033127]
  收敛检测[few_shot:proposed_source_station59_to_60_class2]: 首次达到收敛条件 @ epoch 147 (best_epoch=142, best_loss=0.004167, final_loss=0.016803)
      [proposed_source:59->target60] [Epoch 160/200] [loss_mse: 0.049434]
      [proposed_source:59->target60] [Epoch 180/200] [loss_mse: 0.034778]
      [proposed_source:59->target60] [Epoch 200/200] [loss_mse: 0.024161]
  收敛检测[few_shot:proposed_source_station59_to_60_class2]: 已收敛 @ epoch 147 (best_epoch=142, best_loss=0.004167, final_loss=0.024161)
  收敛检测[few_shot:few_shot]: 未收敛 (best_epoch=1, best_loss=0.078557, final_loss=0.078557)
  收敛检测[few_shot:few_shot]: 未收敛 (best_epoch=1, best_loss=0.229526, final_loss=0.229526)
    [screen:proposed_source] source_station=61 -> target_station=60, candidate=2, gated=2, effective=1
      [proposed_source:61->target60] [Epoch 1/200] [loss_mse: 0.276746]
      [proposed_source:61->target60] [Epoch 2/200] [loss_mse: 0.197931]
      [proposed_source:61->target60] [Epoch 3/200] [loss_mse: 0.209705]
      [proposed_source:61->target60] [Epoch 4/200] [loss_mse: 0.198210]
      [proposed_source:61->target60] [Epoch 5/200] [loss_mse: 0.172470]
      [proposed_source:61->target60] [Epoch 6/200] [loss_mse: 0.172322]
      [proposed_source:61->target60] [Epoch 7/200] [loss_mse: 0.202142]
      [proposed_source:61->target60] [Epoch 8/200] [loss_mse: 0.176406]
      [proposed_source:61->target60] [Epoch 9/200] [loss_mse: 0.152841]
      [proposed_source:61->target60] [Epoch 10/200] [loss_mse: 0.136373]
      [proposed_source:61->target60] [Epoch 20/200] [loss_mse: 0.095150]
  收敛检测[few_shot:proposed_source_station61_to_60_class2]: 首次达到收敛条件 @ epoch 23 (best_epoch=18, best_loss=0.080102, final_loss=0.094244)
      [proposed_source:61->target60] [Epoch 40/200] [loss_mse: 0.022794]
  收敛检测[few_shot:proposed_source_station61_to_60_class2]: 首次达到收敛条件 @ epoch 51 (best_epoch=46, best_loss=0.017940, final_loss=0.044696)
      [proposed_source:61->target60] [Epoch 60/200] [loss_mse: 0.003429]
  收敛检测[few_shot:proposed_source_station61_to_60_class2]: 首次达到收敛条件 @ epoch 65 (best_epoch=60, best_loss=0.003429, final_loss=0.030990)
  收敛检测[few_shot:proposed_source_station61_to_60_class2]: 首次达到收敛条件 @ epoch 78 (best_epoch=73, best_loss=0.001966, final_loss=0.017785)
      [proposed_source:61->target60] [Epoch 80/200] [loss_mse: 0.002567]
      [proposed_source:61->target60] [Epoch 100/200] [loss_mse: 0.007754]
  收敛检测[few_shot:proposed_source_station61_to_60_class2]: 首次达到收敛条件 @ epoch 101 (best_epoch=96, best_loss=0.000242, final_loss=0.016927)
      [proposed_source:61->target60] [Epoch 120/200] [loss_mse: 0.003520]
  收敛检测[few_shot:proposed_source_station61_to_60_class2]: 首次达到收敛条件 @ epoch 133 (best_epoch=128, best_loss=0.000013, final_loss=0.013800)
      [proposed_source:61->target60] [Epoch 140/200] [loss_mse: 0.019587]
      [proposed_source:61->target60] [Epoch 160/200] [loss_mse: 0.045861]
      [proposed_source:61->target60] [Epoch 180/200] [loss_mse: 0.042754]
      [proposed_source:61->target60] [Epoch 200/200] [loss_mse: 0.077959]
  收敛检测[few_shot:proposed_source_station61_to_60_class2]: 已收敛 @ epoch 133 (best_epoch=128, best_loss=0.000013, final_loss=0.077959)
  收敛检测[few_shot:few_shot]: 未收敛 (best_epoch=1, best_loss=0.107232, final_loss=0.107232)
  收敛检测[few_shot:few_shot]: 未收敛 (best_epoch=1, best_loss=0.093083, final_loss=0.093083)
    [screen:proposed_source] source_station=62 -> target_station=60, candidate=2, gated=2, effective=1
      [proposed_source:62->target60] [Epoch 1/200] [loss_mse: 0.012962]
      [proposed_source:62->target60] [Epoch 2/200] [loss_mse: 0.029706]
      [proposed_source:62->target60] [Epoch 3/200] [loss_mse: 0.007696]
      [proposed_source:62->target60] [Epoch 4/200] [loss_mse: 0.012555]
      [proposed_source:62->target60] [Epoch 5/200] [loss_mse: 0.002010]
      [proposed_source:62->target60] [Epoch 6/200] [loss_mse: 0.017019]
      [proposed_source:62->target60] [Epoch 7/200] [loss_mse: 0.003811]
      [proposed_source:62->target60] [Epoch 8/200] [loss_mse: 0.071548]
      [proposed_source:62->target60] [Epoch 9/200] [loss_mse: 0.006649]
  收敛检测[few_shot:proposed_source_station62_to_60_class2]: 首次达到收敛条件 @ epoch 10 (best_epoch=5, best_loss=0.002010, final_loss=0.013513)
      [proposed_source:62->target60] [Epoch 10/200] [loss_mse: 0.013513]
      [proposed_source:62->target60] [Epoch 20/200] [loss_mse: 0.013672]
  收敛检测[few_shot:proposed_source_station62_to_60_class2]: 首次达到收敛条件 @ epoch 27 (best_epoch=22, best_loss=0.000974, final_loss=0.129902)
      [proposed_source:62->target60] [Epoch 40/200] [loss_mse: 0.001800]
      [proposed_source:62->target60] [Epoch 60/200] [loss_mse: 0.007499]
      [proposed_source:62->target60] [Epoch 80/200] [loss_mse: 0.007340]
  收敛检测[few_shot:proposed_source_station62_to_60_class2]: 首次达到收敛条件 @ epoch 90 (best_epoch=85, best_loss=0.000255, final_loss=0.054381)
      [proposed_source:62->target60] [Epoch 100/200] [loss_mse: 0.006460]
      [proposed_source:62->target60] [Epoch 120/200] [loss_mse: 0.001559]
      [proposed_source:62->target60] [Epoch 140/200] [loss_mse: 0.007227]
      [proposed_source:62->target60] [Epoch 160/200] [loss_mse: 0.003124]
      [proposed_source:62->target60] [Epoch 180/200] [loss_mse: 0.002554]
      [proposed_source:62->target60] [Epoch 200/200] [loss_mse: 0.001118]
  收敛检测[few_shot:proposed_source_station62_to_60_class2]: 已收敛 @ epoch 90 (best_epoch=85, best_loss=0.000255, final_loss=0.001118)
  收敛检测[few_shot:few_shot]: 未收敛 (best_epoch=1, best_loss=0.141993, final_loss=0.141993)
    [screen:proposed_source] source_station=63 -> target_station=60, candidate=1, gated=1, effective=1
      [proposed_source:63->target60] [Epoch 1/200] [loss_mse: 0.112781]
      [proposed_source:63->target60] [Epoch 2/200] [loss_mse: 0.035126]
      [proposed_source:63->target60] [Epoch 3/200] [loss_mse: 0.056698]
      [proposed_source:63->target60] [Epoch 4/200] [loss_mse: 0.037579]
      [proposed_source:63->target60] [Epoch 5/200] [loss_mse: 0.061126]
      [proposed_source:63->target60] [Epoch 6/200] [loss_mse: 0.019396]
      [proposed_source:63->target60] [Epoch 7/200] [loss_mse: 0.017176]
      [proposed_source:63->target60] [Epoch 8/200] [loss_mse: 0.027037]
      [proposed_source:63->target60] [Epoch 9/200] [loss_mse: 0.045001]
      [proposed_source:63->target60] [Epoch 10/200] [loss_mse: 0.053322]
  收敛检测[few_shot:proposed_source_station63_to_60_class2]: 首次达到收敛条件 @ epoch 12 (best_epoch=7, best_loss=0.017176, final_loss=0.019891)
      [proposed_source:63->target60] [Epoch 20/200] [loss_mse: 0.008280]
  收敛检测[few_shot:proposed_source_station63_to_60_class2]: 首次达到收敛条件 @ epoch 31 (best_epoch=26, best_loss=0.000275, final_loss=0.019958)
      [proposed_source:63->target60] [Epoch 40/200] [loss_mse: 0.002634]
  收敛检测[few_shot:proposed_source_station63_to_60_class2]: 首次达到收敛条件 @ epoch 50 (best_epoch=45, best_loss=0.000092, final_loss=0.000865)
      [proposed_source:63->target60] [Epoch 60/200] [loss_mse: 0.004117]
      [proposed_source:63->target60] [Epoch 80/200] [loss_mse: 0.023960]
      [proposed_source:63->target60] [Epoch 100/200] [loss_mse: 0.015321]
      [proposed_source:63->target60] [Epoch 120/200] [loss_mse: 0.013676]
      [proposed_source:63->target60] [Epoch 140/200] [loss_mse: 0.003713]
      [proposed_source:63->target60] [Epoch 160/200] [loss_mse: 0.013228]
      [proposed_source:63->target60] [Epoch 180/200] [loss_mse: 0.002816]
      [proposed_source:63->target60] [Epoch 200/200] [loss_mse: 0.036079]
  收敛检测[few_shot:proposed_source_station63_to_60_class2]: 已收敛 @ epoch 50 (best_epoch=45, best_loss=0.000092, final_loss=0.036079)
      [Proposed-A:target_refine] [Epoch 1/200] [loss_mse: 0.005643]
      [Proposed-A:target_refine] [Epoch 2/200] [loss_mse: 0.034444]
      [Proposed-A:target_refine] [Epoch 3/200] [loss_mse: 0.000968]
      [Proposed-A:target_refine] [Epoch 4/200] [loss_mse: 0.000054]
      [Proposed-A:target_refine] [Epoch 5/200] [loss_mse: 0.038466]
      [Proposed-A:target_refine] [Epoch 6/200] [loss_mse: 0.001566]
      [Proposed-A:target_refine] [Epoch 7/200] [loss_mse: 0.007329]
      [Proposed-A:target_refine] [Epoch 8/200] [loss_mse: 0.028583]
  收敛检测[few_shot:proposed_a_station60_class2]: 首次达到收敛条件 @ epoch 9 (best_epoch=4, best_loss=0.000054, final_loss=0.001131)
      [Proposed-A:target_refine] [Epoch 9/200] [loss_mse: 0.001131]
      [Proposed-A:target_refine] [Epoch 10/200] [loss_mse: 0.000425]
      [Proposed-A:target_refine] [Epoch 20/200] [loss_mse: 0.004821]
      [Proposed-A:target_refine] [Epoch 40/200] [loss_mse: 0.000135]
      [Proposed-A:target_refine] [Epoch 60/200] [loss_mse: 0.001429]
      [Proposed-A:target_refine] [Epoch 80/200] [loss_mse: 0.000573]
      [Proposed-A:target_refine] [Epoch 100/200] [loss_mse: 0.006036]
      [Proposed-A:target_refine] [Epoch 120/200] [loss_mse: 0.000574]
      [Proposed-A:target_refine] [Epoch 140/200] [loss_mse: 0.063420]
      [Proposed-A:target_refine] [Epoch 160/200] [loss_mse: 0.000170]
      [Proposed-A:target_refine] [Epoch 180/200] [loss_mse: 0.002286]
      [Proposed-A:target_refine] [Epoch 200/200] [loss_mse: 0.062499]
  收敛检测[few_shot:proposed_a_station60_class2]: 已收敛 @ epoch 9 (best_epoch=4, best_loss=0.000054, final_loss=0.062499)
    ✓ 保存(Proposed-A): artifacts/2h6p_six_station/fed-normal-meta-5k/models/model_fore_station60_extreme2_proposed_a.pth weights={'60': 0.5, '58': 0.06708399477374254, '59': 0.1082556529103135, '61': 0.11985083714789864, '62': 0.09009951198742196, '63': 0.11471000318062337}

  极端天气类别 4:
    样本数: 28
    训练轮数: 200, few-shot loss=MSE
    adapt/val: 21 / 7
      [LMT] [Epoch 1/200] [loss_mse: 0.129273]
      [LMT] [Epoch 2/200] [loss_mse: 0.122785]
      [LMT] [Epoch 3/200] [loss_mse: 0.120564]
      [LMT] [Epoch 4/200] [loss_mse: 0.114003]
      [LMT] [Epoch 5/200] [loss_mse: 0.114977]
      [LMT] [Epoch 6/200] [loss_mse: 0.107776]
      [LMT] [Epoch 7/200] [loss_mse: 0.106871]
      [LMT] [Epoch 8/200] [loss_mse: 0.099944]
      [LMT] [Epoch 9/200] [loss_mse: 0.105114]
      [LMT] [Epoch 10/200] [loss_mse: 0.097504]
      [LMT] [Epoch 20/200] [loss_mse: 0.072877]
      [LMT] [Epoch 40/200] [loss_mse: 0.058451]
  收敛检测[few_shot:lmt_station60_class3]: 首次达到收敛条件 @ epoch 46 (best_epoch=41, best_loss=0.056893, final_loss=0.057939)
      [LMT] [Epoch 60/200] [loss_mse: 0.054625]
  收敛检测[few_shot:lmt_station60_class3]: 首次达到收敛条件 @ epoch 67 (best_epoch=62, best_loss=0.054118, final_loss=0.055540)
      [LMT] [Epoch 80/200] [loss_mse: 0.054721]
  收敛检测[few_shot:lmt_station60_class3]: 首次达到收敛条件 @ epoch 86 (best_epoch=81, best_loss=0.053843, final_loss=0.054857)
      [LMT] [Epoch 100/200] [loss_mse: 0.056610]
      [LMT] [Epoch 120/200] [loss_mse: 0.057553]
  收敛检测[few_shot:lmt_station60_class3]: 首次达到收敛条件 @ epoch 137 (best_epoch=132, best_loss=0.053134, final_loss=0.056505)
      [LMT] [Epoch 140/200] [loss_mse: 0.053467]
      [LMT] [Epoch 160/200] [loss_mse: 0.053959]
      [LMT] [Epoch 180/200] [loss_mse: 0.055187]
  收敛检测[few_shot:lmt_station60_class3]: 首次达到收敛条件 @ epoch 188 (best_epoch=183, best_loss=0.053013, final_loss=0.053676)
      [LMT] [Epoch 200/200] [loss_mse: 0.054219]
  收敛检测[few_shot:lmt_station60_class3]: 已收敛 @ epoch 188 (best_epoch=183, best_loss=0.053013, final_loss=0.054219)
    ✓ 保存(LMT): artifacts/2h6p_six_station/fed-normal-meta-5k/models/model_fore_station60_extreme3.pth
  收敛检测[few_shot:few_shot]: 未收敛 (best_epoch=1, best_loss=0.180195, final_loss=0.180195)
  收敛检测[few_shot:few_shot]: 未收敛 (best_epoch=1, best_loss=0.179973, final_loss=0.179973)
  收敛检测[few_shot:few_shot]: 未收敛 (best_epoch=1, best_loss=0.183198, final_loss=0.183198)
  收敛检测[few_shot:few_shot]: 未收敛 (best_epoch=1, best_loss=0.160703, final_loss=0.160703)
  收敛检测[few_shot:few_shot]: 未收敛 (best_epoch=1, best_loss=0.205133, final_loss=0.205133)
  收敛检测[few_shot:few_shot]: 未收敛 (best_epoch=1, best_loss=0.172241, final_loss=0.172241)
  收敛检测[few_shot:few_shot]: 未收敛 (best_epoch=1, best_loss=0.188351, final_loss=0.188351)
  收敛检测[few_shot:few_shot]: 未收敛 (best_epoch=1, best_loss=0.178609, final_loss=0.178609)
  收敛检测[few_shot:few_shot]: 未收敛 (best_epoch=1, best_loss=0.135297, final_loss=0.135297)
  收敛检测[few_shot:few_shot]: 未收敛 (best_epoch=1, best_loss=0.207258, final_loss=0.207258)
  收敛检测[few_shot:few_shot]: 未收敛 (best_epoch=1, best_loss=0.188064, final_loss=0.188064)
  收敛检测[few_shot:few_shot]: 未收敛 (best_epoch=1, best_loss=0.143542, final_loss=0.143542)
  收敛检测[few_shot:few_shot]: 未收敛 (best_epoch=1, best_loss=0.070390, final_loss=0.070390)
  收敛检测[few_shot:few_shot]: 未收敛 (best_epoch=1, best_loss=0.211284, final_loss=0.211284)
  收敛检测[few_shot:few_shot]: 未收敛 (best_epoch=1, best_loss=0.162612, final_loss=0.162612)
  收敛检测[few_shot:few_shot]: 未收敛 (best_epoch=1, best_loss=0.062497, final_loss=0.062497)
  收敛检测[few_shot:few_shot]: 未收敛 (best_epoch=1, best_loss=0.021757, final_loss=0.021757)
  收敛检测[few_shot:few_shot]: 未收敛 (best_epoch=1, best_loss=0.009061, final_loss=0.009061)
  收敛检测[few_shot:few_shot]: 未收敛 (best_epoch=1, best_loss=0.162387, final_loss=0.162387)
  收敛检测[few_shot:few_shot]: 未收敛 (best_epoch=1, best_loss=0.174395, final_loss=0.174395)
  收敛检测[few_shot:few_shot]: 未收敛 (best_epoch=1, best_loss=0.134253, final_loss=0.134253)
  收敛检测[few_shot:few_shot]: 未收敛 (best_epoch=1, best_loss=0.126111, final_loss=0.126111)
  收敛检测[few_shot:few_shot]: 未收敛 (best_epoch=1, best_loss=0.055506, final_loss=0.055506)
  收敛检测[few_shot:few_shot]: 未收敛 (best_epoch=1, best_loss=0.167157, final_loss=0.167157)
  收敛检测[few_shot:few_shot]: 未收敛 (best_epoch=1, best_loss=0.137541, final_loss=0.137541)
  收敛检测[few_shot:few_shot]: 未收敛 (best_epoch=1, best_loss=0.092395, final_loss=0.092395)
  收敛检测[few_shot:few_shot]: 未收敛 (best_epoch=1, best_loss=0.138905, final_loss=0.138905)
  收敛检测[few_shot:few_shot]: 未收敛 (best_epoch=1, best_loss=0.118879, final_loss=0.118879)
  收敛检测[few_shot:few_shot]: 未收敛 (best_epoch=1, best_loss=0.120418, final_loss=0.120418)
    [screen:extreme_source] source_station=58 -> target_station=60, candidate=36, gated=29, effective=28
      [extreme_source:58->target60] [Epoch 1/200] [loss_mse: 0.149131]
      [extreme_source:58->target60] [Epoch 2/200] [loss_mse: 0.140026]
      [extreme_source:58->target60] [Epoch 3/200] [loss_mse: 0.138494]
      [extreme_source:58->target60] [Epoch 4/200] [loss_mse: 0.127955]
      [extreme_source:58->target60] [Epoch 5/200] [loss_mse: 0.125277]
      [extreme_source:58->target60] [Epoch 6/200] [loss_mse: 0.124223]
      [extreme_source:58->target60] [Epoch 7/200] [loss_mse: 0.114302]
      [extreme_source:58->target60] [Epoch 8/200] [loss_mse: 0.109744]
      [extreme_source:58->target60] [Epoch 9/200] [loss_mse: 0.110057]
      [extreme_source:58->target60] [Epoch 10/200] [loss_mse: 0.105832]
      [extreme_source:58->target60] [Epoch 20/200] [loss_mse: 0.068009]
      [extreme_source:58->target60] [Epoch 40/200] [loss_mse: 0.032069]
      [extreme_source:58->target60] [Epoch 60/200] [loss_mse: 0.018328]
      [extreme_source:58->target60] [Epoch 80/200] [loss_mse: 0.015376]
  收敛检测[few_shot:extreme_source_station58_to_60_class3]: 首次达到收敛条件 @ epoch 98 (best_epoch=93, best_loss=0.014422, final_loss=0.014911)
      [extreme_source:58->target60] [Epoch 100/200] [loss_mse: 0.014861]
      [extreme_source:58->target60] [Epoch 120/200] [loss_mse: 0.015434]
      [extreme_source:58->target60] [Epoch 140/200] [loss_mse: 0.014987]
  收敛检测[few_shot:extreme_source_station58_to_60_class3]: 首次达到收敛条件 @ epoch 157 (best_epoch=152, best_loss=0.014156, final_loss=0.014533)
      [extreme_source:58->target60] [Epoch 160/200] [loss_mse: 0.014931]
      [extreme_source:58->target60] [Epoch 180/200] [loss_mse: 0.015201]
      [extreme_source:58->target60] [Epoch 200/200] [loss_mse: 0.014819]
  收敛检测[few_shot:extreme_source_station58_to_60_class3]: 已收敛 @ epoch 157 (best_epoch=152, best_loss=0.014156, final_loss=0.014819)
  收敛检测[few_shot:few_shot]: 未收敛 (best_epoch=1, best_loss=0.186102, final_loss=0.186102)
  收敛检测[few_shot:few_shot]: 未收敛 (best_epoch=1, best_loss=0.142639, final_loss=0.142639)
  收敛检测[few_shot:few_shot]: 未收敛 (best_epoch=1, best_loss=0.184913, final_loss=0.184913)
  收敛检测[few_shot:few_shot]: 未收敛 (best_epoch=1, best_loss=0.181435, final_loss=0.181435)
  收敛检测[few_shot:few_shot]: 未收敛 (best_epoch=1, best_loss=0.038487, final_loss=0.038487)
  收敛检测[few_shot:few_shot]: 未收敛 (best_epoch=1, best_loss=0.052555, final_loss=0.052555)
  收敛检测[few_shot:few_shot]: 未收敛 (best_epoch=1, best_loss=0.110952, final_loss=0.110952)
  收敛检测[few_shot:few_shot]: 未收敛 (best_epoch=1, best_loss=0.196902, final_loss=0.196902)
  收敛检测[few_shot:few_shot]: 未收敛 (best_epoch=1, best_loss=0.106109, final_loss=0.106109)
  收敛检测[few_shot:few_shot]: 未收敛 (best_epoch=1, best_loss=0.207648, final_loss=0.207648)
  收敛检测[few_shot:few_shot]: 未收敛 (best_epoch=1, best_loss=0.089637, final_loss=0.089637)
  收敛检测[few_shot:few_shot]: 未收敛 (best_epoch=1, best_loss=0.090744, final_loss=0.090744)
  收敛检测[few_shot:few_shot]: 未收敛 (best_epoch=1, best_loss=0.050297, final_loss=0.050297)
  收敛检测[few_shot:few_shot]: 未收敛 (best_epoch=1, best_loss=0.045130, final_loss=0.045130)
  收敛检测[few_shot:few_shot]: 未收敛 (best_epoch=1, best_loss=0.113405, final_loss=0.113405)
  收敛检测[few_shot:few_shot]: 未收敛 (best_epoch=1, best_loss=0.053488, final_loss=0.053488)
    [screen:extreme_source] source_station=59 -> target_station=60, candidate=19, gated=16, effective=15
      [extreme_source:59->target60] [Epoch 1/200] [loss_mse: 0.143790]
      [extreme_source:59->target60] [Epoch 2/200] [loss_mse: 0.129074]
      [extreme_source:59->target60] [Epoch 3/200] [loss_mse: 0.123921]
      [extreme_source:59->target60] [Epoch 4/200] [loss_mse: 0.129775]
      [extreme_source:59->target60] [Epoch 5/200] [loss_mse: 0.119702]
      [extreme_source:59->target60] [Epoch 6/200] [loss_mse: 0.115629]
      [extreme_source:59->target60] [Epoch 7/200] [loss_mse: 0.109709]
      [extreme_source:59->target60] [Epoch 8/200] [loss_mse: 0.107224]
      [extreme_source:59->target60] [Epoch 9/200] [loss_mse: 0.097352]
      [extreme_source:59->target60] [Epoch 10/200] [loss_mse: 0.094602]
      [extreme_source:59->target60] [Epoch 20/200] [loss_mse: 0.065221]
      [extreme_source:59->target60] [Epoch 40/200] [loss_mse: 0.031059]
  收敛检测[few_shot:extreme_source_station59_to_60_class3]: 首次达到收敛条件 @ epoch 58 (best_epoch=53, best_loss=0.021387, final_loss=0.021821)
      [extreme_source:59->target60] [Epoch 60/200] [loss_mse: 0.021815]
  收敛检测[few_shot:extreme_source_station59_to_60_class3]: 首次达到收敛条件 @ epoch 68 (best_epoch=63, best_loss=0.018629, final_loss=0.019110)
  收敛检测[few_shot:extreme_source_station59_to_60_class3]: 首次达到收敛条件 @ epoch 80 (best_epoch=75, best_loss=0.017593, final_loss=0.018203)
      [extreme_source:59->target60] [Epoch 80/200] [loss_mse: 0.018203]
  收敛检测[few_shot:extreme_source_station59_to_60_class3]: 首次达到收敛条件 @ epoch 86 (best_epoch=81, best_loss=0.017442, final_loss=0.018265)
  收敛检测[few_shot:extreme_source_station59_to_60_class3]: 首次达到收敛条件 @ epoch 98 (best_epoch=93, best_loss=0.017095, final_loss=0.017975)
      [extreme_source:59->target60] [Epoch 100/200] [loss_mse: 0.018526]
      [extreme_source:59->target60] [Epoch 120/200] [loss_mse: 0.017417]
  收敛检测[few_shot:extreme_source_station59_to_60_class3]: 首次达到收敛条件 @ epoch 135 (best_epoch=130, best_loss=0.016827, final_loss=0.018349)
      [extreme_source:59->target60] [Epoch 140/200] [loss_mse: 0.017851]
      [extreme_source:59->target60] [Epoch 160/200] [loss_mse: 0.018646]
      [extreme_source:59->target60] [Epoch 180/200] [loss_mse: 0.017475]
  收敛检测[few_shot:extreme_source_station59_to_60_class3]: 首次达到收敛条件 @ epoch 199 (best_epoch=194, best_loss=0.016544, final_loss=0.016946)
      [extreme_source:59->target60] [Epoch 200/200] [loss_mse: 0.017210]
  收敛检测[few_shot:extreme_source_station59_to_60_class3]: 已收敛 @ epoch 199 (best_epoch=194, best_loss=0.016544, final_loss=0.017210)
  收敛检测[few_shot:few_shot]: 未收敛 (best_epoch=1, best_loss=0.145689, final_loss=0.145689)
  收敛检测[few_shot:few_shot]: 未收敛 (best_epoch=1, best_loss=0.193562, final_loss=0.193562)
  收敛检测[few_shot:few_shot]: 未收敛 (best_epoch=1, best_loss=0.148937, final_loss=0.148937)
  收敛检测[few_shot:few_shot]: 未收敛 (best_epoch=1, best_loss=0.168250, final_loss=0.168250)
  收敛检测[few_shot:few_shot]: 未收敛 (best_epoch=1, best_loss=0.166055, final_loss=0.166055)
  收敛检测[few_shot:few_shot]: 未收敛 (best_epoch=1, best_loss=0.200368, final_loss=0.200368)
  收敛检测[few_shot:few_shot]: 未收敛 (best_epoch=1, best_loss=0.150910, final_loss=0.150910)
  收敛检测[few_shot:few_shot]: 未收敛 (best_epoch=1, best_loss=0.136549, final_loss=0.136549)
  收敛检测[few_shot:few_shot]: 未收敛 (best_epoch=1, best_loss=0.157547, final_loss=0.157547)
  收敛检测[few_shot:few_shot]: 未收敛 (best_epoch=1, best_loss=0.183665, final_loss=0.183665)
  收敛检测[few_shot:few_shot]: 未收敛 (best_epoch=1, best_loss=0.157982, final_loss=0.157982)
  收敛检测[few_shot:few_shot]: 未收敛 (best_epoch=1, best_loss=0.043306, final_loss=0.043306)
  收敛检测[few_shot:few_shot]: 未收敛 (best_epoch=1, best_loss=0.191962, final_loss=0.191962)
  收敛检测[few_shot:few_shot]: 未收敛 (best_epoch=1, best_loss=0.150029, final_loss=0.150029)
  收敛检测[few_shot:few_shot]: 未收敛 (best_epoch=1, best_loss=0.034178, final_loss=0.034178)
  收敛检测[few_shot:few_shot]: 未收敛 (best_epoch=1, best_loss=0.018845, final_loss=0.018845)
  收敛检测[few_shot:few_shot]: 未收敛 (best_epoch=1, best_loss=0.014799, final_loss=0.014799)
  收敛检测[few_shot:few_shot]: 未收敛 (best_epoch=1, best_loss=0.172343, final_loss=0.172343)
  收敛检测[few_shot:few_shot]: 未收敛 (best_epoch=1, best_loss=0.159982, final_loss=0.159982)
  收敛检测[few_shot:few_shot]: 未收敛 (best_epoch=1, best_loss=0.146111, final_loss=0.146111)
  收敛检测[few_shot:few_shot]: 未收敛 (best_epoch=1, best_loss=0.067051, final_loss=0.067051)
  收敛检测[few_shot:few_shot]: 未收敛 (best_epoch=1, best_loss=0.049985, final_loss=0.049985)
  收敛检测[few_shot:few_shot]: 未收敛 (best_epoch=1, best_loss=0.101491, final_loss=0.101491)
  收敛检测[few_shot:few_shot]: 未收敛 (best_epoch=1, best_loss=0.115509, final_loss=0.115509)
  收敛检测[few_shot:few_shot]: 未收敛 (best_epoch=1, best_loss=0.098610, final_loss=0.098610)
  收敛检测[few_shot:few_shot]: 未收敛 (best_epoch=1, best_loss=0.124241, final_loss=0.124241)
  收敛检测[few_shot:few_shot]: 未收敛 (best_epoch=1, best_loss=0.123907, final_loss=0.123907)
  收敛检测[few_shot:few_shot]: 未收敛 (best_epoch=1, best_loss=0.134709, final_loss=0.134709)
  收敛检测[few_shot:few_shot]: 未收敛 (best_epoch=1, best_loss=0.127510, final_loss=0.127510)
  收敛检测[few_shot:few_shot]: 未收敛 (best_epoch=1, best_loss=0.123622, final_loss=0.123622)
    [screen:extreme_source] source_station=61 -> target_station=60, candidate=37, gated=30, effective=28
      [extreme_source:61->target60] [Epoch 1/200] [loss_mse: 0.142874]
      [extreme_source:61->target60] [Epoch 2/200] [loss_mse: 0.136975]
      [extreme_source:61->target60] [Epoch 3/200] [loss_mse: 0.139793]
      [extreme_source:61->target60] [Epoch 4/200] [loss_mse: 0.129955]
      [extreme_source:61->target60] [Epoch 5/200] [loss_mse: 0.117613]
      [extreme_source:61->target60] [Epoch 6/200] [loss_mse: 0.117599]
      [extreme_source:61->target60] [Epoch 7/200] [loss_mse: 0.116501]
      [extreme_source:61->target60] [Epoch 8/200] [loss_mse: 0.112440]
      [extreme_source:61->target60] [Epoch 9/200] [loss_mse: 0.106362]
      [extreme_source:61->target60] [Epoch 10/200] [loss_mse: 0.098871]
      [extreme_source:61->target60] [Epoch 20/200] [loss_mse: 0.064455]
      [extreme_source:61->target60] [Epoch 40/200] [loss_mse: 0.033652]
      [extreme_source:61->target60] [Epoch 60/200] [loss_mse: 0.024950]
  收敛检测[few_shot:extreme_source_station61_to_60_class3]: 首次达到收敛条件 @ epoch 62 (best_epoch=57, best_loss=0.023317, final_loss=0.023282)
  收敛检测[few_shot:extreme_source_station61_to_60_class3]: 首次达到收敛条件 @ epoch 75 (best_epoch=70, best_loss=0.021286, final_loss=0.021738)
      [extreme_source:61->target60] [Epoch 80/200] [loss_mse: 0.021382]
  收敛检测[few_shot:extreme_source_station61_to_60_class3]: 首次达到收敛条件 @ epoch 83 (best_epoch=78, best_loss=0.020091, final_loss=0.021060)
  收敛检测[few_shot:extreme_source_station61_to_60_class3]: 首次达到收敛条件 @ epoch 95 (best_epoch=90, best_loss=0.019845, final_loss=0.021114)
      [extreme_source:61->target60] [Epoch 100/200] [loss_mse: 0.020911]
      [extreme_source:61->target60] [Epoch 120/200] [loss_mse: 0.021047]
      [extreme_source:61->target60] [Epoch 140/200] [loss_mse: 0.020783]
      [extreme_source:61->target60] [Epoch 160/200] [loss_mse: 0.020777]
      [extreme_source:61->target60] [Epoch 180/200] [loss_mse: 0.021610]
      [extreme_source:61->target60] [Epoch 200/200] [loss_mse: 0.020302]
  收敛检测[few_shot:extreme_source_station61_to_60_class3]: 已收敛 @ epoch 95 (best_epoch=90, best_loss=0.019845, final_loss=0.020302)
  收敛检测[few_shot:few_shot]: 未收敛 (best_epoch=1, best_loss=0.111394, final_loss=0.111394)
  收敛检测[few_shot:few_shot]: 未收敛 (best_epoch=1, best_loss=0.172566, final_loss=0.172566)
  收敛检测[few_shot:few_shot]: 未收敛 (best_epoch=1, best_loss=0.148886, final_loss=0.148886)
  收敛检测[few_shot:few_shot]: 未收敛 (best_epoch=1, best_loss=0.188933, final_loss=0.188933)
  收敛检测[few_shot:few_shot]: 未收敛 (best_epoch=1, best_loss=0.071817, final_loss=0.071817)
  收敛检测[few_shot:few_shot]: 未收敛 (best_epoch=1, best_loss=0.061740, final_loss=0.061740)
  收敛检测[few_shot:few_shot]: 未收敛 (best_epoch=1, best_loss=0.131543, final_loss=0.131543)
  收敛检测[few_shot:few_shot]: 未收敛 (best_epoch=1, best_loss=0.210436, final_loss=0.210436)
  收敛检测[few_shot:few_shot]: 未收敛 (best_epoch=1, best_loss=0.111849, final_loss=0.111849)
  收敛检测[few_shot:few_shot]: 未收敛 (best_epoch=1, best_loss=0.102760, final_loss=0.102760)
  收敛检测[few_shot:few_shot]: 未收敛 (best_epoch=1, best_loss=0.071758, final_loss=0.071758)
  收敛检测[few_shot:few_shot]: 未收敛 (best_epoch=1, best_loss=0.085918, final_loss=0.085918)
  收敛检测[few_shot:few_shot]: 未收敛 (best_epoch=1, best_loss=0.059754, final_loss=0.059754)
  收敛检测[few_shot:few_shot]: 未收敛 (best_epoch=1, best_loss=0.068692, final_loss=0.068692)
  收敛检测[few_shot:few_shot]: 未收敛 (best_epoch=1, best_loss=0.117939, final_loss=0.117939)
  收敛检测[few_shot:few_shot]: 未收敛 (best_epoch=1, best_loss=0.069821, final_loss=0.069821)
    [screen:extreme_source] source_station=62 -> target_station=60, candidate=19, gated=16, effective=12
      [extreme_source:62->target60] [Epoch 1/200] [loss_mse: 0.111085]
      [extreme_source:62->target60] [Epoch 2/200] [loss_mse: 0.107383]
      [extreme_source:62->target60] [Epoch 3/200] [loss_mse: 0.115881]
      [extreme_source:62->target60] [Epoch 4/200] [loss_mse: 0.089871]
      [extreme_source:62->target60] [Epoch 5/200] [loss_mse: 0.091591]
      [extreme_source:62->target60] [Epoch 6/200] [loss_mse: 0.090379]
      [extreme_source:62->target60] [Epoch 7/200] [loss_mse: 0.079761]
      [extreme_source:62->target60] [Epoch 8/200] [loss_mse: 0.081654]
      [extreme_source:62->target60] [Epoch 9/200] [loss_mse: 0.074761]
      [extreme_source:62->target60] [Epoch 10/200] [loss_mse: 0.077418]
      [extreme_source:62->target60] [Epoch 20/200] [loss_mse: 0.052903]
      [extreme_source:62->target60] [Epoch 40/200] [loss_mse: 0.038086]
  收敛检测[few_shot:extreme_source_station62_to_60_class3]: 首次达到收敛条件 @ epoch 46 (best_epoch=41, best_loss=0.034635, final_loss=0.036420)
  收敛检测[few_shot:extreme_source_station62_to_60_class3]: 首次达到收敛条件 @ epoch 55 (best_epoch=50, best_loss=0.033531, final_loss=0.036239)
      [extreme_source:62->target60] [Epoch 60/200] [loss_mse: 0.033549]
  收敛检测[few_shot:extreme_source_station62_to_60_class3]: 首次达到收敛条件 @ epoch 64 (best_epoch=59, best_loss=0.031331, final_loss=0.033390)
      [extreme_source:62->target60] [Epoch 80/200] [loss_mse: 0.031592]
  收敛检测[few_shot:extreme_source_station62_to_60_class3]: 首次达到收敛条件 @ epoch 92 (best_epoch=87, best_loss=0.030754, final_loss=0.036166)
      [extreme_source:62->target60] [Epoch 100/200] [loss_mse: 0.033802]
      [extreme_source:62->target60] [Epoch 120/200] [loss_mse: 0.032047]
      [extreme_source:62->target60] [Epoch 140/200] [loss_mse: 0.034363]
      [extreme_source:62->target60] [Epoch 160/200] [loss_mse: 0.034731]
  收敛检测[few_shot:extreme_source_station62_to_60_class3]: 首次达到收敛条件 @ epoch 174 (best_epoch=169, best_loss=0.030525, final_loss=0.035679)
      [extreme_source:62->target60] [Epoch 180/200] [loss_mse: 0.033710]
      [extreme_source:62->target60] [Epoch 200/200] [loss_mse: 0.034764]
  收敛检测[few_shot:extreme_source_station62_to_60_class3]: 已收敛 @ epoch 174 (best_epoch=169, best_loss=0.030525, final_loss=0.034764)
  收敛检测[few_shot:few_shot]: 未收敛 (best_epoch=1, best_loss=0.113074, final_loss=0.113074)
  收敛检测[few_shot:few_shot]: 未收敛 (best_epoch=1, best_loss=0.100129, final_loss=0.100129)
  收敛检测[few_shot:few_shot]: 未收敛 (best_epoch=1, best_loss=0.149224, final_loss=0.149224)
  收敛检测[few_shot:few_shot]: 未收敛 (best_epoch=1, best_loss=0.137448, final_loss=0.137448)
  收敛检测[few_shot:few_shot]: 未收敛 (best_epoch=1, best_loss=0.105204, final_loss=0.105204)
  收敛检测[few_shot:few_shot]: 未收敛 (best_epoch=1, best_loss=0.198082, final_loss=0.198082)
  收敛检测[few_shot:few_shot]: 未收敛 (best_epoch=1, best_loss=0.132444, final_loss=0.132444)
  收敛检测[few_shot:few_shot]: 未收敛 (best_epoch=1, best_loss=0.200617, final_loss=0.200617)
  收敛检测[few_shot:few_shot]: 未收敛 (best_epoch=1, best_loss=0.181602, final_loss=0.181602)
  收敛检测[few_shot:few_shot]: 未收敛 (best_epoch=1, best_loss=0.108897, final_loss=0.108897)
  收敛检测[few_shot:few_shot]: 未收敛 (best_epoch=1, best_loss=0.198907, final_loss=0.198907)
  收敛检测[few_shot:few_shot]: 未收敛 (best_epoch=1, best_loss=0.121147, final_loss=0.121147)
  收敛检测[few_shot:few_shot]: 未收敛 (best_epoch=1, best_loss=0.105589, final_loss=0.105589)
  收敛检测[few_shot:few_shot]: 未收敛 (best_epoch=1, best_loss=0.097322, final_loss=0.097322)
  收敛检测[few_shot:few_shot]: 未收敛 (best_epoch=1, best_loss=0.128895, final_loss=0.128895)
  收敛检测[few_shot:few_shot]: 未收敛 (best_epoch=1, best_loss=0.029482, final_loss=0.029482)
  收敛检测[few_shot:few_shot]: 未收敛 (best_epoch=1, best_loss=0.010783, final_loss=0.010783)
  收敛检测[few_shot:few_shot]: 未收敛 (best_epoch=1, best_loss=0.176601, final_loss=0.176601)
  收敛检测[few_shot:few_shot]: 未收敛 (best_epoch=1, best_loss=0.168182, final_loss=0.168182)
  收敛检测[few_shot:few_shot]: 未收敛 (best_epoch=1, best_loss=0.091433, final_loss=0.091433)
  收敛检测[few_shot:few_shot]: 未收敛 (best_epoch=1, best_loss=0.141382, final_loss=0.141382)
  收敛检测[few_shot:few_shot]: 未收敛 (best_epoch=1, best_loss=0.115094, final_loss=0.115094)
  收敛检测[few_shot:few_shot]: 未收敛 (best_epoch=1, best_loss=0.056818, final_loss=0.056818)
    [screen:extreme_source] source_station=63 -> target_station=60, candidate=28, gated=23, effective=22
      [extreme_source:63->target60] [Epoch 1/200] [loss_mse: 0.134355]
      [extreme_source:63->target60] [Epoch 2/200] [loss_mse: 0.133082]
      [extreme_source:63->target60] [Epoch 3/200] [loss_mse: 0.119052]
      [extreme_source:63->target60] [Epoch 4/200] [loss_mse: 0.118670]
      [extreme_source:63->target60] [Epoch 5/200] [loss_mse: 0.112760]
      [extreme_source:63->target60] [Epoch 6/200] [loss_mse: 0.107048]
      [extreme_source:63->target60] [Epoch 7/200] [loss_mse: 0.104477]
      [extreme_source:63->target60] [Epoch 8/200] [loss_mse: 0.099597]
      [extreme_source:63->target60] [Epoch 9/200] [loss_mse: 0.097806]
      [extreme_source:63->target60] [Epoch 10/200] [loss_mse: 0.093786]
      [extreme_source:63->target60] [Epoch 20/200] [loss_mse: 0.060602]
      [extreme_source:63->target60] [Epoch 40/200] [loss_mse: 0.030056]
      [extreme_source:63->target60] [Epoch 60/200] [loss_mse: 0.021218]
  收敛检测[few_shot:extreme_source_station63_to_60_class3]: 首次达到收敛条件 @ epoch 65 (best_epoch=60, best_loss=0.021218, final_loss=0.022119)
  收敛检测[few_shot:extreme_source_station63_to_60_class3]: 首次达到收敛条件 @ epoch 80 (best_epoch=75, best_loss=0.019588, final_loss=0.021250)
      [extreme_source:63->target60] [Epoch 80/200] [loss_mse: 0.021250]
      [extreme_source:63->target60] [Epoch 100/200] [loss_mse: 0.020052]
      [extreme_source:63->target60] [Epoch 120/200] [loss_mse: 0.020783]
      [extreme_source:63->target60] [Epoch 140/200] [loss_mse: 0.020165]
  收敛检测[few_shot:extreme_source_station63_to_60_class3]: 首次达到收敛条件 @ epoch 151 (best_epoch=146, best_loss=0.019351, final_loss=0.020986)
      [extreme_source:63->target60] [Epoch 160/200] [loss_mse: 0.019868]
  收敛检测[few_shot:extreme_source_station63_to_60_class3]: 首次达到收敛条件 @ epoch 170 (best_epoch=165, best_loss=0.019103, final_loss=0.020926)
      [extreme_source:63->target60] [Epoch 180/200] [loss_mse: 0.019386]
      [extreme_source:63->target60] [Epoch 200/200] [loss_mse: 0.020536]
  收敛检测[few_shot:extreme_source_station63_to_60_class3]: 已收敛 @ epoch 170 (best_epoch=165, best_loss=0.019103, final_loss=0.020536)
      [Extreme-FedAvg:target_refine] [Epoch 1/200] [loss_mse: 0.058634]
      [Extreme-FedAvg:target_refine] [Epoch 2/200] [loss_mse: 0.057071]
      [Extreme-FedAvg:target_refine] [Epoch 3/200] [loss_mse: 0.057687]
      [Extreme-FedAvg:target_refine] [Epoch 4/200] [loss_mse: 0.055235]
      [Extreme-FedAvg:target_refine] [Epoch 5/200] [loss_mse: 0.055834]
      [Extreme-FedAvg:target_refine] [Epoch 6/200] [loss_mse: 0.056930]
      [Extreme-FedAvg:target_refine] [Epoch 7/200] [loss_mse: 0.054035]
      [Extreme-FedAvg:target_refine] [Epoch 8/200] [loss_mse: 0.055039]
      [Extreme-FedAvg:target_refine] [Epoch 9/200] [loss_mse: 0.056423]
      [Extreme-FedAvg:target_refine] [Epoch 10/200] [loss_mse: 0.056807]
  收敛检测[few_shot:extreme_fedavg_station60_class3]: 首次达到收敛条件 @ epoch 12 (best_epoch=7, best_loss=0.054035, final_loss=0.055896)
      [Extreme-FedAvg:target_refine] [Epoch 20/200] [loss_mse: 0.057108]
  收敛检测[few_shot:extreme_fedavg_station60_class3]: 首次达到收敛条件 @ epoch 29 (best_epoch=24, best_loss=0.053477, final_loss=0.055732)
      [Extreme-FedAvg:target_refine] [Epoch 40/200] [loss_mse: 0.056103]
      [Extreme-FedAvg:target_refine] [Epoch 60/200] [loss_mse: 0.056799]
  收敛检测[few_shot:extreme_fedavg_station60_class3]: 首次达到收敛条件 @ epoch 64 (best_epoch=59, best_loss=0.052336, final_loss=0.055543)
      [Extreme-FedAvg:target_refine] [Epoch 80/200] [loss_mse: 0.054478]
      [Extreme-FedAvg:target_refine] [Epoch 100/200] [loss_mse: 0.054873]
      [Extreme-FedAvg:target_refine] [Epoch 120/200] [loss_mse: 0.053285]
      [Extreme-FedAvg:target_refine] [Epoch 140/200] [loss_mse: 0.055515]
      [Extreme-FedAvg:target_refine] [Epoch 160/200] [loss_mse: 0.058120]
  收敛检测[few_shot:extreme_fedavg_station60_class3]: 首次达到收敛条件 @ epoch 179 (best_epoch=174, best_loss=0.051897, final_loss=0.055344)
      [Extreme-FedAvg:target_refine] [Epoch 180/200] [loss_mse: 0.054761]
      [Extreme-FedAvg:target_refine] [Epoch 200/200] [loss_mse: 0.053800]
  收敛检测[few_shot:extreme_fedavg_station60_class3]: 已收敛 @ epoch 179 (best_epoch=174, best_loss=0.051897, final_loss=0.053800)
    ✓ 保存(Extreme-FedAvg): artifacts/2h6p_six_station/fed-normal-meta-5k/models/model_fore_station60_extreme3_extreme_fedavg.pth weights={'60': 0.16666666666666666, '58': 0.16666666666666666, '59': 0.16666666666666666, '61': 0.16666666666666666, '62': 0.16666666666666666, '63': 0.16666666666666666}
      [Proposed-A:self_update] [Epoch 1/200] [loss_mse: 0.141470]
      [Proposed-A:self_update] [Epoch 2/200] [loss_mse: 0.126231]
      [Proposed-A:self_update] [Epoch 3/200] [loss_mse: 0.126797]
      [Proposed-A:self_update] [Epoch 4/200] [loss_mse: 0.120061]
      [Proposed-A:self_update] [Epoch 5/200] [loss_mse: 0.117738]
      [Proposed-A:self_update] [Epoch 6/200] [loss_mse: 0.111391]
      [Proposed-A:self_update] [Epoch 7/200] [loss_mse: 0.107481]
      [Proposed-A:self_update] [Epoch 8/200] [loss_mse: 0.106073]
      [Proposed-A:self_update] [Epoch 9/200] [loss_mse: 0.102542]
      [Proposed-A:self_update] [Epoch 10/200] [loss_mse: 0.098319]
      [Proposed-A:self_update] [Epoch 20/200] [loss_mse: 0.075186]
      [Proposed-A:self_update] [Epoch 40/200] [loss_mse: 0.057694]
  收敛检测[few_shot:proposed_self_station60_class3]: 首次达到收敛条件 @ epoch 46 (best_epoch=41, best_loss=0.056276, final_loss=0.057071)
  收敛检测[few_shot:proposed_self_station60_class3]: 首次达到收敛条件 @ epoch 52 (best_epoch=47, best_loss=0.055391, final_loss=0.055463)
  收敛检测[few_shot:proposed_self_station60_class3]: 首次达到收敛条件 @ epoch 58 (best_epoch=53, best_loss=0.054889, final_loss=0.055546)
      [Proposed-A:self_update] [Epoch 60/200] [loss_mse: 0.055534]
      [Proposed-A:self_update] [Epoch 80/200] [loss_mse: 0.056508]
  收敛检测[few_shot:proposed_self_station60_class3]: 首次达到收敛条件 @ epoch 95 (best_epoch=90, best_loss=0.054705, final_loss=0.056301)
      [Proposed-A:self_update] [Epoch 100/200] [loss_mse: 0.056981]
  收敛检测[few_shot:proposed_self_station60_class3]: 首次达到收敛条件 @ epoch 107 (best_epoch=102, best_loss=0.054175, final_loss=0.056581)
  收敛检测[few_shot:proposed_self_station60_class3]: 首次达到收敛条件 @ epoch 119 (best_epoch=114, best_loss=0.053983, final_loss=0.055647)
      [Proposed-A:self_update] [Epoch 120/200] [loss_mse: 0.055683]
  收敛检测[few_shot:proposed_self_station60_class3]: 首次达到收敛条件 @ epoch 131 (best_epoch=126, best_loss=0.053529, final_loss=0.055209)
      [Proposed-A:self_update] [Epoch 140/200] [loss_mse: 0.056029]
      [Proposed-A:self_update] [Epoch 160/200] [loss_mse: 0.056266]
      [Proposed-A:self_update] [Epoch 180/200] [loss_mse: 0.055684]
      [Proposed-A:self_update] [Epoch 200/200] [loss_mse: 0.054439]
  收敛检测[few_shot:proposed_self_station60_class3]: 已收敛 @ epoch 131 (best_epoch=126, best_loss=0.053529, final_loss=0.054439)
  收敛检测[few_shot:few_shot]: 未收敛 (best_epoch=1, best_loss=0.205540, final_loss=0.205540)
  收敛检测[few_shot:few_shot]: 未收敛 (best_epoch=1, best_loss=0.187602, final_loss=0.187602)
  收敛检测[few_shot:few_shot]: 未收敛 (best_epoch=1, best_loss=0.209772, final_loss=0.209772)
  收敛检测[few_shot:few_shot]: 未收敛 (best_epoch=1, best_loss=0.158117, final_loss=0.158117)
  收敛检测[few_shot:few_shot]: 未收敛 (best_epoch=1, best_loss=0.218749, final_loss=0.218749)
  收敛检测[few_shot:few_shot]: 未收敛 (best_epoch=1, best_loss=0.171890, final_loss=0.171890)
  收敛检测[few_shot:few_shot]: 未收敛 (best_epoch=1, best_loss=0.185970, final_loss=0.185970)
  收敛检测[few_shot:few_shot]: 未收敛 (best_epoch=1, best_loss=0.178430, final_loss=0.178430)
  收敛检测[few_shot:few_shot]: 未收敛 (best_epoch=1, best_loss=0.146484, final_loss=0.146484)
  收敛检测[few_shot:few_shot]: 未收敛 (best_epoch=1, best_loss=0.228498, final_loss=0.228498)
  收敛检测[few_shot:few_shot]: 未收敛 (best_epoch=1, best_loss=0.200128, final_loss=0.200128)
  收敛检测[few_shot:few_shot]: 未收敛 (best_epoch=1, best_loss=0.131406, final_loss=0.131406)
  收敛检测[few_shot:few_shot]: 未收敛 (best_epoch=1, best_loss=0.051969, final_loss=0.051969)
  收敛检测[few_shot:few_shot]: 未收敛 (best_epoch=1, best_loss=0.221575, final_loss=0.221575)
  收敛检测[few_shot:few_shot]: 未收敛 (best_epoch=1, best_loss=0.158054, final_loss=0.158054)
  收敛检测[few_shot:few_shot]: 未收敛 (best_epoch=1, best_loss=0.071926, final_loss=0.071926)
  收敛检测[few_shot:few_shot]: 未收敛 (best_epoch=1, best_loss=0.012676, final_loss=0.012676)
  收敛检测[few_shot:few_shot]: 未收敛 (best_epoch=1, best_loss=0.009872, final_loss=0.009872)
  收敛检测[few_shot:few_shot]: 未收敛 (best_epoch=1, best_loss=0.165093, final_loss=0.165093)
  收敛检测[few_shot:few_shot]: 未收敛 (best_epoch=1, best_loss=0.203969, final_loss=0.203969)
  收敛检测[few_shot:few_shot]: 未收敛 (best_epoch=1, best_loss=0.144702, final_loss=0.144702)
  收敛检测[few_shot:few_shot]: 未收敛 (best_epoch=1, best_loss=0.136640, final_loss=0.136640)
  收敛检测[few_shot:few_shot]: 未收敛 (best_epoch=1, best_loss=0.068466, final_loss=0.068466)
  收敛检测[few_shot:few_shot]: 未收敛 (best_epoch=1, best_loss=0.143778, final_loss=0.143778)
  收敛检测[few_shot:few_shot]: 未收敛 (best_epoch=1, best_loss=0.138042, final_loss=0.138042)
  收敛检测[few_shot:few_shot]: 未收敛 (best_epoch=1, best_loss=0.141216, final_loss=0.141216)
  收敛检测[few_shot:few_shot]: 未收敛 (best_epoch=1, best_loss=0.151888, final_loss=0.151888)
  收敛检测[few_shot:few_shot]: 未收敛 (best_epoch=1, best_loss=0.111810, final_loss=0.111810)
  收敛检测[few_shot:few_shot]: 未收敛 (best_epoch=1, best_loss=0.134575, final_loss=0.134575)
    [screen:proposed_source] source_station=58 -> target_station=60, candidate=36, gated=29, effective=28
      [proposed_source:58->target60] [Epoch 1/200] [loss_mse: 0.162133]
      [proposed_source:58->target60] [Epoch 2/200] [loss_mse: 0.152018]
      [proposed_source:58->target60] [Epoch 3/200] [loss_mse: 0.147181]
      [proposed_source:58->target60] [Epoch 4/200] [loss_mse: 0.133979]
      [proposed_source:58->target60] [Epoch 5/200] [loss_mse: 0.131396]
      [proposed_source:58->target60] [Epoch 6/200] [loss_mse: 0.126881]
      [proposed_source:58->target60] [Epoch 7/200] [loss_mse: 0.119301]
      [proposed_source:58->target60] [Epoch 8/200] [loss_mse: 0.113963]
      [proposed_source:58->target60] [Epoch 9/200] [loss_mse: 0.108293]
      [proposed_source:58->target60] [Epoch 10/200] [loss_mse: 0.101733]
      [proposed_source:58->target60] [Epoch 20/200] [loss_mse: 0.064090]
      [proposed_source:58->target60] [Epoch 40/200] [loss_mse: 0.025673]
      [proposed_source:58->target60] [Epoch 60/200] [loss_mse: 0.017032]
  收敛检测[few_shot:proposed_source_station58_to_60_class3]: 首次达到收敛条件 @ epoch 77 (best_epoch=72, best_loss=0.015788, final_loss=0.015938)
      [proposed_source:58->target60] [Epoch 80/200] [loss_mse: 0.015381]
  收敛检测[few_shot:proposed_source_station58_to_60_class3]: 首次达到收敛条件 @ epoch 85 (best_epoch=80, best_loss=0.015381, final_loss=0.015564)
  收敛检测[few_shot:proposed_source_station58_to_60_class3]: 首次达到收敛条件 @ epoch 91 (best_epoch=86, best_loss=0.015228, final_loss=0.015678)
      [proposed_source:58->target60] [Epoch 100/200] [loss_mse: 0.015754]
  收敛检测[few_shot:proposed_source_station58_to_60_class3]: 首次达到收敛条件 @ epoch 103 (best_epoch=98, best_loss=0.015038, final_loss=0.015486)
      [proposed_source:58->target60] [Epoch 120/200] [loss_mse: 0.015487]
      [proposed_source:58->target60] [Epoch 140/200] [loss_mse: 0.014983]
  收敛检测[few_shot:proposed_source_station58_to_60_class3]: 首次达到收敛条件 @ epoch 142 (best_epoch=137, best_loss=0.014357, final_loss=0.015025)
      [proposed_source:58->target60] [Epoch 160/200] [loss_mse: 0.015843]
      [proposed_source:58->target60] [Epoch 180/200] [loss_mse: 0.015180]
      [proposed_source:58->target60] [Epoch 200/200] [loss_mse: 0.014948]
  收敛检测[few_shot:proposed_source_station58_to_60_class3]: 已收敛 @ epoch 142 (best_epoch=137, best_loss=0.014357, final_loss=0.014948)
  收敛检测[few_shot:few_shot]: 未收敛 (best_epoch=1, best_loss=0.227971, final_loss=0.227971)
  收敛检测[few_shot:few_shot]: 未收敛 (best_epoch=1, best_loss=0.186511, final_loss=0.186511)
  收敛检测[few_shot:few_shot]: 未收敛 (best_epoch=1, best_loss=0.199688, final_loss=0.199688)
  收敛检测[few_shot:few_shot]: 未收敛 (best_epoch=1, best_loss=0.199876, final_loss=0.199876)
  收敛检测[few_shot:few_shot]: 未收敛 (best_epoch=1, best_loss=0.041722, final_loss=0.041722)
  收敛检测[few_shot:few_shot]: 未收敛 (best_epoch=1, best_loss=0.074759, final_loss=0.074759)
  收敛检测[few_shot:few_shot]: 未收敛 (best_epoch=1, best_loss=0.111025, final_loss=0.111025)
  收敛检测[few_shot:few_shot]: 未收敛 (best_epoch=1, best_loss=0.212419, final_loss=0.212419)
  收敛检测[few_shot:few_shot]: 未收敛 (best_epoch=1, best_loss=0.124444, final_loss=0.124444)
  收敛检测[few_shot:few_shot]: 未收敛 (best_epoch=1, best_loss=0.202765, final_loss=0.202765)
  收敛检测[few_shot:few_shot]: 未收敛 (best_epoch=1, best_loss=0.079144, final_loss=0.079144)
  收敛检测[few_shot:few_shot]: 未收敛 (best_epoch=1, best_loss=0.108574, final_loss=0.108574)
  收敛检测[few_shot:few_shot]: 未收敛 (best_epoch=1, best_loss=0.021874, final_loss=0.021874)
  收敛检测[few_shot:few_shot]: 未收敛 (best_epoch=1, best_loss=0.068669, final_loss=0.068669)
  收敛检测[few_shot:few_shot]: 未收敛 (best_epoch=1, best_loss=0.090503, final_loss=0.090503)
  收敛检测[few_shot:few_shot]: 未收敛 (best_epoch=1, best_loss=0.041167, final_loss=0.041167)
    [screen:proposed_source] source_station=59 -> target_station=60, candidate=19, gated=16, effective=15
      [proposed_source:59->target60] [Epoch 1/200] [loss_mse: 0.159472]
      [proposed_source:59->target60] [Epoch 2/200] [loss_mse: 0.148721]
      [proposed_source:59->target60] [Epoch 3/200] [loss_mse: 0.144791]
      [proposed_source:59->target60] [Epoch 4/200] [loss_mse: 0.131300]
      [proposed_source:59->target60] [Epoch 5/200] [loss_mse: 0.125754]
      [proposed_source:59->target60] [Epoch 6/200] [loss_mse: 0.114887]
      [proposed_source:59->target60] [Epoch 7/200] [loss_mse: 0.116612]
      [proposed_source:59->target60] [Epoch 8/200] [loss_mse: 0.110499]
      [proposed_source:59->target60] [Epoch 9/200] [loss_mse: 0.100095]
      [proposed_source:59->target60] [Epoch 10/200] [loss_mse: 0.098554]
      [proposed_source:59->target60] [Epoch 20/200] [loss_mse: 0.061793]
      [proposed_source:59->target60] [Epoch 40/200] [loss_mse: 0.029241]
      [proposed_source:59->target60] [Epoch 60/200] [loss_mse: 0.019610]
  收敛检测[few_shot:proposed_source_station59_to_60_class3]: 首次达到收敛条件 @ epoch 65 (best_epoch=60, best_loss=0.019610, final_loss=0.020095)
  收敛检测[few_shot:proposed_source_station59_to_60_class3]: 首次达到收敛条件 @ epoch 73 (best_epoch=68, best_loss=0.018663, final_loss=0.018732)
  收敛检测[few_shot:proposed_source_station59_to_60_class3]: 首次达到收敛条件 @ epoch 79 (best_epoch=74, best_loss=0.018172, final_loss=0.018401)
      [proposed_source:59->target60] [Epoch 80/200] [loss_mse: 0.018591]
  收敛检测[few_shot:proposed_source_station59_to_60_class3]: 首次达到收敛条件 @ epoch 93 (best_epoch=88, best_loss=0.017663, final_loss=0.018521)
      [proposed_source:59->target60] [Epoch 100/200] [loss_mse: 0.019041]
      [proposed_source:59->target60] [Epoch 120/200] [loss_mse: 0.018662]
      [proposed_source:59->target60] [Epoch 140/200] [loss_mse: 0.018559]
      [proposed_source:59->target60] [Epoch 160/200] [loss_mse: 0.018244]
      [proposed_source:59->target60] [Epoch 180/200] [loss_mse: 0.018240]
  收敛检测[few_shot:proposed_source_station59_to_60_class3]: 首次达到收敛条件 @ epoch 181 (best_epoch=176, best_loss=0.017101, final_loss=0.019178)
      [proposed_source:59->target60] [Epoch 200/200] [loss_mse: 0.018555]
  收敛检测[few_shot:proposed_source_station59_to_60_class3]: 已收敛 @ epoch 181 (best_epoch=176, best_loss=0.017101, final_loss=0.018555)
  收敛检测[few_shot:few_shot]: 未收敛 (best_epoch=1, best_loss=0.151547, final_loss=0.151547)
  收敛检测[few_shot:few_shot]: 未收敛 (best_epoch=1, best_loss=0.196595, final_loss=0.196595)
  收敛检测[few_shot:few_shot]: 未收敛 (best_epoch=1, best_loss=0.177075, final_loss=0.177075)
  收敛检测[few_shot:few_shot]: 未收敛 (best_epoch=1, best_loss=0.157409, final_loss=0.157409)
  收敛检测[few_shot:few_shot]: 未收敛 (best_epoch=1, best_loss=0.169162, final_loss=0.169162)
  收敛检测[few_shot:few_shot]: 未收敛 (best_epoch=1, best_loss=0.221447, final_loss=0.221447)
  收敛检测[few_shot:few_shot]: 未收敛 (best_epoch=1, best_loss=0.160140, final_loss=0.160140)
  收敛检测[few_shot:few_shot]: 未收敛 (best_epoch=1, best_loss=0.149206, final_loss=0.149206)
  收敛检测[few_shot:few_shot]: 未收敛 (best_epoch=1, best_loss=0.188619, final_loss=0.188619)
  收敛检测[few_shot:few_shot]: 未收敛 (best_epoch=1, best_loss=0.208090, final_loss=0.208090)
  收敛检测[few_shot:few_shot]: 未收敛 (best_epoch=1, best_loss=0.145013, final_loss=0.145013)
  收敛检测[few_shot:few_shot]: 未收敛 (best_epoch=1, best_loss=0.053104, final_loss=0.053104)
  收敛检测[few_shot:few_shot]: 未收敛 (best_epoch=1, best_loss=0.219653, final_loss=0.219653)
  收敛检测[few_shot:few_shot]: 未收敛 (best_epoch=1, best_loss=0.148170, final_loss=0.148170)
  收敛检测[few_shot:few_shot]: 未收敛 (best_epoch=1, best_loss=0.039638, final_loss=0.039638)
  收敛检测[few_shot:few_shot]: 未收敛 (best_epoch=1, best_loss=0.058043, final_loss=0.058043)
  收敛检测[few_shot:few_shot]: 未收敛 (best_epoch=1, best_loss=0.020757, final_loss=0.020757)
  收敛检测[few_shot:few_shot]: 未收敛 (best_epoch=1, best_loss=0.154880, final_loss=0.154880)
  收敛检测[few_shot:few_shot]: 未收敛 (best_epoch=1, best_loss=0.195689, final_loss=0.195689)
  收敛检测[few_shot:few_shot]: 未收敛 (best_epoch=1, best_loss=0.142126, final_loss=0.142126)
  收敛检测[few_shot:few_shot]: 未收敛 (best_epoch=1, best_loss=0.094964, final_loss=0.094964)
  收敛检测[few_shot:few_shot]: 未收敛 (best_epoch=1, best_loss=0.046838, final_loss=0.046838)
  收敛检测[few_shot:few_shot]: 未收敛 (best_epoch=1, best_loss=0.110854, final_loss=0.110854)
  收敛检测[few_shot:few_shot]: 未收敛 (best_epoch=1, best_loss=0.148364, final_loss=0.148364)
  收敛检测[few_shot:few_shot]: 未收敛 (best_epoch=1, best_loss=0.110200, final_loss=0.110200)
  收敛检测[few_shot:few_shot]: 未收敛 (best_epoch=1, best_loss=0.139829, final_loss=0.139829)
  收敛检测[few_shot:few_shot]: 未收敛 (best_epoch=1, best_loss=0.103000, final_loss=0.103000)
  收敛检测[few_shot:few_shot]: 未收敛 (best_epoch=1, best_loss=0.169230, final_loss=0.169230)
  收敛检测[few_shot:few_shot]: 未收敛 (best_epoch=1, best_loss=0.152958, final_loss=0.152958)
  收敛检测[few_shot:few_shot]: 未收敛 (best_epoch=1, best_loss=0.150143, final_loss=0.150143)
    [screen:proposed_source] source_station=61 -> target_station=60, candidate=37, gated=30, effective=28
      [proposed_source:61->target60] [Epoch 1/200] [loss_mse: 0.149964]
      [proposed_source:61->target60] [Epoch 2/200] [loss_mse: 0.146520]
      [proposed_source:61->target60] [Epoch 3/200] [loss_mse: 0.141381]
      [proposed_source:61->target60] [Epoch 4/200] [loss_mse: 0.130217]
      [proposed_source:61->target60] [Epoch 5/200] [loss_mse: 0.130447]
      [proposed_source:61->target60] [Epoch 6/200] [loss_mse: 0.123055]
      [proposed_source:61->target60] [Epoch 7/200] [loss_mse: 0.117319]
      [proposed_source:61->target60] [Epoch 8/200] [loss_mse: 0.110319]
      [proposed_source:61->target60] [Epoch 9/200] [loss_mse: 0.101661]
      [proposed_source:61->target60] [Epoch 10/200] [loss_mse: 0.101411]
      [proposed_source:61->target60] [Epoch 20/200] [loss_mse: 0.062508]
      [proposed_source:61->target60] [Epoch 40/200] [loss_mse: 0.030003]
      [proposed_source:61->target60] [Epoch 60/200] [loss_mse: 0.022311]
  收敛检测[few_shot:proposed_source_station61_to_60_class3]: 首次达到收敛条件 @ epoch 69 (best_epoch=64, best_loss=0.020890, final_loss=0.020916)
      [proposed_source:61->target60] [Epoch 80/200] [loss_mse: 0.021025]
  收敛检测[few_shot:proposed_source_station61_to_60_class3]: 首次达到收敛条件 @ epoch 81 (best_epoch=76, best_loss=0.020222, final_loss=0.020891)
      [proposed_source:61->target60] [Epoch 100/200] [loss_mse: 0.020074]
  收敛检测[few_shot:proposed_source_station61_to_60_class3]: 首次达到收敛条件 @ epoch 105 (best_epoch=100, best_loss=0.020074, final_loss=0.021084)
      [proposed_source:61->target60] [Epoch 120/200] [loss_mse: 0.020848]
  收敛检测[few_shot:proposed_source_station61_to_60_class3]: 首次达到收敛条件 @ epoch 138 (best_epoch=133, best_loss=0.019767, final_loss=0.020518)
      [proposed_source:61->target60] [Epoch 140/200] [loss_mse: 0.020336]
      [proposed_source:61->target60] [Epoch 160/200] [loss_mse: 0.020671]
      [proposed_source:61->target60] [Epoch 180/200] [loss_mse: 0.020867]
      [proposed_source:61->target60] [Epoch 200/200] [loss_mse: 0.020237]
  收敛检测[few_shot:proposed_source_station61_to_60_class3]: 已收敛 @ epoch 138 (best_epoch=133, best_loss=0.019767, final_loss=0.020237)
  收敛检测[few_shot:few_shot]: 未收敛 (best_epoch=1, best_loss=0.098472, final_loss=0.098472)
  收敛检测[few_shot:few_shot]: 未收敛 (best_epoch=1, best_loss=0.148657, final_loss=0.148657)
  收敛检测[few_shot:few_shot]: 未收敛 (best_epoch=1, best_loss=0.136212, final_loss=0.136212)
  收敛检测[few_shot:few_shot]: 未收敛 (best_epoch=1, best_loss=0.235062, final_loss=0.235062)
  收敛检测[few_shot:few_shot]: 未收敛 (best_epoch=1, best_loss=0.068210, final_loss=0.068210)
  收敛检测[few_shot:few_shot]: 未收敛 (best_epoch=1, best_loss=0.033321, final_loss=0.033321)
  收敛检测[few_shot:few_shot]: 未收敛 (best_epoch=1, best_loss=0.134865, final_loss=0.134865)
  收敛检测[few_shot:few_shot]: 未收敛 (best_epoch=1, best_loss=0.199668, final_loss=0.199668)
  收敛检测[few_shot:few_shot]: 未收敛 (best_epoch=1, best_loss=0.058892, final_loss=0.058892)
  收敛检测[few_shot:few_shot]: 未收敛 (best_epoch=1, best_loss=0.107206, final_loss=0.107206)
  收敛检测[few_shot:few_shot]: 未收敛 (best_epoch=1, best_loss=0.072975, final_loss=0.072975)
  收敛检测[few_shot:few_shot]: 未收敛 (best_epoch=1, best_loss=0.099437, final_loss=0.099437)
  收敛检测[few_shot:few_shot]: 未收敛 (best_epoch=1, best_loss=0.053173, final_loss=0.053173)
  收敛检测[few_shot:few_shot]: 未收敛 (best_epoch=1, best_loss=0.053649, final_loss=0.053649)
  收敛检测[few_shot:few_shot]: 未收敛 (best_epoch=1, best_loss=0.157085, final_loss=0.157085)
  收敛检测[few_shot:few_shot]: 未收敛 (best_epoch=1, best_loss=0.023372, final_loss=0.023372)
    [screen:proposed_source] source_station=62 -> target_station=60, candidate=19, gated=16, effective=12
      [proposed_source:62->target60] [Epoch 1/200] [loss_mse: 0.128743]
      [proposed_source:62->target60] [Epoch 2/200] [loss_mse: 0.112343]
      [proposed_source:62->target60] [Epoch 3/200] [loss_mse: 0.105782]
      [proposed_source:62->target60] [Epoch 4/200] [loss_mse: 0.105087]
      [proposed_source:62->target60] [Epoch 5/200] [loss_mse: 0.090805]
      [proposed_source:62->target60] [Epoch 6/200] [loss_mse: 0.098013]
      [proposed_source:62->target60] [Epoch 7/200] [loss_mse: 0.080835]
      [proposed_source:62->target60] [Epoch 8/200] [loss_mse: 0.084501]
      [proposed_source:62->target60] [Epoch 9/200] [loss_mse: 0.087355]
      [proposed_source:62->target60] [Epoch 10/200] [loss_mse: 0.075171]
      [proposed_source:62->target60] [Epoch 20/200] [loss_mse: 0.052113]
      [proposed_source:62->target60] [Epoch 40/200] [loss_mse: 0.033438]
  收敛检测[few_shot:proposed_source_station62_to_60_class3]: 首次达到收敛条件 @ epoch 45 (best_epoch=40, best_loss=0.033438, final_loss=0.036628)
      [proposed_source:62->target60] [Epoch 60/200] [loss_mse: 0.036862]
  收敛检测[few_shot:proposed_source_station62_to_60_class3]: 首次达到收敛条件 @ epoch 61 (best_epoch=56, best_loss=0.032538, final_loss=0.035540)
      [proposed_source:62->target60] [Epoch 80/200] [loss_mse: 0.036539]
  收敛检测[few_shot:proposed_source_station62_to_60_class3]: 首次达到收敛条件 @ epoch 81 (best_epoch=76, best_loss=0.031773, final_loss=0.035743)
      [proposed_source:62->target60] [Epoch 100/200] [loss_mse: 0.033214]
      [proposed_source:62->target60] [Epoch 120/200] [loss_mse: 0.035559]
      [proposed_source:62->target60] [Epoch 140/200] [loss_mse: 0.034388]
      [proposed_source:62->target60] [Epoch 160/200] [loss_mse: 0.034246]
  收敛检测[few_shot:proposed_source_station62_to_60_class3]: 首次达到收敛条件 @ epoch 178 (best_epoch=173, best_loss=0.031497, final_loss=0.032773)
      [proposed_source:62->target60] [Epoch 180/200] [loss_mse: 0.033601]
      [proposed_source:62->target60] [Epoch 200/200] [loss_mse: 0.034717]
  收敛检测[few_shot:proposed_source_station62_to_60_class3]: 已收敛 @ epoch 178 (best_epoch=173, best_loss=0.031497, final_loss=0.034717)
  收敛检测[few_shot:few_shot]: 未收敛 (best_epoch=1, best_loss=0.143398, final_loss=0.143398)
  收敛检测[few_shot:few_shot]: 未收敛 (best_epoch=1, best_loss=0.083432, final_loss=0.083432)
  收敛检测[few_shot:few_shot]: 未收敛 (best_epoch=1, best_loss=0.141416, final_loss=0.141416)
  收敛检测[few_shot:few_shot]: 未收敛 (best_epoch=1, best_loss=0.154834, final_loss=0.154834)
  收敛检测[few_shot:few_shot]: 未收敛 (best_epoch=1, best_loss=0.162235, final_loss=0.162235)
  收敛检测[few_shot:few_shot]: 未收敛 (best_epoch=1, best_loss=0.185541, final_loss=0.185541)
  收敛检测[few_shot:few_shot]: 未收敛 (best_epoch=1, best_loss=0.169789, final_loss=0.169789)
  收敛检测[few_shot:few_shot]: 未收敛 (best_epoch=1, best_loss=0.213294, final_loss=0.213294)
  收敛检测[few_shot:few_shot]: 未收敛 (best_epoch=1, best_loss=0.209957, final_loss=0.209957)
  收敛检测[few_shot:few_shot]: 未收敛 (best_epoch=1, best_loss=0.126832, final_loss=0.126832)
  收敛检测[few_shot:few_shot]: 未收敛 (best_epoch=1, best_loss=0.162924, final_loss=0.162924)
  收敛检测[few_shot:few_shot]: 未收敛 (best_epoch=1, best_loss=0.145939, final_loss=0.145939)
  收敛检测[few_shot:few_shot]: 未收敛 (best_epoch=1, best_loss=0.118870, final_loss=0.118870)
  收敛检测[few_shot:few_shot]: 未收敛 (best_epoch=1, best_loss=0.109170, final_loss=0.109170)
  收敛检测[few_shot:few_shot]: 未收敛 (best_epoch=1, best_loss=0.125060, final_loss=0.125060)
  收敛检测[few_shot:few_shot]: 未收敛 (best_epoch=1, best_loss=0.052253, final_loss=0.052253)
  收敛检测[few_shot:few_shot]: 未收敛 (best_epoch=1, best_loss=0.006799, final_loss=0.006799)
  收敛检测[few_shot:few_shot]: 未收敛 (best_epoch=1, best_loss=0.182751, final_loss=0.182751)
  收敛检测[few_shot:few_shot]: 未收敛 (best_epoch=1, best_loss=0.175148, final_loss=0.175148)
  收敛检测[few_shot:few_shot]: 未收敛 (best_epoch=1, best_loss=0.094355, final_loss=0.094355)
  收敛检测[few_shot:few_shot]: 未收敛 (best_epoch=1, best_loss=0.146679, final_loss=0.146679)
  收敛检测[few_shot:few_shot]: 未收敛 (best_epoch=1, best_loss=0.127980, final_loss=0.127980)
  收敛检测[few_shot:few_shot]: 未收敛 (best_epoch=1, best_loss=0.059808, final_loss=0.059808)
    [screen:proposed_source] source_station=63 -> target_station=60, candidate=28, gated=23, effective=22
      [proposed_source:63->target60] [Epoch 1/200] [loss_mse: 0.140725]
      [proposed_source:63->target60] [Epoch 2/200] [loss_mse: 0.135495]
      [proposed_source:63->target60] [Epoch 3/200] [loss_mse: 0.128335]
      [proposed_source:63->target60] [Epoch 4/200] [loss_mse: 0.124091]
      [proposed_source:63->target60] [Epoch 5/200] [loss_mse: 0.121926]
      [proposed_source:63->target60] [Epoch 6/200] [loss_mse: 0.112692]
      [proposed_source:63->target60] [Epoch 7/200] [loss_mse: 0.107510]
      [proposed_source:63->target60] [Epoch 8/200] [loss_mse: 0.099215]
      [proposed_source:63->target60] [Epoch 9/200] [loss_mse: 0.093526]
      [proposed_source:63->target60] [Epoch 10/200] [loss_mse: 0.090411]
      [proposed_source:63->target60] [Epoch 20/200] [loss_mse: 0.059013]
      [proposed_source:63->target60] [Epoch 40/200] [loss_mse: 0.029414]
      [proposed_source:63->target60] [Epoch 60/200] [loss_mse: 0.021374]
  收敛检测[few_shot:proposed_source_station63_to_60_class3]: 首次达到收敛条件 @ epoch 68 (best_epoch=63, best_loss=0.021319, final_loss=0.021712)
  收敛检测[few_shot:proposed_source_station63_to_60_class3]: 首次达到收敛条件 @ epoch 74 (best_epoch=69, best_loss=0.020980, final_loss=0.021478)
      [proposed_source:63->target60] [Epoch 80/200] [loss_mse: 0.021809]
  收敛检测[few_shot:proposed_source_station63_to_60_class3]: 首次达到收敛条件 @ epoch 84 (best_epoch=79, best_loss=0.020677, final_loss=0.021652)
  收敛检测[few_shot:proposed_source_station63_to_60_class3]: 首次达到收敛条件 @ epoch 99 (best_epoch=94, best_loss=0.020325, final_loss=0.021206)
      [proposed_source:63->target60] [Epoch 100/200] [loss_mse: 0.021341]
  收敛检测[few_shot:proposed_source_station63_to_60_class3]: 首次达到收敛条件 @ epoch 119 (best_epoch=114, best_loss=0.020155, final_loss=0.021051)
      [proposed_source:63->target60] [Epoch 120/200] [loss_mse: 0.022031]
      [proposed_source:63->target60] [Epoch 140/200] [loss_mse: 0.020948]
      [proposed_source:63->target60] [Epoch 160/200] [loss_mse: 0.021478]
      [proposed_source:63->target60] [Epoch 180/200] [loss_mse: 0.021169]
      [proposed_source:63->target60] [Epoch 200/200] [loss_mse: 0.020079]
  收敛检测[few_shot:proposed_source_station63_to_60_class3]: 已收敛 @ epoch 119 (best_epoch=114, best_loss=0.020155, final_loss=0.020079)
      [Proposed-A:target_refine] [Epoch 1/200] [loss_mse: 0.056693]
      [Proposed-A:target_refine] [Epoch 2/200] [loss_mse: 0.055861]
      [Proposed-A:target_refine] [Epoch 3/200] [loss_mse: 0.056666]
      [Proposed-A:target_refine] [Epoch 4/200] [loss_mse: 0.055643]
      [Proposed-A:target_refine] [Epoch 5/200] [loss_mse: 0.055378]
      [Proposed-A:target_refine] [Epoch 6/200] [loss_mse: 0.054006]
      [Proposed-A:target_refine] [Epoch 7/200] [loss_mse: 0.056608]
      [Proposed-A:target_refine] [Epoch 8/200] [loss_mse: 0.056774]
      [Proposed-A:target_refine] [Epoch 9/200] [loss_mse: 0.054764]
      [Proposed-A:target_refine] [Epoch 10/200] [loss_mse: 0.055463]
  收敛检测[few_shot:proposed_a_station60_class3]: 首次达到收敛条件 @ epoch 11 (best_epoch=6, best_loss=0.054006, final_loss=0.055072)
      [Proposed-A:target_refine] [Epoch 20/200] [loss_mse: 0.054554]
  收敛检测[few_shot:proposed_a_station60_class3]: 首次达到收敛条件 @ epoch 34 (best_epoch=29, best_loss=0.053786, final_loss=0.054731)
      [Proposed-A:target_refine] [Epoch 40/200] [loss_mse: 0.056105]
      [Proposed-A:target_refine] [Epoch 60/200] [loss_mse: 0.055957]
      [Proposed-A:target_refine] [Epoch 80/200] [loss_mse: 0.054241]
      [Proposed-A:target_refine] [Epoch 100/200] [loss_mse: 0.055288]
      [Proposed-A:target_refine] [Epoch 120/200] [loss_mse: 0.054702]
  收敛检测[few_shot:proposed_a_station60_class3]: 首次达到收敛条件 @ epoch 129 (best_epoch=124, best_loss=0.053600, final_loss=0.054614)
      [Proposed-A:target_refine] [Epoch 140/200] [loss_mse: 0.054022]
      [Proposed-A:target_refine] [Epoch 160/200] [loss_mse: 0.054750]
  收敛检测[few_shot:proposed_a_station60_class3]: 首次达到收敛条件 @ epoch 162 (best_epoch=157, best_loss=0.052643, final_loss=0.053473)
      [Proposed-A:target_refine] [Epoch 180/200] [loss_mse: 0.054875]
      [Proposed-A:target_refine] [Epoch 200/200] [loss_mse: 0.053520]
  收敛检测[few_shot:proposed_a_station60_class3]: 已收敛 @ epoch 162 (best_epoch=157, best_loss=0.052643, final_loss=0.053520)
    ✓ 保存(Proposed-A): artifacts/2h6p_six_station/fed-normal-meta-5k/models/model_fore_station60_extreme3_proposed_a.pth weights={'60': 0.5, '58': 0.11097771032197468, '59': 0.08779436304485168, '61': 0.11265809331571446, '62': 0.08481854209474754, '63': 0.10375129122271173}

======================================================================
场站 61 的Few-shot适应
======================================================================

  极端天气类别 1:
    样本数: 9
    训练轮数: 200, few-shot loss=MSE
    adapt/val: 7 / 2
      [LMT] [Epoch 1/200] [loss_mse: 0.178842]
      [LMT] [Epoch 2/200] [loss_mse: 0.194474]
      [LMT] [Epoch 3/200] [loss_mse: 0.178762]
      [LMT] [Epoch 4/200] [loss_mse: 0.175363]
      [LMT] [Epoch 5/200] [loss_mse: 0.188426]
      [LMT] [Epoch 6/200] [loss_mse: 0.179563]
      [LMT] [Epoch 7/200] [loss_mse: 0.176899]
      [LMT] [Epoch 8/200] [loss_mse: 0.178467]
      [LMT] [Epoch 9/200] [loss_mse: 0.170540]
      [LMT] [Epoch 10/200] [loss_mse: 0.175283]
  收敛检测[few_shot:lmt_station61_class0]: 首次达到收敛条件 @ epoch 14 (best_epoch=9, best_loss=0.170540, final_loss=0.174888)
      [LMT] [Epoch 20/200] [loss_mse: 0.175173]
  收敛检测[few_shot:lmt_station61_class0]: 首次达到收敛条件 @ epoch 29 (best_epoch=24, best_loss=0.164798, final_loss=0.181019)
      [LMT] [Epoch 40/200] [loss_mse: 0.164234]
  收敛检测[few_shot:lmt_station61_class0]: 首次达到收敛条件 @ epoch 45 (best_epoch=40, best_loss=0.164234, final_loss=0.179601)
      [LMT] [Epoch 60/200] [loss_mse: 0.174995]
      [LMT] [Epoch 80/200] [loss_mse: 0.180347]
      [LMT] [Epoch 100/200] [loss_mse: 0.178203]
      [LMT] [Epoch 120/200] [loss_mse: 0.177655]
      [LMT] [Epoch 140/200] [loss_mse: 0.179406]
      [LMT] [Epoch 160/200] [loss_mse: 0.178731]
      [LMT] [Epoch 180/200] [loss_mse: 0.180427]
      [LMT] [Epoch 200/200] [loss_mse: 0.178243]
  收敛检测[few_shot:lmt_station61_class0]: 已收敛 @ epoch 45 (best_epoch=40, best_loss=0.164234, final_loss=0.178243)
    ✓ 保存(LMT): artifacts/2h6p_six_station/fed-normal-meta-5k/models/model_fore_station61_extreme0.pth
  收敛检测[few_shot:few_shot]: 未收敛 (best_epoch=1, best_loss=0.190927, final_loss=0.190927)
  收敛检测[few_shot:few_shot]: 未收敛 (best_epoch=1, best_loss=0.304891, final_loss=0.304891)
  收敛检测[few_shot:few_shot]: 未收敛 (best_epoch=1, best_loss=0.162720, final_loss=0.162720)
  收敛检测[few_shot:few_shot]: 未收敛 (best_epoch=1, best_loss=0.169749, final_loss=0.169749)
  收敛检测[few_shot:few_shot]: 未收敛 (best_epoch=1, best_loss=0.138609, final_loss=0.138609)
  收敛检测[few_shot:few_shot]: 未收敛 (best_epoch=1, best_loss=0.056778, final_loss=0.056778)
  收敛检测[few_shot:few_shot]: 未收敛 (best_epoch=1, best_loss=0.060646, final_loss=0.060646)
    [screen:extreme_source] source_station=58 -> target_station=61, candidate=8, gated=7, effective=5
      [extreme_source:58->target61] [Epoch 1/200] [loss_mse: 0.135903]
      [extreme_source:58->target61] [Epoch 2/200] [loss_mse: 0.106690]
      [extreme_source:58->target61] [Epoch 3/200] [loss_mse: 0.123484]
      [extreme_source:58->target61] [Epoch 4/200] [loss_mse: 0.110856]
      [extreme_source:58->target61] [Epoch 5/200] [loss_mse: 0.104460]
      [extreme_source:58->target61] [Epoch 6/200] [loss_mse: 0.093714]
      [extreme_source:58->target61] [Epoch 7/200] [loss_mse: 0.100221]
      [extreme_source:58->target61] [Epoch 8/200] [loss_mse: 0.097217]
      [extreme_source:58->target61] [Epoch 9/200] [loss_mse: 0.080355]
      [extreme_source:58->target61] [Epoch 10/200] [loss_mse: 0.084218]
      [extreme_source:58->target61] [Epoch 20/200] [loss_mse: 0.050444]
      [extreme_source:58->target61] [Epoch 40/200] [loss_mse: 0.017365]
      [extreme_source:58->target61] [Epoch 60/200] [loss_mse: 0.007086]
      [extreme_source:58->target61] [Epoch 80/200] [loss_mse: 0.004007]
  收敛检测[few_shot:extreme_source_station58_to_61_class0]: 首次达到收敛条件 @ epoch 85 (best_epoch=80, best_loss=0.004007, final_loss=0.004746)
  收敛检测[few_shot:extreme_source_station58_to_61_class0]: 首次达到收敛条件 @ epoch 98 (best_epoch=93, best_loss=0.003788, final_loss=0.003834)
      [extreme_source:58->target61] [Epoch 100/200] [loss_mse: 0.003889]
  收敛检测[few_shot:extreme_source_station58_to_61_class0]: 首次达到收敛条件 @ epoch 109 (best_epoch=104, best_loss=0.003606, final_loss=0.003977)
      [extreme_source:58->target61] [Epoch 120/200] [loss_mse: 0.004190]
  收敛检测[few_shot:extreme_source_station58_to_61_class0]: 首次达到收敛条件 @ epoch 139 (best_epoch=134, best_loss=0.003152, final_loss=0.003883)
      [extreme_source:58->target61] [Epoch 140/200] [loss_mse: 0.003395]
      [extreme_source:58->target61] [Epoch 160/200] [loss_mse: 0.004404]
      [extreme_source:58->target61] [Epoch 180/200] [loss_mse: 0.003941]
      [extreme_source:58->target61] [Epoch 200/200] [loss_mse: 0.003723]
  收敛检测[few_shot:extreme_source_station58_to_61_class0]: 已收敛 @ epoch 139 (best_epoch=134, best_loss=0.003152, final_loss=0.003723)
  收敛检测[few_shot:few_shot]: 未收敛 (best_epoch=1, best_loss=0.310730, final_loss=0.310730)
  收敛检测[few_shot:few_shot]: 未收敛 (best_epoch=1, best_loss=0.284915, final_loss=0.284915)
  收敛检测[few_shot:few_shot]: 未收敛 (best_epoch=1, best_loss=0.282350, final_loss=0.282350)
  收敛检测[few_shot:few_shot]: 未收敛 (best_epoch=1, best_loss=0.124346, final_loss=0.124346)
  收敛检测[few_shot:few_shot]: 未收敛 (best_epoch=1, best_loss=0.008556, final_loss=0.008556)
  收敛检测[few_shot:few_shot]: 未收敛 (best_epoch=1, best_loss=0.278897, final_loss=0.278897)
    [screen:extreme_source] source_station=59 -> target_station=61, candidate=7, gated=6, effective=1
      [extreme_source:59->target61] [Epoch 1/200] [loss_mse: 0.010828]
      [extreme_source:59->target61] [Epoch 2/200] [loss_mse: 0.008241]
      [extreme_source:59->target61] [Epoch 3/200] [loss_mse: 0.002184]
      [extreme_source:59->target61] [Epoch 4/200] [loss_mse: 0.003945]
      [extreme_source:59->target61] [Epoch 5/200] [loss_mse: 0.000407]
      [extreme_source:59->target61] [Epoch 6/200] [loss_mse: 0.004025]
      [extreme_source:59->target61] [Epoch 7/200] [loss_mse: 0.002815]
      [extreme_source:59->target61] [Epoch 8/200] [loss_mse: 0.000060]
      [extreme_source:59->target61] [Epoch 9/200] [loss_mse: 0.003038]
      [extreme_source:59->target61] [Epoch 10/200] [loss_mse: 0.000935]
  收敛检测[few_shot:extreme_source_station59_to_61_class0]: 首次达到收敛条件 @ epoch 13 (best_epoch=8, best_loss=0.000060, final_loss=0.001554)
      [extreme_source:59->target61] [Epoch 20/200] [loss_mse: 0.004530]
      [extreme_source:59->target61] [Epoch 40/200] [loss_mse: 0.001614]
      [extreme_source:59->target61] [Epoch 60/200] [loss_mse: 0.000129]
      [extreme_source:59->target61] [Epoch 80/200] [loss_mse: 0.006283]
      [extreme_source:59->target61] [Epoch 100/200] [loss_mse: 0.000748]
      [extreme_source:59->target61] [Epoch 120/200] [loss_mse: 0.001100]
      [extreme_source:59->target61] [Epoch 140/200] [loss_mse: 0.003116]
      [extreme_source:59->target61] [Epoch 160/200] [loss_mse: 0.002728]
      [extreme_source:59->target61] [Epoch 180/200] [loss_mse: 0.004135]
      [extreme_source:59->target61] [Epoch 200/200] [loss_mse: 0.000262]
  收敛检测[few_shot:extreme_source_station59_to_61_class0]: 已收敛 @ epoch 13 (best_epoch=8, best_loss=0.000060, final_loss=0.000262)
  收敛检测[few_shot:few_shot]: 未收敛 (best_epoch=1, best_loss=0.131571, final_loss=0.131571)
  收敛检测[few_shot:few_shot]: 未收敛 (best_epoch=1, best_loss=0.299007, final_loss=0.299007)
  收敛检测[few_shot:few_shot]: 未收敛 (best_epoch=1, best_loss=0.205092, final_loss=0.205092)
  收敛检测[few_shot:few_shot]: 未收敛 (best_epoch=1, best_loss=0.150408, final_loss=0.150408)
    [screen:extreme_source] source_station=60 -> target_station=61, candidate=5, gated=4, effective=0
  收敛检测[few_shot:few_shot]: 未收敛 (best_epoch=1, best_loss=0.330633, final_loss=0.330633)
  收敛检测[few_shot:few_shot]: 未收敛 (best_epoch=1, best_loss=0.300325, final_loss=0.300325)
  收敛检测[few_shot:few_shot]: 未收敛 (best_epoch=1, best_loss=0.192935, final_loss=0.192935)
  收敛检测[few_shot:few_shot]: 未收敛 (best_epoch=1, best_loss=0.128207, final_loss=0.128207)
  收敛检测[few_shot:few_shot]: 未收敛 (best_epoch=1, best_loss=0.006798, final_loss=0.006798)
  收敛检测[few_shot:few_shot]: 未收敛 (best_epoch=1, best_loss=0.313612, final_loss=0.313612)
    [screen:extreme_source] source_station=62 -> target_station=61, candidate=7, gated=6, effective=1
      [extreme_source:62->target61] [Epoch 1/200] [loss_mse: 0.001648]
      [extreme_source:62->target61] [Epoch 2/200] [loss_mse: 0.000648]
      [extreme_source:62->target61] [Epoch 3/200] [loss_mse: 0.001159]
      [extreme_source:62->target61] [Epoch 4/200] [loss_mse: 0.000679]
      [extreme_source:62->target61] [Epoch 5/200] [loss_mse: 0.005930]
      [extreme_source:62->target61] [Epoch 6/200] [loss_mse: 0.011171]
  收敛检测[few_shot:extreme_source_station62_to_61_class0]: 首次达到收敛条件 @ epoch 7 (best_epoch=2, best_loss=0.000648, final_loss=0.002025)
      [extreme_source:62->target61] [Epoch 7/200] [loss_mse: 0.002025]
      [extreme_source:62->target61] [Epoch 8/200] [loss_mse: 0.001608]
      [extreme_source:62->target61] [Epoch 9/200] [loss_mse: 0.001214]
      [extreme_source:62->target61] [Epoch 10/200] [loss_mse: 0.001164]
  收敛检测[few_shot:extreme_source_station62_to_61_class0]: 首次达到收敛条件 @ epoch 17 (best_epoch=12, best_loss=0.000049, final_loss=0.000887)
      [extreme_source:62->target61] [Epoch 20/200] [loss_mse: 0.008853]
      [extreme_source:62->target61] [Epoch 40/200] [loss_mse: 0.000425]
      [extreme_source:62->target61] [Epoch 60/200] [loss_mse: 0.001209]
      [extreme_source:62->target61] [Epoch 80/200] [loss_mse: 0.003117]
      [extreme_source:62->target61] [Epoch 100/200] [loss_mse: 0.000810]
      [extreme_source:62->target61] [Epoch 120/200] [loss_mse: 0.000317]
      [extreme_source:62->target61] [Epoch 140/200] [loss_mse: 0.000150]
      [extreme_source:62->target61] [Epoch 160/200] [loss_mse: 0.000169]
      [extreme_source:62->target61] [Epoch 180/200] [loss_mse: 0.001060]
      [extreme_source:62->target61] [Epoch 200/200] [loss_mse: 0.001446]
  收敛检测[few_shot:extreme_source_station62_to_61_class0]: 已收敛 @ epoch 17 (best_epoch=12, best_loss=0.000049, final_loss=0.001446)
  收敛检测[few_shot:few_shot]: 未收敛 (best_epoch=1, best_loss=0.101751, final_loss=0.101751)
  收敛检测[few_shot:few_shot]: 未收敛 (best_epoch=1, best_loss=0.353661, final_loss=0.353661)
  收敛检测[few_shot:few_shot]: 未收敛 (best_epoch=1, best_loss=0.256483, final_loss=0.256483)
  收敛检测[few_shot:few_shot]: 未收敛 (best_epoch=1, best_loss=0.205820, final_loss=0.205820)
    [screen:extreme_source] source_station=63 -> target_station=61, candidate=5, gated=4, effective=0
      [Extreme-FedAvg:target_refine] [Epoch 1/200] [loss_mse: 0.179235]
      [Extreme-FedAvg:target_refine] [Epoch 2/200] [loss_mse: 0.180816]
      [Extreme-FedAvg:target_refine] [Epoch 3/200] [loss_mse: 0.174044]
      [Extreme-FedAvg:target_refine] [Epoch 4/200] [loss_mse: 0.182185]
      [Extreme-FedAvg:target_refine] [Epoch 5/200] [loss_mse: 0.168182]
      [Extreme-FedAvg:target_refine] [Epoch 6/200] [loss_mse: 0.175306]
      [Extreme-FedAvg:target_refine] [Epoch 7/200] [loss_mse: 0.171808]
      [Extreme-FedAvg:target_refine] [Epoch 8/200] [loss_mse: 0.173944]
      [Extreme-FedAvg:target_refine] [Epoch 9/200] [loss_mse: 0.172076]
  收敛检测[few_shot:extreme_fedavg_station61_class0]: 首次达到收敛条件 @ epoch 10 (best_epoch=5, best_loss=0.168182, final_loss=0.174595)
      [Extreme-FedAvg:target_refine] [Epoch 10/200] [loss_mse: 0.174595]
  收敛检测[few_shot:extreme_fedavg_station61_class0]: 首次达到收敛条件 @ epoch 16 (best_epoch=11, best_loss=0.162965, final_loss=0.169887)
      [Extreme-FedAvg:target_refine] [Epoch 20/200] [loss_mse: 0.174881]
      [Extreme-FedAvg:target_refine] [Epoch 40/200] [loss_mse: 0.181917]
      [Extreme-FedAvg:target_refine] [Epoch 60/200] [loss_mse: 0.177089]
      [Extreme-FedAvg:target_refine] [Epoch 80/200] [loss_mse: 0.178484]
      [Extreme-FedAvg:target_refine] [Epoch 100/200] [loss_mse: 0.177404]
      [Extreme-FedAvg:target_refine] [Epoch 120/200] [loss_mse: 0.173270]
      [Extreme-FedAvg:target_refine] [Epoch 140/200] [loss_mse: 0.180374]
      [Extreme-FedAvg:target_refine] [Epoch 160/200] [loss_mse: 0.173359]
      [Extreme-FedAvg:target_refine] [Epoch 180/200] [loss_mse: 0.171130]
  收敛检测[few_shot:extreme_fedavg_station61_class0]: 首次达到收敛条件 @ epoch 182 (best_epoch=177, best_loss=0.161384, final_loss=0.178398)
      [Extreme-FedAvg:target_refine] [Epoch 200/200] [loss_mse: 0.172980]
  收敛检测[few_shot:extreme_fedavg_station61_class0]: 已收敛 @ epoch 182 (best_epoch=177, best_loss=0.161384, final_loss=0.172980)
    ✓ 保存(Extreme-FedAvg): artifacts/2h6p_six_station/fed-normal-meta-5k/models/model_fore_station61_extreme0_extreme_fedavg.pth weights={'61': 0.25, '58': 0.25, '59': 0.25, '62': 0.25}
      [Proposed-A:self_update] [Epoch 1/200] [loss_mse: 0.173446]
      [Proposed-A:self_update] [Epoch 2/200] [loss_mse: 0.172737]
      [Proposed-A:self_update] [Epoch 3/200] [loss_mse: 0.179968]
      [Proposed-A:self_update] [Epoch 4/200] [loss_mse: 0.185033]
      [Proposed-A:self_update] [Epoch 5/200] [loss_mse: 0.178667]
      [Proposed-A:self_update] [Epoch 6/200] [loss_mse: 0.182745]
  收敛检测[few_shot:proposed_self_station61_class0]: 首次达到收敛条件 @ epoch 7 (best_epoch=2, best_loss=0.172737, final_loss=0.173314)
      [Proposed-A:self_update] [Epoch 7/200] [loss_mse: 0.173314]
      [Proposed-A:self_update] [Epoch 8/200] [loss_mse: 0.182090]
      [Proposed-A:self_update] [Epoch 9/200] [loss_mse: 0.174848]
      [Proposed-A:self_update] [Epoch 10/200] [loss_mse: 0.176429]
      [Proposed-A:self_update] [Epoch 20/200] [loss_mse: 0.178704]
  收敛检测[few_shot:proposed_self_station61_class0]: 首次达到收敛条件 @ epoch 21 (best_epoch=16, best_loss=0.166671, final_loss=0.176864)
      [Proposed-A:self_update] [Epoch 40/200] [loss_mse: 0.179808]
      [Proposed-A:self_update] [Epoch 60/200] [loss_mse: 0.168707]
      [Proposed-A:self_update] [Epoch 80/200] [loss_mse: 0.163815]
  收敛检测[few_shot:proposed_self_station61_class0]: 首次达到收敛条件 @ epoch 85 (best_epoch=80, best_loss=0.163815, final_loss=0.171681)
      [Proposed-A:self_update] [Epoch 100/200] [loss_mse: 0.172860]
  收敛检测[few_shot:proposed_self_station61_class0]: 首次达到收敛条件 @ epoch 111 (best_epoch=106, best_loss=0.162949, final_loss=0.171860)
      [Proposed-A:self_update] [Epoch 120/200] [loss_mse: 0.184490]
      [Proposed-A:self_update] [Epoch 140/200] [loss_mse: 0.167034]
      [Proposed-A:self_update] [Epoch 160/200] [loss_mse: 0.180285]
      [Proposed-A:self_update] [Epoch 180/200] [loss_mse: 0.182512]
      [Proposed-A:self_update] [Epoch 200/200] [loss_mse: 0.173628]
  收敛检测[few_shot:proposed_self_station61_class0]: 已收敛 @ epoch 111 (best_epoch=106, best_loss=0.162949, final_loss=0.173628)
  收敛检测[few_shot:few_shot]: 未收敛 (best_epoch=1, best_loss=0.174244, final_loss=0.174244)
  收敛检测[few_shot:few_shot]: 未收敛 (best_epoch=1, best_loss=0.286329, final_loss=0.286329)
  收敛检测[few_shot:few_shot]: 未收敛 (best_epoch=1, best_loss=0.146392, final_loss=0.146392)
  收敛检测[few_shot:few_shot]: 未收敛 (best_epoch=1, best_loss=0.152000, final_loss=0.152000)
  收敛检测[few_shot:few_shot]: 未收敛 (best_epoch=1, best_loss=0.126218, final_loss=0.126218)
  收敛检测[few_shot:few_shot]: 未收敛 (best_epoch=1, best_loss=0.064975, final_loss=0.064975)
  收敛检测[few_shot:few_shot]: 未收敛 (best_epoch=1, best_loss=0.066432, final_loss=0.066432)
    [screen:proposed_source] source_station=58 -> target_station=61, candidate=8, gated=7, effective=5
      [proposed_source:58->target61] [Epoch 1/200] [loss_mse: 0.119473]
      [proposed_source:58->target61] [Epoch 2/200] [loss_mse: 0.101725]
      [proposed_source:58->target61] [Epoch 3/200] [loss_mse: 0.101244]
      [proposed_source:58->target61] [Epoch 4/200] [loss_mse: 0.097494]
      [proposed_source:58->target61] [Epoch 5/200] [loss_mse: 0.088360]
      [proposed_source:58->target61] [Epoch 6/200] [loss_mse: 0.088384]
      [proposed_source:58->target61] [Epoch 7/200] [loss_mse: 0.076110]
      [proposed_source:58->target61] [Epoch 8/200] [loss_mse: 0.072984]
      [proposed_source:58->target61] [Epoch 9/200] [loss_mse: 0.064501]
      [proposed_source:58->target61] [Epoch 10/200] [loss_mse: 0.062006]
      [proposed_source:58->target61] [Epoch 20/200] [loss_mse: 0.030385]
      [proposed_source:58->target61] [Epoch 40/200] [loss_mse: 0.008458]
  收敛检测[few_shot:proposed_source_station58_to_61_class0]: 首次达到收敛条件 @ epoch 54 (best_epoch=49, best_loss=0.005001, final_loss=0.005663)
      [proposed_source:58->target61] [Epoch 60/200] [loss_mse: 0.004856]
  收敛检测[few_shot:proposed_source_station58_to_61_class0]: 首次达到收敛条件 @ epoch 66 (best_epoch=61, best_loss=0.004068, final_loss=0.004782)
      [proposed_source:58->target61] [Epoch 80/200] [loss_mse: 0.005440]
  收敛检测[few_shot:proposed_source_station58_to_61_class0]: 首次达到收敛条件 @ epoch 95 (best_epoch=90, best_loss=0.003879, final_loss=0.004640)
      [proposed_source:58->target61] [Epoch 100/200] [loss_mse: 0.003630]
  收敛检测[few_shot:proposed_source_station58_to_61_class0]: 首次达到收敛条件 @ epoch 105 (best_epoch=100, best_loss=0.003630, final_loss=0.004645)
      [proposed_source:58->target61] [Epoch 120/200] [loss_mse: 0.004829]
      [proposed_source:58->target61] [Epoch 140/200] [loss_mse: 0.003535]
  收敛检测[few_shot:proposed_source_station58_to_61_class0]: 首次达到收敛条件 @ epoch 155 (best_epoch=150, best_loss=0.003307, final_loss=0.003955)
      [proposed_source:58->target61] [Epoch 160/200] [loss_mse: 0.004348]
      [proposed_source:58->target61] [Epoch 180/200] [loss_mse: 0.003950]
      [proposed_source:58->target61] [Epoch 200/200] [loss_mse: 0.004091]
  收敛检测[few_shot:proposed_source_station58_to_61_class0]: 已收敛 @ epoch 155 (best_epoch=150, best_loss=0.003307, final_loss=0.004091)
  收敛检测[few_shot:few_shot]: 未收敛 (best_epoch=1, best_loss=0.348931, final_loss=0.348931)
  收敛检测[few_shot:few_shot]: 未收敛 (best_epoch=1, best_loss=0.305339, final_loss=0.305339)
  收敛检测[few_shot:few_shot]: 未收敛 (best_epoch=1, best_loss=0.276630, final_loss=0.276630)
  收敛检测[few_shot:few_shot]: 未收敛 (best_epoch=1, best_loss=0.106090, final_loss=0.106090)
  收敛检测[few_shot:few_shot]: 未收敛 (best_epoch=1, best_loss=0.007474, final_loss=0.007474)
  收敛检测[few_shot:few_shot]: 未收敛 (best_epoch=1, best_loss=0.304670, final_loss=0.304670)
    [screen:proposed_source] source_station=59 -> target_station=61, candidate=7, gated=6, effective=1
      [proposed_source:59->target61] [Epoch 1/200] [loss_mse: 0.008110]
      [proposed_source:59->target61] [Epoch 2/200] [loss_mse: 0.002358]
      [proposed_source:59->target61] [Epoch 3/200] [loss_mse: 0.005626]
      [proposed_source:59->target61] [Epoch 4/200] [loss_mse: 0.013830]
      [proposed_source:59->target61] [Epoch 5/200] [loss_mse: 0.000503]
      [proposed_source:59->target61] [Epoch 6/200] [loss_mse: 0.006696]
      [proposed_source:59->target61] [Epoch 7/200] [loss_mse: 0.003991]
      [proposed_source:59->target61] [Epoch 8/200] [loss_mse: 0.007075]
      [proposed_source:59->target61] [Epoch 9/200] [loss_mse: 0.001985]
  收敛检测[few_shot:proposed_source_station59_to_61_class0]: 首次达到收敛条件 @ epoch 10 (best_epoch=5, best_loss=0.000503, final_loss=0.002515)
      [proposed_source:59->target61] [Epoch 10/200] [loss_mse: 0.002515]
  收敛检测[few_shot:proposed_source_station59_to_61_class0]: 首次达到收敛条件 @ epoch 18 (best_epoch=13, best_loss=0.000123, final_loss=0.002608)
      [proposed_source:59->target61] [Epoch 20/200] [loss_mse: 0.003813]
      [proposed_source:59->target61] [Epoch 40/200] [loss_mse: 0.003772]
  收敛检测[few_shot:proposed_source_station59_to_61_class0]: 首次达到收敛条件 @ epoch 58 (best_epoch=53, best_loss=0.000017, final_loss=0.001001)
      [proposed_source:59->target61] [Epoch 60/200] [loss_mse: 0.005589]
      [proposed_source:59->target61] [Epoch 80/200] [loss_mse: 0.004863]
      [proposed_source:59->target61] [Epoch 100/200] [loss_mse: 0.002307]
      [proposed_source:59->target61] [Epoch 120/200] [loss_mse: 0.001987]
      [proposed_source:59->target61] [Epoch 140/200] [loss_mse: 0.000659]
      [proposed_source:59->target61] [Epoch 160/200] [loss_mse: 0.000143]
      [proposed_source:59->target61] [Epoch 180/200] [loss_mse: 0.001880]
      [proposed_source:59->target61] [Epoch 200/200] [loss_mse: 0.000496]
  收敛检测[few_shot:proposed_source_station59_to_61_class0]: 已收敛 @ epoch 58 (best_epoch=53, best_loss=0.000017, final_loss=0.000496)
  收敛检测[few_shot:few_shot]: 未收敛 (best_epoch=1, best_loss=0.107112, final_loss=0.107112)
  收敛检测[few_shot:few_shot]: 未收敛 (best_epoch=1, best_loss=0.316070, final_loss=0.316070)
  收敛检测[few_shot:few_shot]: 未收敛 (best_epoch=1, best_loss=0.249861, final_loss=0.249861)
  收敛检测[few_shot:few_shot]: 未收敛 (best_epoch=1, best_loss=0.163888, final_loss=0.163888)
    [screen:proposed_source] source_station=60 -> target_station=61, candidate=5, gated=4, effective=0
  收敛检测[few_shot:few_shot]: 未收敛 (best_epoch=1, best_loss=0.334080, final_loss=0.334080)
  收敛检测[few_shot:few_shot]: 未收敛 (best_epoch=1, best_loss=0.330520, final_loss=0.330520)
  收敛检测[few_shot:few_shot]: 未收敛 (best_epoch=1, best_loss=0.229336, final_loss=0.229336)
  收敛检测[few_shot:few_shot]: 未收敛 (best_epoch=1, best_loss=0.122791, final_loss=0.122791)
  收敛检测[few_shot:few_shot]: 未收敛 (best_epoch=1, best_loss=0.002010, final_loss=0.002010)
  收敛检测[few_shot:few_shot]: 未收敛 (best_epoch=1, best_loss=0.270648, final_loss=0.270648)
    [screen:proposed_source] source_station=62 -> target_station=61, candidate=7, gated=6, effective=1
      [proposed_source:62->target61] [Epoch 1/200] [loss_mse: 0.005433]
      [proposed_source:62->target61] [Epoch 2/200] [loss_mse: 0.015719]
      [proposed_source:62->target61] [Epoch 3/200] [loss_mse: 0.001375]
      [proposed_source:62->target61] [Epoch 4/200] [loss_mse: 0.000521]
      [proposed_source:62->target61] [Epoch 5/200] [loss_mse: 0.007653]
      [proposed_source:62->target61] [Epoch 6/200] [loss_mse: 0.001817]
      [proposed_source:62->target61] [Epoch 7/200] [loss_mse: 0.002507]
      [proposed_source:62->target61] [Epoch 8/200] [loss_mse: 0.000416]
      [proposed_source:62->target61] [Epoch 9/200] [loss_mse: 0.001091]
      [proposed_source:62->target61] [Epoch 10/200] [loss_mse: 0.002833]
  收敛检测[few_shot:proposed_source_station62_to_61_class0]: 首次达到收敛条件 @ epoch 13 (best_epoch=8, best_loss=0.000416, final_loss=0.007123)
  收敛检测[few_shot:proposed_source_station62_to_61_class0]: 首次达到收敛条件 @ epoch 19 (best_epoch=14, best_loss=0.000173, final_loss=0.000920)
      [proposed_source:62->target61] [Epoch 20/200] [loss_mse: 0.001412]
  收敛检测[few_shot:proposed_source_station62_to_61_class0]: 首次达到收敛条件 @ epoch 27 (best_epoch=22, best_loss=0.000025, final_loss=0.001518)
      [proposed_source:62->target61] [Epoch 40/200] [loss_mse: 0.000277]
      [proposed_source:62->target61] [Epoch 60/200] [loss_mse: 0.000010]
      [proposed_source:62->target61] [Epoch 80/200] [loss_mse: 0.001631]
      [proposed_source:62->target61] [Epoch 100/200] [loss_mse: 0.000961]
      [proposed_source:62->target61] [Epoch 120/200] [loss_mse: 0.000384]
      [proposed_source:62->target61] [Epoch 140/200] [loss_mse: 0.002142]
      [proposed_source:62->target61] [Epoch 160/200] [loss_mse: 0.000270]
      [proposed_source:62->target61] [Epoch 180/200] [loss_mse: 0.003330]
      [proposed_source:62->target61] [Epoch 200/200] [loss_mse: 0.003178]
  收敛检测[few_shot:proposed_source_station62_to_61_class0]: 已收敛 @ epoch 27 (best_epoch=22, best_loss=0.000025, final_loss=0.003178)
  收敛检测[few_shot:few_shot]: 未收敛 (best_epoch=1, best_loss=0.118918, final_loss=0.118918)
  收敛检测[few_shot:few_shot]: 未收敛 (best_epoch=1, best_loss=0.363128, final_loss=0.363128)
  收敛检测[few_shot:few_shot]: 未收敛 (best_epoch=1, best_loss=0.277591, final_loss=0.277591)
  收敛检测[few_shot:few_shot]: 未收敛 (best_epoch=1, best_loss=0.214708, final_loss=0.214708)
    [screen:proposed_source] source_station=63 -> target_station=61, candidate=5, gated=4, effective=0
      [Proposed-A:target_refine] [Epoch 1/200] [loss_mse: 0.180367]
      [Proposed-A:target_refine] [Epoch 2/200] [loss_mse: 0.186992]
      [Proposed-A:target_refine] [Epoch 3/200] [loss_mse: 0.181226]
      [Proposed-A:target_refine] [Epoch 4/200] [loss_mse: 0.179114]
      [Proposed-A:target_refine] [Epoch 5/200] [loss_mse: 0.186418]
      [Proposed-A:target_refine] [Epoch 6/200] [loss_mse: 0.177551]
      [Proposed-A:target_refine] [Epoch 7/200] [loss_mse: 0.176654]
      [Proposed-A:target_refine] [Epoch 8/200] [loss_mse: 0.175055]
      [Proposed-A:target_refine] [Epoch 9/200] [loss_mse: 0.175657]
      [Proposed-A:target_refine] [Epoch 10/200] [loss_mse: 0.174898]
  收敛检测[few_shot:proposed_a_station61_class0]: 首次达到收敛条件 @ epoch 19 (best_epoch=14, best_loss=0.168925, final_loss=0.172972)
      [Proposed-A:target_refine] [Epoch 20/200] [loss_mse: 0.171384]
  收敛检测[few_shot:proposed_a_station61_class0]: 首次达到收敛条件 @ epoch 29 (best_epoch=24, best_loss=0.168603, final_loss=0.179395)
      [Proposed-A:target_refine] [Epoch 40/200] [loss_mse: 0.175600]
  收敛检测[few_shot:proposed_a_station61_class0]: 首次达到收敛条件 @ epoch 47 (best_epoch=42, best_loss=0.165703, final_loss=0.173267)
      [Proposed-A:target_refine] [Epoch 60/200] [loss_mse: 0.177824]
  收敛检测[few_shot:proposed_a_station61_class0]: 首次达到收敛条件 @ epoch 72 (best_epoch=67, best_loss=0.164874, final_loss=0.172655)
      [Proposed-A:target_refine] [Epoch 80/200] [loss_mse: 0.180482]
  收敛检测[few_shot:proposed_a_station61_class0]: 首次达到收敛条件 @ epoch 84 (best_epoch=79, best_loss=0.164658, final_loss=0.179458)
      [Proposed-A:target_refine] [Epoch 100/200] [loss_mse: 0.175579]
  收敛检测[few_shot:proposed_a_station61_class0]: 首次达到收敛条件 @ epoch 118 (best_epoch=113, best_loss=0.163014, final_loss=0.173137)
      [Proposed-A:target_refine] [Epoch 120/200] [loss_mse: 0.168621]
      [Proposed-A:target_refine] [Epoch 140/200] [loss_mse: 0.169168]
      [Proposed-A:target_refine] [Epoch 160/200] [loss_mse: 0.186190]
      [Proposed-A:target_refine] [Epoch 180/200] [loss_mse: 0.173633]
      [Proposed-A:target_refine] [Epoch 200/200] [loss_mse: 0.173204]
  收敛检测[few_shot:proposed_a_station61_class0]: 已收敛 @ epoch 118 (best_epoch=113, best_loss=0.163014, final_loss=0.173204)
    ✓ 保存(Proposed-A): artifacts/2h6p_six_station/fed-normal-meta-5k/models/model_fore_station61_extreme0_proposed_a.pth weights={'61': 0.5, '58': 0.2707907718153752, '59': 0.11477696952745965, '62': 0.11443225865716512}

  极端天气类别 2:
    样本数: 1
    训练轮数: 200, few-shot loss=MSE
    adapt/val: 1 / 1
      [LMT] [Epoch 1/200] [loss_mse: 0.014011]
      [LMT] [Epoch 2/200] [loss_mse: 0.004597]
      [LMT] [Epoch 3/200] [loss_mse: 0.005341]
      [LMT] [Epoch 4/200] [loss_mse: 0.034457]
      [LMT] [Epoch 5/200] [loss_mse: 0.005584]
      [LMT] [Epoch 6/200] [loss_mse: 0.006738]
  收敛检测[few_shot:lmt_station61_class1]: 首次达到收敛条件 @ epoch 7 (best_epoch=2, best_loss=0.004597, final_loss=0.024007)
      [LMT] [Epoch 7/200] [loss_mse: 0.024007]
      [LMT] [Epoch 8/200] [loss_mse: 0.013607]
      [LMT] [Epoch 9/200] [loss_mse: 0.001355]
      [LMT] [Epoch 10/200] [loss_mse: 0.002640]
  收敛检测[few_shot:lmt_station61_class1]: 首次达到收敛条件 @ epoch 14 (best_epoch=9, best_loss=0.001355, final_loss=0.006406)
      [LMT] [Epoch 20/200] [loss_mse: 0.000379]
  收敛检测[few_shot:lmt_station61_class1]: 首次达到收敛条件 @ epoch 25 (best_epoch=20, best_loss=0.000379, final_loss=0.040526)
      [LMT] [Epoch 40/200] [loss_mse: 0.032405]
  收敛检测[few_shot:lmt_station61_class1]: 首次达到收敛条件 @ epoch 51 (best_epoch=46, best_loss=0.000097, final_loss=0.000569)
      [LMT] [Epoch 60/200] [loss_mse: 0.001820]
      [LMT] [Epoch 80/200] [loss_mse: 0.000107]
      [LMT] [Epoch 100/200] [loss_mse: 0.002904]
      [LMT] [Epoch 120/200] [loss_mse: 0.000541]
      [LMT] [Epoch 140/200] [loss_mse: 0.000850]
      [LMT] [Epoch 160/200] [loss_mse: 0.001135]
      [LMT] [Epoch 180/200] [loss_mse: 0.001011]
      [LMT] [Epoch 200/200] [loss_mse: 0.001594]
  收敛检测[few_shot:lmt_station61_class1]: 已收敛 @ epoch 51 (best_epoch=46, best_loss=0.000097, final_loss=0.001594)
    ✓ 保存(LMT): artifacts/2h6p_six_station/fed-normal-meta-5k/models/model_fore_station61_extreme1.pth
  收敛检测[few_shot:few_shot]: 未收敛 (best_epoch=1, best_loss=0.035537, final_loss=0.035537)
    [screen:extreme_source] source_station=58 -> target_station=61, candidate=1, gated=1, effective=1
      [extreme_source:58->target61] [Epoch 1/200] [loss_mse: 0.025686]
      [extreme_source:58->target61] [Epoch 2/200] [loss_mse: 0.012231]
      [extreme_source:58->target61] [Epoch 3/200] [loss_mse: 0.017704]
      [extreme_source:58->target61] [Epoch 4/200] [loss_mse: 0.017733]
      [extreme_source:58->target61] [Epoch 5/200] [loss_mse: 0.025214]
      [extreme_source:58->target61] [Epoch 6/200] [loss_mse: 0.019122]
  收敛检测[few_shot:extreme_source_station58_to_61_class1]: 首次达到收敛条件 @ epoch 7 (best_epoch=2, best_loss=0.012231, final_loss=0.016235)
      [extreme_source:58->target61] [Epoch 7/200] [loss_mse: 0.016235]
      [extreme_source:58->target61] [Epoch 8/200] [loss_mse: 0.009488]
      [extreme_source:58->target61] [Epoch 9/200] [loss_mse: 0.032123]
      [extreme_source:58->target61] [Epoch 10/200] [loss_mse: 0.003088]
  收敛检测[few_shot:extreme_source_station58_to_61_class1]: 首次达到收敛条件 @ epoch 15 (best_epoch=10, best_loss=0.003088, final_loss=0.009985)
      [extreme_source:58->target61] [Epoch 20/200] [loss_mse: 0.017710]
  收敛检测[few_shot:extreme_source_station58_to_61_class1]: 首次达到收敛条件 @ epoch 27 (best_epoch=22, best_loss=0.000784, final_loss=0.012194)
      [extreme_source:58->target61] [Epoch 40/200] [loss_mse: 0.003558]
  收敛检测[few_shot:extreme_source_station58_to_61_class1]: 首次达到收敛条件 @ epoch 41 (best_epoch=36, best_loss=0.000462, final_loss=0.002439)
      [extreme_source:58->target61] [Epoch 60/200] [loss_mse: 0.002579]
      [extreme_source:58->target61] [Epoch 80/200] [loss_mse: 0.016578]
      [extreme_source:58->target61] [Epoch 100/200] [loss_mse: 0.005799]
      [extreme_source:58->target61] [Epoch 120/200] [loss_mse: 0.007368]
      [extreme_source:58->target61] [Epoch 140/200] [loss_mse: 0.012066]
      [extreme_source:58->target61] [Epoch 160/200] [loss_mse: 0.009038]
  收敛检测[few_shot:extreme_source_station58_to_61_class1]: 首次达到收敛条件 @ epoch 164 (best_epoch=159, best_loss=0.000120, final_loss=0.009303)
      [extreme_source:58->target61] [Epoch 180/200] [loss_mse: 0.012280]
      [extreme_source:58->target61] [Epoch 200/200] [loss_mse: 0.012111]
  收敛检测[few_shot:extreme_source_station58_to_61_class1]: 已收敛 @ epoch 164 (best_epoch=159, best_loss=0.000120, final_loss=0.012111)
  收敛检测[few_shot:few_shot]: 未收敛 (best_epoch=1, best_loss=0.045209, final_loss=0.045209)
  收敛检测[few_shot:few_shot]: 未收敛 (best_epoch=1, best_loss=0.033159, final_loss=0.033159)
  收敛检测[few_shot:few_shot]: 未收敛 (best_epoch=1, best_loss=0.070226, final_loss=0.070226)
  收敛检测[few_shot:few_shot]: 未收敛 (best_epoch=1, best_loss=0.031712, final_loss=0.031712)
    [screen:extreme_source] source_station=59 -> target_station=61, candidate=4, gated=4, effective=1
      [extreme_source:59->target61] [Epoch 1/200] [loss_mse: 0.083614]
      [extreme_source:59->target61] [Epoch 2/200] [loss_mse: 0.057980]
      [extreme_source:59->target61] [Epoch 3/200] [loss_mse: 0.071958]
      [extreme_source:59->target61] [Epoch 4/200] [loss_mse: 0.061296]
      [extreme_source:59->target61] [Epoch 5/200] [loss_mse: 0.066114]
      [extreme_source:59->target61] [Epoch 6/200] [loss_mse: 0.067379]
  收敛检测[few_shot:extreme_source_station59_to_61_class1]: 首次达到收敛条件 @ epoch 7 (best_epoch=2, best_loss=0.057980, final_loss=0.065357)
      [extreme_source:59->target61] [Epoch 7/200] [loss_mse: 0.065357]
      [extreme_source:59->target61] [Epoch 8/200] [loss_mse: 0.055083]
      [extreme_source:59->target61] [Epoch 9/200] [loss_mse: 0.058499]
      [extreme_source:59->target61] [Epoch 10/200] [loss_mse: 0.046941]
      [extreme_source:59->target61] [Epoch 20/200] [loss_mse: 0.028192]
  收敛检测[few_shot:extreme_source_station59_to_61_class1]: 首次达到收敛条件 @ epoch 27 (best_epoch=22, best_loss=0.022218, final_loss=0.026648)
  收敛检测[few_shot:extreme_source_station59_to_61_class1]: 首次达到收敛条件 @ epoch 35 (best_epoch=30, best_loss=0.015257, final_loss=0.021646)
      [extreme_source:59->target61] [Epoch 40/200] [loss_mse: 0.009193]
  收敛检测[few_shot:extreme_source_station59_to_61_class1]: 首次达到收敛条件 @ epoch 60 (best_epoch=55, best_loss=0.003201, final_loss=0.003330)
      [extreme_source:59->target61] [Epoch 60/200] [loss_mse: 0.003330]
      [extreme_source:59->target61] [Epoch 80/200] [loss_mse: 0.001287]
  收敛检测[few_shot:extreme_source_station59_to_61_class1]: 首次达到收敛条件 @ epoch 82 (best_epoch=77, best_loss=0.000475, final_loss=0.000818)
      [extreme_source:59->target61] [Epoch 100/200] [loss_mse: 0.001512]
  收敛检测[few_shot:extreme_source_station59_to_61_class1]: 首次达到收敛条件 @ epoch 102 (best_epoch=97, best_loss=0.000116, final_loss=0.000124)
      [extreme_source:59->target61] [Epoch 120/200] [loss_mse: 0.000742]
      [extreme_source:59->target61] [Epoch 140/200] [loss_mse: 0.000331]
      [extreme_source:59->target61] [Epoch 160/200] [loss_mse: 0.000057]
      [extreme_source:59->target61] [Epoch 180/200] [loss_mse: 0.001257]
  收敛检测[few_shot:extreme_source_station59_to_61_class1]: 首次达到收敛条件 @ epoch 183 (best_epoch=178, best_loss=0.000003, final_loss=0.000325)
      [extreme_source:59->target61] [Epoch 200/200] [loss_mse: 0.001348]
  收敛检测[few_shot:extreme_source_station59_to_61_class1]: 已收敛 @ epoch 183 (best_epoch=178, best_loss=0.000003, final_loss=0.001348)
  收敛检测[few_shot:few_shot]: 未收敛 (best_epoch=1, best_loss=0.021296, final_loss=0.021296)
  收敛检测[few_shot:few_shot]: 未收敛 (best_epoch=1, best_loss=0.062989, final_loss=0.062989)
  收敛检测[few_shot:few_shot]: 未收敛 (best_epoch=1, best_loss=0.034559, final_loss=0.034559)
    [screen:extreme_source] source_station=60 -> target_station=61, candidate=3, gated=3, effective=1
      [extreme_source:60->target61] [Epoch 1/200] [loss_mse: 0.046504]
      [extreme_source:60->target61] [Epoch 2/200] [loss_mse: 0.047826]
      [extreme_source:60->target61] [Epoch 3/200] [loss_mse: 0.037676]
      [extreme_source:60->target61] [Epoch 4/200] [loss_mse: 0.045118]
      [extreme_source:60->target61] [Epoch 5/200] [loss_mse: 0.052077]
      [extreme_source:60->target61] [Epoch 6/200] [loss_mse: 0.032799]
      [extreme_source:60->target61] [Epoch 7/200] [loss_mse: 0.044845]
      [extreme_source:60->target61] [Epoch 8/200] [loss_mse: 0.035063]
      [extreme_source:60->target61] [Epoch 9/200] [loss_mse: 0.032982]
      [extreme_source:60->target61] [Epoch 10/200] [loss_mse: 0.023819]
  收敛检测[few_shot:extreme_source_station60_to_61_class1]: 首次达到收敛条件 @ epoch 19 (best_epoch=14, best_loss=0.013369, final_loss=0.018185)
      [extreme_source:60->target61] [Epoch 20/200] [loss_mse: 0.017520]
  收敛检测[few_shot:extreme_source_station60_to_61_class1]: 首次达到收敛条件 @ epoch 34 (best_epoch=29, best_loss=0.004697, final_loss=0.006390)
      [extreme_source:60->target61] [Epoch 40/200] [loss_mse: 0.004043]
  收敛检测[few_shot:extreme_source_station60_to_61_class1]: 首次达到收敛条件 @ epoch 41 (best_epoch=36, best_loss=0.002824, final_loss=0.002930)
  收敛检测[few_shot:extreme_source_station60_to_61_class1]: 首次达到收敛条件 @ epoch 51 (best_epoch=46, best_loss=0.001200, final_loss=0.002028)
  收敛检测[few_shot:extreme_source_station60_to_61_class1]: 首次达到收敛条件 @ epoch 58 (best_epoch=53, best_loss=0.000519, final_loss=0.000648)
      [extreme_source:60->target61] [Epoch 60/200] [loss_mse: 0.001147]
  收敛检测[few_shot:extreme_source_station60_to_61_class1]: 首次达到收敛条件 @ epoch 72 (best_epoch=67, best_loss=0.000095, final_loss=0.000254)
      [extreme_source:60->target61] [Epoch 80/200] [loss_mse: 0.000016]
      [extreme_source:60->target61] [Epoch 100/200] [loss_mse: 0.000022]
      [extreme_source:60->target61] [Epoch 120/200] [loss_mse: 0.000428]
      [extreme_source:60->target61] [Epoch 140/200] [loss_mse: 0.000403]
      [extreme_source:60->target61] [Epoch 160/200] [loss_mse: 0.000510]
      [extreme_source:60->target61] [Epoch 180/200] [loss_mse: 0.000438]
      [extreme_source:60->target61] [Epoch 200/200] [loss_mse: 0.000487]
  收敛检测[few_shot:extreme_source_station60_to_61_class1]: 已收敛 @ epoch 72 (best_epoch=67, best_loss=0.000095, final_loss=0.000487)
  收敛检测[few_shot:few_shot]: 未收敛 (best_epoch=1, best_loss=0.060496, final_loss=0.060496)
  收敛检测[few_shot:few_shot]: 未收敛 (best_epoch=1, best_loss=0.059666, final_loss=0.059666)
  收敛检测[few_shot:few_shot]: 未收敛 (best_epoch=1, best_loss=0.048173, final_loss=0.048173)
  收敛检测[few_shot:few_shot]: 未收敛 (best_epoch=1, best_loss=0.031953, final_loss=0.031953)
    [screen:extreme_source] source_station=62 -> target_station=61, candidate=4, gated=4, effective=1
      [extreme_source:62->target61] [Epoch 1/200] [loss_mse: 0.089029]
      [extreme_source:62->target61] [Epoch 2/200] [loss_mse: 0.064472]
      [extreme_source:62->target61] [Epoch 3/200] [loss_mse: 0.078797]
      [extreme_source:62->target61] [Epoch 4/200] [loss_mse: 0.066627]
      [extreme_source:62->target61] [Epoch 5/200] [loss_mse: 0.076286]
      [extreme_source:62->target61] [Epoch 6/200] [loss_mse: 0.056115]
      [extreme_source:62->target61] [Epoch 7/200] [loss_mse: 0.058688]
      [extreme_source:62->target61] [Epoch 8/200] [loss_mse: 0.061367]
      [extreme_source:62->target61] [Epoch 9/200] [loss_mse: 0.062996]
      [extreme_source:62->target61] [Epoch 10/200] [loss_mse: 0.067005]
      [extreme_source:62->target61] [Epoch 20/200] [loss_mse: 0.039308]
  收敛检测[few_shot:extreme_source_station62_to_61_class1]: 首次达到收敛条件 @ epoch 21 (best_epoch=16, best_loss=0.030095, final_loss=0.033011)
      [extreme_source:62->target61] [Epoch 40/200] [loss_mse: 0.012963]
  收敛检测[few_shot:extreme_source_station62_to_61_class1]: 首次达到收敛条件 @ epoch 54 (best_epoch=49, best_loss=0.003952, final_loss=0.006631)
      [extreme_source:62->target61] [Epoch 60/200] [loss_mse: 0.005525]
  收敛检测[few_shot:extreme_source_station62_to_61_class1]: 首次达到收敛条件 @ epoch 62 (best_epoch=57, best_loss=0.002737, final_loss=0.003696)
  收敛检测[few_shot:extreme_source_station62_to_61_class1]: 首次达到收敛条件 @ epoch 69 (best_epoch=64, best_loss=0.001937, final_loss=0.001906)
  收敛检测[few_shot:extreme_source_station62_to_61_class1]: 首次达到收敛条件 @ epoch 77 (best_epoch=72, best_loss=0.001036, final_loss=0.002476)
      [extreme_source:62->target61] [Epoch 80/200] [loss_mse: 0.001891]
  收敛检测[few_shot:extreme_source_station62_to_61_class1]: 首次达到收敛条件 @ epoch 88 (best_epoch=83, best_loss=0.000683, final_loss=0.001456)
  收敛检测[few_shot:extreme_source_station62_to_61_class1]: 首次达到收敛条件 @ epoch 95 (best_epoch=90, best_loss=0.000331, final_loss=0.001603)
      [extreme_source:62->target61] [Epoch 100/200] [loss_mse: 0.001165]
  收敛检测[few_shot:extreme_source_station62_to_61_class1]: 首次达到收敛条件 @ epoch 109 (best_epoch=104, best_loss=0.000117, final_loss=0.000555)
      [extreme_source:62->target61] [Epoch 120/200] [loss_mse: 0.000403]
  收敛检测[few_shot:extreme_source_station62_to_61_class1]: 首次达到收敛条件 @ epoch 128 (best_epoch=123, best_loss=0.000013, final_loss=0.000529)
      [extreme_source:62->target61] [Epoch 140/200] [loss_mse: 0.000233]
      [extreme_source:62->target61] [Epoch 160/200] [loss_mse: 0.000047]
      [extreme_source:62->target61] [Epoch 180/200] [loss_mse: 0.000440]
      [extreme_source:62->target61] [Epoch 200/200] [loss_mse: 0.000188]
  收敛检测[few_shot:extreme_source_station62_to_61_class1]: 已收敛 @ epoch 128 (best_epoch=123, best_loss=0.000013, final_loss=0.000188)
  收敛检测[few_shot:few_shot]: 未收敛 (best_epoch=1, best_loss=0.029011, final_loss=0.029011)
  收敛检测[few_shot:few_shot]: 未收敛 (best_epoch=1, best_loss=0.072050, final_loss=0.072050)
  收敛检测[few_shot:few_shot]: 未收敛 (best_epoch=1, best_loss=0.010341, final_loss=0.010341)
    [screen:extreme_source] source_station=63 -> target_station=61, candidate=3, gated=3, effective=1
      [extreme_source:63->target61] [Epoch 1/200] [loss_mse: 0.036626]
      [extreme_source:63->target61] [Epoch 2/200] [loss_mse: 0.031585]
      [extreme_source:63->target61] [Epoch 3/200] [loss_mse: 0.058122]
      [extreme_source:63->target61] [Epoch 4/200] [loss_mse: 0.020064]
      [extreme_source:63->target61] [Epoch 5/200] [loss_mse: 0.043598]
      [extreme_source:63->target61] [Epoch 6/200] [loss_mse: 0.031460]
      [extreme_source:63->target61] [Epoch 7/200] [loss_mse: 0.030832]
      [extreme_source:63->target61] [Epoch 8/200] [loss_mse: 0.015221]
      [extreme_source:63->target61] [Epoch 9/200] [loss_mse: 0.022016]
      [extreme_source:63->target61] [Epoch 10/200] [loss_mse: 0.007643]
  收敛检测[few_shot:extreme_source_station63_to_61_class1]: 首次达到收敛条件 @ epoch 15 (best_epoch=10, best_loss=0.007643, final_loss=0.020346)
      [extreme_source:63->target61] [Epoch 20/200] [loss_mse: 0.014995]
  收敛检测[few_shot:extreme_source_station63_to_61_class1]: 首次达到收敛条件 @ epoch 23 (best_epoch=18, best_loss=0.006803, final_loss=0.017984)
  收敛检测[few_shot:extreme_source_station63_to_61_class1]: 首次达到收敛条件 @ epoch 35 (best_epoch=30, best_loss=0.005688, final_loss=0.013610)
      [extreme_source:63->target61] [Epoch 40/200] [loss_mse: 0.004007]
  收敛检测[few_shot:extreme_source_station63_to_61_class1]: 首次达到收敛条件 @ epoch 46 (best_epoch=41, best_loss=0.003387, final_loss=0.009197)
      [extreme_source:63->target61] [Epoch 60/200] [loss_mse: 0.006154]
      [extreme_source:63->target61] [Epoch 80/200] [loss_mse: 0.011704]
      [extreme_source:63->target61] [Epoch 100/200] [loss_mse: 0.009096]
      [extreme_source:63->target61] [Epoch 120/200] [loss_mse: 0.010599]
  收敛检测[few_shot:extreme_source_station63_to_61_class1]: 首次达到收敛条件 @ epoch 134 (best_epoch=129, best_loss=0.002568, final_loss=0.006074)
      [extreme_source:63->target61] [Epoch 140/200] [loss_mse: 0.005896]
      [extreme_source:63->target61] [Epoch 160/200] [loss_mse: 0.007905]
      [extreme_source:63->target61] [Epoch 180/200] [loss_mse: 0.005421]
      [extreme_source:63->target61] [Epoch 200/200] [loss_mse: 0.004410]
  收敛检测[few_shot:extreme_source_station63_to_61_class1]: 已收敛 @ epoch 134 (best_epoch=129, best_loss=0.002568, final_loss=0.004410)
      [Extreme-FedAvg:target_refine] [Epoch 1/200] [loss_mse: 0.050396]
      [Extreme-FedAvg:target_refine] [Epoch 2/200] [loss_mse: 0.055098]
      [Extreme-FedAvg:target_refine] [Epoch 3/200] [loss_mse: 0.042718]
      [Extreme-FedAvg:target_refine] [Epoch 4/200] [loss_mse: 0.033091]
      [Extreme-FedAvg:target_refine] [Epoch 5/200] [loss_mse: 0.041424]
      [Extreme-FedAvg:target_refine] [Epoch 6/200] [loss_mse: 0.049921]
      [Extreme-FedAvg:target_refine] [Epoch 7/200] [loss_mse: 0.045332]
      [Extreme-FedAvg:target_refine] [Epoch 8/200] [loss_mse: 0.039618]
  收敛检测[few_shot:extreme_fedavg_station61_class1]: 首次达到收敛条件 @ epoch 9 (best_epoch=4, best_loss=0.033091, final_loss=0.040875)
      [Extreme-FedAvg:target_refine] [Epoch 9/200] [loss_mse: 0.040875]
      [Extreme-FedAvg:target_refine] [Epoch 10/200] [loss_mse: 0.042664]
      [Extreme-FedAvg:target_refine] [Epoch 20/200] [loss_mse: 0.019536]
  收敛检测[few_shot:extreme_fedavg_station61_class1]: 首次达到收敛条件 @ epoch 39 (best_epoch=34, best_loss=0.003658, final_loss=0.009009)
      [Extreme-FedAvg:target_refine] [Epoch 40/200] [loss_mse: 0.004226]
  收敛检测[few_shot:extreme_fedavg_station61_class1]: 首次达到收敛条件 @ epoch 47 (best_epoch=42, best_loss=0.001434, final_loss=0.007318)
  收敛检测[few_shot:extreme_fedavg_station61_class1]: 首次达到收敛条件 @ epoch 54 (best_epoch=49, best_loss=0.000516, final_loss=0.000828)
      [Extreme-FedAvg:target_refine] [Epoch 60/200] [loss_mse: 0.000033]
  收敛检测[few_shot:extreme_fedavg_station61_class1]: 首次达到收敛条件 @ epoch 61 (best_epoch=56, best_loss=0.000016, final_loss=0.000620)
      [Extreme-FedAvg:target_refine] [Epoch 80/200] [loss_mse: 0.001933]
      [Extreme-FedAvg:target_refine] [Epoch 100/200] [loss_mse: 0.017430]
      [Extreme-FedAvg:target_refine] [Epoch 120/200] [loss_mse: 0.004399]
      [Extreme-FedAvg:target_refine] [Epoch 140/200] [loss_mse: 0.001569]
      [Extreme-FedAvg:target_refine] [Epoch 160/200] [loss_mse: 0.007185]
      [Extreme-FedAvg:target_refine] [Epoch 180/200] [loss_mse: 0.004082]
      [Extreme-FedAvg:target_refine] [Epoch 200/200] [loss_mse: 0.002032]
  收敛检测[few_shot:extreme_fedavg_station61_class1]: 已收敛 @ epoch 61 (best_epoch=56, best_loss=0.000016, final_loss=0.002032)
    ✓ 保存(Extreme-FedAvg): artifacts/2h6p_six_station/fed-normal-meta-5k/models/model_fore_station61_extreme1_extreme_fedavg.pth weights={'61': 0.16666666666666666, '58': 0.16666666666666666, '59': 0.16666666666666666, '60': 0.16666666666666666, '62': 0.16666666666666666, '63': 0.16666666666666666}
      [Proposed-A:self_update] [Epoch 1/200] [loss_mse: 0.011494]
      [Proposed-A:self_update] [Epoch 2/200] [loss_mse: 0.004441]
      [Proposed-A:self_update] [Epoch 3/200] [loss_mse: 0.005805]
      [Proposed-A:self_update] [Epoch 4/200] [loss_mse: 0.006351]
      [Proposed-A:self_update] [Epoch 5/200] [loss_mse: 0.035347]
      [Proposed-A:self_update] [Epoch 6/200] [loss_mse: 0.004505]
  收敛检测[few_shot:proposed_self_station61_class1]: 首次达到收敛条件 @ epoch 7 (best_epoch=2, best_loss=0.004441, final_loss=0.029069)
      [Proposed-A:self_update] [Epoch 7/200] [loss_mse: 0.029069]
      [Proposed-A:self_update] [Epoch 8/200] [loss_mse: 0.001618]
      [Proposed-A:self_update] [Epoch 9/200] [loss_mse: 0.005407]
      [Proposed-A:self_update] [Epoch 10/200] [loss_mse: 0.001489]
  收敛检测[few_shot:proposed_self_station61_class1]: 首次达到收敛条件 @ epoch 19 (best_epoch=14, best_loss=0.000150, final_loss=0.001227)
      [Proposed-A:self_update] [Epoch 20/200] [loss_mse: 0.024504]
      [Proposed-A:self_update] [Epoch 40/200] [loss_mse: 0.005014]
      [Proposed-A:self_update] [Epoch 60/200] [loss_mse: 0.007229]
  收敛检测[few_shot:proposed_self_station61_class1]: 首次达到收敛条件 @ epoch 75 (best_epoch=70, best_loss=0.000042, final_loss=0.001212)
      [Proposed-A:self_update] [Epoch 80/200] [loss_mse: 0.004849]
      [Proposed-A:self_update] [Epoch 100/200] [loss_mse: 0.002912]
      [Proposed-A:self_update] [Epoch 120/200] [loss_mse: 0.000219]
      [Proposed-A:self_update] [Epoch 140/200] [loss_mse: 0.000297]
      [Proposed-A:self_update] [Epoch 160/200] [loss_mse: 0.000738]
      [Proposed-A:self_update] [Epoch 180/200] [loss_mse: 0.002861]
      [Proposed-A:self_update] [Epoch 200/200] [loss_mse: 0.003529]
  收敛检测[few_shot:proposed_self_station61_class1]: 已收敛 @ epoch 75 (best_epoch=70, best_loss=0.000042, final_loss=0.003529)
  收敛检测[few_shot:few_shot]: 未收敛 (best_epoch=1, best_loss=0.027903, final_loss=0.027903)
    [screen:proposed_source] source_station=58 -> target_station=61, candidate=1, gated=1, effective=1
      [proposed_source:58->target61] [Epoch 1/200] [loss_mse: 0.023042]
      [proposed_source:58->target61] [Epoch 2/200] [loss_mse: 0.016995]
      [proposed_source:58->target61] [Epoch 3/200] [loss_mse: 0.021735]
      [proposed_source:58->target61] [Epoch 4/200] [loss_mse: 0.014797]
      [proposed_source:58->target61] [Epoch 5/200] [loss_mse: 0.015607]
      [proposed_source:58->target61] [Epoch 6/200] [loss_mse: 0.027911]
      [proposed_source:58->target61] [Epoch 7/200] [loss_mse: 0.013987]
      [proposed_source:58->target61] [Epoch 8/200] [loss_mse: 0.013595]
      [proposed_source:58->target61] [Epoch 9/200] [loss_mse: 0.007972]
      [proposed_source:58->target61] [Epoch 10/200] [loss_mse: 0.017594]
      [proposed_source:58->target61] [Epoch 20/200] [loss_mse: 0.019703]
  收敛检测[few_shot:proposed_source_station58_to_61_class1]: 首次达到收敛条件 @ epoch 21 (best_epoch=16, best_loss=0.005710, final_loss=0.020105)
  收敛检测[few_shot:proposed_source_station58_to_61_class1]: 首次达到收敛条件 @ epoch 31 (best_epoch=26, best_loss=0.002358, final_loss=0.024888)
      [proposed_source:58->target61] [Epoch 40/200] [loss_mse: 0.009095]
  收敛检测[few_shot:proposed_source_station58_to_61_class1]: 首次达到收敛条件 @ epoch 52 (best_epoch=47, best_loss=0.002161, final_loss=0.010480)
      [proposed_source:58->target61] [Epoch 60/200] [loss_mse: 0.003058]
      [proposed_source:58->target61] [Epoch 80/200] [loss_mse: 0.012039]
  收敛检测[few_shot:proposed_source_station58_to_61_class1]: 首次达到收敛条件 @ epoch 99 (best_epoch=94, best_loss=0.001501, final_loss=0.006760)
      [proposed_source:58->target61] [Epoch 100/200] [loss_mse: 0.015476]
      [proposed_source:58->target61] [Epoch 120/200] [loss_mse: 0.010510]
  收敛检测[few_shot:proposed_source_station58_to_61_class1]: 首次达到收敛条件 @ epoch 138 (best_epoch=133, best_loss=0.000215, final_loss=0.000629)
      [proposed_source:58->target61] [Epoch 140/200] [loss_mse: 0.001776]
      [proposed_source:58->target61] [Epoch 160/200] [loss_mse: 0.012414]
      [proposed_source:58->target61] [Epoch 180/200] [loss_mse: 0.012587]
  收敛检测[few_shot:proposed_source_station58_to_61_class1]: 首次达到收敛条件 @ epoch 190 (best_epoch=185, best_loss=0.000032, final_loss=0.008647)
      [proposed_source:58->target61] [Epoch 200/200] [loss_mse: 0.009176]
  收敛检测[few_shot:proposed_source_station58_to_61_class1]: 已收敛 @ epoch 190 (best_epoch=185, best_loss=0.000032, final_loss=0.009176)
  收敛检测[few_shot:few_shot]: 未收敛 (best_epoch=1, best_loss=0.066011, final_loss=0.066011)
  收敛检测[few_shot:few_shot]: 未收敛 (best_epoch=1, best_loss=0.048076, final_loss=0.048076)
  收敛检测[few_shot:few_shot]: 未收敛 (best_epoch=1, best_loss=0.076841, final_loss=0.076841)
  收敛检测[few_shot:few_shot]: 未收敛 (best_epoch=1, best_loss=0.038867, final_loss=0.038867)
    [screen:proposed_source] source_station=59 -> target_station=61, candidate=4, gated=4, effective=1
      [proposed_source:59->target61] [Epoch 1/200] [loss_mse: 0.028011]
      [proposed_source:59->target61] [Epoch 2/200] [loss_mse: 0.026816]
      [proposed_source:59->target61] [Epoch 3/200] [loss_mse: 0.041676]
      [proposed_source:59->target61] [Epoch 4/200] [loss_mse: 0.026503]
      [proposed_source:59->target61] [Epoch 5/200] [loss_mse: 0.024056]
      [proposed_source:59->target61] [Epoch 6/200] [loss_mse: 0.021504]
      [proposed_source:59->target61] [Epoch 7/200] [loss_mse: 0.023842]
      [proposed_source:59->target61] [Epoch 8/200] [loss_mse: 0.035455]
      [proposed_source:59->target61] [Epoch 9/200] [loss_mse: 0.025362]
      [proposed_source:59->target61] [Epoch 10/200] [loss_mse: 0.013959]
      [proposed_source:59->target61] [Epoch 20/200] [loss_mse: 0.007102]
  收敛检测[few_shot:proposed_source_station59_to_61_class1]: 首次达到收敛条件 @ epoch 23 (best_epoch=18, best_loss=0.005492, final_loss=0.017085)
  收敛检测[few_shot:proposed_source_station59_to_61_class1]: 首次达到收敛条件 @ epoch 31 (best_epoch=26, best_loss=0.003610, final_loss=0.006243)
  收敛检测[few_shot:proposed_source_station59_to_61_class1]: 首次达到收敛条件 @ epoch 40 (best_epoch=35, best_loss=0.002112, final_loss=0.006984)
      [proposed_source:59->target61] [Epoch 40/200] [loss_mse: 0.006984]
  收敛检测[few_shot:proposed_source_station59_to_61_class1]: 首次达到收敛条件 @ epoch 48 (best_epoch=43, best_loss=0.001970, final_loss=0.005927)
      [proposed_source:59->target61] [Epoch 60/200] [loss_mse: 0.005635]
      [proposed_source:59->target61] [Epoch 80/200] [loss_mse: 0.003274]
      [proposed_source:59->target61] [Epoch 100/200] [loss_mse: 0.004894]
  收敛检测[few_shot:proposed_source_station59_to_61_class1]: 首次达到收敛条件 @ epoch 103 (best_epoch=98, best_loss=0.001165, final_loss=0.003115)
      [proposed_source:59->target61] [Epoch 120/200] [loss_mse: 0.002736]
      [proposed_source:59->target61] [Epoch 140/200] [loss_mse: 0.007734]
      [proposed_source:59->target61] [Epoch 160/200] [loss_mse: 0.007326]
      [proposed_source:59->target61] [Epoch 180/200] [loss_mse: 0.008662]
      [proposed_source:59->target61] [Epoch 200/200] [loss_mse: 0.001792]
  收敛检测[few_shot:proposed_source_station59_to_61_class1]: 已收敛 @ epoch 103 (best_epoch=98, best_loss=0.001165, final_loss=0.001792)
  收敛检测[few_shot:few_shot]: 未收敛 (best_epoch=1, best_loss=0.025555, final_loss=0.025555)
  收敛检测[few_shot:few_shot]: 未收敛 (best_epoch=1, best_loss=0.053061, final_loss=0.053061)
  收敛检测[few_shot:few_shot]: 未收敛 (best_epoch=1, best_loss=0.020065, final_loss=0.020065)
    [screen:proposed_source] source_station=60 -> target_station=61, candidate=3, gated=3, effective=1
      [proposed_source:60->target61] [Epoch 1/200] [loss_mse: 0.054863]
      [proposed_source:60->target61] [Epoch 2/200] [loss_mse: 0.045685]
      [proposed_source:60->target61] [Epoch 3/200] [loss_mse: 0.036176]
      [proposed_source:60->target61] [Epoch 4/200] [loss_mse: 0.053516]
      [proposed_source:60->target61] [Epoch 5/200] [loss_mse: 0.048737]
      [proposed_source:60->target61] [Epoch 6/200] [loss_mse: 0.030210]
      [proposed_source:60->target61] [Epoch 7/200] [loss_mse: 0.033053]
      [proposed_source:60->target61] [Epoch 8/200] [loss_mse: 0.025065]
      [proposed_source:60->target61] [Epoch 9/200] [loss_mse: 0.029416]
      [proposed_source:60->target61] [Epoch 10/200] [loss_mse: 0.029569]
      [proposed_source:60->target61] [Epoch 20/200] [loss_mse: 0.010835]
  收敛检测[few_shot:proposed_source_station60_to_61_class1]: 首次达到收敛条件 @ epoch 29 (best_epoch=24, best_loss=0.003452, final_loss=0.005487)
      [proposed_source:60->target61] [Epoch 40/200] [loss_mse: 0.001546]
  收敛检测[few_shot:proposed_source_station60_to_61_class1]: 首次达到收敛条件 @ epoch 46 (best_epoch=41, best_loss=0.000156, final_loss=0.000287)
  收敛检测[few_shot:proposed_source_station60_to_61_class1]: 首次达到收敛条件 @ epoch 56 (best_epoch=51, best_loss=0.000048, final_loss=0.000004)
      [proposed_source:60->target61] [Epoch 60/200] [loss_mse: 0.000042]
      [proposed_source:60->target61] [Epoch 80/200] [loss_mse: 0.000215]
      [proposed_source:60->target61] [Epoch 100/200] [loss_mse: 0.000202]
      [proposed_source:60->target61] [Epoch 120/200] [loss_mse: 0.000399]
      [proposed_source:60->target61] [Epoch 140/200] [loss_mse: 0.000131]
      [proposed_source:60->target61] [Epoch 160/200] [loss_mse: 0.000233]
      [proposed_source:60->target61] [Epoch 180/200] [loss_mse: 0.000123]
      [proposed_source:60->target61] [Epoch 200/200] [loss_mse: 0.000048]
  收敛检测[few_shot:proposed_source_station60_to_61_class1]: 已收敛 @ epoch 56 (best_epoch=51, best_loss=0.000048, final_loss=0.000048)
  收敛检测[few_shot:few_shot]: 未收敛 (best_epoch=1, best_loss=0.051109, final_loss=0.051109)
  收敛检测[few_shot:few_shot]: 未收敛 (best_epoch=1, best_loss=0.062554, final_loss=0.062554)
  收敛检测[few_shot:few_shot]: 未收敛 (best_epoch=1, best_loss=0.066787, final_loss=0.066787)
  收敛检测[few_shot:few_shot]: 未收敛 (best_epoch=1, best_loss=0.040392, final_loss=0.040392)
    [screen:proposed_source] source_station=62 -> target_station=61, candidate=4, gated=4, effective=1
      [proposed_source:62->target61] [Epoch 1/200] [loss_mse: 0.085329]
      [proposed_source:62->target61] [Epoch 2/200] [loss_mse: 0.099315]
      [proposed_source:62->target61] [Epoch 3/200] [loss_mse: 0.087390]
      [proposed_source:62->target61] [Epoch 4/200] [loss_mse: 0.085278]
      [proposed_source:62->target61] [Epoch 5/200] [loss_mse: 0.071652]
      [proposed_source:62->target61] [Epoch 6/200] [loss_mse: 0.073023]
      [proposed_source:62->target61] [Epoch 7/200] [loss_mse: 0.060789]
      [proposed_source:62->target61] [Epoch 8/200] [loss_mse: 0.065617]
      [proposed_source:62->target61] [Epoch 9/200] [loss_mse: 0.053889]
      [proposed_source:62->target61] [Epoch 10/200] [loss_mse: 0.052211]
      [proposed_source:62->target61] [Epoch 20/200] [loss_mse: 0.021893]
      [proposed_source:62->target61] [Epoch 40/200] [loss_mse: 0.008063]
  收敛检测[few_shot:proposed_source_station62_to_61_class1]: 首次达到收敛条件 @ epoch 46 (best_epoch=41, best_loss=0.004278, final_loss=0.005664)
  收敛检测[few_shot:proposed_source_station62_to_61_class1]: 首次达到收敛条件 @ epoch 55 (best_epoch=50, best_loss=0.002604, final_loss=0.003809)
      [proposed_source:62->target61] [Epoch 60/200] [loss_mse: 0.002447]
  收敛检测[few_shot:proposed_source_station62_to_61_class1]: 首次达到收敛条件 @ epoch 68 (best_epoch=63, best_loss=0.000535, final_loss=0.002823)
      [proposed_source:62->target61] [Epoch 80/200] [loss_mse: 0.000924]
  收敛检测[few_shot:proposed_source_station62_to_61_class1]: 首次达到收敛条件 @ epoch 81 (best_epoch=76, best_loss=0.000114, final_loss=0.001119)
      [proposed_source:62->target61] [Epoch 100/200] [loss_mse: 0.001976]
      [proposed_source:62->target61] [Epoch 120/200] [loss_mse: 0.002576]
      [proposed_source:62->target61] [Epoch 140/200] [loss_mse: 0.001438]
  收敛检测[few_shot:proposed_source_station62_to_61_class1]: 首次达到收敛条件 @ epoch 159 (best_epoch=154, best_loss=0.000007, final_loss=0.000256)
      [proposed_source:62->target61] [Epoch 160/200] [loss_mse: 0.000462]
      [proposed_source:62->target61] [Epoch 180/200] [loss_mse: 0.001157]
      [proposed_source:62->target61] [Epoch 200/200] [loss_mse: 0.000644]
  收敛检测[few_shot:proposed_source_station62_to_61_class1]: 已收敛 @ epoch 159 (best_epoch=154, best_loss=0.000007, final_loss=0.000644)
  收敛检测[few_shot:few_shot]: 未收敛 (best_epoch=1, best_loss=0.010938, final_loss=0.010938)
  收敛检测[few_shot:few_shot]: 未收敛 (best_epoch=1, best_loss=0.042731, final_loss=0.042731)
  收敛检测[few_shot:few_shot]: 未收敛 (best_epoch=1, best_loss=0.021779, final_loss=0.021779)
    [screen:proposed_source] source_station=63 -> target_station=61, candidate=3, gated=3, effective=1
      [proposed_source:63->target61] [Epoch 1/200] [loss_mse: 0.019115]
      [proposed_source:63->target61] [Epoch 2/200] [loss_mse: 0.042935]
      [proposed_source:63->target61] [Epoch 3/200] [loss_mse: 0.044375]
      [proposed_source:63->target61] [Epoch 4/200] [loss_mse: 0.018237]
      [proposed_source:63->target61] [Epoch 5/200] [loss_mse: 0.031199]
      [proposed_source:63->target61] [Epoch 6/200] [loss_mse: 0.023159]
      [proposed_source:63->target61] [Epoch 7/200] [loss_mse: 0.029529]
      [proposed_source:63->target61] [Epoch 8/200] [loss_mse: 0.017008]
      [proposed_source:63->target61] [Epoch 9/200] [loss_mse: 0.031184]
      [proposed_source:63->target61] [Epoch 10/200] [loss_mse: 0.015899]
      [proposed_source:63->target61] [Epoch 20/200] [loss_mse: 0.010422]
  收敛检测[few_shot:proposed_source_station63_to_61_class1]: 首次达到收敛条件 @ epoch 22 (best_epoch=17, best_loss=0.004452, final_loss=0.008993)
  收敛检测[few_shot:proposed_source_station63_to_61_class1]: 首次达到收敛条件 @ epoch 34 (best_epoch=29, best_loss=0.003108, final_loss=0.014899)
      [proposed_source:63->target61] [Epoch 40/200] [loss_mse: 0.011652]
      [proposed_source:63->target61] [Epoch 60/200] [loss_mse: 0.008649]
      [proposed_source:63->target61] [Epoch 80/200] [loss_mse: 0.004875]
      [proposed_source:63->target61] [Epoch 100/200] [loss_mse: 0.010618]
      [proposed_source:63->target61] [Epoch 120/200] [loss_mse: 0.006301]
  收敛检测[few_shot:proposed_source_station63_to_61_class1]: 首次达到收敛条件 @ epoch 128 (best_epoch=123, best_loss=0.002191, final_loss=0.004186)
      [proposed_source:63->target61] [Epoch 140/200] [loss_mse: 0.005261]
      [proposed_source:63->target61] [Epoch 160/200] [loss_mse: 0.008224]
      [proposed_source:63->target61] [Epoch 180/200] [loss_mse: 0.009628]
  收敛检测[few_shot:proposed_source_station63_to_61_class1]: 首次达到收敛条件 @ epoch 195 (best_epoch=190, best_loss=0.000922, final_loss=0.009957)
      [proposed_source:63->target61] [Epoch 200/200] [loss_mse: 0.005482]
  收敛检测[few_shot:proposed_source_station63_to_61_class1]: 已收敛 @ epoch 195 (best_epoch=190, best_loss=0.000922, final_loss=0.005482)
      [Proposed-A:target_refine] [Epoch 1/200] [loss_mse: 0.021750]
      [Proposed-A:target_refine] [Epoch 2/200] [loss_mse: 0.033457]
      [Proposed-A:target_refine] [Epoch 3/200] [loss_mse: 0.018608]
      [Proposed-A:target_refine] [Epoch 4/200] [loss_mse: 0.012250]
      [Proposed-A:target_refine] [Epoch 5/200] [loss_mse: 0.008650]
      [Proposed-A:target_refine] [Epoch 6/200] [loss_mse: 0.010045]
      [Proposed-A:target_refine] [Epoch 7/200] [loss_mse: 0.006012]
      [Proposed-A:target_refine] [Epoch 8/200] [loss_mse: 0.010890]
      [Proposed-A:target_refine] [Epoch 9/200] [loss_mse: 0.003446]
      [Proposed-A:target_refine] [Epoch 10/200] [loss_mse: 0.004488]
      [Proposed-A:target_refine] [Epoch 20/200] [loss_mse: 0.002090]
  收敛检测[few_shot:proposed_a_station61_class1]: 首次达到收敛条件 @ epoch 23 (best_epoch=18, best_loss=0.000370, final_loss=0.001787)
      [Proposed-A:target_refine] [Epoch 40/200] [loss_mse: 0.000088]
  收敛检测[few_shot:proposed_a_station61_class1]: 首次达到收敛条件 @ epoch 43 (best_epoch=38, best_loss=0.000026, final_loss=0.003708)
      [Proposed-A:target_refine] [Epoch 60/200] [loss_mse: 0.001373]
      [Proposed-A:target_refine] [Epoch 80/200] [loss_mse: 0.021782]
      [Proposed-A:target_refine] [Epoch 100/200] [loss_mse: 0.004129]
      [Proposed-A:target_refine] [Epoch 120/200] [loss_mse: 0.002215]
      [Proposed-A:target_refine] [Epoch 140/200] [loss_mse: 0.006819]
      [Proposed-A:target_refine] [Epoch 160/200] [loss_mse: 0.003192]
      [Proposed-A:target_refine] [Epoch 180/200] [loss_mse: 0.017686]
      [Proposed-A:target_refine] [Epoch 200/200] [loss_mse: 0.000053]
  收敛检测[few_shot:proposed_a_station61_class1]: 已收敛 @ epoch 43 (best_epoch=38, best_loss=0.000026, final_loss=0.000053)
    ✓ 保存(Proposed-A): artifacts/2h6p_six_station/fed-normal-meta-5k/models/model_fore_station61_extreme1_proposed_a.pth weights={'61': 0.5, '58': 0.08928977101442122, '59': 0.10421178743258108, '60': 0.10356339689729228, '62': 0.09846734861839297, '63': 0.10446769603731243}

  极端天气类别 3:
    样本数: 2
    训练轮数: 200, few-shot loss=MSE
    adapt/val: 1 / 1
      [LMT] [Epoch 1/200] [loss_mse: 0.105212]
      [LMT] [Epoch 2/200] [loss_mse: 0.095653]
      [LMT] [Epoch 3/200] [loss_mse: 0.058679]
      [LMT] [Epoch 4/200] [loss_mse: 0.091460]
      [LMT] [Epoch 5/200] [loss_mse: 0.096209]
      [LMT] [Epoch 6/200] [loss_mse: 0.111922]
      [LMT] [Epoch 7/200] [loss_mse: 0.086738]
  收敛检测[few_shot:lmt_station61_class2]: 首次达到收敛条件 @ epoch 8 (best_epoch=3, best_loss=0.058679, final_loss=0.177228)
      [LMT] [Epoch 8/200] [loss_mse: 0.177228]
      [LMT] [Epoch 9/200] [loss_mse: 0.101362]
      [LMT] [Epoch 10/200] [loss_mse: 0.068625]
      [LMT] [Epoch 20/200] [loss_mse: 0.059776]
  收敛检测[few_shot:lmt_station61_class2]: 首次达到收敛条件 @ epoch 30 (best_epoch=25, best_loss=0.039960, final_loss=0.057972)
  收敛检测[few_shot:lmt_station61_class2]: 首次达到收敛条件 @ epoch 37 (best_epoch=32, best_loss=0.037698, final_loss=0.091985)
      [LMT] [Epoch 40/200] [loss_mse: 0.029985]
  收敛检测[few_shot:lmt_station61_class2]: 首次达到收敛条件 @ epoch 45 (best_epoch=40, best_loss=0.029985, final_loss=0.090016)
  收敛检测[few_shot:lmt_station61_class2]: 首次达到收敛条件 @ epoch 51 (best_epoch=46, best_loss=0.023638, final_loss=0.042688)
      [LMT] [Epoch 60/200] [loss_mse: 0.079225]
      [LMT] [Epoch 80/200] [loss_mse: 0.039804]
      [LMT] [Epoch 100/200] [loss_mse: 0.032412]
      [LMT] [Epoch 120/200] [loss_mse: 0.095070]
      [LMT] [Epoch 140/200] [loss_mse: 0.096378]
  收敛检测[few_shot:lmt_station61_class2]: 首次达到收敛条件 @ epoch 141 (best_epoch=136, best_loss=0.022200, final_loss=0.040527)
  收敛检测[few_shot:lmt_station61_class2]: 首次达到收敛条件 @ epoch 159 (best_epoch=154, best_loss=0.010645, final_loss=0.044029)
      [LMT] [Epoch 160/200] [loss_mse: 0.052061]
      [LMT] [Epoch 180/200] [loss_mse: 0.062039]
      [LMT] [Epoch 200/200] [loss_mse: 0.032266]
  收敛检测[few_shot:lmt_station61_class2]: 已收敛 @ epoch 159 (best_epoch=154, best_loss=0.010645, final_loss=0.032266)
    ✓ 保存(LMT): artifacts/2h6p_six_station/fed-normal-meta-5k/models/model_fore_station61_extreme2.pth
  收敛检测[few_shot:few_shot]: 未收敛 (best_epoch=1, best_loss=0.156850, final_loss=0.156850)
    [screen:extreme_source] source_station=58 -> target_station=61, candidate=1, gated=1, effective=1
      [extreme_source:58->target61] [Epoch 1/200] [loss_mse: 0.009543]
      [extreme_source:58->target61] [Epoch 2/200] [loss_mse: 0.011871]
      [extreme_source:58->target61] [Epoch 3/200] [loss_mse: 0.003154]
      [extreme_source:58->target61] [Epoch 4/200] [loss_mse: 0.020431]
      [extreme_source:58->target61] [Epoch 5/200] [loss_mse: 0.006751]
      [extreme_source:58->target61] [Epoch 6/200] [loss_mse: 0.001104]
      [extreme_source:58->target61] [Epoch 7/200] [loss_mse: 0.012366]
      [extreme_source:58->target61] [Epoch 8/200] [loss_mse: 0.005313]
      [extreme_source:58->target61] [Epoch 9/200] [loss_mse: 0.002686]
      [extreme_source:58->target61] [Epoch 10/200] [loss_mse: 0.011247]
  收敛检测[few_shot:extreme_source_station58_to_61_class2]: 首次达到收敛条件 @ epoch 11 (best_epoch=6, best_loss=0.001104, final_loss=0.010717)
      [extreme_source:58->target61] [Epoch 20/200] [loss_mse: 0.002421]
  收敛检测[few_shot:extreme_source_station58_to_61_class2]: 首次达到收敛条件 @ epoch 23 (best_epoch=18, best_loss=0.000562, final_loss=0.000889)
      [extreme_source:58->target61] [Epoch 40/200] [loss_mse: 0.009320]
  收敛检测[few_shot:extreme_source_station58_to_61_class2]: 首次达到收敛条件 @ epoch 52 (best_epoch=47, best_loss=0.000217, final_loss=0.005167)
      [extreme_source:58->target61] [Epoch 60/200] [loss_mse: 0.006051]
      [extreme_source:58->target61] [Epoch 80/200] [loss_mse: 0.009277]
      [extreme_source:58->target61] [Epoch 100/200] [loss_mse: 0.006321]
      [extreme_source:58->target61] [Epoch 120/200] [loss_mse: 0.001553]
      [extreme_source:58->target61] [Epoch 140/200] [loss_mse: 0.002242]
      [extreme_source:58->target61] [Epoch 160/200] [loss_mse: 0.034987]
      [extreme_source:58->target61] [Epoch 180/200] [loss_mse: 0.004819]
      [extreme_source:58->target61] [Epoch 200/200] [loss_mse: 0.003947]
  收敛检测[few_shot:extreme_source_station58_to_61_class2]: 已收敛 @ epoch 52 (best_epoch=47, best_loss=0.000217, final_loss=0.003947)
  收敛检测[few_shot:few_shot]: 未收敛 (best_epoch=1, best_loss=0.203264, final_loss=0.203264)
  收敛检测[few_shot:few_shot]: 未收敛 (best_epoch=1, best_loss=0.227195, final_loss=0.227195)
    [screen:extreme_source] source_station=59 -> target_station=61, candidate=2, gated=2, effective=2
      [extreme_source:59->target61] [Epoch 1/200] [loss_mse: 0.204476]
      [extreme_source:59->target61] [Epoch 2/200] [loss_mse: 0.220919]
      [extreme_source:59->target61] [Epoch 3/200] [loss_mse: 0.208139]
      [extreme_source:59->target61] [Epoch 4/200] [loss_mse: 0.172475]
      [extreme_source:59->target61] [Epoch 5/200] [loss_mse: 0.183204]
      [extreme_source:59->target61] [Epoch 6/200] [loss_mse: 0.199555]
      [extreme_source:59->target61] [Epoch 7/200] [loss_mse: 0.169903]
      [extreme_source:59->target61] [Epoch 8/200] [loss_mse: 0.184725]
      [extreme_source:59->target61] [Epoch 9/200] [loss_mse: 0.177851]
      [extreme_source:59->target61] [Epoch 10/200] [loss_mse: 0.139669]
  收敛检测[few_shot:extreme_source_station59_to_61_class2]: 首次达到收敛条件 @ epoch 15 (best_epoch=10, best_loss=0.139669, final_loss=0.142553)
      [extreme_source:59->target61] [Epoch 20/200] [loss_mse: 0.130692]
  收敛检测[few_shot:extreme_source_station59_to_61_class2]: 首次达到收敛条件 @ epoch 30 (best_epoch=25, best_loss=0.093924, final_loss=0.111283)
      [extreme_source:59->target61] [Epoch 40/200] [loss_mse: 0.112772]
  收敛检测[few_shot:extreme_source_station59_to_61_class2]: 首次达到收敛条件 @ epoch 46 (best_epoch=41, best_loss=0.076230, final_loss=0.106167)
  收敛检测[few_shot:extreme_source_station59_to_61_class2]: 首次达到收敛条件 @ epoch 56 (best_epoch=51, best_loss=0.047586, final_loss=0.122369)
      [extreme_source:59->target61] [Epoch 60/200] [loss_mse: 0.043533]
  收敛检测[few_shot:extreme_source_station59_to_61_class2]: 首次达到收敛条件 @ epoch 65 (best_epoch=60, best_loss=0.043533, final_loss=0.054370)
      [extreme_source:59->target61] [Epoch 80/200] [loss_mse: 0.078037]
      [extreme_source:59->target61] [Epoch 100/200] [loss_mse: 0.061737]
  收敛检测[few_shot:extreme_source_station59_to_61_class2]: 首次达到收敛条件 @ epoch 111 (best_epoch=106, best_loss=0.043351, final_loss=0.077584)
      [extreme_source:59->target61] [Epoch 120/200] [loss_mse: 0.041151]
  收敛检测[few_shot:extreme_source_station59_to_61_class2]: 首次达到收敛条件 @ epoch 121 (best_epoch=116, best_loss=0.034736, final_loss=0.102719)
      [extreme_source:59->target61] [Epoch 140/200] [loss_mse: 0.050303]
      [extreme_source:59->target61] [Epoch 160/200] [loss_mse: 0.038664]
  收敛检测[few_shot:extreme_source_station59_to_61_class2]: 首次达到收敛条件 @ epoch 175 (best_epoch=170, best_loss=0.028043, final_loss=0.077994)
      [extreme_source:59->target61] [Epoch 180/200] [loss_mse: 0.074969]
      [extreme_source:59->target61] [Epoch 200/200] [loss_mse: 0.061931]
  收敛检测[few_shot:extreme_source_station59_to_61_class2]: 已收敛 @ epoch 175 (best_epoch=170, best_loss=0.028043, final_loss=0.061931)
  收敛检测[few_shot:few_shot]: 未收敛 (best_epoch=1, best_loss=0.305636, final_loss=0.305636)
    [screen:extreme_source] source_station=60 -> target_station=61, candidate=1, gated=1, effective=1
      [extreme_source:60->target61] [Epoch 1/200] [loss_mse: 0.175433]
      [extreme_source:60->target61] [Epoch 2/200] [loss_mse: 0.160592]
      [extreme_source:60->target61] [Epoch 3/200] [loss_mse: 0.152074]
      [extreme_source:60->target61] [Epoch 4/200] [loss_mse: 0.166779]
      [extreme_source:60->target61] [Epoch 5/200] [loss_mse: 0.140680]
      [extreme_source:60->target61] [Epoch 6/200] [loss_mse: 0.150032]
      [extreme_source:60->target61] [Epoch 7/200] [loss_mse: 0.145267]
      [extreme_source:60->target61] [Epoch 8/200] [loss_mse: 0.170176]
      [extreme_source:60->target61] [Epoch 9/200] [loss_mse: 0.105183]
      [extreme_source:60->target61] [Epoch 10/200] [loss_mse: 0.119282]
      [extreme_source:60->target61] [Epoch 20/200] [loss_mse: 0.108976]
  收敛检测[few_shot:extreme_source_station60_to_61_class2]: 首次达到收敛条件 @ epoch 23 (best_epoch=18, best_loss=0.054223, final_loss=0.090468)
  收敛检测[few_shot:extreme_source_station60_to_61_class2]: 首次达到收敛条件 @ epoch 33 (best_epoch=28, best_loss=0.049194, final_loss=0.063104)
      [extreme_source:60->target61] [Epoch 40/200] [loss_mse: 0.031117]
  收敛检测[few_shot:extreme_source_station60_to_61_class2]: 首次达到收敛条件 @ epoch 44 (best_epoch=39, best_loss=0.021201, final_loss=0.043930)
  收敛检测[few_shot:extreme_source_station60_to_61_class2]: 首次达到收敛条件 @ epoch 53 (best_epoch=48, best_loss=0.007197, final_loss=0.080148)
      [extreme_source:60->target61] [Epoch 60/200] [loss_mse: 0.025441]
  收敛检测[few_shot:extreme_source_station60_to_61_class2]: 首次达到收敛条件 @ epoch 62 (best_epoch=57, best_loss=0.003891, final_loss=0.057289)
  收敛检测[few_shot:extreme_source_station60_to_61_class2]: 首次达到收敛条件 @ epoch 76 (best_epoch=71, best_loss=0.003236, final_loss=0.006007)
      [extreme_source:60->target61] [Epoch 80/200] [loss_mse: 0.008817]
  收敛检测[few_shot:extreme_source_station60_to_61_class2]: 首次达到收敛条件 @ epoch 86 (best_epoch=81, best_loss=0.002078, final_loss=0.037585)
  收敛检测[few_shot:extreme_source_station60_to_61_class2]: 首次达到收敛条件 @ epoch 93 (best_epoch=88, best_loss=0.001607, final_loss=0.035760)
      [extreme_source:60->target61] [Epoch 100/200] [loss_mse: 0.014768]
  收敛检测[few_shot:extreme_source_station60_to_61_class2]: 首次达到收敛条件 @ epoch 101 (best_epoch=96, best_loss=0.000028, final_loss=0.024963)
      [extreme_source:60->target61] [Epoch 120/200] [loss_mse: 0.007833]
      [extreme_source:60->target61] [Epoch 140/200] [loss_mse: 0.015856]
      [extreme_source:60->target61] [Epoch 160/200] [loss_mse: 0.012293]
      [extreme_source:60->target61] [Epoch 180/200] [loss_mse: 0.000468]
      [extreme_source:60->target61] [Epoch 200/200] [loss_mse: 0.001515]
  收敛检测[few_shot:extreme_source_station60_to_61_class2]: 已收敛 @ epoch 101 (best_epoch=96, best_loss=0.000028, final_loss=0.001515)
  收敛检测[few_shot:few_shot]: 未收敛 (best_epoch=1, best_loss=0.205466, final_loss=0.205466)
  收敛检测[few_shot:few_shot]: 未收敛 (best_epoch=1, best_loss=0.141531, final_loss=0.141531)
    [screen:extreme_source] source_station=62 -> target_station=61, candidate=2, gated=2, effective=2
      [extreme_source:62->target61] [Epoch 1/200] [loss_mse: 0.233660]
      [extreme_source:62->target61] [Epoch 2/200] [loss_mse: 0.234766]
      [extreme_source:62->target61] [Epoch 3/200] [loss_mse: 0.212108]
      [extreme_source:62->target61] [Epoch 4/200] [loss_mse: 0.206528]
      [extreme_source:62->target61] [Epoch 5/200] [loss_mse: 0.228511]
      [extreme_source:62->target61] [Epoch 6/200] [loss_mse: 0.228413]
      [extreme_source:62->target61] [Epoch 7/200] [loss_mse: 0.203428]
      [extreme_source:62->target61] [Epoch 8/200] [loss_mse: 0.185183]
      [extreme_source:62->target61] [Epoch 9/200] [loss_mse: 0.183258]
      [extreme_source:62->target61] [Epoch 10/200] [loss_mse: 0.215856]
      [extreme_source:62->target61] [Epoch 20/200] [loss_mse: 0.134517]
  收敛检测[few_shot:extreme_source_station62_to_61_class2]: 首次达到收敛条件 @ epoch 29 (best_epoch=24, best_loss=0.112105, final_loss=0.123772)
      [extreme_source:62->target61] [Epoch 40/200] [loss_mse: 0.100972]
  收敛检测[few_shot:extreme_source_station62_to_61_class2]: 首次达到收敛条件 @ epoch 52 (best_epoch=47, best_loss=0.047549, final_loss=0.051705)
      [extreme_source:62->target61] [Epoch 60/200] [loss_mse: 0.037579]
  收敛检测[few_shot:extreme_source_station62_to_61_class2]: 首次达到收敛条件 @ epoch 65 (best_epoch=60, best_loss=0.037579, final_loss=0.047931)
  收敛检测[few_shot:extreme_source_station62_to_61_class2]: 首次达到收敛条件 @ epoch 77 (best_epoch=72, best_loss=0.023124, final_loss=0.060141)
      [extreme_source:62->target61] [Epoch 80/200] [loss_mse: 0.042525]
  收敛检测[few_shot:extreme_source_station62_to_61_class2]: 首次达到收敛条件 @ epoch 87 (best_epoch=82, best_loss=0.016868, final_loss=0.058973)
      [extreme_source:62->target61] [Epoch 100/200] [loss_mse: 0.045180]
      [extreme_source:62->target61] [Epoch 120/200] [loss_mse: 0.090828]
      [extreme_source:62->target61] [Epoch 140/200] [loss_mse: 0.050843]
  收敛检测[few_shot:extreme_source_station62_to_61_class2]: 首次达到收敛条件 @ epoch 158 (best_epoch=153, best_loss=0.011924, final_loss=0.032076)
      [extreme_source:62->target61] [Epoch 160/200] [loss_mse: 0.017202]
      [extreme_source:62->target61] [Epoch 180/200] [loss_mse: 0.066415]
      [extreme_source:62->target61] [Epoch 200/200] [loss_mse: 0.025316]
  收敛检测[few_shot:extreme_source_station62_to_61_class2]: 已收敛 @ epoch 158 (best_epoch=153, best_loss=0.011924, final_loss=0.025316)
  收敛检测[few_shot:few_shot]: 未收敛 (best_epoch=1, best_loss=0.247683, final_loss=0.247683)
    [screen:extreme_source] source_station=63 -> target_station=61, candidate=1, gated=1, effective=1
      [extreme_source:63->target61] [Epoch 1/200] [loss_mse: 0.125508]
      [extreme_source:63->target61] [Epoch 2/200] [loss_mse: 0.165396]
      [extreme_source:63->target61] [Epoch 3/200] [loss_mse: 0.120742]
      [extreme_source:63->target61] [Epoch 4/200] [loss_mse: 0.118337]
      [extreme_source:63->target61] [Epoch 5/200] [loss_mse: 0.137253]
      [extreme_source:63->target61] [Epoch 6/200] [loss_mse: 0.141960]
      [extreme_source:63->target61] [Epoch 7/200] [loss_mse: 0.138945]
      [extreme_source:63->target61] [Epoch 8/200] [loss_mse: 0.109740]
      [extreme_source:63->target61] [Epoch 9/200] [loss_mse: 0.127826]
      [extreme_source:63->target61] [Epoch 10/200] [loss_mse: 0.107186]
      [extreme_source:63->target61] [Epoch 20/200] [loss_mse: 0.078400]
  收敛检测[few_shot:extreme_source_station63_to_61_class2]: 首次达到收敛条件 @ epoch 24 (best_epoch=19, best_loss=0.056340, final_loss=0.059410)
      [extreme_source:63->target61] [Epoch 40/200] [loss_mse: 0.032879]
  收敛检测[few_shot:extreme_source_station63_to_61_class2]: 首次达到收敛条件 @ epoch 41 (best_epoch=36, best_loss=0.019254, final_loss=0.037903)
  收敛检测[few_shot:extreme_source_station63_to_61_class2]: 首次达到收敛条件 @ epoch 59 (best_epoch=54, best_loss=0.004445, final_loss=0.030527)
      [extreme_source:63->target61] [Epoch 60/200] [loss_mse: 0.021606]
  收敛检测[few_shot:extreme_source_station63_to_61_class2]: 首次达到收敛条件 @ epoch 68 (best_epoch=63, best_loss=0.001406, final_loss=0.073447)
      [extreme_source:63->target61] [Epoch 80/200] [loss_mse: 0.003244]
  收敛检测[few_shot:extreme_source_station63_to_61_class2]: 首次达到收敛条件 @ epoch 88 (best_epoch=83, best_loss=0.000191, final_loss=0.011259)
      [extreme_source:63->target61] [Epoch 100/200] [loss_mse: 0.059244]
      [extreme_source:63->target61] [Epoch 120/200] [loss_mse: 0.000692]
      [extreme_source:63->target61] [Epoch 140/200] [loss_mse: 0.015779]
      [extreme_source:63->target61] [Epoch 160/200] [loss_mse: 0.058653]
      [extreme_source:63->target61] [Epoch 180/200] [loss_mse: 0.000877]
      [extreme_source:63->target61] [Epoch 200/200] [loss_mse: 0.056449]
  收敛检测[few_shot:extreme_source_station63_to_61_class2]: 已收敛 @ epoch 88 (best_epoch=83, best_loss=0.000191, final_loss=0.056449)
      [Extreme-FedAvg:target_refine] [Epoch 1/200] [loss_mse: 0.055764]
      [Extreme-FedAvg:target_refine] [Epoch 2/200] [loss_mse: 0.057971]
      [Extreme-FedAvg:target_refine] [Epoch 3/200] [loss_mse: 0.074643]
      [Extreme-FedAvg:target_refine] [Epoch 4/200] [loss_mse: 0.050575]
      [Extreme-FedAvg:target_refine] [Epoch 5/200] [loss_mse: 0.070197]
      [Extreme-FedAvg:target_refine] [Epoch 6/200] [loss_mse: 0.039107]
      [Extreme-FedAvg:target_refine] [Epoch 7/200] [loss_mse: 0.047345]
      [Extreme-FedAvg:target_refine] [Epoch 8/200] [loss_mse: 0.049563]
      [Extreme-FedAvg:target_refine] [Epoch 9/200] [loss_mse: 0.086889]
      [Extreme-FedAvg:target_refine] [Epoch 10/200] [loss_mse: 0.056477]
  收敛检测[few_shot:extreme_fedavg_station61_class2]: 首次达到收敛条件 @ epoch 17 (best_epoch=12, best_loss=0.027899, final_loss=0.034976)
      [Extreme-FedAvg:target_refine] [Epoch 20/200] [loss_mse: 0.059864]
      [Extreme-FedAvg:target_refine] [Epoch 40/200] [loss_mse: 0.072514]
  收敛检测[few_shot:extreme_fedavg_station61_class2]: 首次达到收敛条件 @ epoch 41 (best_epoch=36, best_loss=0.026988, final_loss=0.125238)
  收敛检测[few_shot:extreme_fedavg_station61_class2]: 首次达到收敛条件 @ epoch 58 (best_epoch=53, best_loss=0.026499, final_loss=0.033434)
      [Extreme-FedAvg:target_refine] [Epoch 60/200] [loss_mse: 0.149663]
  收敛检测[few_shot:extreme_fedavg_station61_class2]: 首次达到收敛条件 @ epoch 77 (best_epoch=72, best_loss=0.023919, final_loss=0.033310)
      [Extreme-FedAvg:target_refine] [Epoch 80/200] [loss_mse: 0.032693]
  收敛检测[few_shot:extreme_fedavg_station61_class2]: 首次达到收敛条件 @ epoch 87 (best_epoch=82, best_loss=0.017268, final_loss=0.022579)
      [Extreme-FedAvg:target_refine] [Epoch 100/200] [loss_mse: 0.099261]
      [Extreme-FedAvg:target_refine] [Epoch 120/200] [loss_mse: 0.032575]
      [Extreme-FedAvg:target_refine] [Epoch 140/200] [loss_mse: 0.075218]
      [Extreme-FedAvg:target_refine] [Epoch 160/200] [loss_mse: 0.137927]
      [Extreme-FedAvg:target_refine] [Epoch 180/200] [loss_mse: 0.035007]
  收敛检测[few_shot:extreme_fedavg_station61_class2]: 首次达到收敛条件 @ epoch 192 (best_epoch=187, best_loss=0.014856, final_loss=0.050590)
      [Extreme-FedAvg:target_refine] [Epoch 200/200] [loss_mse: 0.037454]
  收敛检测[few_shot:extreme_fedavg_station61_class2]: 已收敛 @ epoch 192 (best_epoch=187, best_loss=0.014856, final_loss=0.037454)
    ✓ 保存(Extreme-FedAvg): artifacts/2h6p_six_station/fed-normal-meta-5k/models/model_fore_station61_extreme2_extreme_fedavg.pth weights={'61': 0.16666666666666666, '58': 0.16666666666666666, '59': 0.16666666666666666, '60': 0.16666666666666666, '62': 0.16666666666666666, '63': 0.16666666666666666}
      [Proposed-A:self_update] [Epoch 1/200] [loss_mse: 0.207873]
      [Proposed-A:self_update] [Epoch 2/200] [loss_mse: 0.096706]
      [Proposed-A:self_update] [Epoch 3/200] [loss_mse: 0.117261]
      [Proposed-A:self_update] [Epoch 4/200] [loss_mse: 0.090310]
      [Proposed-A:self_update] [Epoch 5/200] [loss_mse: 0.065147]
      [Proposed-A:self_update] [Epoch 6/200] [loss_mse: 0.085222]
      [Proposed-A:self_update] [Epoch 7/200] [loss_mse: 0.071283]
      [Proposed-A:self_update] [Epoch 8/200] [loss_mse: 0.072813]
      [Proposed-A:self_update] [Epoch 9/200] [loss_mse: 0.057164]
      [Proposed-A:self_update] [Epoch 10/200] [loss_mse: 0.072105]
  收敛检测[few_shot:proposed_self_station61_class2]: 首次达到收敛条件 @ epoch 14 (best_epoch=9, best_loss=0.057164, final_loss=0.067694)
  收敛检测[few_shot:proposed_self_station61_class2]: 首次达到收敛条件 @ epoch 20 (best_epoch=15, best_loss=0.052157, final_loss=0.064015)
      [Proposed-A:self_update] [Epoch 20/200] [loss_mse: 0.064015]
  收敛检测[few_shot:proposed_self_station61_class2]: 首次达到收敛条件 @ epoch 34 (best_epoch=29, best_loss=0.040209, final_loss=0.051964)
  收敛检测[few_shot:proposed_self_station61_class2]: 首次达到收敛条件 @ epoch 40 (best_epoch=35, best_loss=0.033865, final_loss=0.036635)
      [Proposed-A:self_update] [Epoch 40/200] [loss_mse: 0.036635]
      [Proposed-A:self_update] [Epoch 60/200] [loss_mse: 0.119245]
  收敛检测[few_shot:proposed_self_station61_class2]: 首次达到收敛条件 @ epoch 64 (best_epoch=59, best_loss=0.027606, final_loss=0.039069)
  收敛检测[few_shot:proposed_self_station61_class2]: 首次达到收敛条件 @ epoch 75 (best_epoch=70, best_loss=0.025100, final_loss=0.059917)
      [Proposed-A:self_update] [Epoch 80/200] [loss_mse: 0.108248]
  收敛检测[few_shot:proposed_self_station61_class2]: 首次达到收敛条件 @ epoch 100 (best_epoch=95, best_loss=0.022246, final_loss=0.036435)
      [Proposed-A:self_update] [Epoch 100/200] [loss_mse: 0.036435]
      [Proposed-A:self_update] [Epoch 120/200] [loss_mse: 0.033930]
      [Proposed-A:self_update] [Epoch 140/200] [loss_mse: 0.039076]
      [Proposed-A:self_update] [Epoch 160/200] [loss_mse: 0.115551]
  收敛检测[few_shot:proposed_self_station61_class2]: 首次达到收敛条件 @ epoch 163 (best_epoch=158, best_loss=0.020544, final_loss=0.048964)
      [Proposed-A:self_update] [Epoch 180/200] [loss_mse: 0.069665]
  收敛检测[few_shot:proposed_self_station61_class2]: 首次达到收敛条件 @ epoch 192 (best_epoch=187, best_loss=0.018741, final_loss=0.023963)
      [Proposed-A:self_update] [Epoch 200/200] [loss_mse: 0.086634]
  收敛检测[few_shot:proposed_self_station61_class2]: 已收敛 @ epoch 192 (best_epoch=187, best_loss=0.018741, final_loss=0.086634)
  收敛检测[few_shot:few_shot]: 未收敛 (best_epoch=1, best_loss=0.171040, final_loss=0.171040)
    [screen:proposed_source] source_station=58 -> target_station=61, candidate=1, gated=1, effective=1
      [proposed_source:58->target61] [Epoch 1/200] [loss_mse: 0.002659]
      [proposed_source:58->target61] [Epoch 2/200] [loss_mse: 0.013967]
      [proposed_source:58->target61] [Epoch 3/200] [loss_mse: 0.002514]
      [proposed_source:58->target61] [Epoch 4/200] [loss_mse: 0.054067]
      [proposed_source:58->target61] [Epoch 5/200] [loss_mse: 0.003373]
      [proposed_source:58->target61] [Epoch 6/200] [loss_mse: 0.006286]
      [proposed_source:58->target61] [Epoch 7/200] [loss_mse: 0.004912]
  收敛检测[few_shot:proposed_source_station58_to_61_class2]: 首次达到收敛条件 @ epoch 8 (best_epoch=3, best_loss=0.002514, final_loss=0.006477)
      [proposed_source:58->target61] [Epoch 8/200] [loss_mse: 0.006477]
      [proposed_source:58->target61] [Epoch 9/200] [loss_mse: 0.002211]
      [proposed_source:58->target61] [Epoch 10/200] [loss_mse: 0.001757]
  收敛检测[few_shot:proposed_source_station58_to_61_class2]: 首次达到收敛条件 @ epoch 16 (best_epoch=11, best_loss=0.000300, final_loss=0.003968)
      [proposed_source:58->target61] [Epoch 20/200] [loss_mse: 0.007419]
  收敛检测[few_shot:proposed_source_station58_to_61_class2]: 首次达到收敛条件 @ epoch 24 (best_epoch=19, best_loss=0.000020, final_loss=0.003565)
      [proposed_source:58->target61] [Epoch 40/200] [loss_mse: 0.004379]
      [proposed_source:58->target61] [Epoch 60/200] [loss_mse: 0.001981]
      [proposed_source:58->target61] [Epoch 80/200] [loss_mse: 0.000905]
      [proposed_source:58->target61] [Epoch 100/200] [loss_mse: 0.033104]
      [proposed_source:58->target61] [Epoch 120/200] [loss_mse: 0.005641]
      [proposed_source:58->target61] [Epoch 140/200] [loss_mse: 0.002498]
      [proposed_source:58->target61] [Epoch 160/200] [loss_mse: 0.000707]
      [proposed_source:58->target61] [Epoch 180/200] [loss_mse: 0.004582]
      [proposed_source:58->target61] [Epoch 200/200] [loss_mse: 0.000739]
  收敛检测[few_shot:proposed_source_station58_to_61_class2]: 已收敛 @ epoch 24 (best_epoch=19, best_loss=0.000020, final_loss=0.000739)
  收敛检测[few_shot:few_shot]: 未收敛 (best_epoch=1, best_loss=0.228053, final_loss=0.228053)
  收敛检测[few_shot:few_shot]: 未收敛 (best_epoch=1, best_loss=0.241678, final_loss=0.241678)
    [screen:proposed_source] source_station=59 -> target_station=61, candidate=2, gated=2, effective=2
      [proposed_source:59->target61] [Epoch 1/200] [loss_mse: 0.213628]
      [proposed_source:59->target61] [Epoch 2/200] [loss_mse: 0.186790]
      [proposed_source:59->target61] [Epoch 3/200] [loss_mse: 0.170108]
      [proposed_source:59->target61] [Epoch 4/200] [loss_mse: 0.177942]
      [proposed_source:59->target61] [Epoch 5/200] [loss_mse: 0.185401]
      [proposed_source:59->target61] [Epoch 6/200] [loss_mse: 0.165387]
      [proposed_source:59->target61] [Epoch 7/200] [loss_mse: 0.185143]
      [proposed_source:59->target61] [Epoch 8/200] [loss_mse: 0.166539]
      [proposed_source:59->target61] [Epoch 9/200] [loss_mse: 0.165933]
      [proposed_source:59->target61] [Epoch 10/200] [loss_mse: 0.176703]
      [proposed_source:59->target61] [Epoch 20/200] [loss_mse: 0.133541]
  收敛检测[few_shot:proposed_source_station59_to_61_class2]: 首次达到收敛条件 @ epoch 29 (best_epoch=24, best_loss=0.083382, final_loss=0.151838)
  收敛检测[few_shot:proposed_source_station59_to_61_class2]: 首次达到收敛条件 @ epoch 37 (best_epoch=32, best_loss=0.073964, final_loss=0.129539)
      [proposed_source:59->target61] [Epoch 40/200] [loss_mse: 0.049602]
  收敛检测[few_shot:proposed_source_station59_to_61_class2]: 首次达到收敛条件 @ epoch 45 (best_epoch=40, best_loss=0.049602, final_loss=0.068396)
  收敛检测[few_shot:proposed_source_station59_to_61_class2]: 首次达到收敛条件 @ epoch 59 (best_epoch=54, best_loss=0.042129, final_loss=0.064286)
      [proposed_source:59->target61] [Epoch 60/200] [loss_mse: 0.079247]
  收敛检测[few_shot:proposed_source_station59_to_61_class2]: 首次达到收敛条件 @ epoch 67 (best_epoch=62, best_loss=0.040012, final_loss=0.076170)
      [proposed_source:59->target61] [Epoch 80/200] [loss_mse: 0.047306]
      [proposed_source:59->target61] [Epoch 100/200] [loss_mse: 0.089243]
      [proposed_source:59->target61] [Epoch 120/200] [loss_mse: 0.051893]
      [proposed_source:59->target61] [Epoch 140/200] [loss_mse: 0.115733]
  收敛检测[few_shot:proposed_source_station59_to_61_class2]: 首次达到收敛条件 @ epoch 143 (best_epoch=138, best_loss=0.036437, final_loss=0.072696)
      [proposed_source:59->target61] [Epoch 160/200] [loss_mse: 0.030274]
  收敛检测[few_shot:proposed_source_station59_to_61_class2]: 首次达到收敛条件 @ epoch 165 (best_epoch=160, best_loss=0.030274, final_loss=0.090733)
      [proposed_source:59->target61] [Epoch 180/200] [loss_mse: 0.032763]
  收敛检测[few_shot:proposed_source_station59_to_61_class2]: 首次达到收敛条件 @ epoch 181 (best_epoch=176, best_loss=0.028453, final_loss=0.070842)
  收敛检测[few_shot:proposed_source_station59_to_61_class2]: 首次达到收敛条件 @ epoch 192 (best_epoch=187, best_loss=0.024368, final_loss=0.082051)
      [proposed_source:59->target61] [Epoch 200/200] [loss_mse: 0.015852]
  收敛检测[few_shot:proposed_source_station59_to_61_class2]: 未收敛 (best_epoch=200, best_loss=0.015852, final_loss=0.015852)
  收敛检测[few_shot:few_shot]: 未收敛 (best_epoch=1, best_loss=0.310893, final_loss=0.310893)
    [screen:proposed_source] source_station=60 -> target_station=61, candidate=1, gated=1, effective=1
      [proposed_source:60->target61] [Epoch 1/200] [loss_mse: 0.173916]
      [proposed_source:60->target61] [Epoch 2/200] [loss_mse: 0.149242]
      [proposed_source:60->target61] [Epoch 3/200] [loss_mse: 0.173768]
      [proposed_source:60->target61] [Epoch 4/200] [loss_mse: 0.122607]
      [proposed_source:60->target61] [Epoch 5/200] [loss_mse: 0.180039]
      [proposed_source:60->target61] [Epoch 6/200] [loss_mse: 0.120051]
      [proposed_source:60->target61] [Epoch 7/200] [loss_mse: 0.131623]
      [proposed_source:60->target61] [Epoch 8/200] [loss_mse: 0.169207]
      [proposed_source:60->target61] [Epoch 9/200] [loss_mse: 0.094659]
      [proposed_source:60->target61] [Epoch 10/200] [loss_mse: 0.107944]
      [proposed_source:60->target61] [Epoch 20/200] [loss_mse: 0.065525]
  收敛检测[few_shot:proposed_source_station60_to_61_class2]: 首次达到收敛条件 @ epoch 28 (best_epoch=23, best_loss=0.047470, final_loss=0.049823)
  收敛检测[few_shot:proposed_source_station60_to_61_class2]: 首次达到收敛条件 @ epoch 37 (best_epoch=32, best_loss=0.014773, final_loss=0.050615)
      [proposed_source:60->target61] [Epoch 40/200] [loss_mse: 0.148164]
  收敛检测[few_shot:proposed_source_station60_to_61_class2]: 首次达到收敛条件 @ epoch 46 (best_epoch=41, best_loss=0.009894, final_loss=0.016136)
  收敛检测[few_shot:proposed_source_station60_to_61_class2]: 首次达到收敛条件 @ epoch 56 (best_epoch=51, best_loss=0.002812, final_loss=0.101516)
      [proposed_source:60->target61] [Epoch 60/200] [loss_mse: 0.010734]
  收敛检测[few_shot:proposed_source_station60_to_61_class2]: 首次达到收敛条件 @ epoch 68 (best_epoch=63, best_loss=0.000656, final_loss=0.190604)
      [proposed_source:60->target61] [Epoch 80/200] [loss_mse: 0.017975]
  收敛检测[few_shot:proposed_source_station60_to_61_class2]: 首次达到收敛条件 @ epoch 84 (best_epoch=79, best_loss=0.000290, final_loss=0.005863)
  收敛检测[few_shot:proposed_source_station60_to_61_class2]: 首次达到收敛条件 @ epoch 91 (best_epoch=86, best_loss=0.000163, final_loss=0.126800)
      [proposed_source:60->target61] [Epoch 100/200] [loss_mse: 0.010333]
      [proposed_source:60->target61] [Epoch 120/200] [loss_mse: 0.003312]
      [proposed_source:60->target61] [Epoch 140/200] [loss_mse: 0.007188]
      [proposed_source:60->target61] [Epoch 160/200] [loss_mse: 0.029439]
      [proposed_source:60->target61] [Epoch 180/200] [loss_mse: 0.008267]
      [proposed_source:60->target61] [Epoch 200/200] [loss_mse: 0.015146]
  收敛检测[few_shot:proposed_source_station60_to_61_class2]: 已收敛 @ epoch 91 (best_epoch=86, best_loss=0.000163, final_loss=0.015146)
  收敛检测[few_shot:few_shot]: 未收敛 (best_epoch=1, best_loss=0.255260, final_loss=0.255260)
  收敛检测[few_shot:few_shot]: 未收敛 (best_epoch=1, best_loss=0.188279, final_loss=0.188279)
    [screen:proposed_source] source_station=62 -> target_station=61, candidate=2, gated=2, effective=2
      [proposed_source:62->target61] [Epoch 1/200] [loss_mse: 0.252678]
      [proposed_source:62->target61] [Epoch 2/200] [loss_mse: 0.214918]
      [proposed_source:62->target61] [Epoch 3/200] [loss_mse: 0.202301]
      [proposed_source:62->target61] [Epoch 4/200] [loss_mse: 0.220334]
      [proposed_source:62->target61] [Epoch 5/200] [loss_mse: 0.205763]
      [proposed_source:62->target61] [Epoch 6/200] [loss_mse: 0.222857]
      [proposed_source:62->target61] [Epoch 7/200] [loss_mse: 0.199206]
      [proposed_source:62->target61] [Epoch 8/200] [loss_mse: 0.187074]
      [proposed_source:62->target61] [Epoch 9/200] [loss_mse: 0.171682]
      [proposed_source:62->target61] [Epoch 10/200] [loss_mse: 0.203331]
      [proposed_source:62->target61] [Epoch 20/200] [loss_mse: 0.108614]
  收敛检测[few_shot:proposed_source_station62_to_61_class2]: 首次达到收敛条件 @ epoch 26 (best_epoch=21, best_loss=0.097457, final_loss=0.131511)
      [proposed_source:62->target61] [Epoch 40/200] [loss_mse: 0.073905]
  收敛检测[few_shot:proposed_source_station62_to_61_class2]: 首次达到收敛条件 @ epoch 52 (best_epoch=47, best_loss=0.038595, final_loss=0.044546)
      [proposed_source:62->target61] [Epoch 60/200] [loss_mse: 0.073852]
  收敛检测[few_shot:proposed_source_station62_to_61_class2]: 首次达到收敛条件 @ epoch 62 (best_epoch=57, best_loss=0.019261, final_loss=0.050657)
  收敛检测[few_shot:proposed_source_station62_to_61_class2]: 首次达到收敛条件 @ epoch 69 (best_epoch=64, best_loss=0.017583, final_loss=0.027802)
  收敛检测[few_shot:proposed_source_station62_to_61_class2]: 首次达到收敛条件 @ epoch 76 (best_epoch=71, best_loss=0.013149, final_loss=0.051835)
      [proposed_source:62->target61] [Epoch 80/200] [loss_mse: 0.029802]
      [proposed_source:62->target61] [Epoch 100/200] [loss_mse: 0.014701]
      [proposed_source:62->target61] [Epoch 120/200] [loss_mse: 0.036171]
      [proposed_source:62->target61] [Epoch 140/200] [loss_mse: 0.051972]
  收敛检测[few_shot:proposed_source_station62_to_61_class2]: 首次达到收敛条件 @ epoch 146 (best_epoch=141, best_loss=0.005138, final_loss=0.051393)
      [proposed_source:62->target61] [Epoch 160/200] [loss_mse: 0.055105]
      [proposed_source:62->target61] [Epoch 180/200] [loss_mse: 0.021198]
      [proposed_source:62->target61] [Epoch 200/200] [loss_mse: 0.047967]
  收敛检测[few_shot:proposed_source_station62_to_61_class2]: 已收敛 @ epoch 146 (best_epoch=141, best_loss=0.005138, final_loss=0.047967)
  收敛检测[few_shot:few_shot]: 未收敛 (best_epoch=1, best_loss=0.238844, final_loss=0.238844)
    [screen:proposed_source] source_station=63 -> target_station=61, candidate=1, gated=1, effective=1
      [proposed_source:63->target61] [Epoch 1/200] [loss_mse: 0.134638]
      [proposed_source:63->target61] [Epoch 2/200] [loss_mse: 0.142617]
      [proposed_source:63->target61] [Epoch 3/200] [loss_mse: 0.131267]
      [proposed_source:63->target61] [Epoch 4/200] [loss_mse: 0.127632]
      [proposed_source:63->target61] [Epoch 5/200] [loss_mse: 0.133249]
      [proposed_source:63->target61] [Epoch 6/200] [loss_mse: 0.112796]
      [proposed_source:63->target61] [Epoch 7/200] [loss_mse: 0.115031]
      [proposed_source:63->target61] [Epoch 8/200] [loss_mse: 0.089134]
      [proposed_source:63->target61] [Epoch 9/200] [loss_mse: 0.110583]
      [proposed_source:63->target61] [Epoch 10/200] [loss_mse: 0.073823]
  收敛检测[few_shot:proposed_source_station63_to_61_class2]: 首次达到收敛条件 @ epoch 17 (best_epoch=12, best_loss=0.062385, final_loss=0.099145)
      [proposed_source:63->target61] [Epoch 20/200] [loss_mse: 0.045680]
  收敛检测[few_shot:proposed_source_station63_to_61_class2]: 首次达到收敛条件 @ epoch 29 (best_epoch=24, best_loss=0.038211, final_loss=0.048890)
      [proposed_source:63->target61] [Epoch 40/200] [loss_mse: 0.026729]
  收敛检测[few_shot:proposed_source_station63_to_61_class2]: 首次达到收敛条件 @ epoch 41 (best_epoch=36, best_loss=0.011346, final_loss=0.031270)
  收敛检测[few_shot:proposed_source_station63_to_61_class2]: 首次达到收敛条件 @ epoch 52 (best_epoch=47, best_loss=0.007433, final_loss=0.011716)
      [proposed_source:63->target61] [Epoch 60/200] [loss_mse: 0.056118]
  收敛检测[few_shot:proposed_source_station63_to_61_class2]: 首次达到收敛条件 @ epoch 64 (best_epoch=59, best_loss=0.000009, final_loss=0.033495)
      [proposed_source:63->target61] [Epoch 80/200] [loss_mse: 0.000294]
      [proposed_source:63->target61] [Epoch 100/200] [loss_mse: 0.013610]
      [proposed_source:63->target61] [Epoch 120/200] [loss_mse: 0.009264]
      [proposed_source:63->target61] [Epoch 140/200] [loss_mse: 0.005886]
      [proposed_source:63->target61] [Epoch 160/200] [loss_mse: 0.050271]
      [proposed_source:63->target61] [Epoch 180/200] [loss_mse: 0.003561]
      [proposed_source:63->target61] [Epoch 200/200] [loss_mse: 0.010067]
  收敛检测[few_shot:proposed_source_station63_to_61_class2]: 已收敛 @ epoch 64 (best_epoch=59, best_loss=0.000009, final_loss=0.010067)
      [Proposed-A:target_refine] [Epoch 1/200] [loss_mse: 0.033129]
      [Proposed-A:target_refine] [Epoch 2/200] [loss_mse: 0.018087]
      [Proposed-A:target_refine] [Epoch 3/200] [loss_mse: 0.071507]
      [Proposed-A:target_refine] [Epoch 4/200] [loss_mse: 0.046324]
      [Proposed-A:target_refine] [Epoch 5/200] [loss_mse: 0.092267]
      [Proposed-A:target_refine] [Epoch 6/200] [loss_mse: 0.029444]
  收敛检测[few_shot:proposed_a_station61_class2]: 首次达到收敛条件 @ epoch 7 (best_epoch=2, best_loss=0.018087, final_loss=0.039656)
      [Proposed-A:target_refine] [Epoch 7/200] [loss_mse: 0.039656]
      [Proposed-A:target_refine] [Epoch 8/200] [loss_mse: 0.040740]
      [Proposed-A:target_refine] [Epoch 9/200] [loss_mse: 0.033274]
      [Proposed-A:target_refine] [Epoch 10/200] [loss_mse: 0.050244]
      [Proposed-A:target_refine] [Epoch 20/200] [loss_mse: 0.043992]
      [Proposed-A:target_refine] [Epoch 40/200] [loss_mse: 0.113930]
      [Proposed-A:target_refine] [Epoch 60/200] [loss_mse: 0.050931]
      [Proposed-A:target_refine] [Epoch 80/200] [loss_mse: 0.079716]
      [Proposed-A:target_refine] [Epoch 100/200] [loss_mse: 0.035965]
  收敛检测[few_shot:proposed_a_station61_class2]: 首次达到收敛条件 @ epoch 114 (best_epoch=109, best_loss=0.017046, final_loss=0.038017)
      [Proposed-A:target_refine] [Epoch 120/200] [loss_mse: 0.049817]
      [Proposed-A:target_refine] [Epoch 140/200] [loss_mse: 0.060834]
      [Proposed-A:target_refine] [Epoch 160/200] [loss_mse: 0.071283]
  收敛检测[few_shot:proposed_a_station61_class2]: 首次达到收敛条件 @ epoch 175 (best_epoch=170, best_loss=0.012794, final_loss=0.031430)
      [Proposed-A:target_refine] [Epoch 180/200] [loss_mse: 0.031387]
  收敛检测[few_shot:proposed_a_station61_class2]: 首次达到收敛条件 @ epoch 192 (best_epoch=187, best_loss=0.012468, final_loss=0.060744)
      [Proposed-A:target_refine] [Epoch 200/200] [loss_mse: 0.020654]
  收敛检测[few_shot:proposed_a_station61_class2]: 已收敛 @ epoch 192 (best_epoch=187, best_loss=0.012468, final_loss=0.020654)
    ✓ 保存(Proposed-A): artifacts/2h6p_six_station/fed-normal-meta-5k/models/model_fore_station61_extreme2_proposed_a.pth weights={'61': 0.5, '58': 0.05384740191170556, '59': 0.13978464113339367, '60': 0.08051050092412002, '62': 0.1418004351265436, '63': 0.08405702090423713}

  极端天气类别 4:
    样本数: 37
    训练轮数: 200, few-shot loss=MSE
    adapt/val: 28 / 9
      [LMT] [Epoch 1/200] [loss_mse: 0.075679]
      [LMT] [Epoch 2/200] [loss_mse: 0.075656]
      [LMT] [Epoch 3/200] [loss_mse: 0.069539]
      [LMT] [Epoch 4/200] [loss_mse: 0.073059]
      [LMT] [Epoch 5/200] [loss_mse: 0.071038]
      [LMT] [Epoch 6/200] [loss_mse: 0.063652]
      [LMT] [Epoch 7/200] [loss_mse: 0.061673]
      [LMT] [Epoch 8/200] [loss_mse: 0.058774]
      [LMT] [Epoch 9/200] [loss_mse: 0.060339]
      [LMT] [Epoch 10/200] [loss_mse: 0.058168]
      [LMT] [Epoch 20/200] [loss_mse: 0.040899]
      [LMT] [Epoch 40/200] [loss_mse: 0.033470]
  收敛检测[few_shot:lmt_station61_class3]: 首次达到收敛条件 @ epoch 47 (best_epoch=42, best_loss=0.031979, final_loss=0.032171)
  收敛检测[few_shot:lmt_station61_class3]: 首次达到收敛条件 @ epoch 60 (best_epoch=55, best_loss=0.030198, final_loss=0.030533)
      [LMT] [Epoch 60/200] [loss_mse: 0.030533]
      [LMT] [Epoch 80/200] [loss_mse: 0.030572]
      [LMT] [Epoch 100/200] [loss_mse: 0.030361]
      [LMT] [Epoch 120/200] [loss_mse: 0.031097]
      [LMT] [Epoch 140/200] [loss_mse: 0.030557]
  收敛检测[few_shot:lmt_station61_class3]: 首次达到收敛条件 @ epoch 159 (best_epoch=154, best_loss=0.030065, final_loss=0.031316)
      [LMT] [Epoch 160/200] [loss_mse: 0.031195]
  收敛检测[few_shot:lmt_station61_class3]: 首次达到收敛条件 @ epoch 169 (best_epoch=164, best_loss=0.029711, final_loss=0.030317)
      [LMT] [Epoch 180/200] [loss_mse: 0.030261]
      [LMT] [Epoch 200/200] [loss_mse: 0.030358]
  收敛检测[few_shot:lmt_station61_class3]: 已收敛 @ epoch 169 (best_epoch=164, best_loss=0.029711, final_loss=0.030358)
    ✓ 保存(LMT): artifacts/2h6p_six_station/fed-normal-meta-5k/models/model_fore_station61_extreme3.pth
  收敛检测[few_shot:few_shot]: 未收敛 (best_epoch=1, best_loss=0.103460, final_loss=0.103460)
  收敛检测[few_shot:few_shot]: 未收敛 (best_epoch=1, best_loss=0.102404, final_loss=0.102404)
  收敛检测[few_shot:few_shot]: 未收敛 (best_epoch=1, best_loss=0.096155, final_loss=0.096155)
  收敛检测[few_shot:few_shot]: 未收敛 (best_epoch=1, best_loss=0.061312, final_loss=0.061312)
  收敛检测[few_shot:few_shot]: 未收敛 (best_epoch=1, best_loss=0.101292, final_loss=0.101292)
  收敛检测[few_shot:few_shot]: 未收敛 (best_epoch=1, best_loss=0.094972, final_loss=0.094972)
  收敛检测[few_shot:few_shot]: 未收敛 (best_epoch=1, best_loss=0.092241, final_loss=0.092241)
  收敛检测[few_shot:few_shot]: 未收敛 (best_epoch=1, best_loss=0.096886, final_loss=0.096886)
  收敛检测[few_shot:few_shot]: 未收敛 (best_epoch=1, best_loss=0.062903, final_loss=0.062903)
  收敛检测[few_shot:few_shot]: 未收敛 (best_epoch=1, best_loss=0.083211, final_loss=0.083211)
  收敛检测[few_shot:few_shot]: 未收敛 (best_epoch=1, best_loss=0.080187, final_loss=0.080187)
  收敛检测[few_shot:few_shot]: 未收敛 (best_epoch=1, best_loss=0.089925, final_loss=0.089925)
  收敛检测[few_shot:few_shot]: 未收敛 (best_epoch=1, best_loss=0.012286, final_loss=0.012286)
  收敛检测[few_shot:few_shot]: 未收敛 (best_epoch=1, best_loss=0.070678, final_loss=0.070678)
  收敛检测[few_shot:few_shot]: 未收敛 (best_epoch=1, best_loss=0.069482, final_loss=0.069482)
  收敛检测[few_shot:few_shot]: 未收敛 (best_epoch=1, best_loss=0.016063, final_loss=0.016063)
  收敛检测[few_shot:few_shot]: 未收敛 (best_epoch=1, best_loss=0.016410, final_loss=0.016410)
  收敛检测[few_shot:few_shot]: 未收敛 (best_epoch=1, best_loss=0.034261, final_loss=0.034261)
  收敛检测[few_shot:few_shot]: 未收敛 (best_epoch=1, best_loss=0.081571, final_loss=0.081571)
  收敛检测[few_shot:few_shot]: 未收敛 (best_epoch=1, best_loss=0.101286, final_loss=0.101286)
  收敛检测[few_shot:few_shot]: 未收敛 (best_epoch=1, best_loss=0.066116, final_loss=0.066116)
  收敛检测[few_shot:few_shot]: 未收敛 (best_epoch=1, best_loss=0.058900, final_loss=0.058900)
  收敛检测[few_shot:few_shot]: 未收敛 (best_epoch=1, best_loss=0.043871, final_loss=0.043871)
  收敛检测[few_shot:few_shot]: 未收敛 (best_epoch=1, best_loss=0.059188, final_loss=0.059188)
  收敛检测[few_shot:few_shot]: 未收敛 (best_epoch=1, best_loss=0.052279, final_loss=0.052279)
  收敛检测[few_shot:few_shot]: 未收敛 (best_epoch=1, best_loss=0.053329, final_loss=0.053329)
  收敛检测[few_shot:few_shot]: 未收敛 (best_epoch=1, best_loss=0.076635, final_loss=0.076635)
  收敛检测[few_shot:few_shot]: 未收敛 (best_epoch=1, best_loss=0.074450, final_loss=0.074450)
  收敛检测[few_shot:few_shot]: 未收敛 (best_epoch=1, best_loss=0.066101, final_loss=0.066101)
    [screen:extreme_source] source_station=58 -> target_station=61, candidate=36, gated=29, effective=26
      [extreme_source:58->target61] [Epoch 1/200] [loss_mse: 0.077015]
      [extreme_source:58->target61] [Epoch 2/200] [loss_mse: 0.070957]
      [extreme_source:58->target61] [Epoch 3/200] [loss_mse: 0.071333]
      [extreme_source:58->target61] [Epoch 4/200] [loss_mse: 0.064985]
      [extreme_source:58->target61] [Epoch 5/200] [loss_mse: 0.059079]
      [extreme_source:58->target61] [Epoch 6/200] [loss_mse: 0.063196]
      [extreme_source:58->target61] [Epoch 7/200] [loss_mse: 0.057197]
      [extreme_source:58->target61] [Epoch 8/200] [loss_mse: 0.052847]
      [extreme_source:58->target61] [Epoch 9/200] [loss_mse: 0.053460]
      [extreme_source:58->target61] [Epoch 10/200] [loss_mse: 0.050169]
      [extreme_source:58->target61] [Epoch 20/200] [loss_mse: 0.031685]
      [extreme_source:58->target61] [Epoch 40/200] [loss_mse: 0.013963]
      [extreme_source:58->target61] [Epoch 60/200] [loss_mse: 0.010366]
  收敛检测[few_shot:extreme_source_station58_to_61_class3]: 首次达到收敛条件 @ epoch 71 (best_epoch=66, best_loss=0.009077, final_loss=0.009725)
      [extreme_source:58->target61] [Epoch 80/200] [loss_mse: 0.009169]
  收敛检测[few_shot:extreme_source_station58_to_61_class3]: 首次达到收敛条件 @ epoch 93 (best_epoch=88, best_loss=0.008335, final_loss=0.009266)
      [extreme_source:58->target61] [Epoch 100/200] [loss_mse: 0.008853]
      [extreme_source:58->target61] [Epoch 120/200] [loss_mse: 0.008856]
      [extreme_source:58->target61] [Epoch 140/200] [loss_mse: 0.008913]
  收敛检测[few_shot:extreme_source_station58_to_61_class3]: 首次达到收敛条件 @ epoch 141 (best_epoch=136, best_loss=0.008170, final_loss=0.008990)
      [extreme_source:58->target61] [Epoch 160/200] [loss_mse: 0.008614]
      [extreme_source:58->target61] [Epoch 180/200] [loss_mse: 0.008863]
      [extreme_source:58->target61] [Epoch 200/200] [loss_mse: 0.008618]
  收敛检测[few_shot:extreme_source_station58_to_61_class3]: 已收敛 @ epoch 141 (best_epoch=136, best_loss=0.008170, final_loss=0.008618)
  收敛检测[few_shot:few_shot]: 未收敛 (best_epoch=1, best_loss=0.082165, final_loss=0.082165)
  收敛检测[few_shot:few_shot]: 未收敛 (best_epoch=1, best_loss=0.067467, final_loss=0.067467)
  收敛检测[few_shot:few_shot]: 未收敛 (best_epoch=1, best_loss=0.096054, final_loss=0.096054)
  收敛检测[few_shot:few_shot]: 未收敛 (best_epoch=1, best_loss=0.087863, final_loss=0.087863)
  收敛检测[few_shot:few_shot]: 未收敛 (best_epoch=1, best_loss=0.099638, final_loss=0.099638)
  收敛检测[few_shot:few_shot]: 未收敛 (best_epoch=1, best_loss=0.043406, final_loss=0.043406)
  收敛检测[few_shot:few_shot]: 未收敛 (best_epoch=1, best_loss=0.038580, final_loss=0.038580)
  收敛检测[few_shot:few_shot]: 未收敛 (best_epoch=1, best_loss=0.106246, final_loss=0.106246)
  收敛检测[few_shot:few_shot]: 未收敛 (best_epoch=1, best_loss=0.108277, final_loss=0.108277)
  收敛检测[few_shot:few_shot]: 未收敛 (best_epoch=1, best_loss=0.098026, final_loss=0.098026)
  收敛检测[few_shot:few_shot]: 未收敛 (best_epoch=1, best_loss=0.024421, final_loss=0.024421)
  收敛检测[few_shot:few_shot]: 未收敛 (best_epoch=1, best_loss=0.048412, final_loss=0.048412)
  收敛检测[few_shot:few_shot]: 未收敛 (best_epoch=1, best_loss=0.043240, final_loss=0.043240)
  收敛检测[few_shot:few_shot]: 未收敛 (best_epoch=1, best_loss=0.026131, final_loss=0.026131)
  收敛检测[few_shot:few_shot]: 未收敛 (best_epoch=1, best_loss=0.028325, final_loss=0.028325)
  收敛检测[few_shot:few_shot]: 未收敛 (best_epoch=1, best_loss=0.039122, final_loss=0.039122)
    [screen:extreme_source] source_station=59 -> target_station=61, candidate=19, gated=16, effective=13
      [extreme_source:59->target61] [Epoch 1/200] [loss_mse: 0.080223]
      [extreme_source:59->target61] [Epoch 2/200] [loss_mse: 0.076967]
      [extreme_source:59->target61] [Epoch 3/200] [loss_mse: 0.065379]
      [extreme_source:59->target61] [Epoch 4/200] [loss_mse: 0.064693]
      [extreme_source:59->target61] [Epoch 5/200] [loss_mse: 0.065359]
      [extreme_source:59->target61] [Epoch 6/200] [loss_mse: 0.061703]
      [extreme_source:59->target61] [Epoch 7/200] [loss_mse: 0.060631]
      [extreme_source:59->target61] [Epoch 8/200] [loss_mse: 0.052021]
      [extreme_source:59->target61] [Epoch 9/200] [loss_mse: 0.053264]
      [extreme_source:59->target61] [Epoch 10/200] [loss_mse: 0.050191]
      [extreme_source:59->target61] [Epoch 20/200] [loss_mse: 0.030317]
  收敛检测[few_shot:extreme_source_station59_to_61_class3]: 首次达到收敛条件 @ epoch 39 (best_epoch=34, best_loss=0.021901, final_loss=0.021895)
      [extreme_source:59->target61] [Epoch 40/200] [loss_mse: 0.020609]
      [extreme_source:59->target61] [Epoch 60/200] [loss_mse: 0.019213]
  收敛检测[few_shot:extreme_source_station59_to_61_class3]: 首次达到收敛条件 @ epoch 63 (best_epoch=58, best_loss=0.018415, final_loss=0.018951)
  收敛检测[few_shot:extreme_source_station59_to_61_class3]: 首次达到收敛条件 @ epoch 71 (best_epoch=66, best_loss=0.017616, final_loss=0.017858)
      [extreme_source:59->target61] [Epoch 80/200] [loss_mse: 0.017573]
  收敛检测[few_shot:extreme_source_station59_to_61_class3]: 首次达到收敛条件 @ epoch 91 (best_epoch=86, best_loss=0.016862, final_loss=0.017386)
      [extreme_source:59->target61] [Epoch 100/200] [loss_mse: 0.018401]
      [extreme_source:59->target61] [Epoch 120/200] [loss_mse: 0.017290]
  收敛检测[few_shot:extreme_source_station59_to_61_class3]: 首次达到收敛条件 @ epoch 139 (best_epoch=134, best_loss=0.016742, final_loss=0.017253)
      [extreme_source:59->target61] [Epoch 140/200] [loss_mse: 0.018112]
  收敛检测[few_shot:extreme_source_station59_to_61_class3]: 首次达到收敛条件 @ epoch 146 (best_epoch=141, best_loss=0.016542, final_loss=0.018345)
      [extreme_source:59->target61] [Epoch 160/200] [loss_mse: 0.017054]
      [extreme_source:59->target61] [Epoch 180/200] [loss_mse: 0.017326]
  收敛检测[few_shot:extreme_source_station59_to_61_class3]: 首次达到收敛条件 @ epoch 181 (best_epoch=176, best_loss=0.016216, final_loss=0.018140)
      [extreme_source:59->target61] [Epoch 200/200] [loss_mse: 0.016683]
  收敛检测[few_shot:extreme_source_station59_to_61_class3]: 已收敛 @ epoch 181 (best_epoch=176, best_loss=0.016216, final_loss=0.016683)
  收敛检测[few_shot:few_shot]: 未收敛 (best_epoch=1, best_loss=0.179349, final_loss=0.179349)
  收敛检测[few_shot:few_shot]: 未收敛 (best_epoch=1, best_loss=0.080925, final_loss=0.080925)
  收敛检测[few_shot:few_shot]: 未收敛 (best_epoch=1, best_loss=0.055031, final_loss=0.055031)
  收敛检测[few_shot:few_shot]: 未收敛 (best_epoch=1, best_loss=0.082198, final_loss=0.082198)
  收敛检测[few_shot:few_shot]: 未收敛 (best_epoch=1, best_loss=0.064525, final_loss=0.064525)
  收敛检测[few_shot:few_shot]: 未收敛 (best_epoch=1, best_loss=0.071321, final_loss=0.071321)
  收敛检测[few_shot:few_shot]: 未收敛 (best_epoch=1, best_loss=0.057498, final_loss=0.057498)
  收敛检测[few_shot:few_shot]: 未收敛 (best_epoch=1, best_loss=0.102207, final_loss=0.102207)
  收敛检测[few_shot:few_shot]: 未收敛 (best_epoch=1, best_loss=0.076180, final_loss=0.076180)
  收敛检测[few_shot:few_shot]: 未收敛 (best_epoch=1, best_loss=0.040018, final_loss=0.040018)
  收敛检测[few_shot:few_shot]: 未收敛 (best_epoch=1, best_loss=0.070179, final_loss=0.070179)
  收敛检测[few_shot:few_shot]: 未收敛 (best_epoch=1, best_loss=0.046576, final_loss=0.046576)
  收敛检测[few_shot:few_shot]: 未收敛 (best_epoch=1, best_loss=0.068356, final_loss=0.068356)
  收敛检测[few_shot:few_shot]: 未收敛 (best_epoch=1, best_loss=0.069131, final_loss=0.069131)
  收敛检测[few_shot:few_shot]: 未收敛 (best_epoch=1, best_loss=0.063961, final_loss=0.063961)
  收敛检测[few_shot:few_shot]: 未收敛 (best_epoch=1, best_loss=0.030569, final_loss=0.030569)
  收敛检测[few_shot:few_shot]: 未收敛 (best_epoch=1, best_loss=0.064897, final_loss=0.064897)
  收敛检测[few_shot:few_shot]: 未收敛 (best_epoch=1, best_loss=0.164229, final_loss=0.164229)
  收敛检测[few_shot:few_shot]: 未收敛 (best_epoch=1, best_loss=0.093322, final_loss=0.093322)
  收敛检测[few_shot:few_shot]: 未收敛 (best_epoch=1, best_loss=0.050580, final_loss=0.050580)
  收敛检测[few_shot:few_shot]: 未收敛 (best_epoch=1, best_loss=0.042677, final_loss=0.042677)
  收敛检测[few_shot:few_shot]: 未收敛 (best_epoch=1, best_loss=0.034856, final_loss=0.034856)
  收敛检测[few_shot:few_shot]: 未收敛 (best_epoch=1, best_loss=0.023630, final_loss=0.023630)
    [screen:extreme_source] source_station=60 -> target_station=61, candidate=28, gated=23, effective=20
      [extreme_source:60->target61] [Epoch 1/200] [loss_mse: 0.064763]
      [extreme_source:60->target61] [Epoch 2/200] [loss_mse: 0.061364]
      [extreme_source:60->target61] [Epoch 3/200] [loss_mse: 0.058090]
      [extreme_source:60->target61] [Epoch 4/200] [loss_mse: 0.059535]
      [extreme_source:60->target61] [Epoch 5/200] [loss_mse: 0.051761]
      [extreme_source:60->target61] [Epoch 6/200] [loss_mse: 0.054319]
      [extreme_source:60->target61] [Epoch 7/200] [loss_mse: 0.051149]
      [extreme_source:60->target61] [Epoch 8/200] [loss_mse: 0.049398]
      [extreme_source:60->target61] [Epoch 9/200] [loss_mse: 0.042732]
      [extreme_source:60->target61] [Epoch 10/200] [loss_mse: 0.044025]
      [extreme_source:60->target61] [Epoch 20/200] [loss_mse: 0.029391]
      [extreme_source:60->target61] [Epoch 40/200] [loss_mse: 0.021026]
  收敛检测[few_shot:extreme_source_station60_to_61_class3]: 首次达到收敛条件 @ epoch 48 (best_epoch=43, best_loss=0.019774, final_loss=0.020431)
  收敛检测[few_shot:extreme_source_station60_to_61_class3]: 首次达到收敛条件 @ epoch 58 (best_epoch=53, best_loss=0.018443, final_loss=0.020989)
      [extreme_source:60->target61] [Epoch 60/200] [loss_mse: 0.018718]
  收敛检测[few_shot:extreme_source_station60_to_61_class3]: 首次达到收敛条件 @ epoch 79 (best_epoch=74, best_loss=0.018072, final_loss=0.018830)
      [extreme_source:60->target61] [Epoch 80/200] [loss_mse: 0.018747]
      [extreme_source:60->target61] [Epoch 100/200] [loss_mse: 0.019438]
  收敛检测[few_shot:extreme_source_station60_to_61_class3]: 首次达到收敛条件 @ epoch 102 (best_epoch=97, best_loss=0.017572, final_loss=0.019444)
      [extreme_source:60->target61] [Epoch 120/200] [loss_mse: 0.018640]
      [extreme_source:60->target61] [Epoch 140/200] [loss_mse: 0.018748]
      [extreme_source:60->target61] [Epoch 160/200] [loss_mse: 0.019191]
      [extreme_source:60->target61] [Epoch 180/200] [loss_mse: 0.018348]
      [extreme_source:60->target61] [Epoch 200/200] [loss_mse: 0.018188]
  收敛检测[few_shot:extreme_source_station60_to_61_class3]: 已收敛 @ epoch 102 (best_epoch=97, best_loss=0.017572, final_loss=0.018188)
  收敛检测[few_shot:few_shot]: 未收敛 (best_epoch=1, best_loss=0.137824, final_loss=0.137824)
  收敛检测[few_shot:few_shot]: 未收敛 (best_epoch=1, best_loss=0.224596, final_loss=0.224596)
  收敛检测[few_shot:few_shot]: 未收敛 (best_epoch=1, best_loss=0.066031, final_loss=0.066031)
  收敛检测[few_shot:few_shot]: 未收敛 (best_epoch=1, best_loss=0.081352, final_loss=0.081352)
  收敛检测[few_shot:few_shot]: 未收敛 (best_epoch=1, best_loss=0.144791, final_loss=0.144791)
  收敛检测[few_shot:few_shot]: 未收敛 (best_epoch=1, best_loss=0.034348, final_loss=0.034348)
  收敛检测[few_shot:few_shot]: 未收敛 (best_epoch=1, best_loss=0.060395, final_loss=0.060395)
  收敛检测[few_shot:few_shot]: 未收敛 (best_epoch=1, best_loss=0.090248, final_loss=0.090248)
  收敛检测[few_shot:few_shot]: 未收敛 (best_epoch=1, best_loss=0.099809, final_loss=0.099809)
  收敛检测[few_shot:few_shot]: 未收敛 (best_epoch=1, best_loss=0.050751, final_loss=0.050751)
  收敛检测[few_shot:few_shot]: 未收敛 (best_epoch=1, best_loss=0.017992, final_loss=0.017992)
  收敛检测[few_shot:few_shot]: 未收敛 (best_epoch=1, best_loss=0.033701, final_loss=0.033701)
  收敛检测[few_shot:few_shot]: 未收敛 (best_epoch=1, best_loss=0.041046, final_loss=0.041046)
  收敛检测[few_shot:few_shot]: 未收敛 (best_epoch=1, best_loss=0.023586, final_loss=0.023586)
  收敛检测[few_shot:few_shot]: 未收敛 (best_epoch=1, best_loss=0.066441, final_loss=0.066441)
  收敛检测[few_shot:few_shot]: 未收敛 (best_epoch=1, best_loss=0.027026, final_loss=0.027026)
    [screen:extreme_source] source_station=62 -> target_station=61, candidate=19, gated=16, effective=10
      [extreme_source:62->target61] [Epoch 1/200] [loss_mse: 0.051008]
      [extreme_source:62->target61] [Epoch 2/200] [loss_mse: 0.051940]
      [extreme_source:62->target61] [Epoch 3/200] [loss_mse: 0.051582]
      [extreme_source:62->target61] [Epoch 4/200] [loss_mse: 0.050315]
      [extreme_source:62->target61] [Epoch 5/200] [loss_mse: 0.044443]
      [extreme_source:62->target61] [Epoch 6/200] [loss_mse: 0.045189]
      [extreme_source:62->target61] [Epoch 7/200] [loss_mse: 0.047716]
      [extreme_source:62->target61] [Epoch 8/200] [loss_mse: 0.039481]
      [extreme_source:62->target61] [Epoch 9/200] [loss_mse: 0.046676]
      [extreme_source:62->target61] [Epoch 10/200] [loss_mse: 0.038417]
      [extreme_source:62->target61] [Epoch 20/200] [loss_mse: 0.031202]
  收敛检测[few_shot:extreme_source_station62_to_61_class3]: 首次达到收敛条件 @ epoch 39 (best_epoch=34, best_loss=0.021882, final_loss=0.023384)
      [extreme_source:62->target61] [Epoch 40/200] [loss_mse: 0.022924]
  收敛检测[few_shot:extreme_source_station62_to_61_class3]: 首次达到收敛条件 @ epoch 46 (best_epoch=41, best_loss=0.021094, final_loss=0.021850)
  收敛检测[few_shot:extreme_source_station62_to_61_class3]: 首次达到收敛条件 @ epoch 52 (best_epoch=47, best_loss=0.020445, final_loss=0.023931)
  收敛检测[few_shot:extreme_source_station62_to_61_class3]: 首次达到收敛条件 @ epoch 60 (best_epoch=55, best_loss=0.019403, final_loss=0.020974)
      [extreme_source:62->target61] [Epoch 60/200] [loss_mse: 0.020974]
  收敛检测[few_shot:extreme_source_station62_to_61_class3]: 首次达到收敛条件 @ epoch 78 (best_epoch=73, best_loss=0.019085, final_loss=0.020518)
      [extreme_source:62->target61] [Epoch 80/200] [loss_mse: 0.020800]
      [extreme_source:62->target61] [Epoch 100/200] [loss_mse: 0.020739]
      [extreme_source:62->target61] [Epoch 120/200] [loss_mse: 0.020999]
  收敛检测[few_shot:extreme_source_station62_to_61_class3]: 首次达到收敛条件 @ epoch 134 (best_epoch=129, best_loss=0.018516, final_loss=0.023222)
      [extreme_source:62->target61] [Epoch 140/200] [loss_mse: 0.020550]
      [extreme_source:62->target61] [Epoch 160/200] [loss_mse: 0.019796]
      [extreme_source:62->target61] [Epoch 180/200] [loss_mse: 0.019713]
  收敛检测[few_shot:extreme_source_station62_to_61_class3]: 首次达到收敛条件 @ epoch 196 (best_epoch=191, best_loss=0.018237, final_loss=0.019078)
      [extreme_source:62->target61] [Epoch 200/200] [loss_mse: 0.023685]
  收敛检测[few_shot:extreme_source_station62_to_61_class3]: 已收敛 @ epoch 196 (best_epoch=191, best_loss=0.018237, final_loss=0.023685)
  收敛检测[few_shot:few_shot]: 未收敛 (best_epoch=1, best_loss=0.053271, final_loss=0.053271)
  收敛检测[few_shot:few_shot]: 未收敛 (best_epoch=1, best_loss=0.040073, final_loss=0.040073)
  收敛检测[few_shot:few_shot]: 未收敛 (best_epoch=1, best_loss=0.071661, final_loss=0.071661)
  收敛检测[few_shot:few_shot]: 未收敛 (best_epoch=1, best_loss=0.061668, final_loss=0.061668)
  收敛检测[few_shot:few_shot]: 未收敛 (best_epoch=1, best_loss=0.070834, final_loss=0.070834)
  收敛检测[few_shot:few_shot]: 未收敛 (best_epoch=1, best_loss=0.075655, final_loss=0.075655)
  收敛检测[few_shot:few_shot]: 未收敛 (best_epoch=1, best_loss=0.098478, final_loss=0.098478)
  收敛检测[few_shot:few_shot]: 未收敛 (best_epoch=1, best_loss=0.100672, final_loss=0.100672)
  收敛检测[few_shot:few_shot]: 未收敛 (best_epoch=1, best_loss=0.094975, final_loss=0.094975)
  收敛检测[few_shot:few_shot]: 未收敛 (best_epoch=1, best_loss=0.043890, final_loss=0.043890)
  收敛检测[few_shot:few_shot]: 未收敛 (best_epoch=1, best_loss=0.073332, final_loss=0.073332)
  收敛检测[few_shot:few_shot]: 未收敛 (best_epoch=1, best_loss=0.058412, final_loss=0.058412)
  收敛检测[few_shot:few_shot]: 未收敛 (best_epoch=1, best_loss=0.034981, final_loss=0.034981)
  收敛检测[few_shot:few_shot]: 未收敛 (best_epoch=1, best_loss=0.038008, final_loss=0.038008)
  收敛检测[few_shot:few_shot]: 未收敛 (best_epoch=1, best_loss=0.054214, final_loss=0.054214)
  收敛检测[few_shot:few_shot]: 未收敛 (best_epoch=1, best_loss=0.028952, final_loss=0.028952)
  收敛检测[few_shot:few_shot]: 未收敛 (best_epoch=1, best_loss=0.040083, final_loss=0.040083)
  收敛检测[few_shot:few_shot]: 未收敛 (best_epoch=1, best_loss=0.094222, final_loss=0.094222)
  收敛检测[few_shot:few_shot]: 未收敛 (best_epoch=1, best_loss=0.094151, final_loss=0.094151)
  收敛检测[few_shot:few_shot]: 未收敛 (best_epoch=1, best_loss=0.093184, final_loss=0.093184)
  收敛检测[few_shot:few_shot]: 未收敛 (best_epoch=1, best_loss=0.069252, final_loss=0.069252)
  收敛检测[few_shot:few_shot]: 未收敛 (best_epoch=1, best_loss=0.044484, final_loss=0.044484)
  收敛检测[few_shot:few_shot]: 未收敛 (best_epoch=1, best_loss=0.012394, final_loss=0.012394)
    [screen:extreme_source] source_station=63 -> target_station=61, candidate=28, gated=23, effective=20
      [extreme_source:63->target61] [Epoch 1/200] [loss_mse: 0.069261]
      [extreme_source:63->target61] [Epoch 2/200] [loss_mse: 0.066514]
      [extreme_source:63->target61] [Epoch 3/200] [loss_mse: 0.064880]
      [extreme_source:63->target61] [Epoch 4/200] [loss_mse: 0.059934]
      [extreme_source:63->target61] [Epoch 5/200] [loss_mse: 0.056456]
      [extreme_source:63->target61] [Epoch 6/200] [loss_mse: 0.052922]
      [extreme_source:63->target61] [Epoch 7/200] [loss_mse: 0.051648]
      [extreme_source:63->target61] [Epoch 8/200] [loss_mse: 0.049170]
      [extreme_source:63->target61] [Epoch 9/200] [loss_mse: 0.043702]
      [extreme_source:63->target61] [Epoch 10/200] [loss_mse: 0.044732]
      [extreme_source:63->target61] [Epoch 20/200] [loss_mse: 0.028129]
      [extreme_source:63->target61] [Epoch 40/200] [loss_mse: 0.018453]
  收敛检测[few_shot:extreme_source_station63_to_61_class3]: 首次达到收敛条件 @ epoch 53 (best_epoch=48, best_loss=0.015433, final_loss=0.015752)
      [extreme_source:63->target61] [Epoch 60/200] [loss_mse: 0.015544]
  收敛检测[few_shot:extreme_source_station63_to_61_class3]: 首次达到收敛条件 @ epoch 61 (best_epoch=56, best_loss=0.014627, final_loss=0.014620)
  收敛检测[few_shot:extreme_source_station63_to_61_class3]: 首次达到收敛条件 @ epoch 69 (best_epoch=64, best_loss=0.014249, final_loss=0.015512)
  收敛检测[few_shot:extreme_source_station63_to_61_class3]: 首次达到收敛条件 @ epoch 77 (best_epoch=72, best_loss=0.013894, final_loss=0.015230)
      [extreme_source:63->target61] [Epoch 80/200] [loss_mse: 0.015357]
      [extreme_source:63->target61] [Epoch 100/200] [loss_mse: 0.014526]
      [extreme_source:63->target61] [Epoch 120/200] [loss_mse: 0.014253]
      [extreme_source:63->target61] [Epoch 140/200] [loss_mse: 0.014676]
  收敛检测[few_shot:extreme_source_station63_to_61_class3]: 首次达到收敛条件 @ epoch 150 (best_epoch=145, best_loss=0.013733, final_loss=0.015357)
      [extreme_source:63->target61] [Epoch 160/200] [loss_mse: 0.014902]
  收敛检测[few_shot:extreme_source_station63_to_61_class3]: 首次达到收敛条件 @ epoch 168 (best_epoch=163, best_loss=0.013376, final_loss=0.014631)
      [extreme_source:63->target61] [Epoch 180/200] [loss_mse: 0.014064]
  收敛检测[few_shot:extreme_source_station63_to_61_class3]: 首次达到收敛条件 @ epoch 187 (best_epoch=182, best_loss=0.013063, final_loss=0.014076)
      [extreme_source:63->target61] [Epoch 200/200] [loss_mse: 0.013711]
  收敛检测[few_shot:extreme_source_station63_to_61_class3]: 已收敛 @ epoch 187 (best_epoch=182, best_loss=0.013063, final_loss=0.013711)
      [Extreme-FedAvg:target_refine] [Epoch 1/200] [loss_mse: 0.030978]
      [Extreme-FedAvg:target_refine] [Epoch 2/200] [loss_mse: 0.030213]
      [Extreme-FedAvg:target_refine] [Epoch 3/200] [loss_mse: 0.030267]
      [Extreme-FedAvg:target_refine] [Epoch 4/200] [loss_mse: 0.030382]
      [Extreme-FedAvg:target_refine] [Epoch 5/200] [loss_mse: 0.030379]
      [Extreme-FedAvg:target_refine] [Epoch 6/200] [loss_mse: 0.030666]
  收敛检测[few_shot:extreme_fedavg_station61_class3]: 首次达到收敛条件 @ epoch 7 (best_epoch=2, best_loss=0.030213, final_loss=0.030777)
      [Extreme-FedAvg:target_refine] [Epoch 7/200] [loss_mse: 0.030777]
      [Extreme-FedAvg:target_refine] [Epoch 8/200] [loss_mse: 0.029862]
      [Extreme-FedAvg:target_refine] [Epoch 9/200] [loss_mse: 0.029965]
      [Extreme-FedAvg:target_refine] [Epoch 10/200] [loss_mse: 0.029763]
  收敛检测[few_shot:extreme_fedavg_station61_class3]: 首次达到收敛条件 @ epoch 13 (best_epoch=8, best_loss=0.029862, final_loss=0.031398)
      [Extreme-FedAvg:target_refine] [Epoch 20/200] [loss_mse: 0.030589]
  收敛检测[few_shot:extreme_fedavg_station61_class3]: 首次达到收敛条件 @ epoch 24 (best_epoch=19, best_loss=0.029606, final_loss=0.029754)
  收敛检测[few_shot:extreme_fedavg_station61_class3]: 首次达到收敛条件 @ epoch 40 (best_epoch=35, best_loss=0.029463, final_loss=0.030353)
      [Extreme-FedAvg:target_refine] [Epoch 40/200] [loss_mse: 0.030353]
  收敛检测[few_shot:extreme_fedavg_station61_class3]: 首次达到收敛条件 @ epoch 57 (best_epoch=52, best_loss=0.029299, final_loss=0.029876)
      [Extreme-FedAvg:target_refine] [Epoch 60/200] [loss_mse: 0.030624]
  收敛检测[few_shot:extreme_fedavg_station61_class3]: 首次达到收敛条件 @ epoch 75 (best_epoch=70, best_loss=0.028945, final_loss=0.029011)
      [Extreme-FedAvg:target_refine] [Epoch 80/200] [loss_mse: 0.029812]
      [Extreme-FedAvg:target_refine] [Epoch 100/200] [loss_mse: 0.028911]
      [Extreme-FedAvg:target_refine] [Epoch 120/200] [loss_mse: 0.030591]
  收敛检测[few_shot:extreme_fedavg_station61_class3]: 首次达到收敛条件 @ epoch 139 (best_epoch=134, best_loss=0.028607, final_loss=0.029825)
      [Extreme-FedAvg:target_refine] [Epoch 140/200] [loss_mse: 0.030665]
      [Extreme-FedAvg:target_refine] [Epoch 160/200] [loss_mse: 0.030890]
  收敛检测[few_shot:extreme_fedavg_station61_class3]: 首次达到收敛条件 @ epoch 162 (best_epoch=157, best_loss=0.028489, final_loss=0.029708)
      [Extreme-FedAvg:target_refine] [Epoch 180/200] [loss_mse: 0.028700]
      [Extreme-FedAvg:target_refine] [Epoch 200/200] [loss_mse: 0.029902]
  收敛检测[few_shot:extreme_fedavg_station61_class3]: 已收敛 @ epoch 162 (best_epoch=157, best_loss=0.028489, final_loss=0.029902)
    ✓ 保存(Extreme-FedAvg): artifacts/2h6p_six_station/fed-normal-meta-5k/models/model_fore_station61_extreme3_extreme_fedavg.pth weights={'61': 0.16666666666666666, '58': 0.16666666666666666, '59': 0.16666666666666666, '60': 0.16666666666666666, '62': 0.16666666666666666, '63': 0.16666666666666666}
      [Proposed-A:self_update] [Epoch 1/200] [loss_mse: 0.080074]
      [Proposed-A:self_update] [Epoch 2/200] [loss_mse: 0.075265]
      [Proposed-A:self_update] [Epoch 3/200] [loss_mse: 0.070908]
      [Proposed-A:self_update] [Epoch 4/200] [loss_mse: 0.068598]
      [Proposed-A:self_update] [Epoch 5/200] [loss_mse: 0.064828]
      [Proposed-A:self_update] [Epoch 6/200] [loss_mse: 0.063331]
      [Proposed-A:self_update] [Epoch 7/200] [loss_mse: 0.060332]
      [Proposed-A:self_update] [Epoch 8/200] [loss_mse: 0.055679]
      [Proposed-A:self_update] [Epoch 9/200] [loss_mse: 0.054676]
      [Proposed-A:self_update] [Epoch 10/200] [loss_mse: 0.052575]
      [Proposed-A:self_update] [Epoch 20/200] [loss_mse: 0.039806]
  收敛检测[few_shot:proposed_self_station61_class3]: 首次达到收敛条件 @ epoch 36 (best_epoch=31, best_loss=0.032516, final_loss=0.032975)
      [Proposed-A:self_update] [Epoch 40/200] [loss_mse: 0.033148]
  收敛检测[few_shot:proposed_self_station61_class3]: 首次达到收敛条件 @ epoch 49 (best_epoch=44, best_loss=0.031900, final_loss=0.031939)
  收敛检测[few_shot:proposed_self_station61_class3]: 首次达到收敛条件 @ epoch 59 (best_epoch=54, best_loss=0.031347, final_loss=0.032492)
      [Proposed-A:self_update] [Epoch 60/200] [loss_mse: 0.033263]
  收敛检测[few_shot:proposed_self_station61_class3]: 首次达到收敛条件 @ epoch 79 (best_epoch=74, best_loss=0.031126, final_loss=0.031681)
      [Proposed-A:self_update] [Epoch 80/200] [loss_mse: 0.031405]
      [Proposed-A:self_update] [Epoch 100/200] [loss_mse: 0.031335]
      [Proposed-A:self_update] [Epoch 120/200] [loss_mse: 0.031981]
  收敛检测[few_shot:proposed_self_station61_class3]: 首次达到收敛条件 @ epoch 130 (best_epoch=125, best_loss=0.030739, final_loss=0.031648)
      [Proposed-A:self_update] [Epoch 140/200] [loss_mse: 0.031458]
  收敛检测[few_shot:proposed_self_station61_class3]: 首次达到收敛条件 @ epoch 143 (best_epoch=138, best_loss=0.030606, final_loss=0.030992)
      [Proposed-A:self_update] [Epoch 160/200] [loss_mse: 0.030336]
  收敛检测[few_shot:proposed_self_station61_class3]: 首次达到收敛条件 @ epoch 165 (best_epoch=160, best_loss=0.030336, final_loss=0.031767)
  收敛检测[few_shot:proposed_self_station61_class3]: 首次达到收敛条件 @ epoch 177 (best_epoch=172, best_loss=0.029959, final_loss=0.031236)
      [Proposed-A:self_update] [Epoch 180/200] [loss_mse: 0.030668]
      [Proposed-A:self_update] [Epoch 200/200] [loss_mse: 0.031089]
  收敛检测[few_shot:proposed_self_station61_class3]: 已收敛 @ epoch 177 (best_epoch=172, best_loss=0.029959, final_loss=0.031089)
  收敛检测[few_shot:few_shot]: 未收敛 (best_epoch=1, best_loss=0.092045, final_loss=0.092045)
  收敛检测[few_shot:few_shot]: 未收敛 (best_epoch=1, best_loss=0.100351, final_loss=0.100351)
  收敛检测[few_shot:few_shot]: 未收敛 (best_epoch=1, best_loss=0.088425, final_loss=0.088425)
  收敛检测[few_shot:few_shot]: 未收敛 (best_epoch=1, best_loss=0.081211, final_loss=0.081211)
  收敛检测[few_shot:few_shot]: 未收敛 (best_epoch=1, best_loss=0.113326, final_loss=0.113326)
  收敛检测[few_shot:few_shot]: 未收敛 (best_epoch=1, best_loss=0.068094, final_loss=0.068094)
  收敛检测[few_shot:few_shot]: 未收敛 (best_epoch=1, best_loss=0.101794, final_loss=0.101794)
  收敛检测[few_shot:few_shot]: 未收敛 (best_epoch=1, best_loss=0.071725, final_loss=0.071725)
  收敛检测[few_shot:few_shot]: 未收敛 (best_epoch=1, best_loss=0.053860, final_loss=0.053860)
  收敛检测[few_shot:few_shot]: 未收敛 (best_epoch=1, best_loss=0.095594, final_loss=0.095594)
  收敛检测[few_shot:few_shot]: 未收敛 (best_epoch=1, best_loss=0.087402, final_loss=0.087402)
  收敛检测[few_shot:few_shot]: 未收敛 (best_epoch=1, best_loss=0.061942, final_loss=0.061942)
  收敛检测[few_shot:few_shot]: 未收敛 (best_epoch=1, best_loss=0.024933, final_loss=0.024933)
  收敛检测[few_shot:few_shot]: 未收敛 (best_epoch=1, best_loss=0.101973, final_loss=0.101973)
  收敛检测[few_shot:few_shot]: 未收敛 (best_epoch=1, best_loss=0.073194, final_loss=0.073194)
  收敛检测[few_shot:few_shot]: 未收敛 (best_epoch=1, best_loss=0.019618, final_loss=0.019618)
  收敛检测[few_shot:few_shot]: 未收敛 (best_epoch=1, best_loss=0.029260, final_loss=0.029260)
  收敛检测[few_shot:few_shot]: 未收敛 (best_epoch=1, best_loss=0.051986, final_loss=0.051986)
  收敛检测[few_shot:few_shot]: 未收敛 (best_epoch=1, best_loss=0.077835, final_loss=0.077835)
  收敛检测[few_shot:few_shot]: 未收敛 (best_epoch=1, best_loss=0.100522, final_loss=0.100522)
  收敛检测[few_shot:few_shot]: 未收敛 (best_epoch=1, best_loss=0.053156, final_loss=0.053156)
  收敛检测[few_shot:few_shot]: 未收敛 (best_epoch=1, best_loss=0.044068, final_loss=0.044068)
  收敛检测[few_shot:few_shot]: 未收敛 (best_epoch=1, best_loss=0.078756, final_loss=0.078756)
  收敛检测[few_shot:few_shot]: 未收敛 (best_epoch=1, best_loss=0.113137, final_loss=0.113137)
  收敛检测[few_shot:few_shot]: 未收敛 (best_epoch=1, best_loss=0.054430, final_loss=0.054430)
  收敛检测[few_shot:few_shot]: 未收敛 (best_epoch=1, best_loss=0.044150, final_loss=0.044150)
  收敛检测[few_shot:few_shot]: 未收敛 (best_epoch=1, best_loss=0.065506, final_loss=0.065506)
  收敛检测[few_shot:few_shot]: 未收敛 (best_epoch=1, best_loss=0.037325, final_loss=0.037325)
  收敛检测[few_shot:few_shot]: 未收敛 (best_epoch=1, best_loss=0.039332, final_loss=0.039332)
    [screen:proposed_source] source_station=58 -> target_station=61, candidate=36, gated=29, effective=26
      [proposed_source:58->target61] [Epoch 1/200] [loss_mse: 0.072069]
      [proposed_source:58->target61] [Epoch 2/200] [loss_mse: 0.071170]
      [proposed_source:58->target61] [Epoch 3/200] [loss_mse: 0.067326]
      [proposed_source:58->target61] [Epoch 4/200] [loss_mse: 0.065184]
      [proposed_source:58->target61] [Epoch 5/200] [loss_mse: 0.056133]
      [proposed_source:58->target61] [Epoch 6/200] [loss_mse: 0.053967]
      [proposed_source:58->target61] [Epoch 7/200] [loss_mse: 0.052159]
      [proposed_source:58->target61] [Epoch 8/200] [loss_mse: 0.048685]
      [proposed_source:58->target61] [Epoch 9/200] [loss_mse: 0.044437]
      [proposed_source:58->target61] [Epoch 10/200] [loss_mse: 0.042393]
      [proposed_source:58->target61] [Epoch 20/200] [loss_mse: 0.022017]
      [proposed_source:58->target61] [Epoch 40/200] [loss_mse: 0.012098]
  收敛检测[few_shot:proposed_source_station58_to_61_class3]: 首次达到收敛条件 @ epoch 52 (best_epoch=47, best_loss=0.010366, final_loss=0.010472)
  收敛检测[few_shot:proposed_source_station58_to_61_class3]: 首次达到收敛条件 @ epoch 59 (best_epoch=54, best_loss=0.010020, final_loss=0.010226)
      [proposed_source:58->target61] [Epoch 60/200] [loss_mse: 0.010091]
  收敛检测[few_shot:proposed_source_station58_to_61_class3]: 首次达到收敛条件 @ epoch 67 (best_epoch=62, best_loss=0.009189, final_loss=0.010549)
      [proposed_source:58->target61] [Epoch 80/200] [loss_mse: 0.010187]
      [proposed_source:58->target61] [Epoch 100/200] [loss_mse: 0.009412]
      [proposed_source:58->target61] [Epoch 120/200] [loss_mse: 0.009600]
  收敛检测[few_shot:proposed_source_station58_to_61_class3]: 首次达到收敛条件 @ epoch 126 (best_epoch=121, best_loss=0.008937, final_loss=0.009533)
      [proposed_source:58->target61] [Epoch 140/200] [loss_mse: 0.009807]
      [proposed_source:58->target61] [Epoch 160/200] [loss_mse: 0.009453]
      [proposed_source:58->target61] [Epoch 180/200] [loss_mse: 0.009057]
  收敛检测[few_shot:proposed_source_station58_to_61_class3]: 首次达到收敛条件 @ epoch 183 (best_epoch=178, best_loss=0.008832, final_loss=0.008936)
  收敛检测[few_shot:proposed_source_station58_to_61_class3]: 首次达到收敛条件 @ epoch 192 (best_epoch=187, best_loss=0.008714, final_loss=0.008917)
      [proposed_source:58->target61] [Epoch 200/200] [loss_mse: 0.009218]
  收敛检测[few_shot:proposed_source_station58_to_61_class3]: 已收敛 @ epoch 192 (best_epoch=187, best_loss=0.008714, final_loss=0.009218)
  收敛检测[few_shot:few_shot]: 未收敛 (best_epoch=1, best_loss=0.092737, final_loss=0.092737)
  收敛检测[few_shot:few_shot]: 未收敛 (best_epoch=1, best_loss=0.075589, final_loss=0.075589)
  收敛检测[few_shot:few_shot]: 未收敛 (best_epoch=1, best_loss=0.102347, final_loss=0.102347)
  收敛检测[few_shot:few_shot]: 未收敛 (best_epoch=1, best_loss=0.116768, final_loss=0.116768)
  收敛检测[few_shot:few_shot]: 未收敛 (best_epoch=1, best_loss=0.105611, final_loss=0.105611)
  收敛检测[few_shot:few_shot]: 未收敛 (best_epoch=1, best_loss=0.039933, final_loss=0.039933)
  收敛检测[few_shot:few_shot]: 未收敛 (best_epoch=1, best_loss=0.064770, final_loss=0.064770)
  收敛检测[few_shot:few_shot]: 未收敛 (best_epoch=1, best_loss=0.103951, final_loss=0.103951)
  收敛检测[few_shot:few_shot]: 未收敛 (best_epoch=1, best_loss=0.065165, final_loss=0.065165)
  收敛检测[few_shot:few_shot]: 未收敛 (best_epoch=1, best_loss=0.104039, final_loss=0.104039)
  收敛检测[few_shot:few_shot]: 未收敛 (best_epoch=1, best_loss=0.030574, final_loss=0.030574)
  收敛检测[few_shot:few_shot]: 未收敛 (best_epoch=1, best_loss=0.031944, final_loss=0.031944)
  收敛检测[few_shot:few_shot]: 未收敛 (best_epoch=1, best_loss=0.048439, final_loss=0.048439)
  收敛检测[few_shot:few_shot]: 未收敛 (best_epoch=1, best_loss=0.018656, final_loss=0.018656)
  收敛检测[few_shot:few_shot]: 未收敛 (best_epoch=1, best_loss=0.035580, final_loss=0.035580)
  收敛检测[few_shot:few_shot]: 未收敛 (best_epoch=1, best_loss=0.056690, final_loss=0.056690)
    [screen:proposed_source] source_station=59 -> target_station=61, candidate=19, gated=16, effective=14
      [proposed_source:59->target61] [Epoch 1/200] [loss_mse: 0.073138]
      [proposed_source:59->target61] [Epoch 2/200] [loss_mse: 0.069678]
      [proposed_source:59->target61] [Epoch 3/200] [loss_mse: 0.064319]
      [proposed_source:59->target61] [Epoch 4/200] [loss_mse: 0.061256]
      [proposed_source:59->target61] [Epoch 5/200] [loss_mse: 0.058420]
      [proposed_source:59->target61] [Epoch 6/200] [loss_mse: 0.054124]
      [proposed_source:59->target61] [Epoch 7/200] [loss_mse: 0.050346]
      [proposed_source:59->target61] [Epoch 8/200] [loss_mse: 0.048062]
      [proposed_source:59->target61] [Epoch 9/200] [loss_mse: 0.045529]
      [proposed_source:59->target61] [Epoch 10/200] [loss_mse: 0.047641]
      [proposed_source:59->target61] [Epoch 20/200] [loss_mse: 0.028143]
  收敛检测[few_shot:proposed_source_station59_to_61_class3]: 首次达到收敛条件 @ epoch 38 (best_epoch=33, best_loss=0.020299, final_loss=0.020869)
      [proposed_source:59->target61] [Epoch 40/200] [loss_mse: 0.021384]
  收敛检测[few_shot:proposed_source_station59_to_61_class3]: 首次达到收敛条件 @ epoch 49 (best_epoch=44, best_loss=0.018957, final_loss=0.018981)
      [proposed_source:59->target61] [Epoch 60/200] [loss_mse: 0.019897]
  收敛检测[few_shot:proposed_source_station59_to_61_class3]: 首次达到收敛条件 @ epoch 61 (best_epoch=56, best_loss=0.018824, final_loss=0.019714)
  收敛检测[few_shot:proposed_source_station59_to_61_class3]: 首次达到收敛条件 @ epoch 67 (best_epoch=62, best_loss=0.017954, final_loss=0.019489)
      [proposed_source:59->target61] [Epoch 80/200] [loss_mse: 0.019028]
      [proposed_source:59->target61] [Epoch 100/200] [loss_mse: 0.018634]
      [proposed_source:59->target61] [Epoch 120/200] [loss_mse: 0.019524]
      [proposed_source:59->target61] [Epoch 140/200] [loss_mse: 0.018883]
  收敛检测[few_shot:proposed_source_station59_to_61_class3]: 首次达到收敛条件 @ epoch 147 (best_epoch=142, best_loss=0.017664, final_loss=0.018108)
      [proposed_source:59->target61] [Epoch 160/200] [loss_mse: 0.018094]
  收敛检测[few_shot:proposed_source_station59_to_61_class3]: 首次达到收敛条件 @ epoch 166 (best_epoch=161, best_loss=0.017550, final_loss=0.017839)
  收敛检测[few_shot:proposed_source_station59_to_61_class3]: 首次达到收敛条件 @ epoch 177 (best_epoch=172, best_loss=0.017439, final_loss=0.018597)
      [proposed_source:59->target61] [Epoch 180/200] [loss_mse: 0.018174]
  收敛检测[few_shot:proposed_source_station59_to_61_class3]: 首次达到收敛条件 @ epoch 192 (best_epoch=187, best_loss=0.016811, final_loss=0.017407)
      [proposed_source:59->target61] [Epoch 200/200] [loss_mse: 0.017842]
  收敛检测[few_shot:proposed_source_station59_to_61_class3]: 已收敛 @ epoch 192 (best_epoch=187, best_loss=0.016811, final_loss=0.017842)
  收敛检测[few_shot:few_shot]: 未收敛 (best_epoch=1, best_loss=0.185564, final_loss=0.185564)
  收敛检测[few_shot:few_shot]: 未收敛 (best_epoch=1, best_loss=0.078607, final_loss=0.078607)
  收敛检测[few_shot:few_shot]: 未收敛 (best_epoch=1, best_loss=0.085294, final_loss=0.085294)
  收敛检测[few_shot:few_shot]: 未收敛 (best_epoch=1, best_loss=0.048441, final_loss=0.048441)
  收敛检测[few_shot:few_shot]: 未收敛 (best_epoch=1, best_loss=0.072642, final_loss=0.072642)
  收敛检测[few_shot:few_shot]: 未收敛 (best_epoch=1, best_loss=0.064198, final_loss=0.064198)
  收敛检测[few_shot:few_shot]: 未收敛 (best_epoch=1, best_loss=0.067990, final_loss=0.067990)
  收敛检测[few_shot:few_shot]: 未收敛 (best_epoch=1, best_loss=0.093965, final_loss=0.093965)
  收敛检测[few_shot:few_shot]: 未收敛 (best_epoch=1, best_loss=0.074921, final_loss=0.074921)
  收敛检测[few_shot:few_shot]: 未收敛 (best_epoch=1, best_loss=0.037978, final_loss=0.037978)
  收敛检测[few_shot:few_shot]: 未收敛 (best_epoch=1, best_loss=0.089745, final_loss=0.089745)
  收敛检测[few_shot:few_shot]: 未收敛 (best_epoch=1, best_loss=0.045454, final_loss=0.045454)
  收敛检测[few_shot:few_shot]: 未收敛 (best_epoch=1, best_loss=0.044133, final_loss=0.044133)
  收敛检测[few_shot:few_shot]: 未收敛 (best_epoch=1, best_loss=0.049320, final_loss=0.049320)
  收敛检测[few_shot:few_shot]: 未收敛 (best_epoch=1, best_loss=0.049296, final_loss=0.049296)
  收敛检测[few_shot:few_shot]: 未收敛 (best_epoch=1, best_loss=0.022423, final_loss=0.022423)
  收敛检测[few_shot:few_shot]: 未收敛 (best_epoch=1, best_loss=0.059755, final_loss=0.059755)
  收敛检测[few_shot:few_shot]: 未收敛 (best_epoch=1, best_loss=0.147542, final_loss=0.147542)
  收敛检测[few_shot:few_shot]: 未收敛 (best_epoch=1, best_loss=0.092621, final_loss=0.092621)
  收敛检测[few_shot:few_shot]: 未收敛 (best_epoch=1, best_loss=0.046959, final_loss=0.046959)
  收敛检测[few_shot:few_shot]: 未收敛 (best_epoch=1, best_loss=0.030864, final_loss=0.030864)
  收敛检测[few_shot:few_shot]: 未收敛 (best_epoch=1, best_loss=0.040648, final_loss=0.040648)
  收敛检测[few_shot:few_shot]: 未收敛 (best_epoch=1, best_loss=0.019887, final_loss=0.019887)
    [screen:proposed_source] source_station=60 -> target_station=61, candidate=28, gated=23, effective=19
      [proposed_source:60->target61] [Epoch 1/200] [loss_mse: 0.067596]
      [proposed_source:60->target61] [Epoch 2/200] [loss_mse: 0.059882]
      [proposed_source:60->target61] [Epoch 3/200] [loss_mse: 0.058070]
      [proposed_source:60->target61] [Epoch 4/200] [loss_mse: 0.055149]
      [proposed_source:60->target61] [Epoch 5/200] [loss_mse: 0.053671]
      [proposed_source:60->target61] [Epoch 6/200] [loss_mse: 0.047206]
      [proposed_source:60->target61] [Epoch 7/200] [loss_mse: 0.047784]
      [proposed_source:60->target61] [Epoch 8/200] [loss_mse: 0.045386]
      [proposed_source:60->target61] [Epoch 9/200] [loss_mse: 0.042305]
      [proposed_source:60->target61] [Epoch 10/200] [loss_mse: 0.039649]
      [proposed_source:60->target61] [Epoch 20/200] [loss_mse: 0.024291]
      [proposed_source:60->target61] [Epoch 40/200] [loss_mse: 0.017647]
  收敛检测[few_shot:proposed_source_station60_to_61_class3]: 首次达到收敛条件 @ epoch 45 (best_epoch=40, best_loss=0.017647, final_loss=0.017993)
  收敛检测[few_shot:proposed_source_station60_to_61_class3]: 首次达到收敛条件 @ epoch 52 (best_epoch=47, best_loss=0.017489, final_loss=0.017763)
  收敛检测[few_shot:proposed_source_station60_to_61_class3]: 首次达到收敛条件 @ epoch 58 (best_epoch=53, best_loss=0.016028, final_loss=0.017791)
      [proposed_source:60->target61] [Epoch 60/200] [loss_mse: 0.016200]
      [proposed_source:60->target61] [Epoch 80/200] [loss_mse: 0.017321]
      [proposed_source:60->target61] [Epoch 100/200] [loss_mse: 0.016981]
      [proposed_source:60->target61] [Epoch 120/200] [loss_mse: 0.016738]
      [proposed_source:60->target61] [Epoch 140/200] [loss_mse: 0.016286]
      [proposed_source:60->target61] [Epoch 160/200] [loss_mse: 0.016587]
  收敛检测[few_shot:proposed_source_station60_to_61_class3]: 首次达到收敛条件 @ epoch 178 (best_epoch=173, best_loss=0.015777, final_loss=0.016117)
      [proposed_source:60->target61] [Epoch 180/200] [loss_mse: 0.016518]
  收敛检测[few_shot:proposed_source_station60_to_61_class3]: 首次达到收敛条件 @ epoch 198 (best_epoch=193, best_loss=0.015534, final_loss=0.015566)
      [proposed_source:60->target61] [Epoch 200/200] [loss_mse: 0.016331]
  收敛检测[few_shot:proposed_source_station60_to_61_class3]: 已收敛 @ epoch 198 (best_epoch=193, best_loss=0.015534, final_loss=0.016331)
  收敛检测[few_shot:few_shot]: 未收敛 (best_epoch=1, best_loss=0.147719, final_loss=0.147719)
  收敛检测[few_shot:few_shot]: 未收敛 (best_epoch=1, best_loss=0.208655, final_loss=0.208655)
  收敛检测[few_shot:few_shot]: 未收敛 (best_epoch=1, best_loss=0.056585, final_loss=0.056585)
  收敛检测[few_shot:few_shot]: 未收敛 (best_epoch=1, best_loss=0.082344, final_loss=0.082344)
  收敛检测[few_shot:few_shot]: 未收敛 (best_epoch=1, best_loss=0.139273, final_loss=0.139273)
  收敛检测[few_shot:few_shot]: 未收敛 (best_epoch=1, best_loss=0.024651, final_loss=0.024651)
  收敛检测[few_shot:few_shot]: 未收敛 (best_epoch=1, best_loss=0.051039, final_loss=0.051039)
  收敛检测[few_shot:few_shot]: 未收敛 (best_epoch=1, best_loss=0.099535, final_loss=0.099535)
  收敛检测[few_shot:few_shot]: 未收敛 (best_epoch=1, best_loss=0.140897, final_loss=0.140897)
  收敛检测[few_shot:few_shot]: 未收敛 (best_epoch=1, best_loss=0.052300, final_loss=0.052300)
  收敛检测[few_shot:few_shot]: 未收敛 (best_epoch=1, best_loss=0.028432, final_loss=0.028432)
  收敛检测[few_shot:few_shot]: 未收敛 (best_epoch=1, best_loss=0.038381, final_loss=0.038381)
  收敛检测[few_shot:few_shot]: 未收敛 (best_epoch=1, best_loss=0.050949, final_loss=0.050949)
  收敛检测[few_shot:few_shot]: 未收敛 (best_epoch=1, best_loss=0.018327, final_loss=0.018327)
  收敛检测[few_shot:few_shot]: 未收敛 (best_epoch=1, best_loss=0.057637, final_loss=0.057637)
  收敛检测[few_shot:few_shot]: 未收敛 (best_epoch=1, best_loss=0.041502, final_loss=0.041502)
    [screen:proposed_source] source_station=62 -> target_station=61, candidate=19, gated=16, effective=10
      [proposed_source:62->target61] [Epoch 1/200] [loss_mse: 0.057745]
      [proposed_source:62->target61] [Epoch 2/200] [loss_mse: 0.060273]
      [proposed_source:62->target61] [Epoch 3/200] [loss_mse: 0.048844]
      [proposed_source:62->target61] [Epoch 4/200] [loss_mse: 0.044386]
      [proposed_source:62->target61] [Epoch 5/200] [loss_mse: 0.040929]
      [proposed_source:62->target61] [Epoch 6/200] [loss_mse: 0.041511]
      [proposed_source:62->target61] [Epoch 7/200] [loss_mse: 0.039828]
      [proposed_source:62->target61] [Epoch 8/200] [loss_mse: 0.036610]
      [proposed_source:62->target61] [Epoch 9/200] [loss_mse: 0.035200]
      [proposed_source:62->target61] [Epoch 10/200] [loss_mse: 0.035603]
      [proposed_source:62->target61] [Epoch 20/200] [loss_mse: 0.025248]
  收敛检测[few_shot:proposed_source_station62_to_61_class3]: 首次达到收敛条件 @ epoch 32 (best_epoch=27, best_loss=0.022273, final_loss=0.024769)
  收敛检测[few_shot:proposed_source_station62_to_61_class3]: 首次达到收敛条件 @ epoch 40 (best_epoch=35, best_loss=0.021645, final_loss=0.024178)
      [proposed_source:62->target61] [Epoch 40/200] [loss_mse: 0.024178]
  收敛检测[few_shot:proposed_source_station62_to_61_class3]: 首次达到收敛条件 @ epoch 46 (best_epoch=41, best_loss=0.020520, final_loss=0.023314)
      [proposed_source:62->target61] [Epoch 60/200] [loss_mse: 0.022101]
      [proposed_source:62->target61] [Epoch 80/200] [loss_mse: 0.023207]
      [proposed_source:62->target61] [Epoch 100/200] [loss_mse: 0.021364]
  收敛检测[few_shot:proposed_source_station62_to_61_class3]: 首次达到收敛条件 @ epoch 107 (best_epoch=102, best_loss=0.020387, final_loss=0.022851)
      [proposed_source:62->target61] [Epoch 120/200] [loss_mse: 0.022782]
  收敛检测[few_shot:proposed_source_station62_to_61_class3]: 首次达到收敛条件 @ epoch 136 (best_epoch=131, best_loss=0.020052, final_loss=0.022319)
      [proposed_source:62->target61] [Epoch 140/200] [loss_mse: 0.020559]
  收敛检测[few_shot:proposed_source_station62_to_61_class3]: 首次达到收敛条件 @ epoch 151 (best_epoch=146, best_loss=0.019043, final_loss=0.019511)
      [proposed_source:62->target61] [Epoch 160/200] [loss_mse: 0.021373]
      [proposed_source:62->target61] [Epoch 180/200] [loss_mse: 0.021817]
      [proposed_source:62->target61] [Epoch 200/200] [loss_mse: 0.019826]
  收敛检测[few_shot:proposed_source_station62_to_61_class3]: 已收敛 @ epoch 151 (best_epoch=146, best_loss=0.019043, final_loss=0.019826)
  收敛检测[few_shot:few_shot]: 未收敛 (best_epoch=1, best_loss=0.063946, final_loss=0.063946)
  收敛检测[few_shot:few_shot]: 未收敛 (best_epoch=1, best_loss=0.037208, final_loss=0.037208)
  收敛检测[few_shot:few_shot]: 未收敛 (best_epoch=1, best_loss=0.071418, final_loss=0.071418)
  收敛检测[few_shot:few_shot]: 未收敛 (best_epoch=1, best_loss=0.073166, final_loss=0.073166)
  收敛检测[few_shot:few_shot]: 未收敛 (best_epoch=1, best_loss=0.065611, final_loss=0.065611)
  收敛检测[few_shot:few_shot]: 未收敛 (best_epoch=1, best_loss=0.073396, final_loss=0.073396)
  收敛检测[few_shot:few_shot]: 未收敛 (best_epoch=1, best_loss=0.085589, final_loss=0.085589)
  收敛检测[few_shot:few_shot]: 未收敛 (best_epoch=1, best_loss=0.113566, final_loss=0.113566)
  收敛检测[few_shot:few_shot]: 未收敛 (best_epoch=1, best_loss=0.107961, final_loss=0.107961)
  收敛检测[few_shot:few_shot]: 未收敛 (best_epoch=1, best_loss=0.037534, final_loss=0.037534)
  收敛检测[few_shot:few_shot]: 未收敛 (best_epoch=1, best_loss=0.070865, final_loss=0.070865)
  收敛检测[few_shot:few_shot]: 未收敛 (best_epoch=1, best_loss=0.055819, final_loss=0.055819)
  收敛检测[few_shot:few_shot]: 未收敛 (best_epoch=1, best_loss=0.042490, final_loss=0.042490)
  收敛检测[few_shot:few_shot]: 未收敛 (best_epoch=1, best_loss=0.042057, final_loss=0.042057)
  收敛检测[few_shot:few_shot]: 未收敛 (best_epoch=1, best_loss=0.061631, final_loss=0.061631)
  收敛检测[few_shot:few_shot]: 未收敛 (best_epoch=1, best_loss=0.035981, final_loss=0.035981)
  收敛检测[few_shot:few_shot]: 未收敛 (best_epoch=1, best_loss=0.039773, final_loss=0.039773)
  收敛检测[few_shot:few_shot]: 未收敛 (best_epoch=1, best_loss=0.084477, final_loss=0.084477)
  收敛检测[few_shot:few_shot]: 未收敛 (best_epoch=1, best_loss=0.098875, final_loss=0.098875)
  收敛检测[few_shot:few_shot]: 未收敛 (best_epoch=1, best_loss=0.091349, final_loss=0.091349)
  收敛检测[few_shot:few_shot]: 未收敛 (best_epoch=1, best_loss=0.066860, final_loss=0.066860)
  收敛检测[few_shot:few_shot]: 未收敛 (best_epoch=1, best_loss=0.045024, final_loss=0.045024)
  收敛检测[few_shot:few_shot]: 未收敛 (best_epoch=1, best_loss=0.019205, final_loss=0.019205)
    [screen:proposed_source] source_station=63 -> target_station=61, candidate=28, gated=23, effective=20
      [proposed_source:63->target61] [Epoch 1/200] [loss_mse: 0.069942]
      [proposed_source:63->target61] [Epoch 2/200] [loss_mse: 0.060452]
      [proposed_source:63->target61] [Epoch 3/200] [loss_mse: 0.057706]
      [proposed_source:63->target61] [Epoch 4/200] [loss_mse: 0.056464]
      [proposed_source:63->target61] [Epoch 5/200] [loss_mse: 0.051725]
      [proposed_source:63->target61] [Epoch 6/200] [loss_mse: 0.046809]
      [proposed_source:63->target61] [Epoch 7/200] [loss_mse: 0.044339]
      [proposed_source:63->target61] [Epoch 8/200] [loss_mse: 0.041818]
      [proposed_source:63->target61] [Epoch 9/200] [loss_mse: 0.041234]
      [proposed_source:63->target61] [Epoch 10/200] [loss_mse: 0.038369]
      [proposed_source:63->target61] [Epoch 20/200] [loss_mse: 0.022902]
      [proposed_source:63->target61] [Epoch 40/200] [loss_mse: 0.016248]
  收敛检测[few_shot:proposed_source_station63_to_61_class3]: 首次达到收敛条件 @ epoch 42 (best_epoch=37, best_loss=0.016271, final_loss=0.016254)
  收敛检测[few_shot:proposed_source_station63_to_61_class3]: 首次达到收敛条件 @ epoch 53 (best_epoch=48, best_loss=0.015384, final_loss=0.015922)
      [proposed_source:63->target61] [Epoch 60/200] [loss_mse: 0.016177]
      [proposed_source:63->target61] [Epoch 80/200] [loss_mse: 0.015395]
  收敛检测[few_shot:proposed_source_station63_to_61_class3]: 首次达到收敛条件 @ epoch 81 (best_epoch=76, best_loss=0.014703, final_loss=0.015219)
      [proposed_source:63->target61] [Epoch 100/200] [loss_mse: 0.015026]
      [proposed_source:63->target61] [Epoch 120/200] [loss_mse: 0.015680]
  收敛检测[few_shot:proposed_source_station63_to_61_class3]: 首次达到收敛条件 @ epoch 121 (best_epoch=116, best_loss=0.014518, final_loss=0.015539)
      [proposed_source:63->target61] [Epoch 140/200] [loss_mse: 0.015347]
      [proposed_source:63->target61] [Epoch 160/200] [loss_mse: 0.014593]
  收敛检测[few_shot:proposed_source_station63_to_61_class3]: 首次达到收敛条件 @ epoch 163 (best_epoch=158, best_loss=0.014170, final_loss=0.015110)
  收敛检测[few_shot:proposed_source_station63_to_61_class3]: 首次达到收敛条件 @ epoch 177 (best_epoch=172, best_loss=0.013798, final_loss=0.014601)
      [proposed_source:63->target61] [Epoch 180/200] [loss_mse: 0.015332]
      [proposed_source:63->target61] [Epoch 200/200] [loss_mse: 0.014771]
  收敛检测[few_shot:proposed_source_station63_to_61_class3]: 已收敛 @ epoch 177 (best_epoch=172, best_loss=0.013798, final_loss=0.014771)
      [Proposed-A:target_refine] [Epoch 1/200] [loss_mse: 0.031031]
      [Proposed-A:target_refine] [Epoch 2/200] [loss_mse: 0.030989]
      [Proposed-A:target_refine] [Epoch 3/200] [loss_mse: 0.030663]
      [Proposed-A:target_refine] [Epoch 4/200] [loss_mse: 0.030877]
      [Proposed-A:target_refine] [Epoch 5/200] [loss_mse: 0.030543]
      [Proposed-A:target_refine] [Epoch 6/200] [loss_mse: 0.031230]
      [Proposed-A:target_refine] [Epoch 7/200] [loss_mse: 0.030797]
      [Proposed-A:target_refine] [Epoch 8/200] [loss_mse: 0.030592]
      [Proposed-A:target_refine] [Epoch 9/200] [loss_mse: 0.030652]
  收敛检测[few_shot:proposed_a_station61_class3]: 首次达到收敛条件 @ epoch 10 (best_epoch=5, best_loss=0.030543, final_loss=0.031230)
      [Proposed-A:target_refine] [Epoch 10/200] [loss_mse: 0.031230]
  收敛检测[few_shot:proposed_a_station61_class3]: 首次达到收敛条件 @ epoch 19 (best_epoch=14, best_loss=0.029968, final_loss=0.031238)
      [Proposed-A:target_refine] [Epoch 20/200] [loss_mse: 0.030659]
      [Proposed-A:target_refine] [Epoch 40/200] [loss_mse: 0.029673]
  收敛检测[few_shot:proposed_a_station61_class3]: 首次达到收敛条件 @ epoch 45 (best_epoch=40, best_loss=0.029673, final_loss=0.031215)
  收敛检测[few_shot:proposed_a_station61_class3]: 首次达到收敛条件 @ epoch 56 (best_epoch=51, best_loss=0.029521, final_loss=0.031294)
      [Proposed-A:target_refine] [Epoch 60/200] [loss_mse: 0.030783]
  收敛检测[few_shot:proposed_a_station61_class3]: 首次达到收敛条件 @ epoch 67 (best_epoch=62, best_loss=0.029366, final_loss=0.029997)
  收敛检测[few_shot:proposed_a_station61_class3]: 首次达到收敛条件 @ epoch 79 (best_epoch=74, best_loss=0.029033, final_loss=0.029961)
      [Proposed-A:target_refine] [Epoch 80/200] [loss_mse: 0.029957]
      [Proposed-A:target_refine] [Epoch 100/200] [loss_mse: 0.030277]
      [Proposed-A:target_refine] [Epoch 120/200] [loss_mse: 0.030771]
      [Proposed-A:target_refine] [Epoch 140/200] [loss_mse: 0.030462]
      [Proposed-A:target_refine] [Epoch 160/200] [loss_mse: 0.030495]
      [Proposed-A:target_refine] [Epoch 180/200] [loss_mse: 0.030217]
      [Proposed-A:target_refine] [Epoch 200/200] [loss_mse: 0.029751]
  收敛检测[few_shot:proposed_a_station61_class3]: 已收敛 @ epoch 79 (best_epoch=74, best_loss=0.029033, final_loss=0.029751)
    ✓ 保存(Proposed-A): artifacts/2h6p_six_station/fed-normal-meta-5k/models/model_fore_station61_extreme3_proposed_a.pth weights={'61': 0.5, '58': 0.11405708762643323, '59': 0.09181054665361602, '60': 0.10384388575273154, '62': 0.08372093074355655, '63': 0.10656754922366266}

======================================================================
场站 62 的Few-shot适应
======================================================================

  极端天气类别 1:
    样本数: 7
    训练轮数: 200, few-shot loss=MSE
    adapt/val: 5 / 2
      [LMT] [Epoch 1/200] [loss_mse: 0.190527]
      [LMT] [Epoch 2/200] [loss_mse: 0.186096]
      [LMT] [Epoch 3/200] [loss_mse: 0.195366]
      [LMT] [Epoch 4/200] [loss_mse: 0.175856]
      [LMT] [Epoch 5/200] [loss_mse: 0.172455]
      [LMT] [Epoch 6/200] [loss_mse: 0.177679]
      [LMT] [Epoch 7/200] [loss_mse: 0.173517]
      [LMT] [Epoch 8/200] [loss_mse: 0.169249]
      [LMT] [Epoch 9/200] [loss_mse: 0.165529]
      [LMT] [Epoch 10/200] [loss_mse: 0.152711]
      [LMT] [Epoch 20/200] [loss_mse: 0.124046]
  收敛检测[few_shot:lmt_station62_class0]: 首次达到收敛条件 @ epoch 34 (best_epoch=29, best_loss=0.100205, final_loss=0.126086)
      [LMT] [Epoch 40/200] [loss_mse: 0.147499]
  收敛检测[few_shot:lmt_station62_class0]: 首次达到收敛条件 @ epoch 60 (best_epoch=55, best_loss=0.096301, final_loss=0.114010)
      [LMT] [Epoch 60/200] [loss_mse: 0.114010]
      [LMT] [Epoch 80/200] [loss_mse: 0.110638]
  收敛检测[few_shot:lmt_station62_class0]: 首次达到收敛条件 @ epoch 83 (best_epoch=78, best_loss=0.089799, final_loss=0.108375)
  收敛检测[few_shot:lmt_station62_class0]: 首次达到收敛条件 @ epoch 93 (best_epoch=88, best_loss=0.087640, final_loss=0.112993)
      [LMT] [Epoch 100/200] [loss_mse: 0.096254]
  收敛检测[few_shot:lmt_station62_class0]: 首次达到收敛条件 @ epoch 120 (best_epoch=115, best_loss=0.079014, final_loss=0.112073)
      [LMT] [Epoch 120/200] [loss_mse: 0.112073]
      [LMT] [Epoch 140/200] [loss_mse: 0.126113]
      [LMT] [Epoch 160/200] [loss_mse: 0.072305]
  收敛检测[few_shot:lmt_station62_class0]: 首次达到收敛条件 @ epoch 165 (best_epoch=160, best_loss=0.072305, final_loss=0.089599)
      [LMT] [Epoch 180/200] [loss_mse: 0.098449]
      [LMT] [Epoch 200/200] [loss_mse: 0.091190]
  收敛检测[few_shot:lmt_station62_class0]: 已收敛 @ epoch 165 (best_epoch=160, best_loss=0.072305, final_loss=0.091190)
    ✓ 保存(LMT): artifacts/2h6p_six_station/fed-normal-meta-5k/models/model_fore_station62_extreme0.pth
  收敛检测[few_shot:few_shot]: 未收敛 (best_epoch=1, best_loss=0.141670, final_loss=0.141670)
  收敛检测[few_shot:few_shot]: 未收敛 (best_epoch=1, best_loss=0.294809, final_loss=0.294809)
  收敛检测[few_shot:few_shot]: 未收敛 (best_epoch=1, best_loss=0.241027, final_loss=0.241027)
  收敛检测[few_shot:few_shot]: 未收敛 (best_epoch=1, best_loss=0.284183, final_loss=0.284183)
  收敛检测[few_shot:few_shot]: 未收敛 (best_epoch=1, best_loss=0.182519, final_loss=0.182519)
  收敛检测[few_shot:few_shot]: 未收敛 (best_epoch=1, best_loss=0.116429, final_loss=0.116429)
  收敛检测[few_shot:few_shot]: 未收敛 (best_epoch=1, best_loss=0.112047, final_loss=0.112047)
    [screen:extreme_source] source_station=58 -> target_station=62, candidate=8, gated=7, effective=2
      [extreme_source:58->target62] [Epoch 1/200] [loss_mse: 0.122193]
      [extreme_source:58->target62] [Epoch 2/200] [loss_mse: 0.125953]
      [extreme_source:58->target62] [Epoch 3/200] [loss_mse: 0.121568]
      [extreme_source:58->target62] [Epoch 4/200] [loss_mse: 0.110249]
      [extreme_source:58->target62] [Epoch 5/200] [loss_mse: 0.110417]
      [extreme_source:58->target62] [Epoch 6/200] [loss_mse: 0.130970]
      [extreme_source:58->target62] [Epoch 7/200] [loss_mse: 0.093391]
      [extreme_source:58->target62] [Epoch 8/200] [loss_mse: 0.105466]
      [extreme_source:58->target62] [Epoch 9/200] [loss_mse: 0.125016]
      [extreme_source:58->target62] [Epoch 10/200] [loss_mse: 0.085343]
      [extreme_source:58->target62] [Epoch 20/200] [loss_mse: 0.069380]
      [extreme_source:58->target62] [Epoch 40/200] [loss_mse: 0.066235]
  收敛检测[few_shot:extreme_source_station58_to_62_class0]: 首次达到收敛条件 @ epoch 41 (best_epoch=36, best_loss=0.032736, final_loss=0.054909)
      [extreme_source:58->target62] [Epoch 60/200] [loss_mse: 0.059473]
  收敛检测[few_shot:extreme_source_station58_to_62_class0]: 首次达到收敛条件 @ epoch 70 (best_epoch=65, best_loss=0.021347, final_loss=0.070365)
      [extreme_source:58->target62] [Epoch 80/200] [loss_mse: 0.044427]
  收敛检测[few_shot:extreme_source_station58_to_62_class0]: 首次达到收敛条件 @ epoch 83 (best_epoch=78, best_loss=0.010636, final_loss=0.020373)
      [extreme_source:58->target62] [Epoch 100/200] [loss_mse: 0.041635]
      [extreme_source:58->target62] [Epoch 120/200] [loss_mse: 0.035561]
      [extreme_source:58->target62] [Epoch 140/200] [loss_mse: 0.041744]
      [extreme_source:58->target62] [Epoch 160/200] [loss_mse: 0.070950]
      [extreme_source:58->target62] [Epoch 180/200] [loss_mse: 0.098288]
      [extreme_source:58->target62] [Epoch 200/200] [loss_mse: 0.047729]
  收敛检测[few_shot:extreme_source_station58_to_62_class0]: 已收敛 @ epoch 83 (best_epoch=78, best_loss=0.010636, final_loss=0.047729)
  收敛检测[few_shot:few_shot]: 未收敛 (best_epoch=1, best_loss=0.244857, final_loss=0.244857)
  收敛检测[few_shot:few_shot]: 未收敛 (best_epoch=1, best_loss=0.231494, final_loss=0.231494)
  收敛检测[few_shot:few_shot]: 未收敛 (best_epoch=1, best_loss=0.170162, final_loss=0.170162)
  收敛检测[few_shot:few_shot]: 未收敛 (best_epoch=1, best_loss=0.112170, final_loss=0.112170)
  收敛检测[few_shot:few_shot]: 未收敛 (best_epoch=1, best_loss=0.034994, final_loss=0.034994)
  收敛检测[few_shot:few_shot]: 未收敛 (best_epoch=1, best_loss=0.223543, final_loss=0.223543)
    [screen:extreme_source] source_station=59 -> target_station=62, candidate=7, gated=6, effective=4
      [extreme_source:59->target62] [Epoch 1/200] [loss_mse: 0.218899]
      [extreme_source:59->target62] [Epoch 2/200] [loss_mse: 0.204713]
      [extreme_source:59->target62] [Epoch 3/200] [loss_mse: 0.193234]
      [extreme_source:59->target62] [Epoch 4/200] [loss_mse: 0.190819]
      [extreme_source:59->target62] [Epoch 5/200] [loss_mse: 0.196788]
      [extreme_source:59->target62] [Epoch 6/200] [loss_mse: 0.219612]
      [extreme_source:59->target62] [Epoch 7/200] [loss_mse: 0.171726]
      [extreme_source:59->target62] [Epoch 8/200] [loss_mse: 0.157913]
      [extreme_source:59->target62] [Epoch 9/200] [loss_mse: 0.182987]
      [extreme_source:59->target62] [Epoch 10/200] [loss_mse: 0.167465]
      [extreme_source:59->target62] [Epoch 20/200] [loss_mse: 0.116694]
  收敛检测[few_shot:extreme_source_station59_to_62_class0]: 首次达到收敛条件 @ epoch 23 (best_epoch=18, best_loss=0.104390, final_loss=0.111431)
      [extreme_source:59->target62] [Epoch 40/200] [loss_mse: 0.074934]
  收敛检测[few_shot:extreme_source_station59_to_62_class0]: 首次达到收敛条件 @ epoch 51 (best_epoch=46, best_loss=0.062037, final_loss=0.085705)
      [extreme_source:59->target62] [Epoch 60/200] [loss_mse: 0.070338]
  收敛检测[few_shot:extreme_source_station59_to_62_class0]: 首次达到收敛条件 @ epoch 67 (best_epoch=62, best_loss=0.048977, final_loss=0.090424)
      [extreme_source:59->target62] [Epoch 80/200] [loss_mse: 0.061305]
  收敛检测[few_shot:extreme_source_station59_to_62_class0]: 首次达到收敛条件 @ epoch 96 (best_epoch=91, best_loss=0.044445, final_loss=0.060730)
      [extreme_source:59->target62] [Epoch 100/200] [loss_mse: 0.064648]
      [extreme_source:59->target62] [Epoch 120/200] [loss_mse: 0.081732]
      [extreme_source:59->target62] [Epoch 140/200] [loss_mse: 0.054971]
  收敛检测[few_shot:extreme_source_station59_to_62_class0]: 首次达到收敛条件 @ epoch 141 (best_epoch=136, best_loss=0.028307, final_loss=0.048786)
      [extreme_source:59->target62] [Epoch 160/200] [loss_mse: 0.057556]
      [extreme_source:59->target62] [Epoch 180/200] [loss_mse: 0.045081]
      [extreme_source:59->target62] [Epoch 200/200] [loss_mse: 0.056635]
  收敛检测[few_shot:extreme_source_station59_to_62_class0]: 已收敛 @ epoch 141 (best_epoch=136, best_loss=0.028307, final_loss=0.056635)
  收敛检测[few_shot:few_shot]: 未收敛 (best_epoch=1, best_loss=0.040225, final_loss=0.040225)
  收敛检测[few_shot:few_shot]: 未收敛 (best_epoch=1, best_loss=0.223677, final_loss=0.223677)
  收敛检测[few_shot:few_shot]: 未收敛 (best_epoch=1, best_loss=0.164699, final_loss=0.164699)
  收敛检测[few_shot:few_shot]: 未收敛 (best_epoch=1, best_loss=0.118685, final_loss=0.118685)
    [screen:extreme_source] source_station=60 -> target_station=62, candidate=5, gated=4, effective=4
      [extreme_source:60->target62] [Epoch 1/200] [loss_mse: 0.155026]
      [extreme_source:60->target62] [Epoch 2/200] [loss_mse: 0.145199]
      [extreme_source:60->target62] [Epoch 3/200] [loss_mse: 0.138214]
      [extreme_source:60->target62] [Epoch 4/200] [loss_mse: 0.121510]
      [extreme_source:60->target62] [Epoch 5/200] [loss_mse: 0.144836]
      [extreme_source:60->target62] [Epoch 6/200] [loss_mse: 0.114573]
      [extreme_source:60->target62] [Epoch 7/200] [loss_mse: 0.139490]
      [extreme_source:60->target62] [Epoch 8/200] [loss_mse: 0.114490]
      [extreme_source:60->target62] [Epoch 9/200] [loss_mse: 0.122130]
      [extreme_source:60->target62] [Epoch 10/200] [loss_mse: 0.105835]
      [extreme_source:60->target62] [Epoch 20/200] [loss_mse: 0.091534]
  收敛检测[few_shot:extreme_source_station60_to_62_class0]: 首次达到收敛条件 @ epoch 26 (best_epoch=21, best_loss=0.066550, final_loss=0.106768)
      [extreme_source:60->target62] [Epoch 40/200] [loss_mse: 0.080946]
  收敛检测[few_shot:extreme_source_station60_to_62_class0]: 首次达到收敛条件 @ epoch 46 (best_epoch=41, best_loss=0.051147, final_loss=0.064594)
      [extreme_source:60->target62] [Epoch 60/200] [loss_mse: 0.083762]
      [extreme_source:60->target62] [Epoch 80/200] [loss_mse: 0.080032]
      [extreme_source:60->target62] [Epoch 100/200] [loss_mse: 0.086795]
      [extreme_source:60->target62] [Epoch 120/200] [loss_mse: 0.088336]
  收敛检测[few_shot:extreme_source_station60_to_62_class0]: 首次达到收敛条件 @ epoch 128 (best_epoch=123, best_loss=0.046832, final_loss=0.095650)
      [extreme_source:60->target62] [Epoch 140/200] [loss_mse: 0.099553]
  收敛检测[few_shot:extreme_source_station60_to_62_class0]: 首次达到收敛条件 @ epoch 143 (best_epoch=138, best_loss=0.045870, final_loss=0.073210)
      [extreme_source:60->target62] [Epoch 160/200] [loss_mse: 0.069073]
      [extreme_source:60->target62] [Epoch 180/200] [loss_mse: 0.067802]
      [extreme_source:60->target62] [Epoch 200/200] [loss_mse: 0.096490]
  收敛检测[few_shot:extreme_source_station60_to_62_class0]: 已收敛 @ epoch 143 (best_epoch=138, best_loss=0.045870, final_loss=0.096490)
  收敛检测[few_shot:few_shot]: 未收敛 (best_epoch=1, best_loss=0.139251, final_loss=0.139251)
  收敛检测[few_shot:few_shot]: 未收敛 (best_epoch=1, best_loss=0.175247, final_loss=0.175247)
  收敛检测[few_shot:few_shot]: 未收敛 (best_epoch=1, best_loss=0.240490, final_loss=0.240490)
  收敛检测[few_shot:few_shot]: 未收敛 (best_epoch=1, best_loss=0.252622, final_loss=0.252622)
  收敛检测[few_shot:few_shot]: 未收敛 (best_epoch=1, best_loss=0.218674, final_loss=0.218674)
  收敛检测[few_shot:few_shot]: 未收敛 (best_epoch=1, best_loss=0.130881, final_loss=0.130881)
  收敛检测[few_shot:few_shot]: 未收敛 (best_epoch=1, best_loss=0.141936, final_loss=0.141936)
  收敛检测[few_shot:few_shot]: 未收敛 (best_epoch=1, best_loss=0.045562, final_loss=0.045562)
    [screen:extreme_source] source_station=61 -> target_station=62, candidate=9, gated=8, effective=3
      [extreme_source:61->target62] [Epoch 1/200] [loss_mse: 0.138899]
      [extreme_source:61->target62] [Epoch 2/200] [loss_mse: 0.144012]
      [extreme_source:61->target62] [Epoch 3/200] [loss_mse: 0.161435]
      [extreme_source:61->target62] [Epoch 4/200] [loss_mse: 0.137953]
      [extreme_source:61->target62] [Epoch 5/200] [loss_mse: 0.163196]
      [extreme_source:61->target62] [Epoch 6/200] [loss_mse: 0.162491]
      [extreme_source:61->target62] [Epoch 7/200] [loss_mse: 0.108374]
      [extreme_source:61->target62] [Epoch 8/200] [loss_mse: 0.133353]
      [extreme_source:61->target62] [Epoch 9/200] [loss_mse: 0.120769]
      [extreme_source:61->target62] [Epoch 10/200] [loss_mse: 0.136324]
  收敛检测[few_shot:extreme_source_station61_to_62_class0]: 首次达到收敛条件 @ epoch 12 (best_epoch=7, best_loss=0.108374, final_loss=0.116237)
      [extreme_source:61->target62] [Epoch 20/200] [loss_mse: 0.145614]
  收敛检测[few_shot:extreme_source_station61_to_62_class0]: 首次达到收敛条件 @ epoch 24 (best_epoch=19, best_loss=0.088098, final_loss=0.101986)
      [extreme_source:61->target62] [Epoch 40/200] [loss_mse: 0.114493]
  收敛检测[few_shot:extreme_source_station61_to_62_class0]: 首次达到收敛条件 @ epoch 52 (best_epoch=47, best_loss=0.075684, final_loss=0.133584)
      [extreme_source:61->target62] [Epoch 60/200] [loss_mse: 0.138079]
  收敛检测[few_shot:extreme_source_station61_to_62_class0]: 首次达到收敛条件 @ epoch 71 (best_epoch=66, best_loss=0.053413, final_loss=0.105443)
      [extreme_source:61->target62] [Epoch 80/200] [loss_mse: 0.185091]
      [extreme_source:61->target62] [Epoch 100/200] [loss_mse: 0.109369]
      [extreme_source:61->target62] [Epoch 120/200] [loss_mse: 0.106363]
      [extreme_source:61->target62] [Epoch 140/200] [loss_mse: 0.109057]
      [extreme_source:61->target62] [Epoch 160/200] [loss_mse: 0.056056]
      [extreme_source:61->target62] [Epoch 180/200] [loss_mse: 0.072623]
      [extreme_source:61->target62] [Epoch 200/200] [loss_mse: 0.103593]
  收敛检测[few_shot:extreme_source_station61_to_62_class0]: 已收敛 @ epoch 71 (best_epoch=66, best_loss=0.053413, final_loss=0.103593)
  收敛检测[few_shot:few_shot]: 未收敛 (best_epoch=1, best_loss=0.082169, final_loss=0.082169)
  收敛检测[few_shot:few_shot]: 未收敛 (best_epoch=1, best_loss=0.249647, final_loss=0.249647)
  收敛检测[few_shot:few_shot]: 未收敛 (best_epoch=1, best_loss=0.225282, final_loss=0.225282)
  收敛检测[few_shot:few_shot]: 未收敛 (best_epoch=1, best_loss=0.140438, final_loss=0.140438)
    [screen:extreme_source] source_station=63 -> target_station=62, candidate=5, gated=4, effective=4
      [extreme_source:63->target62] [Epoch 1/200] [loss_mse: 0.170271]
      [extreme_source:63->target62] [Epoch 2/200] [loss_mse: 0.193877]
      [extreme_source:63->target62] [Epoch 3/200] [loss_mse: 0.149109]
      [extreme_source:63->target62] [Epoch 4/200] [loss_mse: 0.169045]
      [extreme_source:63->target62] [Epoch 5/200] [loss_mse: 0.144834]
      [extreme_source:63->target62] [Epoch 6/200] [loss_mse: 0.142214]
      [extreme_source:63->target62] [Epoch 7/200] [loss_mse: 0.150472]
      [extreme_source:63->target62] [Epoch 8/200] [loss_mse: 0.129606]
      [extreme_source:63->target62] [Epoch 9/200] [loss_mse: 0.131971]
      [extreme_source:63->target62] [Epoch 10/200] [loss_mse: 0.130638]
      [extreme_source:63->target62] [Epoch 20/200] [loss_mse: 0.097911]
  收敛检测[few_shot:extreme_source_station63_to_62_class0]: 首次达到收敛条件 @ epoch 22 (best_epoch=17, best_loss=0.093455, final_loss=0.124409)
  收敛检测[few_shot:extreme_source_station63_to_62_class0]: 首次达到收敛条件 @ epoch 32 (best_epoch=27, best_loss=0.076908, final_loss=0.105273)
      [extreme_source:63->target62] [Epoch 40/200] [loss_mse: 0.089808]
  收敛检测[few_shot:extreme_source_station63_to_62_class0]: 首次达到收敛条件 @ epoch 43 (best_epoch=38, best_loss=0.073218, final_loss=0.095235)
  收敛检测[few_shot:extreme_source_station63_to_62_class0]: 首次达到收敛条件 @ epoch 50 (best_epoch=45, best_loss=0.051566, final_loss=0.076545)
      [extreme_source:63->target62] [Epoch 60/200] [loss_mse: 0.073379]
      [extreme_source:63->target62] [Epoch 80/200] [loss_mse: 0.089352]
  收敛检测[few_shot:extreme_source_station63_to_62_class0]: 首次达到收敛条件 @ epoch 84 (best_epoch=79, best_loss=0.047148, final_loss=0.095029)
      [extreme_source:63->target62] [Epoch 100/200] [loss_mse: 0.096662]
      [extreme_source:63->target62] [Epoch 120/200] [loss_mse: 0.079822]
      [extreme_source:63->target62] [Epoch 140/200] [loss_mse: 0.085967]
  收敛检测[few_shot:extreme_source_station63_to_62_class0]: 首次达到收敛条件 @ epoch 143 (best_epoch=138, best_loss=0.046869, final_loss=0.103839)
      [extreme_source:63->target62] [Epoch 160/200] [loss_mse: 0.093180]
  收敛检测[few_shot:extreme_source_station63_to_62_class0]: 首次达到收敛条件 @ epoch 162 (best_epoch=157, best_loss=0.046493, final_loss=0.063785)
      [extreme_source:63->target62] [Epoch 180/200] [loss_mse: 0.110000]
  收敛检测[few_shot:extreme_source_station63_to_62_class0]: 首次达到收敛条件 @ epoch 197 (best_epoch=192, best_loss=0.042148, final_loss=0.054856)
      [extreme_source:63->target62] [Epoch 200/200] [loss_mse: 0.057806]
  收敛检测[few_shot:extreme_source_station63_to_62_class0]: 已收敛 @ epoch 197 (best_epoch=192, best_loss=0.042148, final_loss=0.057806)
      [Extreme-FedAvg:target_refine] [Epoch 1/200] [loss_mse: 0.107241]
      [Extreme-FedAvg:target_refine] [Epoch 2/200] [loss_mse: 0.076165]
      [Extreme-FedAvg:target_refine] [Epoch 3/200] [loss_mse: 0.106322]
      [Extreme-FedAvg:target_refine] [Epoch 4/200] [loss_mse: 0.098296]
      [Extreme-FedAvg:target_refine] [Epoch 5/200] [loss_mse: 0.093779]
      [Extreme-FedAvg:target_refine] [Epoch 6/200] [loss_mse: 0.103921]
  收敛检测[few_shot:extreme_fedavg_station62_class0]: 首次达到收敛条件 @ epoch 7 (best_epoch=2, best_loss=0.076165, final_loss=0.134286)
      [Extreme-FedAvg:target_refine] [Epoch 7/200] [loss_mse: 0.134286]
      [Extreme-FedAvg:target_refine] [Epoch 8/200] [loss_mse: 0.111629]
      [Extreme-FedAvg:target_refine] [Epoch 9/200] [loss_mse: 0.089297]
      [Extreme-FedAvg:target_refine] [Epoch 10/200] [loss_mse: 0.101559]
      [Extreme-FedAvg:target_refine] [Epoch 20/200] [loss_mse: 0.094531]
  收敛检测[few_shot:extreme_fedavg_station62_class0]: 首次达到收敛条件 @ epoch 28 (best_epoch=23, best_loss=0.072347, final_loss=0.089329)
      [Extreme-FedAvg:target_refine] [Epoch 40/200] [loss_mse: 0.079050]
      [Extreme-FedAvg:target_refine] [Epoch 60/200] [loss_mse: 0.095255]
  收敛检测[few_shot:extreme_fedavg_station62_class0]: 首次达到收敛条件 @ epoch 77 (best_epoch=72, best_loss=0.066568, final_loss=0.089342)
      [Extreme-FedAvg:target_refine] [Epoch 80/200] [loss_mse: 0.086241]
      [Extreme-FedAvg:target_refine] [Epoch 100/200] [loss_mse: 0.103689]
      [Extreme-FedAvg:target_refine] [Epoch 120/200] [loss_mse: 0.076594]
      [Extreme-FedAvg:target_refine] [Epoch 140/200] [loss_mse: 0.073688]
  收敛检测[few_shot:extreme_fedavg_station62_class0]: 首次达到收敛条件 @ epoch 143 (best_epoch=138, best_loss=0.063009, final_loss=0.076912)
      [Extreme-FedAvg:target_refine] [Epoch 160/200] [loss_mse: 0.089824]
  收敛检测[few_shot:extreme_fedavg_station62_class0]: 首次达到收敛条件 @ epoch 176 (best_epoch=171, best_loss=0.059472, final_loss=0.079959)
      [Extreme-FedAvg:target_refine] [Epoch 180/200] [loss_mse: 0.087609]
      [Extreme-FedAvg:target_refine] [Epoch 200/200] [loss_mse: 0.073361]
  收敛检测[few_shot:extreme_fedavg_station62_class0]: 已收敛 @ epoch 176 (best_epoch=171, best_loss=0.059472, final_loss=0.073361)
    ✓ 保存(Extreme-FedAvg): artifacts/2h6p_six_station/fed-normal-meta-5k/models/model_fore_station62_extreme0_extreme_fedavg.pth weights={'62': 0.16666666666666666, '58': 0.16666666666666666, '59': 0.16666666666666666, '60': 0.16666666666666666, '61': 0.16666666666666666, '63': 0.16666666666666666}
      [Proposed-A:self_update] [Epoch 1/200] [loss_mse: 0.189769]
      [Proposed-A:self_update] [Epoch 2/200] [loss_mse: 0.179110]
      [Proposed-A:self_update] [Epoch 3/200] [loss_mse: 0.180040]
      [Proposed-A:self_update] [Epoch 4/200] [loss_mse: 0.173355]
      [Proposed-A:self_update] [Epoch 5/200] [loss_mse: 0.161994]
      [Proposed-A:self_update] [Epoch 6/200] [loss_mse: 0.177421]
      [Proposed-A:self_update] [Epoch 7/200] [loss_mse: 0.156059]
      [Proposed-A:self_update] [Epoch 8/200] [loss_mse: 0.151670]
      [Proposed-A:self_update] [Epoch 9/200] [loss_mse: 0.133862]
      [Proposed-A:self_update] [Epoch 10/200] [loss_mse: 0.136286]
      [Proposed-A:self_update] [Epoch 20/200] [loss_mse: 0.112601]
  收敛检测[few_shot:proposed_self_station62_class0]: 首次达到收敛条件 @ epoch 35 (best_epoch=30, best_loss=0.084631, final_loss=0.114833)
      [Proposed-A:self_update] [Epoch 40/200] [loss_mse: 0.107890]
      [Proposed-A:self_update] [Epoch 60/200] [loss_mse: 0.086912]
  收敛检测[few_shot:proposed_self_station62_class0]: 首次达到收敛条件 @ epoch 64 (best_epoch=59, best_loss=0.077549, final_loss=0.091995)
      [Proposed-A:self_update] [Epoch 80/200] [loss_mse: 0.111402]
      [Proposed-A:self_update] [Epoch 100/200] [loss_mse: 0.092264]
  收敛检测[few_shot:proposed_self_station62_class0]: 首次达到收敛条件 @ epoch 111 (best_epoch=106, best_loss=0.074704, final_loss=0.104976)
      [Proposed-A:self_update] [Epoch 120/200] [loss_mse: 0.094572]
  收敛检测[few_shot:proposed_self_station62_class0]: 首次达到收敛条件 @ epoch 138 (best_epoch=133, best_loss=0.073222, final_loss=0.078891)
      [Proposed-A:self_update] [Epoch 140/200] [loss_mse: 0.101631]
      [Proposed-A:self_update] [Epoch 160/200] [loss_mse: 0.072354]
  收敛检测[few_shot:proposed_self_station62_class0]: 首次达到收敛条件 @ epoch 165 (best_epoch=160, best_loss=0.072354, final_loss=0.086382)
      [Proposed-A:self_update] [Epoch 180/200] [loss_mse: 0.092018]
  收敛检测[few_shot:proposed_self_station62_class0]: 首次达到收敛条件 @ epoch 196 (best_epoch=191, best_loss=0.064743, final_loss=0.074421)
      [Proposed-A:self_update] [Epoch 200/200] [loss_mse: 0.081932]
  收敛检测[few_shot:proposed_self_station62_class0]: 已收敛 @ epoch 196 (best_epoch=191, best_loss=0.064743, final_loss=0.081932)
  收敛检测[few_shot:few_shot]: 未收敛 (best_epoch=1, best_loss=0.103572, final_loss=0.103572)
  收敛检测[few_shot:few_shot]: 未收敛 (best_epoch=1, best_loss=0.254919, final_loss=0.254919)
  收敛检测[few_shot:few_shot]: 未收敛 (best_epoch=1, best_loss=0.182154, final_loss=0.182154)
  收敛检测[few_shot:few_shot]: 未收敛 (best_epoch=1, best_loss=0.246165, final_loss=0.246165)
  收敛检测[few_shot:few_shot]: 未收敛 (best_epoch=1, best_loss=0.206195, final_loss=0.206195)
  收敛检测[few_shot:few_shot]: 未收敛 (best_epoch=1, best_loss=0.110487, final_loss=0.110487)
  收敛检测[few_shot:few_shot]: 未收敛 (best_epoch=1, best_loss=0.133237, final_loss=0.133237)
    [screen:proposed_source] source_station=58 -> target_station=62, candidate=8, gated=7, effective=2
      [proposed_source:58->target62] [Epoch 1/200] [loss_mse: 0.113279]
      [proposed_source:58->target62] [Epoch 2/200] [loss_mse: 0.121802]
      [proposed_source:58->target62] [Epoch 3/200] [loss_mse: 0.118661]
      [proposed_source:58->target62] [Epoch 4/200] [loss_mse: 0.099863]
      [proposed_source:58->target62] [Epoch 5/200] [loss_mse: 0.098974]
      [proposed_source:58->target62] [Epoch 6/200] [loss_mse: 0.091184]
      [proposed_source:58->target62] [Epoch 7/200] [loss_mse: 0.102549]
      [proposed_source:58->target62] [Epoch 8/200] [loss_mse: 0.095803]
      [proposed_source:58->target62] [Epoch 9/200] [loss_mse: 0.068618]
      [proposed_source:58->target62] [Epoch 10/200] [loss_mse: 0.079481]
  收敛检测[few_shot:proposed_source_station58_to_62_class0]: 首次达到收敛条件 @ epoch 16 (best_epoch=11, best_loss=0.054979, final_loss=0.086816)
      [proposed_source:58->target62] [Epoch 20/200] [loss_mse: 0.037703]
  收敛检测[few_shot:proposed_source_station58_to_62_class0]: 首次达到收敛条件 @ epoch 28 (best_epoch=23, best_loss=0.017845, final_loss=0.028199)
  收敛检测[few_shot:proposed_source_station58_to_62_class0]: 首次达到收敛条件 @ epoch 37 (best_epoch=32, best_loss=0.010056, final_loss=0.038288)
      [proposed_source:58->target62] [Epoch 40/200] [loss_mse: 0.034279]
      [proposed_source:58->target62] [Epoch 60/200] [loss_mse: 0.038206]
      [proposed_source:58->target62] [Epoch 80/200] [loss_mse: 0.033987]
      [proposed_source:58->target62] [Epoch 100/200] [loss_mse: 0.050268]
  收敛检测[few_shot:proposed_source_station58_to_62_class0]: 首次达到收敛条件 @ epoch 120 (best_epoch=115, best_loss=0.008362, final_loss=0.030010)
      [proposed_source:58->target62] [Epoch 120/200] [loss_mse: 0.030010]
      [proposed_source:58->target62] [Epoch 140/200] [loss_mse: 0.016702]
      [proposed_source:58->target62] [Epoch 160/200] [loss_mse: 0.054789]
  收敛检测[few_shot:proposed_source_station58_to_62_class0]: 首次达到收敛条件 @ epoch 164 (best_epoch=159, best_loss=0.007342, final_loss=0.020972)
      [proposed_source:58->target62] [Epoch 180/200] [loss_mse: 0.023732]
      [proposed_source:58->target62] [Epoch 200/200] [loss_mse: 0.024324]
  收敛检测[few_shot:proposed_source_station58_to_62_class0]: 已收敛 @ epoch 164 (best_epoch=159, best_loss=0.007342, final_loss=0.024324)
  收敛检测[few_shot:few_shot]: 未收敛 (best_epoch=1, best_loss=0.231244, final_loss=0.231244)
  收敛检测[few_shot:few_shot]: 未收敛 (best_epoch=1, best_loss=0.221011, final_loss=0.221011)
  收敛检测[few_shot:few_shot]: 未收敛 (best_epoch=1, best_loss=0.180547, final_loss=0.180547)
  收敛检测[few_shot:few_shot]: 未收敛 (best_epoch=1, best_loss=0.103863, final_loss=0.103863)
  收敛检测[few_shot:few_shot]: 未收敛 (best_epoch=1, best_loss=0.028383, final_loss=0.028383)
  收敛检测[few_shot:few_shot]: 未收敛 (best_epoch=1, best_loss=0.212401, final_loss=0.212401)
    [screen:proposed_source] source_station=59 -> target_station=62, candidate=7, gated=6, effective=4
      [proposed_source:59->target62] [Epoch 1/200] [loss_mse: 0.202772]
      [proposed_source:59->target62] [Epoch 2/200] [loss_mse: 0.177810]
      [proposed_source:59->target62] [Epoch 3/200] [loss_mse: 0.189383]
      [proposed_source:59->target62] [Epoch 4/200] [loss_mse: 0.170073]
      [proposed_source:59->target62] [Epoch 5/200] [loss_mse: 0.159189]
      [proposed_source:59->target62] [Epoch 6/200] [loss_mse: 0.176049]
      [proposed_source:59->target62] [Epoch 7/200] [loss_mse: 0.152813]
      [proposed_source:59->target62] [Epoch 8/200] [loss_mse: 0.140375]
      [proposed_source:59->target62] [Epoch 9/200] [loss_mse: 0.169128]
      [proposed_source:59->target62] [Epoch 10/200] [loss_mse: 0.131605]
      [proposed_source:59->target62] [Epoch 20/200] [loss_mse: 0.091835]
  收敛检测[few_shot:proposed_source_station59_to_62_class0]: 首次达到收敛条件 @ epoch 39 (best_epoch=34, best_loss=0.047942, final_loss=0.061233)
      [proposed_source:59->target62] [Epoch 40/200] [loss_mse: 0.047914]
  收敛检测[few_shot:proposed_source_station59_to_62_class0]: 首次达到收敛条件 @ epoch 49 (best_epoch=44, best_loss=0.041909, final_loss=0.053178)
  收敛检测[few_shot:proposed_source_station59_to_62_class0]: 首次达到收敛条件 @ epoch 55 (best_epoch=50, best_loss=0.038806, final_loss=0.052796)
      [proposed_source:59->target62] [Epoch 60/200] [loss_mse: 0.036639]
  收敛检测[few_shot:proposed_source_station59_to_62_class0]: 首次达到收敛条件 @ epoch 65 (best_epoch=60, best_loss=0.036639, final_loss=0.047467)
  收敛检测[few_shot:proposed_source_station59_to_62_class0]: 首次达到收敛条件 @ epoch 79 (best_epoch=74, best_loss=0.032197, final_loss=0.058817)
      [proposed_source:59->target62] [Epoch 80/200] [loss_mse: 0.048597]
  收敛检测[few_shot:proposed_source_station59_to_62_class0]: 首次达到收敛条件 @ epoch 94 (best_epoch=89, best_loss=0.031878, final_loss=0.050380)
      [proposed_source:59->target62] [Epoch 100/200] [loss_mse: 0.046424]
  收敛检测[few_shot:proposed_source_station59_to_62_class0]: 首次达到收敛条件 @ epoch 111 (best_epoch=106, best_loss=0.026143, final_loss=0.039543)
      [proposed_source:59->target62] [Epoch 120/200] [loss_mse: 0.045650]
      [proposed_source:59->target62] [Epoch 140/200] [loss_mse: 0.044339]
  收敛检测[few_shot:proposed_source_station59_to_62_class0]: 首次达到收敛条件 @ epoch 149 (best_epoch=144, best_loss=0.025728, final_loss=0.057721)
      [proposed_source:59->target62] [Epoch 160/200] [loss_mse: 0.063356]
  收敛检测[few_shot:proposed_source_station59_to_62_class0]: 首次达到收敛条件 @ epoch 163 (best_epoch=158, best_loss=0.025286, final_loss=0.044737)
  收敛检测[few_shot:proposed_source_station59_to_62_class0]: 首次达到收敛条件 @ epoch 171 (best_epoch=166, best_loss=0.022174, final_loss=0.042677)
      [proposed_source:59->target62] [Epoch 180/200] [loss_mse: 0.035489]
      [proposed_source:59->target62] [Epoch 200/200] [loss_mse: 0.032909]
  收敛检测[few_shot:proposed_source_station59_to_62_class0]: 已收敛 @ epoch 171 (best_epoch=166, best_loss=0.022174, final_loss=0.032909)
  收敛检测[few_shot:few_shot]: 未收敛 (best_epoch=1, best_loss=0.070444, final_loss=0.070444)
  收敛检测[few_shot:few_shot]: 未收敛 (best_epoch=1, best_loss=0.220901, final_loss=0.220901)
  收敛检测[few_shot:few_shot]: 未收敛 (best_epoch=1, best_loss=0.170859, final_loss=0.170859)
  收敛检测[few_shot:few_shot]: 未收敛 (best_epoch=1, best_loss=0.094503, final_loss=0.094503)
    [screen:proposed_source] source_station=60 -> target_station=62, candidate=5, gated=4, effective=4
      [proposed_source:60->target62] [Epoch 1/200] [loss_mse: 0.135076]
      [proposed_source:60->target62] [Epoch 2/200] [loss_mse: 0.131816]
      [proposed_source:60->target62] [Epoch 3/200] [loss_mse: 0.145395]
      [proposed_source:60->target62] [Epoch 4/200] [loss_mse: 0.136222]
      [proposed_source:60->target62] [Epoch 5/200] [loss_mse: 0.116276]
      [proposed_source:60->target62] [Epoch 6/200] [loss_mse: 0.122792]
      [proposed_source:60->target62] [Epoch 7/200] [loss_mse: 0.106041]
      [proposed_source:60->target62] [Epoch 8/200] [loss_mse: 0.110708]
      [proposed_source:60->target62] [Epoch 9/200] [loss_mse: 0.106069]
      [proposed_source:60->target62] [Epoch 10/200] [loss_mse: 0.092816]
  收敛检测[few_shot:proposed_source_station60_to_62_class0]: 首次达到收敛条件 @ epoch 16 (best_epoch=11, best_loss=0.075452, final_loss=0.087270)
      [proposed_source:60->target62] [Epoch 20/200] [loss_mse: 0.057032]
  收敛检测[few_shot:proposed_source_station60_to_62_class0]: 首次达到收敛条件 @ epoch 25 (best_epoch=20, best_loss=0.057032, final_loss=0.069708)
      [proposed_source:60->target62] [Epoch 40/200] [loss_mse: 0.055908]
  收敛检测[few_shot:proposed_source_station60_to_62_class0]: 首次达到收敛条件 @ epoch 45 (best_epoch=40, best_loss=0.055908, final_loss=0.079644)
      [proposed_source:60->target62] [Epoch 60/200] [loss_mse: 0.060275]
  收敛检测[few_shot:proposed_source_station60_to_62_class0]: 首次达到收敛条件 @ epoch 61 (best_epoch=56, best_loss=0.054249, final_loss=0.054389)
      [proposed_source:60->target62] [Epoch 80/200] [loss_mse: 0.051500]
  收敛检测[few_shot:proposed_source_station60_to_62_class0]: 首次达到收敛条件 @ epoch 85 (best_epoch=80, best_loss=0.051500, final_loss=0.060072)
      [proposed_source:60->target62] [Epoch 100/200] [loss_mse: 0.066014]
  收敛检测[few_shot:proposed_source_station60_to_62_class0]: 首次达到收敛条件 @ epoch 113 (best_epoch=108, best_loss=0.049218, final_loss=0.082740)
      [proposed_source:60->target62] [Epoch 120/200] [loss_mse: 0.054903]
  收敛检测[few_shot:proposed_source_station60_to_62_class0]: 首次达到收敛条件 @ epoch 137 (best_epoch=132, best_loss=0.047256, final_loss=0.058228)
      [proposed_source:60->target62] [Epoch 140/200] [loss_mse: 0.071938]
      [proposed_source:60->target62] [Epoch 160/200] [loss_mse: 0.068752]
  收敛检测[few_shot:proposed_source_station60_to_62_class0]: 首次达到收敛条件 @ epoch 163 (best_epoch=158, best_loss=0.045959, final_loss=0.058473)
      [proposed_source:60->target62] [Epoch 180/200] [loss_mse: 0.066785]
      [proposed_source:60->target62] [Epoch 200/200] [loss_mse: 0.074774]
  收敛检测[few_shot:proposed_source_station60_to_62_class0]: 已收敛 @ epoch 163 (best_epoch=158, best_loss=0.045959, final_loss=0.074774)
  收敛检测[few_shot:few_shot]: 未收敛 (best_epoch=1, best_loss=0.116065, final_loss=0.116065)
  收敛检测[few_shot:few_shot]: 未收敛 (best_epoch=1, best_loss=0.328738, final_loss=0.328738)
  收敛检测[few_shot:few_shot]: 未收敛 (best_epoch=1, best_loss=0.219600, final_loss=0.219600)
  收敛检测[few_shot:few_shot]: 未收敛 (best_epoch=1, best_loss=0.246206, final_loss=0.246206)
  收敛检测[few_shot:few_shot]: 未收敛 (best_epoch=1, best_loss=0.222640, final_loss=0.222640)
  收敛检测[few_shot:few_shot]: 未收敛 (best_epoch=1, best_loss=0.145548, final_loss=0.145548)
  收敛检测[few_shot:few_shot]: 未收敛 (best_epoch=1, best_loss=0.148144, final_loss=0.148144)
  收敛检测[few_shot:few_shot]: 未收敛 (best_epoch=1, best_loss=0.046763, final_loss=0.046763)
    [screen:proposed_source] source_station=61 -> target_station=62, candidate=9, gated=8, effective=3
      [proposed_source:61->target62] [Epoch 1/200] [loss_mse: 0.184110]
      [proposed_source:61->target62] [Epoch 2/200] [loss_mse: 0.157647]
      [proposed_source:61->target62] [Epoch 3/200] [loss_mse: 0.159077]
      [proposed_source:61->target62] [Epoch 4/200] [loss_mse: 0.153151]
      [proposed_source:61->target62] [Epoch 5/200] [loss_mse: 0.144756]
      [proposed_source:61->target62] [Epoch 6/200] [loss_mse: 0.167273]
      [proposed_source:61->target62] [Epoch 7/200] [loss_mse: 0.107261]
      [proposed_source:61->target62] [Epoch 8/200] [loss_mse: 0.123665]
      [proposed_source:61->target62] [Epoch 9/200] [loss_mse: 0.108872]
      [proposed_source:61->target62] [Epoch 10/200] [loss_mse: 0.102508]
      [proposed_source:61->target62] [Epoch 20/200] [loss_mse: 0.088782]
  收敛检测[few_shot:proposed_source_station61_to_62_class0]: 首次达到收敛条件 @ epoch 26 (best_epoch=21, best_loss=0.083801, final_loss=0.136705)
      [proposed_source:61->target62] [Epoch 40/200] [loss_mse: 0.156505]
  收敛检测[few_shot:proposed_source_station61_to_62_class0]: 首次达到收敛条件 @ epoch 44 (best_epoch=39, best_loss=0.062783, final_loss=0.108373)
      [proposed_source:61->target62] [Epoch 60/200] [loss_mse: 0.093906]
  收敛检测[few_shot:proposed_source_station61_to_62_class0]: 首次达到收敛条件 @ epoch 79 (best_epoch=74, best_loss=0.061720, final_loss=0.104148)
      [proposed_source:61->target62] [Epoch 80/200] [loss_mse: 0.135256]
      [proposed_source:61->target62] [Epoch 100/200] [loss_mse: 0.063026]
  收敛检测[few_shot:proposed_source_station61_to_62_class0]: 首次达到收敛条件 @ epoch 104 (best_epoch=99, best_loss=0.055783, final_loss=0.068894)
      [proposed_source:61->target62] [Epoch 120/200] [loss_mse: 0.078443]
      [proposed_source:61->target62] [Epoch 140/200] [loss_mse: 0.085044]
      [proposed_source:61->target62] [Epoch 160/200] [loss_mse: 0.111986]
      [proposed_source:61->target62] [Epoch 180/200] [loss_mse: 0.088033]
      [proposed_source:61->target62] [Epoch 200/200] [loss_mse: 0.151586]
  收敛检测[few_shot:proposed_source_station61_to_62_class0]: 已收敛 @ epoch 104 (best_epoch=99, best_loss=0.055783, final_loss=0.151586)
  收敛检测[few_shot:few_shot]: 未收敛 (best_epoch=1, best_loss=0.059820, final_loss=0.059820)
  收敛检测[few_shot:few_shot]: 未收敛 (best_epoch=1, best_loss=0.232605, final_loss=0.232605)
  收敛检测[few_shot:few_shot]: 未收敛 (best_epoch=1, best_loss=0.143330, final_loss=0.143330)
  收敛检测[few_shot:few_shot]: 未收敛 (best_epoch=1, best_loss=0.179447, final_loss=0.179447)
    [screen:proposed_source] source_station=63 -> target_station=62, candidate=5, gated=4, effective=4
      [proposed_source:63->target62] [Epoch 1/200] [loss_mse: 0.161495]
      [proposed_source:63->target62] [Epoch 2/200] [loss_mse: 0.167236]
      [proposed_source:63->target62] [Epoch 3/200] [loss_mse: 0.151943]
      [proposed_source:63->target62] [Epoch 4/200] [loss_mse: 0.125370]
      [proposed_source:63->target62] [Epoch 5/200] [loss_mse: 0.139451]
      [proposed_source:63->target62] [Epoch 6/200] [loss_mse: 0.116521]
      [proposed_source:63->target62] [Epoch 7/200] [loss_mse: 0.122371]
      [proposed_source:63->target62] [Epoch 8/200] [loss_mse: 0.097858]
      [proposed_source:63->target62] [Epoch 9/200] [loss_mse: 0.109053]
      [proposed_source:63->target62] [Epoch 10/200] [loss_mse: 0.115200]
  收敛检测[few_shot:proposed_source_station63_to_62_class0]: 首次达到收敛条件 @ epoch 16 (best_epoch=11, best_loss=0.089244, final_loss=0.097998)
      [proposed_source:63->target62] [Epoch 20/200] [loss_mse: 0.070513]
  收敛检测[few_shot:proposed_source_station63_to_62_class0]: 首次达到收敛条件 @ epoch 25 (best_epoch=20, best_loss=0.070513, final_loss=0.086320)
  收敛检测[few_shot:proposed_source_station63_to_62_class0]: 首次达到收敛条件 @ epoch 32 (best_epoch=27, best_loss=0.061164, final_loss=0.066514)
      [proposed_source:63->target62] [Epoch 40/200] [loss_mse: 0.055960]
  收敛检测[few_shot:proposed_source_station63_to_62_class0]: 首次达到收敛条件 @ epoch 45 (best_epoch=40, best_loss=0.055960, final_loss=0.094710)
  收敛检测[few_shot:proposed_source_station63_to_62_class0]: 首次达到收敛条件 @ epoch 55 (best_epoch=50, best_loss=0.054003, final_loss=0.080422)
      [proposed_source:63->target62] [Epoch 60/200] [loss_mse: 0.063781]
  收敛检测[few_shot:proposed_source_station63_to_62_class0]: 首次达到收敛条件 @ epoch 61 (best_epoch=56, best_loss=0.048721, final_loss=0.093492)
      [proposed_source:63->target62] [Epoch 80/200] [loss_mse: 0.067720]
      [proposed_source:63->target62] [Epoch 100/200] [loss_mse: 0.089652]
      [proposed_source:63->target62] [Epoch 120/200] [loss_mse: 0.078068]
  收敛检测[few_shot:proposed_source_station63_to_62_class0]: 首次达到收敛条件 @ epoch 132 (best_epoch=127, best_loss=0.032823, final_loss=0.067195)
      [proposed_source:63->target62] [Epoch 140/200] [loss_mse: 0.062650]
      [proposed_source:63->target62] [Epoch 160/200] [loss_mse: 0.067772]
      [proposed_source:63->target62] [Epoch 180/200] [loss_mse: 0.063796]
      [proposed_source:63->target62] [Epoch 200/200] [loss_mse: 0.041363]
  收敛检测[few_shot:proposed_source_station63_to_62_class0]: 已收敛 @ epoch 132 (best_epoch=127, best_loss=0.032823, final_loss=0.041363)
      [Proposed-A:target_refine] [Epoch 1/200] [loss_mse: 0.079721]
      [Proposed-A:target_refine] [Epoch 2/200] [loss_mse: 0.104008]
      [Proposed-A:target_refine] [Epoch 3/200] [loss_mse: 0.096540]
      [Proposed-A:target_refine] [Epoch 4/200] [loss_mse: 0.083798]
      [Proposed-A:target_refine] [Epoch 5/200] [loss_mse: 0.103768]
  收敛检测[few_shot:proposed_a_station62_class0]: 首次达到收敛条件 @ epoch 6 (best_epoch=1, best_loss=0.079721, final_loss=0.099056)
      [Proposed-A:target_refine] [Epoch 6/200] [loss_mse: 0.099056]
      [Proposed-A:target_refine] [Epoch 7/200] [loss_mse: 0.116672]
      [Proposed-A:target_refine] [Epoch 8/200] [loss_mse: 0.093305]
      [Proposed-A:target_refine] [Epoch 9/200] [loss_mse: 0.097062]
      [Proposed-A:target_refine] [Epoch 10/200] [loss_mse: 0.093304]
      [Proposed-A:target_refine] [Epoch 20/200] [loss_mse: 0.077220]
  收敛检测[few_shot:proposed_a_station62_class0]: 首次达到收敛条件 @ epoch 28 (best_epoch=23, best_loss=0.062665, final_loss=0.095818)
      [Proposed-A:target_refine] [Epoch 40/200] [loss_mse: 0.078094]
      [Proposed-A:target_refine] [Epoch 60/200] [loss_mse: 0.081103]
      [Proposed-A:target_refine] [Epoch 80/200] [loss_mse: 0.078769]
  收敛检测[few_shot:proposed_a_station62_class0]: 首次达到收敛条件 @ epoch 91 (best_epoch=86, best_loss=0.062418, final_loss=0.082970)
      [Proposed-A:target_refine] [Epoch 100/200] [loss_mse: 0.089059]
  收敛检测[few_shot:proposed_a_station62_class0]: 首次达到收敛条件 @ epoch 103 (best_epoch=98, best_loss=0.052600, final_loss=0.086807)
      [Proposed-A:target_refine] [Epoch 120/200] [loss_mse: 0.076128]
      [Proposed-A:target_refine] [Epoch 140/200] [loss_mse: 0.061104]
      [Proposed-A:target_refine] [Epoch 160/200] [loss_mse: 0.085444]
      [Proposed-A:target_refine] [Epoch 180/200] [loss_mse: 0.081820]
      [Proposed-A:target_refine] [Epoch 200/200] [loss_mse: 0.054697]
  收敛检测[few_shot:proposed_a_station62_class0]: 已收敛 @ epoch 103 (best_epoch=98, best_loss=0.052600, final_loss=0.054697)
    ✓ 保存(Proposed-A): artifacts/2h6p_six_station/fed-normal-meta-5k/models/model_fore_station62_extreme0_proposed_a.pth weights={'62': 0.5, '58': 0.0661977816997234, '59': 0.1099740272282969, '60': 0.11445288819721548, '61': 0.09411523378851487, '63': 0.11526006908624943}

  极端天气类别 2:
    样本数: 4
    训练轮数: 200, few-shot loss=MSE
    adapt/val: 3 / 1
      [LMT] [Epoch 1/200] [loss_mse: 0.112956]
      [LMT] [Epoch 2/200] [loss_mse: 0.084411]
      [LMT] [Epoch 3/200] [loss_mse: 0.086609]
      [LMT] [Epoch 4/200] [loss_mse: 0.092055]
      [LMT] [Epoch 5/200] [loss_mse: 0.093069]
      [LMT] [Epoch 6/200] [loss_mse: 0.085055]
  收敛检测[few_shot:lmt_station62_class1]: 首次达到收敛条件 @ epoch 7 (best_epoch=2, best_loss=0.084411, final_loss=0.090108)
      [LMT] [Epoch 7/200] [loss_mse: 0.090108]
      [LMT] [Epoch 8/200] [loss_mse: 0.068006]
      [LMT] [Epoch 9/200] [loss_mse: 0.068674]
      [LMT] [Epoch 10/200] [loss_mse: 0.064866]
      [LMT] [Epoch 20/200] [loss_mse: 0.033335]
  收敛检测[few_shot:lmt_station62_class1]: 首次达到收敛条件 @ epoch 39 (best_epoch=34, best_loss=0.016529, final_loss=0.020277)
      [LMT] [Epoch 40/200] [loss_mse: 0.013305]
      [LMT] [Epoch 60/200] [loss_mse: 0.008190]
  收敛检测[few_shot:lmt_station62_class1]: 首次达到收敛条件 @ epoch 62 (best_epoch=57, best_loss=0.008078, final_loss=0.010435)
  收敛检测[few_shot:lmt_station62_class1]: 首次达到收敛条件 @ epoch 70 (best_epoch=65, best_loss=0.007685, final_loss=0.009203)
      [LMT] [Epoch 80/200] [loss_mse: 0.007811]
  收敛检测[few_shot:lmt_station62_class1]: 首次达到收敛条件 @ epoch 88 (best_epoch=83, best_loss=0.007024, final_loss=0.008727)
  收敛检测[few_shot:lmt_station62_class1]: 首次达到收敛条件 @ epoch 98 (best_epoch=93, best_loss=0.006523, final_loss=0.007624)
      [LMT] [Epoch 100/200] [loss_mse: 0.008725]
      [LMT] [Epoch 120/200] [loss_mse: 0.008839]
      [LMT] [Epoch 140/200] [loss_mse: 0.007920]
      [LMT] [Epoch 160/200] [loss_mse: 0.008165]
  收敛检测[few_shot:lmt_station62_class1]: 首次达到收敛条件 @ epoch 172 (best_epoch=167, best_loss=0.005974, final_loss=0.007907)
      [LMT] [Epoch 180/200] [loss_mse: 0.007797]
      [LMT] [Epoch 200/200] [loss_mse: 0.008265]
  收敛检测[few_shot:lmt_station62_class1]: 已收敛 @ epoch 172 (best_epoch=167, best_loss=0.005974, final_loss=0.008265)
    ✓ 保存(LMT): artifacts/2h6p_six_station/fed-normal-meta-5k/models/model_fore_station62_extreme1.pth
  收敛检测[few_shot:few_shot]: 未收敛 (best_epoch=1, best_loss=0.060675, final_loss=0.060675)
    [screen:extreme_source] source_station=58 -> target_station=62, candidate=1, gated=1, effective=1
      [extreme_source:58->target62] [Epoch 1/200] [loss_mse: 0.026681]
      [extreme_source:58->target62] [Epoch 2/200] [loss_mse: 0.021499]
      [extreme_source:58->target62] [Epoch 3/200] [loss_mse: 0.016905]
      [extreme_source:58->target62] [Epoch 4/200] [loss_mse: 0.018431]
      [extreme_source:58->target62] [Epoch 5/200] [loss_mse: 0.003796]
      [extreme_source:58->target62] [Epoch 6/200] [loss_mse: 0.022797]
      [extreme_source:58->target62] [Epoch 7/200] [loss_mse: 0.014865]
      [extreme_source:58->target62] [Epoch 8/200] [loss_mse: 0.016627]
      [extreme_source:58->target62] [Epoch 9/200] [loss_mse: 0.005341]
  收敛检测[few_shot:extreme_source_station58_to_62_class1]: 首次达到收敛条件 @ epoch 10 (best_epoch=5, best_loss=0.003796, final_loss=0.025675)
      [extreme_source:58->target62] [Epoch 10/200] [loss_mse: 0.025675]
      [extreme_source:58->target62] [Epoch 20/200] [loss_mse: 0.021308]
  收敛检测[few_shot:extreme_source_station58_to_62_class1]: 首次达到收敛条件 @ epoch 34 (best_epoch=29, best_loss=0.003059, final_loss=0.010087)
      [extreme_source:58->target62] [Epoch 40/200] [loss_mse: 0.017473]
      [extreme_source:58->target62] [Epoch 60/200] [loss_mse: 0.007537]
      [extreme_source:58->target62] [Epoch 80/200] [loss_mse: 0.013195]
  收敛检测[few_shot:extreme_source_station58_to_62_class1]: 首次达到收敛条件 @ epoch 93 (best_epoch=88, best_loss=0.002549, final_loss=0.014795)
      [extreme_source:58->target62] [Epoch 100/200] [loss_mse: 0.022024]
  收敛检测[few_shot:extreme_source_station58_to_62_class1]: 首次达到收敛条件 @ epoch 116 (best_epoch=111, best_loss=0.002075, final_loss=0.015547)
      [extreme_source:58->target62] [Epoch 120/200] [loss_mse: 0.010775]
      [extreme_source:58->target62] [Epoch 140/200] [loss_mse: 0.008676]
      [extreme_source:58->target62] [Epoch 160/200] [loss_mse: 0.020224]
      [extreme_source:58->target62] [Epoch 180/200] [loss_mse: 0.016106]
  收敛检测[few_shot:extreme_source_station58_to_62_class1]: 首次达到收敛条件 @ epoch 190 (best_epoch=185, best_loss=0.000426, final_loss=0.023646)
      [extreme_source:58->target62] [Epoch 200/200] [loss_mse: 0.002123]
  收敛检测[few_shot:extreme_source_station58_to_62_class1]: 已收敛 @ epoch 190 (best_epoch=185, best_loss=0.000426, final_loss=0.002123)
  收敛检测[few_shot:few_shot]: 未收敛 (best_epoch=1, best_loss=0.092337, final_loss=0.092337)
  收敛检测[few_shot:few_shot]: 未收敛 (best_epoch=1, best_loss=0.107439, final_loss=0.107439)
  收敛检测[few_shot:few_shot]: 未收敛 (best_epoch=1, best_loss=0.091335, final_loss=0.091335)
  收敛检测[few_shot:few_shot]: 未收敛 (best_epoch=1, best_loss=0.054024, final_loss=0.054024)
    [screen:extreme_source] source_station=59 -> target_station=62, candidate=4, gated=4, effective=4
      [extreme_source:59->target62] [Epoch 1/200] [loss_mse: 0.094165]
      [extreme_source:59->target62] [Epoch 2/200] [loss_mse: 0.107728]
      [extreme_source:59->target62] [Epoch 3/200] [loss_mse: 0.097381]
      [extreme_source:59->target62] [Epoch 4/200] [loss_mse: 0.086606]
      [extreme_source:59->target62] [Epoch 5/200] [loss_mse: 0.076613]
      [extreme_source:59->target62] [Epoch 6/200] [loss_mse: 0.077188]
      [extreme_source:59->target62] [Epoch 7/200] [loss_mse: 0.084347]
      [extreme_source:59->target62] [Epoch 8/200] [loss_mse: 0.074155]
      [extreme_source:59->target62] [Epoch 9/200] [loss_mse: 0.059592]
      [extreme_source:59->target62] [Epoch 10/200] [loss_mse: 0.063294]
      [extreme_source:59->target62] [Epoch 20/200] [loss_mse: 0.038531]
  收敛检测[few_shot:extreme_source_station59_to_62_class1]: 首次达到收敛条件 @ epoch 40 (best_epoch=35, best_loss=0.012940, final_loss=0.013452)
      [extreme_source:59->target62] [Epoch 40/200] [loss_mse: 0.013452]
      [extreme_source:59->target62] [Epoch 60/200] [loss_mse: 0.006840]
  收敛检测[few_shot:extreme_source_station59_to_62_class1]: 首次达到收敛条件 @ epoch 74 (best_epoch=69, best_loss=0.005195, final_loss=0.005176)
      [extreme_source:59->target62] [Epoch 80/200] [loss_mse: 0.005676]
  收敛检测[few_shot:extreme_source_station59_to_62_class1]: 首次达到收敛条件 @ epoch 91 (best_epoch=86, best_loss=0.004586, final_loss=0.006516)
      [extreme_source:59->target62] [Epoch 100/200] [loss_mse: 0.006337]
      [extreme_source:59->target62] [Epoch 120/200] [loss_mse: 0.005418]
      [extreme_source:59->target62] [Epoch 140/200] [loss_mse: 0.005544]
      [extreme_source:59->target62] [Epoch 160/200] [loss_mse: 0.005247]
      [extreme_source:59->target62] [Epoch 180/200] [loss_mse: 0.005090]
      [extreme_source:59->target62] [Epoch 200/200] [loss_mse: 0.005163]
  收敛检测[few_shot:extreme_source_station59_to_62_class1]: 已收敛 @ epoch 91 (best_epoch=86, best_loss=0.004586, final_loss=0.005163)
  收敛检测[few_shot:few_shot]: 未收敛 (best_epoch=1, best_loss=0.039346, final_loss=0.039346)
  收敛检测[few_shot:few_shot]: 未收敛 (best_epoch=1, best_loss=0.110856, final_loss=0.110856)
  收敛检测[few_shot:few_shot]: 未收敛 (best_epoch=1, best_loss=0.040824, final_loss=0.040824)
    [screen:extreme_source] source_station=60 -> target_station=62, candidate=3, gated=3, effective=3
      [extreme_source:60->target62] [Epoch 1/200] [loss_mse: 0.072155]
      [extreme_source:60->target62] [Epoch 2/200] [loss_mse: 0.054278]
      [extreme_source:60->target62] [Epoch 3/200] [loss_mse: 0.064468]
      [extreme_source:60->target62] [Epoch 4/200] [loss_mse: 0.047127]
      [extreme_source:60->target62] [Epoch 5/200] [loss_mse: 0.045212]
      [extreme_source:60->target62] [Epoch 6/200] [loss_mse: 0.046771]
      [extreme_source:60->target62] [Epoch 7/200] [loss_mse: 0.048442]
      [extreme_source:60->target62] [Epoch 8/200] [loss_mse: 0.052940]
      [extreme_source:60->target62] [Epoch 9/200] [loss_mse: 0.042981]
      [extreme_source:60->target62] [Epoch 10/200] [loss_mse: 0.041811]
      [extreme_source:60->target62] [Epoch 20/200] [loss_mse: 0.029891]
  收敛检测[few_shot:extreme_source_station60_to_62_class1]: 首次达到收敛条件 @ epoch 23 (best_epoch=18, best_loss=0.026494, final_loss=0.029269)
      [extreme_source:60->target62] [Epoch 40/200] [loss_mse: 0.022480]
  收敛检测[few_shot:extreme_source_station60_to_62_class1]: 首次达到收敛条件 @ epoch 41 (best_epoch=36, best_loss=0.020255, final_loss=0.022866)
      [extreme_source:60->target62] [Epoch 60/200] [loss_mse: 0.021237]
  收敛检测[few_shot:extreme_source_station60_to_62_class1]: 首次达到收敛条件 @ epoch 62 (best_epoch=57, best_loss=0.019484, final_loss=0.022356)
  收敛检测[few_shot:extreme_source_station60_to_62_class1]: 首次达到收敛条件 @ epoch 68 (best_epoch=63, best_loss=0.018105, final_loss=0.025199)
  收敛检测[few_shot:extreme_source_station60_to_62_class1]: 首次达到收敛条件 @ epoch 78 (best_epoch=73, best_loss=0.015570, final_loss=0.019171)
      [extreme_source:60->target62] [Epoch 80/200] [loss_mse: 0.018769]
      [extreme_source:60->target62] [Epoch 100/200] [loss_mse: 0.022935]
      [extreme_source:60->target62] [Epoch 120/200] [loss_mse: 0.022788]
      [extreme_source:60->target62] [Epoch 140/200] [loss_mse: 0.023391]
      [extreme_source:60->target62] [Epoch 160/200] [loss_mse: 0.025769]
      [extreme_source:60->target62] [Epoch 180/200] [loss_mse: 0.021186]
      [extreme_source:60->target62] [Epoch 200/200] [loss_mse: 0.024990]
  收敛检测[few_shot:extreme_source_station60_to_62_class1]: 已收敛 @ epoch 78 (best_epoch=73, best_loss=0.015570, final_loss=0.024990)
  收敛检测[few_shot:few_shot]: 未收敛 (best_epoch=1, best_loss=0.045606, final_loss=0.045606)
    [screen:extreme_source] source_station=61 -> target_station=62, candidate=1, gated=1, effective=1
      [extreme_source:61->target62] [Epoch 1/200] [loss_mse: 0.008365]
      [extreme_source:61->target62] [Epoch 2/200] [loss_mse: 0.050677]
      [extreme_source:61->target62] [Epoch 3/200] [loss_mse: 0.015891]
      [extreme_source:61->target62] [Epoch 4/200] [loss_mse: 0.009173]
      [extreme_source:61->target62] [Epoch 5/200] [loss_mse: 0.001608]
      [extreme_source:61->target62] [Epoch 6/200] [loss_mse: 0.001563]
      [extreme_source:61->target62] [Epoch 7/200] [loss_mse: 0.001893]
      [extreme_source:61->target62] [Epoch 8/200] [loss_mse: 0.001498]
      [extreme_source:61->target62] [Epoch 9/200] [loss_mse: 0.022552]
      [extreme_source:61->target62] [Epoch 10/200] [loss_mse: 0.016607]
  收敛检测[few_shot:extreme_source_station61_to_62_class1]: 首次达到收敛条件 @ epoch 13 (best_epoch=8, best_loss=0.001498, final_loss=0.001923)
  收敛检测[few_shot:extreme_source_station61_to_62_class1]: 首次达到收敛条件 @ epoch 20 (best_epoch=15, best_loss=0.000291, final_loss=0.000452)
      [extreme_source:61->target62] [Epoch 20/200] [loss_mse: 0.000452]
  收敛检测[few_shot:extreme_source_station61_to_62_class1]: 首次达到收敛条件 @ epoch 36 (best_epoch=31, best_loss=0.000182, final_loss=0.003256)
      [extreme_source:61->target62] [Epoch 40/200] [loss_mse: 0.000406]
      [extreme_source:61->target62] [Epoch 60/200] [loss_mse: 0.000197]
  收敛检测[few_shot:extreme_source_station61_to_62_class1]: 首次达到收敛条件 @ epoch 79 (best_epoch=74, best_loss=0.000041, final_loss=0.002079)
      [extreme_source:61->target62] [Epoch 80/200] [loss_mse: 0.002700]
      [extreme_source:61->target62] [Epoch 100/200] [loss_mse: 0.001438]
      [extreme_source:61->target62] [Epoch 120/200] [loss_mse: 0.000313]
      [extreme_source:61->target62] [Epoch 140/200] [loss_mse: 0.005877]
      [extreme_source:61->target62] [Epoch 160/200] [loss_mse: 0.002299]
      [extreme_source:61->target62] [Epoch 180/200] [loss_mse: 0.009547]
      [extreme_source:61->target62] [Epoch 200/200] [loss_mse: 0.003519]
  收敛检测[few_shot:extreme_source_station61_to_62_class1]: 已收敛 @ epoch 79 (best_epoch=74, best_loss=0.000041, final_loss=0.003519)
  收敛检测[few_shot:few_shot]: 未收敛 (best_epoch=1, best_loss=0.019205, final_loss=0.019205)
  收敛检测[few_shot:few_shot]: 未收敛 (best_epoch=1, best_loss=0.086073, final_loss=0.086073)
  收敛检测[few_shot:few_shot]: 未收敛 (best_epoch=1, best_loss=0.035291, final_loss=0.035291)
    [screen:extreme_source] source_station=63 -> target_station=62, candidate=3, gated=3, effective=3
      [extreme_source:63->target62] [Epoch 1/200] [loss_mse: 0.061632]
      [extreme_source:63->target62] [Epoch 2/200] [loss_mse: 0.074583]
      [extreme_source:63->target62] [Epoch 3/200] [loss_mse: 0.047468]
      [extreme_source:63->target62] [Epoch 4/200] [loss_mse: 0.069980]
      [extreme_source:63->target62] [Epoch 5/200] [loss_mse: 0.052350]
      [extreme_source:63->target62] [Epoch 6/200] [loss_mse: 0.041778]
      [extreme_source:63->target62] [Epoch 7/200] [loss_mse: 0.048333]
      [extreme_source:63->target62] [Epoch 8/200] [loss_mse: 0.047946]
      [extreme_source:63->target62] [Epoch 9/200] [loss_mse: 0.035203]
      [extreme_source:63->target62] [Epoch 10/200] [loss_mse: 0.041441]
      [extreme_source:63->target62] [Epoch 20/200] [loss_mse: 0.022531]
  收敛检测[few_shot:extreme_source_station63_to_62_class1]: 首次达到收敛条件 @ epoch 22 (best_epoch=17, best_loss=0.015543, final_loss=0.026785)
  收敛检测[few_shot:extreme_source_station63_to_62_class1]: 首次达到收敛条件 @ epoch 38 (best_epoch=33, best_loss=0.010881, final_loss=0.016814)
      [extreme_source:63->target62] [Epoch 40/200] [loss_mse: 0.018280]
  收敛检测[few_shot:extreme_source_station63_to_62_class1]: 首次达到收敛条件 @ epoch 51 (best_epoch=46, best_loss=0.009833, final_loss=0.010896)
      [extreme_source:63->target62] [Epoch 60/200] [loss_mse: 0.011646]
      [extreme_source:63->target62] [Epoch 80/200] [loss_mse: 0.012811]
  收敛检测[few_shot:extreme_source_station63_to_62_class1]: 首次达到收敛条件 @ epoch 84 (best_epoch=79, best_loss=0.008293, final_loss=0.013519)
      [extreme_source:63->target62] [Epoch 100/200] [loss_mse: 0.008654]
      [extreme_source:63->target62] [Epoch 120/200] [loss_mse: 0.010846]
      [extreme_source:63->target62] [Epoch 140/200] [loss_mse: 0.014196]
      [extreme_source:63->target62] [Epoch 160/200] [loss_mse: 0.012266]
      [extreme_source:63->target62] [Epoch 180/200] [loss_mse: 0.013006]
  收敛检测[few_shot:extreme_source_station63_to_62_class1]: 首次达到收敛条件 @ epoch 196 (best_epoch=191, best_loss=0.007574, final_loss=0.012511)
      [extreme_source:63->target62] [Epoch 200/200] [loss_mse: 0.012667]
  收敛检测[few_shot:extreme_source_station63_to_62_class1]: 已收敛 @ epoch 196 (best_epoch=191, best_loss=0.007574, final_loss=0.012667)
      [Extreme-FedAvg:target_refine] [Epoch 1/200] [loss_mse: 0.029654]
      [Extreme-FedAvg:target_refine] [Epoch 2/200] [loss_mse: 0.029207]
      [Extreme-FedAvg:target_refine] [Epoch 3/200] [loss_mse: 0.023979]
      [Extreme-FedAvg:target_refine] [Epoch 4/200] [loss_mse: 0.023606]
      [Extreme-FedAvg:target_refine] [Epoch 5/200] [loss_mse: 0.020085]
      [Extreme-FedAvg:target_refine] [Epoch 6/200] [loss_mse: 0.022298]
      [Extreme-FedAvg:target_refine] [Epoch 7/200] [loss_mse: 0.018328]
      [Extreme-FedAvg:target_refine] [Epoch 8/200] [loss_mse: 0.022891]
      [Extreme-FedAvg:target_refine] [Epoch 9/200] [loss_mse: 0.016743]
      [Extreme-FedAvg:target_refine] [Epoch 10/200] [loss_mse: 0.013053]
      [Extreme-FedAvg:target_refine] [Epoch 20/200] [loss_mse: 0.011552]
  收敛检测[few_shot:extreme_fedavg_station62_class1]: 首次达到收敛条件 @ epoch 24 (best_epoch=19, best_loss=0.009537, final_loss=0.009822)
  收敛检测[few_shot:extreme_fedavg_station62_class1]: 首次达到收敛条件 @ epoch 33 (best_epoch=28, best_loss=0.008169, final_loss=0.008638)
      [Extreme-FedAvg:target_refine] [Epoch 40/200] [loss_mse: 0.008375]
  收敛检测[few_shot:extreme_fedavg_station62_class1]: 首次达到收敛条件 @ epoch 58 (best_epoch=53, best_loss=0.007843, final_loss=0.009846)
      [Extreme-FedAvg:target_refine] [Epoch 60/200] [loss_mse: 0.009734]
  收敛检测[few_shot:extreme_fedavg_station62_class1]: 首次达到收敛条件 @ epoch 67 (best_epoch=62, best_loss=0.007292, final_loss=0.010200)
      [Extreme-FedAvg:target_refine] [Epoch 80/200] [loss_mse: 0.007810]
      [Extreme-FedAvg:target_refine] [Epoch 100/200] [loss_mse: 0.007947]
  收敛检测[few_shot:extreme_fedavg_station62_class1]: 首次达到收敛条件 @ epoch 106 (best_epoch=101, best_loss=0.007133, final_loss=0.008385)
  收敛检测[few_shot:extreme_fedavg_station62_class1]: 首次达到收敛条件 @ epoch 116 (best_epoch=111, best_loss=0.006636, final_loss=0.008772)
      [Extreme-FedAvg:target_refine] [Epoch 120/200] [loss_mse: 0.007945]
      [Extreme-FedAvg:target_refine] [Epoch 140/200] [loss_mse: 0.007008]
  收敛检测[few_shot:extreme_fedavg_station62_class1]: 首次达到收敛条件 @ epoch 157 (best_epoch=152, best_loss=0.006444, final_loss=0.009127)
      [Extreme-FedAvg:target_refine] [Epoch 160/200] [loss_mse: 0.008344]
      [Extreme-FedAvg:target_refine] [Epoch 180/200] [loss_mse: 0.009110]
      [Extreme-FedAvg:target_refine] [Epoch 200/200] [loss_mse: 0.006766]
  收敛检测[few_shot:extreme_fedavg_station62_class1]: 未收敛 (best_epoch=196, best_loss=0.006336, final_loss=0.006766)
    ✓ 保存(Extreme-FedAvg): artifacts/2h6p_six_station/fed-normal-meta-5k/models/model_fore_station62_extreme1_extreme_fedavg.pth weights={'62': 0.16666666666666666, '58': 0.16666666666666666, '59': 0.16666666666666666, '60': 0.16666666666666666, '61': 0.16666666666666666, '63': 0.16666666666666666}
      [Proposed-A:self_update] [Epoch 1/200] [loss_mse: 0.114597]
      [Proposed-A:self_update] [Epoch 2/200] [loss_mse: 0.113311]
      [Proposed-A:self_update] [Epoch 3/200] [loss_mse: 0.103986]
      [Proposed-A:self_update] [Epoch 4/200] [loss_mse: 0.092021]
      [Proposed-A:self_update] [Epoch 5/200] [loss_mse: 0.095893]
      [Proposed-A:self_update] [Epoch 6/200] [loss_mse: 0.076846]
      [Proposed-A:self_update] [Epoch 7/200] [loss_mse: 0.077808]
      [Proposed-A:self_update] [Epoch 8/200] [loss_mse: 0.076033]
      [Proposed-A:self_update] [Epoch 9/200] [loss_mse: 0.073603]
      [Proposed-A:self_update] [Epoch 10/200] [loss_mse: 0.064375]
      [Proposed-A:self_update] [Epoch 20/200] [loss_mse: 0.034620]
      [Proposed-A:self_update] [Epoch 40/200] [loss_mse: 0.013714]
  收敛检测[few_shot:proposed_self_station62_class1]: 首次达到收敛条件 @ epoch 53 (best_epoch=48, best_loss=0.010340, final_loss=0.010450)
      [Proposed-A:self_update] [Epoch 60/200] [loss_mse: 0.009526]
  收敛检测[few_shot:proposed_self_station62_class1]: 首次达到收敛条件 @ epoch 63 (best_epoch=58, best_loss=0.009388, final_loss=0.009929)
  收敛检测[few_shot:proposed_self_station62_class1]: 首次达到收敛条件 @ epoch 78 (best_epoch=73, best_loss=0.009124, final_loss=0.011231)
      [Proposed-A:self_update] [Epoch 80/200] [loss_mse: 0.009850]
  收敛检测[few_shot:proposed_self_station62_class1]: 首次达到收敛条件 @ epoch 84 (best_epoch=79, best_loss=0.008478, final_loss=0.010300)
  收敛检测[few_shot:proposed_self_station62_class1]: 首次达到收敛条件 @ epoch 100 (best_epoch=95, best_loss=0.008021, final_loss=0.009063)
      [Proposed-A:self_update] [Epoch 100/200] [loss_mse: 0.009063]
      [Proposed-A:self_update] [Epoch 120/200] [loss_mse: 0.009083]
      [Proposed-A:self_update] [Epoch 140/200] [loss_mse: 0.009909]
      [Proposed-A:self_update] [Epoch 160/200] [loss_mse: 0.008751]
      [Proposed-A:self_update] [Epoch 180/200] [loss_mse: 0.009310]
      [Proposed-A:self_update] [Epoch 200/200] [loss_mse: 0.008727]
  收敛检测[few_shot:proposed_self_station62_class1]: 未收敛 (best_epoch=196, best_loss=0.007901, final_loss=0.008727)
  收敛检测[few_shot:few_shot]: 未收敛 (best_epoch=1, best_loss=0.076822, final_loss=0.076822)
    [screen:proposed_source] source_station=58 -> target_station=62, candidate=1, gated=1, effective=1
      [proposed_source:58->target62] [Epoch 1/200] [loss_mse: 0.019071]
      [proposed_source:58->target62] [Epoch 2/200] [loss_mse: 0.005553]
      [proposed_source:58->target62] [Epoch 3/200] [loss_mse: 0.009119]
      [proposed_source:58->target62] [Epoch 4/200] [loss_mse: 0.005331]
      [proposed_source:58->target62] [Epoch 5/200] [loss_mse: 0.042625]
      [proposed_source:58->target62] [Epoch 6/200] [loss_mse: 0.019261]
      [proposed_source:58->target62] [Epoch 7/200] [loss_mse: 0.004336]
      [proposed_source:58->target62] [Epoch 8/200] [loss_mse: 0.022841]
      [proposed_source:58->target62] [Epoch 9/200] [loss_mse: 0.017536]
      [proposed_source:58->target62] [Epoch 10/200] [loss_mse: 0.015779]
  收敛检测[few_shot:proposed_source_station58_to_62_class1]: 首次达到收敛条件 @ epoch 12 (best_epoch=7, best_loss=0.004336, final_loss=0.006894)
      [proposed_source:58->target62] [Epoch 20/200] [loss_mse: 0.021374]
  收敛检测[few_shot:proposed_source_station58_to_62_class1]: 首次达到收敛条件 @ epoch 32 (best_epoch=27, best_loss=0.001359, final_loss=0.014623)
      [proposed_source:58->target62] [Epoch 40/200] [loss_mse: 0.007460]
      [proposed_source:58->target62] [Epoch 60/200] [loss_mse: 0.004975]
      [proposed_source:58->target62] [Epoch 80/200] [loss_mse: 0.007819]
  收敛检测[few_shot:proposed_source_station58_to_62_class1]: 首次达到收敛条件 @ epoch 94 (best_epoch=89, best_loss=0.001091, final_loss=0.012517)
      [proposed_source:58->target62] [Epoch 100/200] [loss_mse: 0.014122]
      [proposed_source:58->target62] [Epoch 120/200] [loss_mse: 0.009850]
  收敛检测[few_shot:proposed_source_station58_to_62_class1]: 首次达到收敛条件 @ epoch 123 (best_epoch=118, best_loss=0.000255, final_loss=0.007243)
      [proposed_source:58->target62] [Epoch 140/200] [loss_mse: 0.007538]
      [proposed_source:58->target62] [Epoch 160/200] [loss_mse: 0.000001]
  收敛检测[few_shot:proposed_source_station58_to_62_class1]: 首次达到收敛条件 @ epoch 165 (best_epoch=160, best_loss=0.000001, final_loss=0.010396)
      [proposed_source:58->target62] [Epoch 180/200] [loss_mse: 0.005678]
      [proposed_source:58->target62] [Epoch 200/200] [loss_mse: 0.004102]
  收敛检测[few_shot:proposed_source_station58_to_62_class1]: 已收敛 @ epoch 165 (best_epoch=160, best_loss=0.000001, final_loss=0.004102)
  收敛检测[few_shot:few_shot]: 未收敛 (best_epoch=1, best_loss=0.109787, final_loss=0.109787)
  收敛检测[few_shot:few_shot]: 未收敛 (best_epoch=1, best_loss=0.116525, final_loss=0.116525)
  收敛检测[few_shot:few_shot]: 未收敛 (best_epoch=1, best_loss=0.123233, final_loss=0.123233)
  收敛检测[few_shot:few_shot]: 未收敛 (best_epoch=1, best_loss=0.073610, final_loss=0.073610)
    [screen:proposed_source] source_station=59 -> target_station=62, candidate=4, gated=4, effective=4
      [proposed_source:59->target62] [Epoch 1/200] [loss_mse: 0.114131]
      [proposed_source:59->target62] [Epoch 2/200] [loss_mse: 0.112389]
      [proposed_source:59->target62] [Epoch 3/200] [loss_mse: 0.114797]
      [proposed_source:59->target62] [Epoch 4/200] [loss_mse: 0.095834]
      [proposed_source:59->target62] [Epoch 5/200] [loss_mse: 0.088370]
      [proposed_source:59->target62] [Epoch 6/200] [loss_mse: 0.082769]
      [proposed_source:59->target62] [Epoch 7/200] [loss_mse: 0.077245]
      [proposed_source:59->target62] [Epoch 8/200] [loss_mse: 0.078533]
      [proposed_source:59->target62] [Epoch 9/200] [loss_mse: 0.070014]
      [proposed_source:59->target62] [Epoch 10/200] [loss_mse: 0.075723]
      [proposed_source:59->target62] [Epoch 20/200] [loss_mse: 0.035740]
      [proposed_source:59->target62] [Epoch 40/200] [loss_mse: 0.010618]
  收敛检测[few_shot:proposed_source_station59_to_62_class1]: 首次达到收敛条件 @ epoch 54 (best_epoch=49, best_loss=0.006453, final_loss=0.009226)
      [proposed_source:59->target62] [Epoch 60/200] [loss_mse: 0.006438]
  收敛检测[few_shot:proposed_source_station59_to_62_class1]: 首次达到收敛条件 @ epoch 64 (best_epoch=59, best_loss=0.005937, final_loss=0.006521)
  收敛检测[few_shot:proposed_source_station59_to_62_class1]: 首次达到收敛条件 @ epoch 70 (best_epoch=65, best_loss=0.005428, final_loss=0.005750)
      [proposed_source:59->target62] [Epoch 80/200] [loss_mse: 0.006686]
      [proposed_source:59->target62] [Epoch 100/200] [loss_mse: 0.006288]
  收敛检测[few_shot:proposed_source_station59_to_62_class1]: 首次达到收敛条件 @ epoch 119 (best_epoch=114, best_loss=0.005101, final_loss=0.006920)
      [proposed_source:59->target62] [Epoch 120/200] [loss_mse: 0.007172]
      [proposed_source:59->target62] [Epoch 140/200] [loss_mse: 0.006240]
  收敛检测[few_shot:proposed_source_station59_to_62_class1]: 首次达到收敛条件 @ epoch 144 (best_epoch=139, best_loss=0.004891, final_loss=0.006875)
      [proposed_source:59->target62] [Epoch 160/200] [loss_mse: 0.006672]
      [proposed_source:59->target62] [Epoch 180/200] [loss_mse: 0.006787]
      [proposed_source:59->target62] [Epoch 200/200] [loss_mse: 0.006460]
  收敛检测[few_shot:proposed_source_station59_to_62_class1]: 已收敛 @ epoch 144 (best_epoch=139, best_loss=0.004891, final_loss=0.006460)
  收敛检测[few_shot:few_shot]: 未收敛 (best_epoch=1, best_loss=0.032500, final_loss=0.032500)
  收敛检测[few_shot:few_shot]: 未收敛 (best_epoch=1, best_loss=0.120159, final_loss=0.120159)
  收敛检测[few_shot:few_shot]: 未收敛 (best_epoch=1, best_loss=0.044056, final_loss=0.044056)
    [screen:proposed_source] source_station=60 -> target_station=62, candidate=3, gated=3, effective=3
      [proposed_source:60->target62] [Epoch 1/200] [loss_mse: 0.066375]
      [proposed_source:60->target62] [Epoch 2/200] [loss_mse: 0.065855]
      [proposed_source:60->target62] [Epoch 3/200] [loss_mse: 0.073175]
      [proposed_source:60->target62] [Epoch 4/200] [loss_mse: 0.047516]
      [proposed_source:60->target62] [Epoch 5/200] [loss_mse: 0.058529]
      [proposed_source:60->target62] [Epoch 6/200] [loss_mse: 0.059131]
      [proposed_source:60->target62] [Epoch 7/200] [loss_mse: 0.055244]
      [proposed_source:60->target62] [Epoch 8/200] [loss_mse: 0.036737]
      [proposed_source:60->target62] [Epoch 9/200] [loss_mse: 0.038811]
      [proposed_source:60->target62] [Epoch 10/200] [loss_mse: 0.049668]
      [proposed_source:60->target62] [Epoch 20/200] [loss_mse: 0.024739]
  收敛检测[few_shot:proposed_source_station60_to_62_class1]: 首次达到收敛条件 @ epoch 23 (best_epoch=18, best_loss=0.024120, final_loss=0.025962)
  收敛检测[few_shot:proposed_source_station60_to_62_class1]: 首次达到收敛条件 @ epoch 38 (best_epoch=33, best_loss=0.016264, final_loss=0.022999)
      [proposed_source:60->target62] [Epoch 40/200] [loss_mse: 0.024417]
      [proposed_source:60->target62] [Epoch 60/200] [loss_mse: 0.022215]
      [proposed_source:60->target62] [Epoch 80/200] [loss_mse: 0.022085]
      [proposed_source:60->target62] [Epoch 100/200] [loss_mse: 0.022746]
      [proposed_source:60->target62] [Epoch 120/200] [loss_mse: 0.020964]
      [proposed_source:60->target62] [Epoch 140/200] [loss_mse: 0.024366]
      [proposed_source:60->target62] [Epoch 160/200] [loss_mse: 0.022853]
      [proposed_source:60->target62] [Epoch 180/200] [loss_mse: 0.023857]
      [proposed_source:60->target62] [Epoch 200/200] [loss_mse: 0.021453]
  收敛检测[few_shot:proposed_source_station60_to_62_class1]: 已收敛 @ epoch 38 (best_epoch=33, best_loss=0.016264, final_loss=0.021453)
  收敛检测[few_shot:few_shot]: 未收敛 (best_epoch=1, best_loss=0.063634, final_loss=0.063634)
    [screen:proposed_source] source_station=61 -> target_station=62, candidate=1, gated=1, effective=1
      [proposed_source:61->target62] [Epoch 1/200] [loss_mse: 0.000304]
      [proposed_source:61->target62] [Epoch 2/200] [loss_mse: 0.027633]
      [proposed_source:61->target62] [Epoch 3/200] [loss_mse: 0.001755]
      [proposed_source:61->target62] [Epoch 4/200] [loss_mse: 0.002128]
      [proposed_source:61->target62] [Epoch 5/200] [loss_mse: 0.026683]
  收敛检测[few_shot:proposed_source_station61_to_62_class1]: 首次达到收敛条件 @ epoch 6 (best_epoch=1, best_loss=0.000304, final_loss=0.002458)
      [proposed_source:61->target62] [Epoch 6/200] [loss_mse: 0.002458]
      [proposed_source:61->target62] [Epoch 7/200] [loss_mse: 0.001782]
      [proposed_source:61->target62] [Epoch 8/200] [loss_mse: 0.000258]
      [proposed_source:61->target62] [Epoch 9/200] [loss_mse: 0.009553]
      [proposed_source:61->target62] [Epoch 10/200] [loss_mse: 0.001532]
  收敛检测[few_shot:proposed_source_station61_to_62_class1]: 首次达到收敛条件 @ epoch 16 (best_epoch=11, best_loss=0.000116, final_loss=0.003223)
      [proposed_source:61->target62] [Epoch 20/200] [loss_mse: 0.000369]
      [proposed_source:61->target62] [Epoch 40/200] [loss_mse: 0.001662]
      [proposed_source:61->target62] [Epoch 60/200] [loss_mse: 0.000052]
      [proposed_source:61->target62] [Epoch 80/200] [loss_mse: 0.001181]
      [proposed_source:61->target62] [Epoch 100/200] [loss_mse: 0.000471]
  收敛检测[few_shot:proposed_source_station61_to_62_class1]: 首次达到收敛条件 @ epoch 119 (best_epoch=114, best_loss=0.000010, final_loss=0.000056)
      [proposed_source:61->target62] [Epoch 120/200] [loss_mse: 0.018280]
      [proposed_source:61->target62] [Epoch 140/200] [loss_mse: 0.003341]
      [proposed_source:61->target62] [Epoch 160/200] [loss_mse: 0.002841]
      [proposed_source:61->target62] [Epoch 180/200] [loss_mse: 0.000349]
      [proposed_source:61->target62] [Epoch 200/200] [loss_mse: 0.000658]
  收敛检测[few_shot:proposed_source_station61_to_62_class1]: 已收敛 @ epoch 119 (best_epoch=114, best_loss=0.000010, final_loss=0.000658)
  收敛检测[few_shot:few_shot]: 未收敛 (best_epoch=1, best_loss=0.046968, final_loss=0.046968)
  收敛检测[few_shot:few_shot]: 未收敛 (best_epoch=1, best_loss=0.096393, final_loss=0.096393)
  收敛检测[few_shot:few_shot]: 未收敛 (best_epoch=1, best_loss=0.054126, final_loss=0.054126)
    [screen:proposed_source] source_station=63 -> target_station=62, candidate=3, gated=3, effective=3
      [proposed_source:63->target62] [Epoch 1/200] [loss_mse: 0.062026]
      [proposed_source:63->target62] [Epoch 2/200] [loss_mse: 0.067162]
      [proposed_source:63->target62] [Epoch 3/200] [loss_mse: 0.064534]
      [proposed_source:63->target62] [Epoch 4/200] [loss_mse: 0.063203]
      [proposed_source:63->target62] [Epoch 5/200] [loss_mse: 0.050675]
      [proposed_source:63->target62] [Epoch 6/200] [loss_mse: 0.048190]
      [proposed_source:63->target62] [Epoch 7/200] [loss_mse: 0.052605]
      [proposed_source:63->target62] [Epoch 8/200] [loss_mse: 0.036539]
      [proposed_source:63->target62] [Epoch 9/200] [loss_mse: 0.058930]
      [proposed_source:63->target62] [Epoch 10/200] [loss_mse: 0.042844]
      [proposed_source:63->target62] [Epoch 20/200] [loss_mse: 0.020192]
  收敛检测[few_shot:proposed_source_station63_to_62_class1]: 首次达到收敛条件 @ epoch 34 (best_epoch=29, best_loss=0.010496, final_loss=0.015187)
      [proposed_source:63->target62] [Epoch 40/200] [loss_mse: 0.012595]
  收敛检测[few_shot:proposed_source_station63_to_62_class1]: 首次达到收敛条件 @ epoch 54 (best_epoch=49, best_loss=0.009401, final_loss=0.012245)
      [proposed_source:63->target62] [Epoch 60/200] [loss_mse: 0.015137]
  收敛检测[few_shot:proposed_source_station63_to_62_class1]: 首次达到收敛条件 @ epoch 79 (best_epoch=74, best_loss=0.008703, final_loss=0.010215)
      [proposed_source:63->target62] [Epoch 80/200] [loss_mse: 0.014066]
      [proposed_source:63->target62] [Epoch 100/200] [loss_mse: 0.010257]
      [proposed_source:63->target62] [Epoch 120/200] [loss_mse: 0.013057]
      [proposed_source:63->target62] [Epoch 140/200] [loss_mse: 0.010898]
  收敛检测[few_shot:proposed_source_station63_to_62_class1]: 首次达到收敛条件 @ epoch 151 (best_epoch=146, best_loss=0.008534, final_loss=0.012053)
      [proposed_source:63->target62] [Epoch 160/200] [loss_mse: 0.012678]
      [proposed_source:63->target62] [Epoch 180/200] [loss_mse: 0.011768]
      [proposed_source:63->target62] [Epoch 200/200] [loss_mse: 0.012685]
  收敛检测[few_shot:proposed_source_station63_to_62_class1]: 已收敛 @ epoch 151 (best_epoch=146, best_loss=0.008534, final_loss=0.012685)
      [Proposed-A:target_refine] [Epoch 1/200] [loss_mse: 0.013978]
      [Proposed-A:target_refine] [Epoch 2/200] [loss_mse: 0.012868]
      [Proposed-A:target_refine] [Epoch 3/200] [loss_mse: 0.010660]
      [Proposed-A:target_refine] [Epoch 4/200] [loss_mse: 0.009863]
      [Proposed-A:target_refine] [Epoch 5/200] [loss_mse: 0.010434]
      [Proposed-A:target_refine] [Epoch 6/200] [loss_mse: 0.009335]
      [Proposed-A:target_refine] [Epoch 7/200] [loss_mse: 0.009724]
      [Proposed-A:target_refine] [Epoch 8/200] [loss_mse: 0.010320]
      [Proposed-A:target_refine] [Epoch 9/200] [loss_mse: 0.009884]
      [Proposed-A:target_refine] [Epoch 10/200] [loss_mse: 0.009058]
  收敛检测[few_shot:proposed_a_station62_class1]: 首次达到收敛条件 @ epoch 15 (best_epoch=10, best_loss=0.009058, final_loss=0.009975)
      [Proposed-A:target_refine] [Epoch 20/200] [loss_mse: 0.009937]
  收敛检测[few_shot:proposed_a_station62_class1]: 首次达到收敛条件 @ epoch 26 (best_epoch=21, best_loss=0.008823, final_loss=0.009011)
  收敛检测[few_shot:proposed_a_station62_class1]: 首次达到收敛条件 @ epoch 36 (best_epoch=31, best_loss=0.007780, final_loss=0.008609)
      [Proposed-A:target_refine] [Epoch 40/200] [loss_mse: 0.008771]
      [Proposed-A:target_refine] [Epoch 60/200] [loss_mse: 0.008602]
      [Proposed-A:target_refine] [Epoch 80/200] [loss_mse: 0.008205]
  收敛检测[few_shot:proposed_a_station62_class1]: 首次达到收敛条件 @ epoch 98 (best_epoch=93, best_loss=0.007383, final_loss=0.008789)
      [Proposed-A:target_refine] [Epoch 100/200] [loss_mse: 0.010034]
  收敛检测[few_shot:proposed_a_station62_class1]: 首次达到收敛条件 @ epoch 111 (best_epoch=106, best_loss=0.007196, final_loss=0.009140)
  收敛检测[few_shot:proposed_a_station62_class1]: 首次达到收敛条件 @ epoch 120 (best_epoch=115, best_loss=0.006888, final_loss=0.009217)
      [Proposed-A:target_refine] [Epoch 120/200] [loss_mse: 0.009217]
      [Proposed-A:target_refine] [Epoch 140/200] [loss_mse: 0.007698]
  收敛检测[few_shot:proposed_a_station62_class1]: 首次达到收敛条件 @ epoch 150 (best_epoch=145, best_loss=0.006747, final_loss=0.007894)
  收敛检测[few_shot:proposed_a_station62_class1]: 首次达到收敛条件 @ epoch 159 (best_epoch=154, best_loss=0.006262, final_loss=0.006732)
      [Proposed-A:target_refine] [Epoch 160/200] [loss_mse: 0.007635]
      [Proposed-A:target_refine] [Epoch 180/200] [loss_mse: 0.007006]
  收敛检测[few_shot:proposed_a_station62_class1]: 首次达到收敛条件 @ epoch 187 (best_epoch=182, best_loss=0.005798, final_loss=0.007498)
  收敛检测[few_shot:proposed_a_station62_class1]: 首次达到收敛条件 @ epoch 196 (best_epoch=191, best_loss=0.005534, final_loss=0.006772)
      [Proposed-A:target_refine] [Epoch 200/200] [loss_mse: 0.005873]
  收敛检测[few_shot:proposed_a_station62_class1]: 已收敛 @ epoch 196 (best_epoch=191, best_loss=0.005534, final_loss=0.005873)
    ✓ 保存(Proposed-A): artifacts/2h6p_six_station/fed-normal-meta-5k/models/model_fore_station62_extreme1_proposed_a.pth weights={'62': 0.5, '58': 0.0558815498832521, '59': 0.13847548007158755, '60': 0.12394420790095438, '61': 0.05750168447601616, '63': 0.12419707766818978}

  极端天气类别 3:
    样本数: 2
    训练轮数: 200, few-shot loss=MSE
    adapt/val: 1 / 1
      [LMT] [Epoch 1/200] [loss_mse: 0.135062]
      [LMT] [Epoch 2/200] [loss_mse: 0.158750]
      [LMT] [Epoch 3/200] [loss_mse: 0.162388]
      [LMT] [Epoch 4/200] [loss_mse: 0.141641]
      [LMT] [Epoch 5/200] [loss_mse: 0.121667]
      [LMT] [Epoch 6/200] [loss_mse: 0.148084]
      [LMT] [Epoch 7/200] [loss_mse: 0.096614]
      [LMT] [Epoch 8/200] [loss_mse: 0.139364]
      [LMT] [Epoch 9/200] [loss_mse: 0.156241]
      [LMT] [Epoch 10/200] [loss_mse: 0.085989]
  收敛检测[few_shot:lmt_station62_class2]: 首次达到收敛条件 @ epoch 15 (best_epoch=10, best_loss=0.085989, final_loss=0.105395)
      [LMT] [Epoch 20/200] [loss_mse: 0.077466]
  收敛检测[few_shot:lmt_station62_class2]: 首次达到收敛条件 @ epoch 33 (best_epoch=28, best_loss=0.043492, final_loss=0.099816)
      [LMT] [Epoch 40/200] [loss_mse: 0.055803]
  收敛检测[few_shot:lmt_station62_class2]: 首次达到收敛条件 @ epoch 44 (best_epoch=39, best_loss=0.026887, final_loss=0.098124)
  收敛检测[few_shot:lmt_station62_class2]: 首次达到收敛条件 @ epoch 56 (best_epoch=51, best_loss=0.018071, final_loss=0.063056)
      [LMT] [Epoch 60/200] [loss_mse: 0.039356]
      [LMT] [Epoch 80/200] [loss_mse: 0.033091]
  收敛检测[few_shot:lmt_station62_class2]: 首次达到收敛条件 @ epoch 82 (best_epoch=77, best_loss=0.011513, final_loss=0.031824)
      [LMT] [Epoch 100/200] [loss_mse: 0.053451]
  收敛检测[few_shot:lmt_station62_class2]: 首次达到收敛条件 @ epoch 103 (best_epoch=98, best_loss=0.010994, final_loss=0.072710)
  收敛检测[few_shot:lmt_station62_class2]: 首次达到收敛条件 @ epoch 118 (best_epoch=113, best_loss=0.009343, final_loss=0.041671)
      [LMT] [Epoch 120/200] [loss_mse: 0.020610]
      [LMT] [Epoch 140/200] [loss_mse: 0.015364]
  收敛检测[few_shot:lmt_station62_class2]: 首次达到收敛条件 @ epoch 144 (best_epoch=139, best_loss=0.008863, final_loss=0.032903)
  收敛检测[few_shot:lmt_station62_class2]: 首次达到收敛条件 @ epoch 157 (best_epoch=152, best_loss=0.005598, final_loss=0.096759)
      [LMT] [Epoch 160/200] [loss_mse: 0.088372]
      [LMT] [Epoch 180/200] [loss_mse: 0.041026]
      [LMT] [Epoch 200/200] [loss_mse: 0.010913]
  收敛检测[few_shot:lmt_station62_class2]: 已收敛 @ epoch 157 (best_epoch=152, best_loss=0.005598, final_loss=0.010913)
    ✓ 保存(LMT): artifacts/2h6p_six_station/fed-normal-meta-5k/models/model_fore_station62_extreme2.pth
  收敛检测[few_shot:few_shot]: 未收敛 (best_epoch=1, best_loss=0.211942, final_loss=0.211942)
    [screen:extreme_source] source_station=58 -> target_station=62, candidate=1, gated=1, effective=1
      [extreme_source:58->target62] [Epoch 1/200] [loss_mse: 0.001238]
      [extreme_source:58->target62] [Epoch 2/200] [loss_mse: 0.001015]
      [extreme_source:58->target62] [Epoch 3/200] [loss_mse: 0.001442]
      [extreme_source:58->target62] [Epoch 4/200] [loss_mse: 0.005566]
      [extreme_source:58->target62] [Epoch 5/200] [loss_mse: 0.000757]
      [extreme_source:58->target62] [Epoch 6/200] [loss_mse: 0.003963]
      [extreme_source:58->target62] [Epoch 7/200] [loss_mse: 0.003865]
      [extreme_source:58->target62] [Epoch 8/200] [loss_mse: 0.002077]
      [extreme_source:58->target62] [Epoch 9/200] [loss_mse: 0.000575]
      [extreme_source:58->target62] [Epoch 10/200] [loss_mse: 0.001645]
  收敛检测[few_shot:extreme_source_station58_to_62_class2]: 首次达到收敛条件 @ epoch 18 (best_epoch=13, best_loss=0.000258, final_loss=0.001858)
      [extreme_source:58->target62] [Epoch 20/200] [loss_mse: 0.000625]
  收敛检测[few_shot:extreme_source_station58_to_62_class2]: 首次达到收敛条件 @ epoch 28 (best_epoch=23, best_loss=0.000044, final_loss=0.000454)
      [extreme_source:58->target62] [Epoch 40/200] [loss_mse: 0.000119]
      [extreme_source:58->target62] [Epoch 60/200] [loss_mse: 0.002205]
      [extreme_source:58->target62] [Epoch 80/200] [loss_mse: 0.000907]
      [extreme_source:58->target62] [Epoch 100/200] [loss_mse: 0.005071]
      [extreme_source:58->target62] [Epoch 120/200] [loss_mse: 0.007585]
      [extreme_source:58->target62] [Epoch 140/200] [loss_mse: 0.001195]
      [extreme_source:58->target62] [Epoch 160/200] [loss_mse: 0.001789]
      [extreme_source:58->target62] [Epoch 180/200] [loss_mse: 0.002217]
      [extreme_source:58->target62] [Epoch 200/200] [loss_mse: 0.000045]
  收敛检测[few_shot:extreme_source_station58_to_62_class2]: 已收敛 @ epoch 28 (best_epoch=23, best_loss=0.000044, final_loss=0.000045)
  收敛检测[few_shot:few_shot]: 未收敛 (best_epoch=1, best_loss=0.134128, final_loss=0.134128)
  收敛检测[few_shot:few_shot]: 未收敛 (best_epoch=1, best_loss=0.156775, final_loss=0.156775)
    [screen:extreme_source] source_station=59 -> target_station=62, candidate=2, gated=2, effective=2
      [extreme_source:59->target62] [Epoch 1/200] [loss_mse: 0.108465]
      [extreme_source:59->target62] [Epoch 2/200] [loss_mse: 0.133555]
      [extreme_source:59->target62] [Epoch 3/200] [loss_mse: 0.123227]
      [extreme_source:59->target62] [Epoch 4/200] [loss_mse: 0.132434]
      [extreme_source:59->target62] [Epoch 5/200] [loss_mse: 0.112629]
  收敛检测[few_shot:extreme_source_station59_to_62_class2]: 首次达到收敛条件 @ epoch 6 (best_epoch=1, best_loss=0.108465, final_loss=0.133035)
      [extreme_source:59->target62] [Epoch 6/200] [loss_mse: 0.133035]
      [extreme_source:59->target62] [Epoch 7/200] [loss_mse: 0.148788]
      [extreme_source:59->target62] [Epoch 8/200] [loss_mse: 0.127937]
      [extreme_source:59->target62] [Epoch 9/200] [loss_mse: 0.106811]
      [extreme_source:59->target62] [Epoch 10/200] [loss_mse: 0.115667]
      [extreme_source:59->target62] [Epoch 20/200] [loss_mse: 0.089691]
  收敛检测[few_shot:extreme_source_station59_to_62_class2]: 首次达到收敛条件 @ epoch 24 (best_epoch=19, best_loss=0.056021, final_loss=0.110233)
      [extreme_source:59->target62] [Epoch 40/200] [loss_mse: 0.075817]
  收敛检测[few_shot:extreme_source_station59_to_62_class2]: 首次达到收敛条件 @ epoch 46 (best_epoch=41, best_loss=0.055123, final_loss=0.072787)
  收敛检测[few_shot:extreme_source_station59_to_62_class2]: 首次达到收敛条件 @ epoch 54 (best_epoch=49, best_loss=0.053890, final_loss=0.098436)
      [extreme_source:59->target62] [Epoch 60/200] [loss_mse: 0.102408]
  收敛检测[few_shot:extreme_source_station59_to_62_class2]: 首次达到收敛条件 @ epoch 77 (best_epoch=72, best_loss=0.043954, final_loss=0.078546)
      [extreme_source:59->target62] [Epoch 80/200] [loss_mse: 0.101531]
  收敛检测[few_shot:extreme_source_station59_to_62_class2]: 首次达到收敛条件 @ epoch 97 (best_epoch=92, best_loss=0.030499, final_loss=0.116212)
      [extreme_source:59->target62] [Epoch 100/200] [loss_mse: 0.048335]
      [extreme_source:59->target62] [Epoch 120/200] [loss_mse: 0.056707]
      [extreme_source:59->target62] [Epoch 140/200] [loss_mse: 0.115501]
      [extreme_source:59->target62] [Epoch 160/200] [loss_mse: 0.050127]
      [extreme_source:59->target62] [Epoch 180/200] [loss_mse: 0.041759]
      [extreme_source:59->target62] [Epoch 200/200] [loss_mse: 0.054140]
  收敛检测[few_shot:extreme_source_station59_to_62_class2]: 已收敛 @ epoch 97 (best_epoch=92, best_loss=0.030499, final_loss=0.054140)
  收敛检测[few_shot:few_shot]: 未收敛 (best_epoch=1, best_loss=0.195278, final_loss=0.195278)
    [screen:extreme_source] source_station=60 -> target_station=62, candidate=1, gated=1, effective=1
      [extreme_source:60->target62] [Epoch 1/200] [loss_mse: 0.175199]
      [extreme_source:60->target62] [Epoch 2/200] [loss_mse: 0.091265]
      [extreme_source:60->target62] [Epoch 3/200] [loss_mse: 0.101797]
      [extreme_source:60->target62] [Epoch 4/200] [loss_mse: 0.075068]
      [extreme_source:60->target62] [Epoch 5/200] [loss_mse: 0.076580]
      [extreme_source:60->target62] [Epoch 6/200] [loss_mse: 0.058920]
      [extreme_source:60->target62] [Epoch 7/200] [loss_mse: 0.176839]
      [extreme_source:60->target62] [Epoch 8/200] [loss_mse: 0.098833]
      [extreme_source:60->target62] [Epoch 9/200] [loss_mse: 0.048645]
      [extreme_source:60->target62] [Epoch 10/200] [loss_mse: 0.058970]
      [extreme_source:60->target62] [Epoch 20/200] [loss_mse: 0.028163]
  收敛检测[few_shot:extreme_source_station60_to_62_class2]: 首次达到收敛条件 @ epoch 28 (best_epoch=23, best_loss=0.009483, final_loss=0.020200)
  收敛检测[few_shot:extreme_source_station60_to_62_class2]: 首次达到收敛条件 @ epoch 35 (best_epoch=30, best_loss=0.005895, final_loss=0.013078)
      [extreme_source:60->target62] [Epoch 40/200] [loss_mse: 0.009670]
  收敛检测[few_shot:extreme_source_station60_to_62_class2]: 首次达到收敛条件 @ epoch 48 (best_epoch=43, best_loss=0.000562, final_loss=0.023450)
      [extreme_source:60->target62] [Epoch 60/200] [loss_mse: 0.011918]
  收敛检测[few_shot:extreme_source_station60_to_62_class2]: 首次达到收敛条件 @ epoch 74 (best_epoch=69, best_loss=0.000094, final_loss=0.028462)
      [extreme_source:60->target62] [Epoch 80/200] [loss_mse: 0.006214]
      [extreme_source:60->target62] [Epoch 100/200] [loss_mse: 0.009713]
      [extreme_source:60->target62] [Epoch 120/200] [loss_mse: 0.088297]
      [extreme_source:60->target62] [Epoch 140/200] [loss_mse: 0.001510]
      [extreme_source:60->target62] [Epoch 160/200] [loss_mse: 0.011105]
      [extreme_source:60->target62] [Epoch 180/200] [loss_mse: 0.000077]
      [extreme_source:60->target62] [Epoch 200/200] [loss_mse: 0.000781]
  收敛检测[few_shot:extreme_source_station60_to_62_class2]: 已收敛 @ epoch 74 (best_epoch=69, best_loss=0.000094, final_loss=0.000781)
  收敛检测[few_shot:few_shot]: 未收敛 (best_epoch=1, best_loss=0.064842, final_loss=0.064842)
  收敛检测[few_shot:few_shot]: 未收敛 (best_epoch=1, best_loss=0.242150, final_loss=0.242150)
    [screen:extreme_source] source_station=61 -> target_station=62, candidate=2, gated=2, effective=2
      [extreme_source:61->target62] [Epoch 1/200] [loss_mse: 0.071981]
      [extreme_source:61->target62] [Epoch 2/200] [loss_mse: 0.036936]
      [extreme_source:61->target62] [Epoch 3/200] [loss_mse: 0.057023]
      [extreme_source:61->target62] [Epoch 4/200] [loss_mse: 0.031995]
      [extreme_source:61->target62] [Epoch 5/200] [loss_mse: 0.036712]
      [extreme_source:61->target62] [Epoch 6/200] [loss_mse: 0.032454]
      [extreme_source:61->target62] [Epoch 7/200] [loss_mse: 0.034109]
      [extreme_source:61->target62] [Epoch 8/200] [loss_mse: 0.039574]
  收敛检测[few_shot:extreme_source_station61_to_62_class2]: 首次达到收敛条件 @ epoch 9 (best_epoch=4, best_loss=0.031995, final_loss=0.049404)
      [extreme_source:61->target62] [Epoch 9/200] [loss_mse: 0.049404]
      [extreme_source:61->target62] [Epoch 10/200] [loss_mse: 0.031195]
      [extreme_source:61->target62] [Epoch 20/200] [loss_mse: 0.032916]
  收敛检测[few_shot:extreme_source_station61_to_62_class2]: 首次达到收敛条件 @ epoch 26 (best_epoch=21, best_loss=0.013362, final_loss=0.017019)
      [extreme_source:61->target62] [Epoch 40/200] [loss_mse: 0.030791]
  收敛检测[few_shot:extreme_source_station61_to_62_class2]: 首次达到收敛条件 @ epoch 55 (best_epoch=50, best_loss=0.011961, final_loss=0.035877)
      [extreme_source:61->target62] [Epoch 60/200] [loss_mse: 0.009417]
  收敛检测[few_shot:extreme_source_station61_to_62_class2]: 首次达到收敛条件 @ epoch 70 (best_epoch=65, best_loss=0.008914, final_loss=0.041246)
      [extreme_source:61->target62] [Epoch 80/200] [loss_mse: 0.030968]
  收敛检测[few_shot:extreme_source_station61_to_62_class2]: 首次达到收敛条件 @ epoch 91 (best_epoch=86, best_loss=0.004079, final_loss=0.022674)
      [extreme_source:61->target62] [Epoch 100/200] [loss_mse: 0.022352]
      [extreme_source:61->target62] [Epoch 120/200] [loss_mse: 0.021658]
      [extreme_source:61->target62] [Epoch 140/200] [loss_mse: 0.021513]
      [extreme_source:61->target62] [Epoch 160/200] [loss_mse: 0.079723]
      [extreme_source:61->target62] [Epoch 180/200] [loss_mse: 0.087576]
      [extreme_source:61->target62] [Epoch 200/200] [loss_mse: 0.018236]
  收敛检测[few_shot:extreme_source_station61_to_62_class2]: 已收敛 @ epoch 91 (best_epoch=86, best_loss=0.004079, final_loss=0.018236)
  收敛检测[few_shot:few_shot]: 未收敛 (best_epoch=1, best_loss=0.153360, final_loss=0.153360)
    [screen:extreme_source] source_station=63 -> target_station=62, candidate=1, gated=1, effective=1
      [extreme_source:63->target62] [Epoch 1/200] [loss_mse: 0.094643]
      [extreme_source:63->target62] [Epoch 2/200] [loss_mse: 0.089667]
      [extreme_source:63->target62] [Epoch 3/200] [loss_mse: 0.072911]
      [extreme_source:63->target62] [Epoch 4/200] [loss_mse: 0.086190]
      [extreme_source:63->target62] [Epoch 5/200] [loss_mse: 0.065448]
      [extreme_source:63->target62] [Epoch 6/200] [loss_mse: 0.062425]
      [extreme_source:63->target62] [Epoch 7/200] [loss_mse: 0.056336]
      [extreme_source:63->target62] [Epoch 8/200] [loss_mse: 0.072647]
      [extreme_source:63->target62] [Epoch 9/200] [loss_mse: 0.056405]
      [extreme_source:63->target62] [Epoch 10/200] [loss_mse: 0.054109]
      [extreme_source:63->target62] [Epoch 20/200] [loss_mse: 0.037307]
  收敛检测[few_shot:extreme_source_station63_to_62_class2]: 首次达到收敛条件 @ epoch 24 (best_epoch=19, best_loss=0.023197, final_loss=0.051530)
      [extreme_source:63->target62] [Epoch 40/200] [loss_mse: 0.033513]
  收敛检测[few_shot:extreme_source_station63_to_62_class2]: 首次达到收敛条件 @ epoch 43 (best_epoch=38, best_loss=0.004663, final_loss=0.034376)
      [extreme_source:63->target62] [Epoch 60/200] [loss_mse: 0.015219]
  收敛检测[few_shot:extreme_source_station63_to_62_class2]: 首次达到收敛条件 @ epoch 70 (best_epoch=65, best_loss=0.002774, final_loss=0.025094)
      [extreme_source:63->target62] [Epoch 80/200] [loss_mse: 0.003013]
  收敛检测[few_shot:extreme_source_station63_to_62_class2]: 首次达到收敛条件 @ epoch 96 (best_epoch=91, best_loss=0.000976, final_loss=0.009503)
      [extreme_source:63->target62] [Epoch 100/200] [loss_mse: 0.008365]
      [extreme_source:63->target62] [Epoch 120/200] [loss_mse: 0.013309]
      [extreme_source:63->target62] [Epoch 140/200] [loss_mse: 0.002835]
      [extreme_source:63->target62] [Epoch 160/200] [loss_mse: 0.017544]
  收敛检测[few_shot:extreme_source_station63_to_62_class2]: 首次达到收敛条件 @ epoch 167 (best_epoch=162, best_loss=0.000696, final_loss=0.052208)
      [extreme_source:63->target62] [Epoch 180/200] [loss_mse: 0.001911]
      [extreme_source:63->target62] [Epoch 200/200] [loss_mse: 0.013355]
  收敛检测[few_shot:extreme_source_station63_to_62_class2]: 已收敛 @ epoch 167 (best_epoch=162, best_loss=0.000696, final_loss=0.013355)
      [Extreme-FedAvg:target_refine] [Epoch 1/200] [loss_mse: 0.078705]
      [Extreme-FedAvg:target_refine] [Epoch 2/200] [loss_mse: 0.105430]
      [Extreme-FedAvg:target_refine] [Epoch 3/200] [loss_mse: 0.036387]
      [Extreme-FedAvg:target_refine] [Epoch 4/200] [loss_mse: 0.040135]
      [Extreme-FedAvg:target_refine] [Epoch 5/200] [loss_mse: 0.055555]
      [Extreme-FedAvg:target_refine] [Epoch 6/200] [loss_mse: 0.028407]
      [Extreme-FedAvg:target_refine] [Epoch 7/200] [loss_mse: 0.043040]
      [Extreme-FedAvg:target_refine] [Epoch 8/200] [loss_mse: 0.075962]
      [Extreme-FedAvg:target_refine] [Epoch 9/200] [loss_mse: 0.038364]
      [Extreme-FedAvg:target_refine] [Epoch 10/200] [loss_mse: 0.029437]
  收敛检测[few_shot:extreme_fedavg_station62_class2]: 首次达到收敛条件 @ epoch 11 (best_epoch=6, best_loss=0.028407, final_loss=0.043752)
      [Extreme-FedAvg:target_refine] [Epoch 20/200] [loss_mse: 0.026822]
  收敛检测[few_shot:extreme_fedavg_station62_class2]: 首次达到收敛条件 @ epoch 28 (best_epoch=23, best_loss=0.007977, final_loss=0.036377)
      [Extreme-FedAvg:target_refine] [Epoch 40/200] [loss_mse: 0.032040]
      [Extreme-FedAvg:target_refine] [Epoch 60/200] [loss_mse: 0.028261]
      [Extreme-FedAvg:target_refine] [Epoch 80/200] [loss_mse: 0.014835]
  收敛检测[few_shot:extreme_fedavg_station62_class2]: 首次达到收敛条件 @ epoch 100 (best_epoch=95, best_loss=0.003097, final_loss=0.048124)
      [Extreme-FedAvg:target_refine] [Epoch 100/200] [loss_mse: 0.048124]
      [Extreme-FedAvg:target_refine] [Epoch 120/200] [loss_mse: 0.029606]
      [Extreme-FedAvg:target_refine] [Epoch 140/200] [loss_mse: 0.045479]
      [Extreme-FedAvg:target_refine] [Epoch 160/200] [loss_mse: 0.045235]
      [Extreme-FedAvg:target_refine] [Epoch 180/200] [loss_mse: 0.037986]
      [Extreme-FedAvg:target_refine] [Epoch 200/200] [loss_mse: 0.033357]
  收敛检测[few_shot:extreme_fedavg_station62_class2]: 已收敛 @ epoch 100 (best_epoch=95, best_loss=0.003097, final_loss=0.033357)
    ✓ 保存(Extreme-FedAvg): artifacts/2h6p_six_station/fed-normal-meta-5k/models/model_fore_station62_extreme2_extreme_fedavg.pth weights={'62': 0.16666666666666666, '58': 0.16666666666666666, '59': 0.16666666666666666, '60': 0.16666666666666666, '61': 0.16666666666666666, '63': 0.16666666666666666}
      [Proposed-A:self_update] [Epoch 1/200] [loss_mse: 0.159399]
      [Proposed-A:self_update] [Epoch 2/200] [loss_mse: 0.174236]
      [Proposed-A:self_update] [Epoch 3/200] [loss_mse: 0.125664]
      [Proposed-A:self_update] [Epoch 4/200] [loss_mse: 0.106967]
      [Proposed-A:self_update] [Epoch 5/200] [loss_mse: 0.116371]
      [Proposed-A:self_update] [Epoch 6/200] [loss_mse: 0.112410]
      [Proposed-A:self_update] [Epoch 7/200] [loss_mse: 0.114639]
      [Proposed-A:self_update] [Epoch 8/200] [loss_mse: 0.074107]
      [Proposed-A:self_update] [Epoch 9/200] [loss_mse: 0.074125]
      [Proposed-A:self_update] [Epoch 10/200] [loss_mse: 0.120830]
      [Proposed-A:self_update] [Epoch 20/200] [loss_mse: 0.042429]
  收敛检测[few_shot:proposed_self_station62_class2]: 首次达到收敛条件 @ epoch 25 (best_epoch=20, best_loss=0.042429, final_loss=0.066875)
  收敛检测[few_shot:proposed_self_station62_class2]: 首次达到收敛条件 @ epoch 36 (best_epoch=31, best_loss=0.022379, final_loss=0.046344)
      [Proposed-A:self_update] [Epoch 40/200] [loss_mse: 0.074155]
  收敛检测[few_shot:proposed_self_station62_class2]: 首次达到收敛条件 @ epoch 44 (best_epoch=39, best_loss=0.011306, final_loss=0.069149)
  收敛检测[few_shot:proposed_self_station62_class2]: 首次达到收敛条件 @ epoch 53 (best_epoch=48, best_loss=0.006307, final_loss=0.055138)
      [Proposed-A:self_update] [Epoch 60/200] [loss_mse: 0.005185]
  收敛检测[few_shot:proposed_self_station62_class2]: 首次达到收敛条件 @ epoch 61 (best_epoch=56, best_loss=0.004424, final_loss=0.061913)
      [Proposed-A:self_update] [Epoch 80/200] [loss_mse: 0.037297]
  收敛检测[few_shot:proposed_self_station62_class2]: 首次达到收敛条件 @ epoch 90 (best_epoch=85, best_loss=0.004136, final_loss=0.032012)
      [Proposed-A:self_update] [Epoch 100/200] [loss_mse: 0.031899]
      [Proposed-A:self_update] [Epoch 120/200] [loss_mse: 0.076375]
      [Proposed-A:self_update] [Epoch 140/200] [loss_mse: 0.022674]
      [Proposed-A:self_update] [Epoch 160/200] [loss_mse: 0.052908]
      [Proposed-A:self_update] [Epoch 180/200] [loss_mse: 0.017091]
      [Proposed-A:self_update] [Epoch 200/200] [loss_mse: 0.037107]
  收敛检测[few_shot:proposed_self_station62_class2]: 已收敛 @ epoch 90 (best_epoch=85, best_loss=0.004136, final_loss=0.037107)
  收敛检测[few_shot:few_shot]: 未收敛 (best_epoch=1, best_loss=0.126355, final_loss=0.126355)
    [screen:proposed_source] source_station=58 -> target_station=62, candidate=1, gated=1, effective=1
      [proposed_source:58->target62] [Epoch 1/200] [loss_mse: 0.006968]
      [proposed_source:58->target62] [Epoch 2/200] [loss_mse: 0.008693]
      [proposed_source:58->target62] [Epoch 3/200] [loss_mse: 0.028225]
      [proposed_source:58->target62] [Epoch 4/200] [loss_mse: 0.001529]
      [proposed_source:58->target62] [Epoch 5/200] [loss_mse: 0.003080]
      [proposed_source:58->target62] [Epoch 6/200] [loss_mse: 0.000967]
      [proposed_source:58->target62] [Epoch 7/200] [loss_mse: 0.004891]
      [proposed_source:58->target62] [Epoch 8/200] [loss_mse: 0.000889]
      [proposed_source:58->target62] [Epoch 9/200] [loss_mse: 0.003588]
      [proposed_source:58->target62] [Epoch 10/200] [loss_mse: 0.042142]
  收敛检测[few_shot:proposed_source_station58_to_62_class2]: 首次达到收敛条件 @ epoch 11 (best_epoch=6, best_loss=0.000967, final_loss=0.004546)
      [proposed_source:58->target62] [Epoch 20/200] [loss_mse: 0.006375]
  收敛检测[few_shot:proposed_source_station58_to_62_class2]: 首次达到收敛条件 @ epoch 21 (best_epoch=16, best_loss=0.000628, final_loss=0.004466)
  收敛检测[few_shot:proposed_source_station58_to_62_class2]: 首次达到收敛条件 @ epoch 35 (best_epoch=30, best_loss=0.000283, final_loss=0.000758)
      [proposed_source:58->target62] [Epoch 40/200] [loss_mse: 0.001306]
      [proposed_source:58->target62] [Epoch 60/200] [loss_mse: 0.001117]
      [proposed_source:58->target62] [Epoch 80/200] [loss_mse: 0.007395]
  收敛检测[few_shot:proposed_source_station58_to_62_class2]: 首次达到收敛条件 @ epoch 97 (best_epoch=92, best_loss=0.000089, final_loss=0.005707)
      [proposed_source:58->target62] [Epoch 100/200] [loss_mse: 0.004411]
      [proposed_source:58->target62] [Epoch 120/200] [loss_mse: 0.004078]
      [proposed_source:58->target62] [Epoch 140/200] [loss_mse: 0.010651]
      [proposed_source:58->target62] [Epoch 160/200] [loss_mse: 0.002164]
      [proposed_source:58->target62] [Epoch 180/200] [loss_mse: 0.002556]
      [proposed_source:58->target62] [Epoch 200/200] [loss_mse: 0.002743]
  收敛检测[few_shot:proposed_source_station58_to_62_class2]: 已收敛 @ epoch 97 (best_epoch=92, best_loss=0.000089, final_loss=0.002743)
  收敛检测[few_shot:few_shot]: 未收敛 (best_epoch=1, best_loss=0.129273, final_loss=0.129273)
  收敛检测[few_shot:few_shot]: 未收敛 (best_epoch=1, best_loss=0.130659, final_loss=0.130659)
    [screen:proposed_source] source_station=59 -> target_station=62, candidate=2, gated=2, effective=2
      [proposed_source:59->target62] [Epoch 1/200] [loss_mse: 0.126644]
      [proposed_source:59->target62] [Epoch 2/200] [loss_mse: 0.117971]
      [proposed_source:59->target62] [Epoch 3/200] [loss_mse: 0.097524]
      [proposed_source:59->target62] [Epoch 4/200] [loss_mse: 0.116694]
      [proposed_source:59->target62] [Epoch 5/200] [loss_mse: 0.112377]
      [proposed_source:59->target62] [Epoch 6/200] [loss_mse: 0.094211]
      [proposed_source:59->target62] [Epoch 7/200] [loss_mse: 0.075580]
      [proposed_source:59->target62] [Epoch 8/200] [loss_mse: 0.114568]
      [proposed_source:59->target62] [Epoch 9/200] [loss_mse: 0.078407]
      [proposed_source:59->target62] [Epoch 10/200] [loss_mse: 0.135114]
  收敛检测[few_shot:proposed_source_station59_to_62_class2]: 首次达到收敛条件 @ epoch 12 (best_epoch=7, best_loss=0.075580, final_loss=0.089242)
      [proposed_source:59->target62] [Epoch 20/200] [loss_mse: 0.061146]
  收敛检测[few_shot:proposed_source_station59_to_62_class2]: 首次达到收敛条件 @ epoch 25 (best_epoch=20, best_loss=0.061146, final_loss=0.080647)
  收敛检测[few_shot:proposed_source_station59_to_62_class2]: 首次达到收敛条件 @ epoch 31 (best_epoch=26, best_loss=0.046709, final_loss=0.059153)
      [proposed_source:59->target62] [Epoch 40/200] [loss_mse: 0.096194]
  收敛检测[few_shot:proposed_source_station59_to_62_class2]: 首次达到收敛条件 @ epoch 52 (best_epoch=47, best_loss=0.045377, final_loss=0.056462)
      [proposed_source:59->target62] [Epoch 60/200] [loss_mse: 0.082488]
  收敛检测[few_shot:proposed_source_station59_to_62_class2]: 首次达到收敛条件 @ epoch 70 (best_epoch=65, best_loss=0.026372, final_loss=0.102679)
      [proposed_source:59->target62] [Epoch 80/200] [loss_mse: 0.087153]
      [proposed_source:59->target62] [Epoch 100/200] [loss_mse: 0.062365]
      [proposed_source:59->target62] [Epoch 120/200] [loss_mse: 0.061973]
      [proposed_source:59->target62] [Epoch 140/200] [loss_mse: 0.072608]
  收敛检测[few_shot:proposed_source_station59_to_62_class2]: 首次达到收敛条件 @ epoch 143 (best_epoch=138, best_loss=0.025926, final_loss=0.045599)
      [proposed_source:59->target62] [Epoch 160/200] [loss_mse: 0.058997]
      [proposed_source:59->target62] [Epoch 180/200] [loss_mse: 0.047084]
      [proposed_source:59->target62] [Epoch 200/200] [loss_mse: 0.090574]
  收敛检测[few_shot:proposed_source_station59_to_62_class2]: 已收敛 @ epoch 143 (best_epoch=138, best_loss=0.025926, final_loss=0.090574)
  收敛检测[few_shot:few_shot]: 未收敛 (best_epoch=1, best_loss=0.199228, final_loss=0.199228)
    [screen:proposed_source] source_station=60 -> target_station=62, candidate=1, gated=1, effective=1
      [proposed_source:60->target62] [Epoch 1/200] [loss_mse: 0.142584]
      [proposed_source:60->target62] [Epoch 2/200] [loss_mse: 0.152587]
      [proposed_source:60->target62] [Epoch 3/200] [loss_mse: 0.089459]
      [proposed_source:60->target62] [Epoch 4/200] [loss_mse: 0.070354]
      [proposed_source:60->target62] [Epoch 5/200] [loss_mse: 0.069181]
      [proposed_source:60->target62] [Epoch 6/200] [loss_mse: 0.082164]
      [proposed_source:60->target62] [Epoch 7/200] [loss_mse: 0.066461]
      [proposed_source:60->target62] [Epoch 8/200] [loss_mse: 0.032411]
      [proposed_source:60->target62] [Epoch 9/200] [loss_mse: 0.050575]
      [proposed_source:60->target62] [Epoch 10/200] [loss_mse: 0.026579]
      [proposed_source:60->target62] [Epoch 20/200] [loss_mse: 0.012351]
  收敛检测[few_shot:proposed_source_station60_to_62_class2]: 首次达到收敛条件 @ epoch 23 (best_epoch=18, best_loss=0.011583, final_loss=0.013356)
  收敛检测[few_shot:proposed_source_station60_to_62_class2]: 首次达到收敛条件 @ epoch 32 (best_epoch=27, best_loss=0.000801, final_loss=0.022099)
      [proposed_source:60->target62] [Epoch 40/200] [loss_mse: 0.001957]
  收敛检测[few_shot:proposed_source_station60_to_62_class2]: 首次达到收敛条件 @ epoch 51 (best_epoch=46, best_loss=0.000403, final_loss=0.002772)
      [proposed_source:60->target62] [Epoch 60/200] [loss_mse: 0.002247]
  收敛检测[few_shot:proposed_source_station60_to_62_class2]: 首次达到收敛条件 @ epoch 66 (best_epoch=61, best_loss=0.000284, final_loss=0.005424)
      [proposed_source:60->target62] [Epoch 80/200] [loss_mse: 0.005016]
  收敛检测[few_shot:proposed_source_station60_to_62_class2]: 首次达到收敛条件 @ epoch 99 (best_epoch=94, best_loss=0.000013, final_loss=0.001806)
      [proposed_source:60->target62] [Epoch 100/200] [loss_mse: 0.000902]
      [proposed_source:60->target62] [Epoch 120/200] [loss_mse: 0.000987]
      [proposed_source:60->target62] [Epoch 140/200] [loss_mse: 0.000616]
      [proposed_source:60->target62] [Epoch 160/200] [loss_mse: 0.001772]
      [proposed_source:60->target62] [Epoch 180/200] [loss_mse: 0.006319]
      [proposed_source:60->target62] [Epoch 200/200] [loss_mse: 0.006993]
  收敛检测[few_shot:proposed_source_station60_to_62_class2]: 已收敛 @ epoch 99 (best_epoch=94, best_loss=0.000013, final_loss=0.006993)
  收敛检测[few_shot:few_shot]: 未收敛 (best_epoch=1, best_loss=0.065826, final_loss=0.065826)
  收敛检测[few_shot:few_shot]: 未收敛 (best_epoch=1, best_loss=0.232951, final_loss=0.232951)
    [screen:proposed_source] source_station=61 -> target_station=62, candidate=2, gated=2, effective=2
      [proposed_source:61->target62] [Epoch 1/200] [loss_mse: 0.065572]
      [proposed_source:61->target62] [Epoch 2/200] [loss_mse: 0.091503]
      [proposed_source:61->target62] [Epoch 3/200] [loss_mse: 0.060361]
      [proposed_source:61->target62] [Epoch 4/200] [loss_mse: 0.023364]
      [proposed_source:61->target62] [Epoch 5/200] [loss_mse: 0.107036]
      [proposed_source:61->target62] [Epoch 6/200] [loss_mse: 0.075197]
      [proposed_source:61->target62] [Epoch 7/200] [loss_mse: 0.034972]
      [proposed_source:61->target62] [Epoch 8/200] [loss_mse: 0.049795]
  收敛检测[few_shot:proposed_source_station61_to_62_class2]: 首次达到收敛条件 @ epoch 9 (best_epoch=4, best_loss=0.023364, final_loss=0.036292)
      [proposed_source:61->target62] [Epoch 9/200] [loss_mse: 0.036292]
      [proposed_source:61->target62] [Epoch 10/200] [loss_mse: 0.042690]
      [proposed_source:61->target62] [Epoch 20/200] [loss_mse: 0.038110]
  收敛检测[few_shot:proposed_source_station61_to_62_class2]: 首次达到收敛条件 @ epoch 23 (best_epoch=18, best_loss=0.019130, final_loss=0.154826)
      [proposed_source:61->target62] [Epoch 40/200] [loss_mse: 0.035011]
      [proposed_source:61->target62] [Epoch 60/200] [loss_mse: 0.042413]
  收敛检测[few_shot:proposed_source_station61_to_62_class2]: 首次达到收敛条件 @ epoch 71 (best_epoch=66, best_loss=0.013691, final_loss=0.041257)
      [proposed_source:61->target62] [Epoch 80/200] [loss_mse: 0.031923]
      [proposed_source:61->target62] [Epoch 100/200] [loss_mse: 0.047472]
      [proposed_source:61->target62] [Epoch 120/200] [loss_mse: 0.043746]
      [proposed_source:61->target62] [Epoch 140/200] [loss_mse: 0.043562]
      [proposed_source:61->target62] [Epoch 160/200] [loss_mse: 0.020486]
  收敛检测[few_shot:proposed_source_station61_to_62_class2]: 首次达到收敛条件 @ epoch 163 (best_epoch=158, best_loss=0.012352, final_loss=0.027949)
      [proposed_source:61->target62] [Epoch 180/200] [loss_mse: 0.022731]
      [proposed_source:61->target62] [Epoch 200/200] [loss_mse: 0.057601]
  收敛检测[few_shot:proposed_source_station61_to_62_class2]: 已收敛 @ epoch 163 (best_epoch=158, best_loss=0.012352, final_loss=0.057601)
  收敛检测[few_shot:few_shot]: 未收敛 (best_epoch=1, best_loss=0.162972, final_loss=0.162972)
    [screen:proposed_source] source_station=63 -> target_station=62, candidate=1, gated=1, effective=1
      [proposed_source:63->target62] [Epoch 1/200] [loss_mse: 0.088250]
      [proposed_source:63->target62] [Epoch 2/200] [loss_mse: 0.094923]
      [proposed_source:63->target62] [Epoch 3/200] [loss_mse: 0.051738]
      [proposed_source:63->target62] [Epoch 4/200] [loss_mse: 0.066862]
      [proposed_source:63->target62] [Epoch 5/200] [loss_mse: 0.067128]
      [proposed_source:63->target62] [Epoch 6/200] [loss_mse: 0.052651]
      [proposed_source:63->target62] [Epoch 7/200] [loss_mse: 0.102690]
      [proposed_source:63->target62] [Epoch 8/200] [loss_mse: 0.016332]
      [proposed_source:63->target62] [Epoch 9/200] [loss_mse: 0.044820]
      [proposed_source:63->target62] [Epoch 10/200] [loss_mse: 0.038206]
  收敛检测[few_shot:proposed_source_station63_to_62_class2]: 首次达到收敛条件 @ epoch 13 (best_epoch=8, best_loss=0.016332, final_loss=0.023411)
      [proposed_source:63->target62] [Epoch 20/200] [loss_mse: 0.011152]
  收敛检测[few_shot:proposed_source_station63_to_62_class2]: 首次达到收敛条件 @ epoch 34 (best_epoch=29, best_loss=0.004241, final_loss=0.017363)
      [proposed_source:63->target62] [Epoch 40/200] [loss_mse: 0.023622]
  收敛检测[few_shot:proposed_source_station63_to_62_class2]: 首次达到收敛条件 @ epoch 44 (best_epoch=39, best_loss=0.002766, final_loss=0.027131)
  收敛检测[few_shot:proposed_source_station63_to_62_class2]: 首次达到收敛条件 @ epoch 50 (best_epoch=45, best_loss=0.001272, final_loss=0.002799)
      [proposed_source:63->target62] [Epoch 60/200] [loss_mse: 0.009100]
  收敛检测[few_shot:proposed_source_station63_to_62_class2]: 首次达到收敛条件 @ epoch 79 (best_epoch=74, best_loss=0.000657, final_loss=0.011560)
      [proposed_source:63->target62] [Epoch 80/200] [loss_mse: 0.008319]
      [proposed_source:63->target62] [Epoch 100/200] [loss_mse: 0.005148]
  收敛检测[few_shot:proposed_source_station63_to_62_class2]: 首次达到收敛条件 @ epoch 117 (best_epoch=112, best_loss=0.000380, final_loss=0.013475)
      [proposed_source:63->target62] [Epoch 120/200] [loss_mse: 0.027091]
  收敛检测[few_shot:proposed_source_station63_to_62_class2]: 首次达到收敛条件 @ epoch 139 (best_epoch=134, best_loss=0.000040, final_loss=0.003066)
      [proposed_source:63->target62] [Epoch 140/200] [loss_mse: 0.018332]
      [proposed_source:63->target62] [Epoch 160/200] [loss_mse: 0.010237]
      [proposed_source:63->target62] [Epoch 180/200] [loss_mse: 0.009019]
      [proposed_source:63->target62] [Epoch 200/200] [loss_mse: 0.001845]
  收敛检测[few_shot:proposed_source_station63_to_62_class2]: 已收敛 @ epoch 139 (best_epoch=134, best_loss=0.000040, final_loss=0.001845)
      [Proposed-A:target_refine] [Epoch 1/200] [loss_mse: 0.065936]
      [Proposed-A:target_refine] [Epoch 2/200] [loss_mse: 0.038160]
      [Proposed-A:target_refine] [Epoch 3/200] [loss_mse: 0.102089]
      [Proposed-A:target_refine] [Epoch 4/200] [loss_mse: 0.103782]
      [Proposed-A:target_refine] [Epoch 5/200] [loss_mse: 0.006870]
      [Proposed-A:target_refine] [Epoch 6/200] [loss_mse: 0.047859]
      [Proposed-A:target_refine] [Epoch 7/200] [loss_mse: 0.037002]
      [Proposed-A:target_refine] [Epoch 8/200] [loss_mse: 0.067840]
      [Proposed-A:target_refine] [Epoch 9/200] [loss_mse: 0.012413]
  收敛检测[few_shot:proposed_a_station62_class2]: 首次达到收敛条件 @ epoch 10 (best_epoch=5, best_loss=0.006870, final_loss=0.017136)
      [Proposed-A:target_refine] [Epoch 10/200] [loss_mse: 0.017136]
      [Proposed-A:target_refine] [Epoch 20/200] [loss_mse: 0.033117]
      [Proposed-A:target_refine] [Epoch 40/200] [loss_mse: 0.024718]
      [Proposed-A:target_refine] [Epoch 60/200] [loss_mse: 0.003896]
  收敛检测[few_shot:proposed_a_station62_class2]: 首次达到收敛条件 @ epoch 65 (best_epoch=60, best_loss=0.003896, final_loss=0.025907)
      [Proposed-A:target_refine] [Epoch 80/200] [loss_mse: 0.103316]
      [Proposed-A:target_refine] [Epoch 100/200] [loss_mse: 0.042800]
      [Proposed-A:target_refine] [Epoch 120/200] [loss_mse: 0.054171]
      [Proposed-A:target_refine] [Epoch 140/200] [loss_mse: 0.014139]
      [Proposed-A:target_refine] [Epoch 160/200] [loss_mse: 0.032381]
      [Proposed-A:target_refine] [Epoch 180/200] [loss_mse: 0.055004]
      [Proposed-A:target_refine] [Epoch 200/200] [loss_mse: 0.050042]
  收敛检测[few_shot:proposed_a_station62_class2]: 已收敛 @ epoch 65 (best_epoch=60, best_loss=0.003896, final_loss=0.050042)
    ✓ 保存(Proposed-A): artifacts/2h6p_six_station/fed-normal-meta-5k/models/model_fore_station62_extreme2_proposed_a.pth weights={'62': 0.5, '58': 0.06376126426740548, '59': 0.14395422603751554, '60': 0.08397072401175952, '61': 0.12163596650332542, '63': 0.086677819179994}

  极端天气类别 4:
    样本数: 19
    训练轮数: 200, few-shot loss=MSE
    adapt/val: 14 / 5
      [LMT] [Epoch 1/200] [loss_mse: 0.116858]
      [LMT] [Epoch 2/200] [loss_mse: 0.106985]
      [LMT] [Epoch 3/200] [loss_mse: 0.111909]
      [LMT] [Epoch 4/200] [loss_mse: 0.104030]
      [LMT] [Epoch 5/200] [loss_mse: 0.106888]
      [LMT] [Epoch 6/200] [loss_mse: 0.110495]
      [LMT] [Epoch 7/200] [loss_mse: 0.102677]
      [LMT] [Epoch 8/200] [loss_mse: 0.100887]
      [LMT] [Epoch 9/200] [loss_mse: 0.094741]
      [LMT] [Epoch 10/200] [loss_mse: 0.094353]
      [LMT] [Epoch 20/200] [loss_mse: 0.088580]
  收敛检测[few_shot:lmt_station62_class3]: 首次达到收敛条件 @ epoch 26 (best_epoch=21, best_loss=0.087396, final_loss=0.089027)
      [LMT] [Epoch 40/200] [loss_mse: 0.084529]
  收敛检测[few_shot:lmt_station62_class3]: 首次达到收敛条件 @ epoch 45 (best_epoch=40, best_loss=0.084529, final_loss=0.087719)
      [LMT] [Epoch 60/200] [loss_mse: 0.088215]
      [LMT] [Epoch 80/200] [loss_mse: 0.089947]
      [LMT] [Epoch 100/200] [loss_mse: 0.090647]
  收敛检测[few_shot:lmt_station62_class3]: 首次达到收敛条件 @ epoch 117 (best_epoch=112, best_loss=0.083971, final_loss=0.085444)
      [LMT] [Epoch 120/200] [loss_mse: 0.092340]
      [LMT] [Epoch 140/200] [loss_mse: 0.095040]
  收敛检测[few_shot:lmt_station62_class3]: 首次达到收敛条件 @ epoch 146 (best_epoch=141, best_loss=0.083363, final_loss=0.090796)
      [LMT] [Epoch 160/200] [loss_mse: 0.085739]
  收敛检测[few_shot:lmt_station62_class3]: 首次达到收敛条件 @ epoch 178 (best_epoch=173, best_loss=0.083117, final_loss=0.084622)
      [LMT] [Epoch 180/200] [loss_mse: 0.087220]
  收敛检测[few_shot:lmt_station62_class3]: 首次达到收敛条件 @ epoch 188 (best_epoch=183, best_loss=0.082121, final_loss=0.090407)
      [LMT] [Epoch 200/200] [loss_mse: 0.087109]
  收敛检测[few_shot:lmt_station62_class3]: 已收敛 @ epoch 188 (best_epoch=183, best_loss=0.082121, final_loss=0.087109)
    ✓ 保存(LMT): artifacts/2h6p_six_station/fed-normal-meta-5k/models/model_fore_station62_extreme3.pth
  收敛检测[few_shot:few_shot]: 未收敛 (best_epoch=1, best_loss=0.125313, final_loss=0.125313)
  收敛检测[few_shot:few_shot]: 未收敛 (best_epoch=1, best_loss=0.165760, final_loss=0.165760)
  收敛检测[few_shot:few_shot]: 未收敛 (best_epoch=1, best_loss=0.163324, final_loss=0.163324)
  收敛检测[few_shot:few_shot]: 未收敛 (best_epoch=1, best_loss=0.107154, final_loss=0.107154)
  收敛检测[few_shot:few_shot]: 未收敛 (best_epoch=1, best_loss=0.189172, final_loss=0.189172)
  收敛检测[few_shot:few_shot]: 未收敛 (best_epoch=1, best_loss=0.119263, final_loss=0.119263)
  收敛检测[few_shot:few_shot]: 未收敛 (best_epoch=1, best_loss=0.149500, final_loss=0.149500)
  收敛检测[few_shot:few_shot]: 未收敛 (best_epoch=1, best_loss=0.141809, final_loss=0.141809)
  收敛检测[few_shot:few_shot]: 未收敛 (best_epoch=1, best_loss=0.125177, final_loss=0.125177)
  收敛检测[few_shot:few_shot]: 未收敛 (best_epoch=1, best_loss=0.202417, final_loss=0.202417)
  收敛检测[few_shot:few_shot]: 未收敛 (best_epoch=1, best_loss=0.164718, final_loss=0.164718)
  收敛检测[few_shot:few_shot]: 未收敛 (best_epoch=1, best_loss=0.119862, final_loss=0.119862)
  收敛检测[few_shot:few_shot]: 未收敛 (best_epoch=1, best_loss=0.046203, final_loss=0.046203)
  收敛检测[few_shot:few_shot]: 未收敛 (best_epoch=1, best_loss=0.140260, final_loss=0.140260)
  收敛检测[few_shot:few_shot]: 未收敛 (best_epoch=1, best_loss=0.135921, final_loss=0.135921)
  收敛检测[few_shot:few_shot]: 未收敛 (best_epoch=1, best_loss=0.055554, final_loss=0.055554)
  收敛检测[few_shot:few_shot]: 未收敛 (best_epoch=1, best_loss=0.007063, final_loss=0.007063)
  收敛检测[few_shot:few_shot]: 未收敛 (best_epoch=1, best_loss=0.044612, final_loss=0.044612)
  收敛检测[few_shot:few_shot]: 未收敛 (best_epoch=1, best_loss=0.116878, final_loss=0.116878)
  收敛检测[few_shot:few_shot]: 未收敛 (best_epoch=1, best_loss=0.157061, final_loss=0.157061)
  收敛检测[few_shot:few_shot]: 未收敛 (best_epoch=1, best_loss=0.104559, final_loss=0.104559)
  收敛检测[few_shot:few_shot]: 未收敛 (best_epoch=1, best_loss=0.089467, final_loss=0.089467)
  收敛检测[few_shot:few_shot]: 未收敛 (best_epoch=1, best_loss=0.039013, final_loss=0.039013)
  收敛检测[few_shot:few_shot]: 未收敛 (best_epoch=1, best_loss=0.125748, final_loss=0.125748)
  收敛检测[few_shot:few_shot]: 未收敛 (best_epoch=1, best_loss=0.114873, final_loss=0.114873)
  收敛检测[few_shot:few_shot]: 未收敛 (best_epoch=1, best_loss=0.103271, final_loss=0.103271)
  收敛检测[few_shot:few_shot]: 未收敛 (best_epoch=1, best_loss=0.113759, final_loss=0.113759)
  收敛检测[few_shot:few_shot]: 未收敛 (best_epoch=1, best_loss=0.085047, final_loss=0.085047)
  收敛检测[few_shot:few_shot]: 未收敛 (best_epoch=1, best_loss=0.100437, final_loss=0.100437)
    [screen:extreme_source] source_station=58 -> target_station=62, candidate=36, gated=29, effective=19
      [extreme_source:58->target62] [Epoch 1/200] [loss_mse: 0.140075]
      [extreme_source:58->target62] [Epoch 2/200] [loss_mse: 0.129979]
      [extreme_source:58->target62] [Epoch 3/200] [loss_mse: 0.130260]
      [extreme_source:58->target62] [Epoch 4/200] [loss_mse: 0.125196]
      [extreme_source:58->target62] [Epoch 5/200] [loss_mse: 0.123671]
      [extreme_source:58->target62] [Epoch 6/200] [loss_mse: 0.111322]
      [extreme_source:58->target62] [Epoch 7/200] [loss_mse: 0.109693]
      [extreme_source:58->target62] [Epoch 8/200] [loss_mse: 0.108553]
      [extreme_source:58->target62] [Epoch 9/200] [loss_mse: 0.100853]
      [extreme_source:58->target62] [Epoch 10/200] [loss_mse: 0.090011]
      [extreme_source:58->target62] [Epoch 20/200] [loss_mse: 0.056356]
      [extreme_source:58->target62] [Epoch 40/200] [loss_mse: 0.020157]
      [extreme_source:58->target62] [Epoch 60/200] [loss_mse: 0.007297]
  收敛检测[few_shot:extreme_source_station58_to_62_class3]: 首次达到收敛条件 @ epoch 78 (best_epoch=73, best_loss=0.004264, final_loss=0.004214)
      [extreme_source:58->target62] [Epoch 80/200] [loss_mse: 0.004085]
  收敛检测[few_shot:extreme_source_station58_to_62_class3]: 首次达到收敛条件 @ epoch 84 (best_epoch=79, best_loss=0.003814, final_loss=0.003742)
  收敛检测[few_shot:extreme_source_station58_to_62_class3]: 首次达到收敛条件 @ epoch 90 (best_epoch=85, best_loss=0.003475, final_loss=0.003426)
  收敛检测[few_shot:extreme_source_station58_to_62_class3]: 首次达到收敛条件 @ epoch 98 (best_epoch=93, best_loss=0.003115, final_loss=0.003081)
      [extreme_source:58->target62] [Epoch 100/200] [loss_mse: 0.003292]
      [extreme_source:58->target62] [Epoch 120/200] [loss_mse: 0.003433]
  收敛检测[few_shot:extreme_source_station58_to_62_class3]: 首次达到收敛条件 @ epoch 123 (best_epoch=118, best_loss=0.002890, final_loss=0.003204)
      [extreme_source:58->target62] [Epoch 140/200] [loss_mse: 0.002983]
      [extreme_source:58->target62] [Epoch 160/200] [loss_mse: 0.002944]
      [extreme_source:58->target62] [Epoch 180/200] [loss_mse: 0.003103]
  收敛检测[few_shot:extreme_source_station58_to_62_class3]: 首次达到收敛条件 @ epoch 192 (best_epoch=187, best_loss=0.002788, final_loss=0.003232)
      [extreme_source:58->target62] [Epoch 200/200] [loss_mse: 0.002999]
  收敛检测[few_shot:extreme_source_station58_to_62_class3]: 已收敛 @ epoch 192 (best_epoch=187, best_loss=0.002788, final_loss=0.002999)
  收敛检测[few_shot:few_shot]: 未收敛 (best_epoch=1, best_loss=0.137846, final_loss=0.137846)
  收敛检测[few_shot:few_shot]: 未收敛 (best_epoch=1, best_loss=0.133466, final_loss=0.133466)
  收敛检测[few_shot:few_shot]: 未收敛 (best_epoch=1, best_loss=0.165765, final_loss=0.165765)
  收敛检测[few_shot:few_shot]: 未收敛 (best_epoch=1, best_loss=0.170165, final_loss=0.170165)
  收敛检测[few_shot:few_shot]: 未收敛 (best_epoch=1, best_loss=0.119660, final_loss=0.119660)
  收敛检测[few_shot:few_shot]: 未收敛 (best_epoch=1, best_loss=0.075448, final_loss=0.075448)
  收敛检测[few_shot:few_shot]: 未收敛 (best_epoch=1, best_loss=0.083470, final_loss=0.083470)
  收敛检测[few_shot:few_shot]: 未收敛 (best_epoch=1, best_loss=0.139072, final_loss=0.139072)
  收敛检测[few_shot:few_shot]: 未收敛 (best_epoch=1, best_loss=0.061731, final_loss=0.061731)
  收敛检测[few_shot:few_shot]: 未收敛 (best_epoch=1, best_loss=0.144365, final_loss=0.144365)
  收敛检测[few_shot:few_shot]: 未收敛 (best_epoch=1, best_loss=0.076121, final_loss=0.076121)
  收敛检测[few_shot:few_shot]: 未收敛 (best_epoch=1, best_loss=0.079447, final_loss=0.079447)
  收敛检测[few_shot:few_shot]: 未收敛 (best_epoch=1, best_loss=0.033605, final_loss=0.033605)
  收敛检测[few_shot:few_shot]: 未收敛 (best_epoch=1, best_loss=0.049705, final_loss=0.049705)
  收敛检测[few_shot:few_shot]: 未收敛 (best_epoch=1, best_loss=0.072624, final_loss=0.072624)
  收敛检测[few_shot:few_shot]: 未收敛 (best_epoch=1, best_loss=0.017753, final_loss=0.017753)
    [screen:extreme_source] source_station=59 -> target_station=62, candidate=19, gated=16, effective=15
      [extreme_source:59->target62] [Epoch 1/200] [loss_mse: 0.112057]
      [extreme_source:59->target62] [Epoch 2/200] [loss_mse: 0.108496]
      [extreme_source:59->target62] [Epoch 3/200] [loss_mse: 0.104101]
      [extreme_source:59->target62] [Epoch 4/200] [loss_mse: 0.098347]
      [extreme_source:59->target62] [Epoch 5/200] [loss_mse: 0.105004]
      [extreme_source:59->target62] [Epoch 6/200] [loss_mse: 0.096606]
      [extreme_source:59->target62] [Epoch 7/200] [loss_mse: 0.090691]
      [extreme_source:59->target62] [Epoch 8/200] [loss_mse: 0.085584]
      [extreme_source:59->target62] [Epoch 9/200] [loss_mse: 0.084125]
      [extreme_source:59->target62] [Epoch 10/200] [loss_mse: 0.079930]
      [extreme_source:59->target62] [Epoch 20/200] [loss_mse: 0.049275]
      [extreme_source:59->target62] [Epoch 40/200] [loss_mse: 0.025001]
  收敛检测[few_shot:extreme_source_station59_to_62_class3]: 首次达到收敛条件 @ epoch 59 (best_epoch=54, best_loss=0.017900, final_loss=0.018151)
      [extreme_source:59->target62] [Epoch 60/200] [loss_mse: 0.018532]
  收敛检测[few_shot:extreme_source_station59_to_62_class3]: 首次达到收敛条件 @ epoch 66 (best_epoch=61, best_loss=0.016569, final_loss=0.017678)
  收敛检测[few_shot:extreme_source_station59_to_62_class3]: 首次达到收敛条件 @ epoch 72 (best_epoch=67, best_loss=0.016240, final_loss=0.017093)
      [extreme_source:59->target62] [Epoch 80/200] [loss_mse: 0.017026]
      [extreme_source:59->target62] [Epoch 100/200] [loss_mse: 0.017208]
  收敛检测[few_shot:extreme_source_station59_to_62_class3]: 首次达到收敛条件 @ epoch 102 (best_epoch=97, best_loss=0.015791, final_loss=0.016875)
      [extreme_source:59->target62] [Epoch 120/200] [loss_mse: 0.016854]
      [extreme_source:59->target62] [Epoch 140/200] [loss_mse: 0.017988]
      [extreme_source:59->target62] [Epoch 160/200] [loss_mse: 0.017183]
      [extreme_source:59->target62] [Epoch 180/200] [loss_mse: 0.017049]
      [extreme_source:59->target62] [Epoch 200/200] [loss_mse: 0.017748]
  收敛检测[few_shot:extreme_source_station59_to_62_class3]: 已收敛 @ epoch 102 (best_epoch=97, best_loss=0.015791, final_loss=0.017748)
  收敛检测[few_shot:few_shot]: 未收敛 (best_epoch=1, best_loss=0.090422, final_loss=0.090422)
  收敛检测[few_shot:few_shot]: 未收敛 (best_epoch=1, best_loss=0.154143, final_loss=0.154143)
  收敛检测[few_shot:few_shot]: 未收敛 (best_epoch=1, best_loss=0.046391, final_loss=0.046391)
  收敛检测[few_shot:few_shot]: 未收敛 (best_epoch=1, best_loss=0.139009, final_loss=0.139009)
  收敛检测[few_shot:few_shot]: 未收敛 (best_epoch=1, best_loss=0.112960, final_loss=0.112960)
  收敛检测[few_shot:few_shot]: 未收敛 (best_epoch=1, best_loss=0.130936, final_loss=0.130936)
  收敛检测[few_shot:few_shot]: 未收敛 (best_epoch=1, best_loss=0.127304, final_loss=0.127304)
  收敛检测[few_shot:few_shot]: 未收敛 (best_epoch=1, best_loss=0.166393, final_loss=0.166393)
  收敛检测[few_shot:few_shot]: 未收敛 (best_epoch=1, best_loss=0.177016, final_loss=0.177016)
  收敛检测[few_shot:few_shot]: 未收敛 (best_epoch=1, best_loss=0.074862, final_loss=0.074862)
  收敛检测[few_shot:few_shot]: 未收敛 (best_epoch=1, best_loss=0.156522, final_loss=0.156522)
  收敛检测[few_shot:few_shot]: 未收敛 (best_epoch=1, best_loss=0.094906, final_loss=0.094906)
  收敛检测[few_shot:few_shot]: 未收敛 (best_epoch=1, best_loss=0.124579, final_loss=0.124579)
  收敛检测[few_shot:few_shot]: 未收敛 (best_epoch=1, best_loss=0.096666, final_loss=0.096666)
  收敛检测[few_shot:few_shot]: 未收敛 (best_epoch=1, best_loss=0.089045, final_loss=0.089045)
  收敛检测[few_shot:few_shot]: 未收敛 (best_epoch=1, best_loss=0.025884, final_loss=0.025884)
  收敛检测[few_shot:few_shot]: 未收敛 (best_epoch=1, best_loss=0.040150, final_loss=0.040150)
  收敛检测[few_shot:few_shot]: 未收敛 (best_epoch=1, best_loss=0.061934, final_loss=0.061934)
  收敛检测[few_shot:few_shot]: 未收敛 (best_epoch=1, best_loss=0.139014, final_loss=0.139014)
  收敛检测[few_shot:few_shot]: 未收敛 (best_epoch=1, best_loss=0.035089, final_loss=0.035089)
  收敛检测[few_shot:few_shot]: 未收敛 (best_epoch=1, best_loss=0.067908, final_loss=0.067908)
  收敛检测[few_shot:few_shot]: 未收敛 (best_epoch=1, best_loss=0.074172, final_loss=0.074172)
  收敛检测[few_shot:few_shot]: 未收敛 (best_epoch=1, best_loss=0.062206, final_loss=0.062206)
    [screen:extreme_source] source_station=60 -> target_station=62, candidate=28, gated=23, effective=19
      [extreme_source:60->target62] [Epoch 1/200] [loss_mse: 0.105761]
      [extreme_source:60->target62] [Epoch 2/200] [loss_mse: 0.107787]
      [extreme_source:60->target62] [Epoch 3/200] [loss_mse: 0.101760]
      [extreme_source:60->target62] [Epoch 4/200] [loss_mse: 0.096868]
      [extreme_source:60->target62] [Epoch 5/200] [loss_mse: 0.087719]
      [extreme_source:60->target62] [Epoch 6/200] [loss_mse: 0.088946]
      [extreme_source:60->target62] [Epoch 7/200] [loss_mse: 0.080763]
      [extreme_source:60->target62] [Epoch 8/200] [loss_mse: 0.083090]
      [extreme_source:60->target62] [Epoch 9/200] [loss_mse: 0.074011]
      [extreme_source:60->target62] [Epoch 10/200] [loss_mse: 0.074314]
      [extreme_source:60->target62] [Epoch 20/200] [loss_mse: 0.048647]
      [extreme_source:60->target62] [Epoch 40/200] [loss_mse: 0.021475]
  收敛检测[few_shot:extreme_source_station60_to_62_class3]: 首次达到收敛条件 @ epoch 48 (best_epoch=43, best_loss=0.018162, final_loss=0.018886)
      [extreme_source:60->target62] [Epoch 60/200] [loss_mse: 0.016753]
  收敛检测[few_shot:extreme_source_station60_to_62_class3]: 首次达到收敛条件 @ epoch 74 (best_epoch=69, best_loss=0.015715, final_loss=0.016416)
      [extreme_source:60->target62] [Epoch 80/200] [loss_mse: 0.017175]
  收敛检测[few_shot:extreme_source_station60_to_62_class3]: 首次达到收敛条件 @ epoch 87 (best_epoch=82, best_loss=0.015546, final_loss=0.016263)
      [extreme_source:60->target62] [Epoch 100/200] [loss_mse: 0.015513]
  收敛检测[few_shot:extreme_source_station60_to_62_class3]: 首次达到收敛条件 @ epoch 110 (best_epoch=105, best_loss=0.014970, final_loss=0.015920)
      [extreme_source:60->target62] [Epoch 120/200] [loss_mse: 0.016464]
      [extreme_source:60->target62] [Epoch 140/200] [loss_mse: 0.015815]
      [extreme_source:60->target62] [Epoch 160/200] [loss_mse: 0.016182]
  收敛检测[few_shot:extreme_source_station60_to_62_class3]: 首次达到收敛条件 @ epoch 176 (best_epoch=171, best_loss=0.014537, final_loss=0.015419)
      [extreme_source:60->target62] [Epoch 180/200] [loss_mse: 0.016034]
      [extreme_source:60->target62] [Epoch 200/200] [loss_mse: 0.015468]
  收敛检测[few_shot:extreme_source_station60_to_62_class3]: 已收敛 @ epoch 176 (best_epoch=171, best_loss=0.014537, final_loss=0.015468)
  收敛检测[few_shot:few_shot]: 未收敛 (best_epoch=1, best_loss=0.148035, final_loss=0.148035)
  收敛检测[few_shot:few_shot]: 未收敛 (best_epoch=1, best_loss=0.162083, final_loss=0.162083)
  收敛检测[few_shot:few_shot]: 未收敛 (best_epoch=1, best_loss=0.154430, final_loss=0.154430)
  收敛检测[few_shot:few_shot]: 未收敛 (best_epoch=1, best_loss=0.115959, final_loss=0.115959)
  收敛检测[few_shot:few_shot]: 未收敛 (best_epoch=1, best_loss=0.154712, final_loss=0.154712)
  收敛检测[few_shot:few_shot]: 未收敛 (best_epoch=1, best_loss=0.173510, final_loss=0.173510)
  收敛检测[few_shot:few_shot]: 未收敛 (best_epoch=1, best_loss=0.169192, final_loss=0.169192)
  收敛检测[few_shot:few_shot]: 未收敛 (best_epoch=1, best_loss=0.117129, final_loss=0.117129)
  收敛检测[few_shot:few_shot]: 未收敛 (best_epoch=1, best_loss=0.164668, final_loss=0.164668)
  收敛检测[few_shot:few_shot]: 未收敛 (best_epoch=1, best_loss=0.190727, final_loss=0.190727)
  收敛检测[few_shot:few_shot]: 未收敛 (best_epoch=1, best_loss=0.131677, final_loss=0.131677)
  收敛检测[few_shot:few_shot]: 未收敛 (best_epoch=1, best_loss=0.052385, final_loss=0.052385)
  收敛检测[few_shot:few_shot]: 未收敛 (best_epoch=1, best_loss=0.127461, final_loss=0.127461)
  收敛检测[few_shot:few_shot]: 未收敛 (best_epoch=1, best_loss=0.116163, final_loss=0.116163)
  收敛检测[few_shot:few_shot]: 未收敛 (best_epoch=1, best_loss=0.041866, final_loss=0.041866)
  收敛检测[few_shot:few_shot]: 未收敛 (best_epoch=1, best_loss=0.018716, final_loss=0.018716)
  收敛检测[few_shot:few_shot]: 未收敛 (best_epoch=1, best_loss=0.019285, final_loss=0.019285)
  收敛检测[few_shot:few_shot]: 未收敛 (best_epoch=1, best_loss=0.135420, final_loss=0.135420)
  收敛检测[few_shot:few_shot]: 未收敛 (best_epoch=1, best_loss=0.146413, final_loss=0.146413)
  收敛检测[few_shot:few_shot]: 未收敛 (best_epoch=1, best_loss=0.139496, final_loss=0.139496)
  收敛检测[few_shot:few_shot]: 未收敛 (best_epoch=1, best_loss=0.063444, final_loss=0.063444)
  收敛检测[few_shot:few_shot]: 未收敛 (best_epoch=1, best_loss=0.047460, final_loss=0.047460)
  收敛检测[few_shot:few_shot]: 未收敛 (best_epoch=1, best_loss=0.087696, final_loss=0.087696)
  收敛检测[few_shot:few_shot]: 未收敛 (best_epoch=1, best_loss=0.093136, final_loss=0.093136)
  收敛检测[few_shot:few_shot]: 未收敛 (best_epoch=1, best_loss=0.079642, final_loss=0.079642)
  收敛检测[few_shot:few_shot]: 未收敛 (best_epoch=1, best_loss=0.099676, final_loss=0.099676)
  收敛检测[few_shot:few_shot]: 未收敛 (best_epoch=1, best_loss=0.148097, final_loss=0.148097)
  收敛检测[few_shot:few_shot]: 未收敛 (best_epoch=1, best_loss=0.116642, final_loss=0.116642)
  收敛检测[few_shot:few_shot]: 未收敛 (best_epoch=1, best_loss=0.100099, final_loss=0.100099)
  收敛检测[few_shot:few_shot]: 未收敛 (best_epoch=1, best_loss=0.139563, final_loss=0.139563)
    [screen:extreme_source] source_station=61 -> target_station=62, candidate=37, gated=30, effective=19
      [extreme_source:61->target62] [Epoch 1/200] [loss_mse: 0.129483]
      [extreme_source:61->target62] [Epoch 2/200] [loss_mse: 0.121549]
      [extreme_source:61->target62] [Epoch 3/200] [loss_mse: 0.121000]
      [extreme_source:61->target62] [Epoch 4/200] [loss_mse: 0.116663]
      [extreme_source:61->target62] [Epoch 5/200] [loss_mse: 0.111588]
      [extreme_source:61->target62] [Epoch 6/200] [loss_mse: 0.109738]
      [extreme_source:61->target62] [Epoch 7/200] [loss_mse: 0.098818]
      [extreme_source:61->target62] [Epoch 8/200] [loss_mse: 0.090045]
      [extreme_source:61->target62] [Epoch 9/200] [loss_mse: 0.088202]
      [extreme_source:61->target62] [Epoch 10/200] [loss_mse: 0.082234]
      [extreme_source:61->target62] [Epoch 20/200] [loss_mse: 0.051909]
      [extreme_source:61->target62] [Epoch 40/200] [loss_mse: 0.019390]
      [extreme_source:61->target62] [Epoch 60/200] [loss_mse: 0.008651]
      [extreme_source:61->target62] [Epoch 80/200] [loss_mse: 0.006509]
  收敛检测[few_shot:extreme_source_station61_to_62_class3]: 首次达到收敛条件 @ epoch 83 (best_epoch=78, best_loss=0.006385, final_loss=0.006433)
  收敛检测[few_shot:extreme_source_station61_to_62_class3]: 首次达到收敛条件 @ epoch 89 (best_epoch=84, best_loss=0.005883, final_loss=0.005905)
      [extreme_source:61->target62] [Epoch 100/200] [loss_mse: 0.005897]
  收敛检测[few_shot:extreme_source_station61_to_62_class3]: 首次达到收敛条件 @ epoch 109 (best_epoch=104, best_loss=0.005746, final_loss=0.006039)
      [extreme_source:61->target62] [Epoch 120/200] [loss_mse: 0.005983]
  收敛检测[few_shot:extreme_source_station61_to_62_class3]: 首次达到收敛条件 @ epoch 136 (best_epoch=131, best_loss=0.005557, final_loss=0.005866)
      [extreme_source:61->target62] [Epoch 140/200] [loss_mse: 0.006148]
      [extreme_source:61->target62] [Epoch 160/200] [loss_mse: 0.005892]
      [extreme_source:61->target62] [Epoch 180/200] [loss_mse: 0.005995]
      [extreme_source:61->target62] [Epoch 200/200] [loss_mse: 0.005845]
  收敛检测[few_shot:extreme_source_station61_to_62_class3]: 已收敛 @ epoch 136 (best_epoch=131, best_loss=0.005557, final_loss=0.005845)
  收敛检测[few_shot:few_shot]: 未收敛 (best_epoch=1, best_loss=0.115439, final_loss=0.115439)
  收敛检测[few_shot:few_shot]: 未收敛 (best_epoch=1, best_loss=0.054037, final_loss=0.054037)
  收敛检测[few_shot:few_shot]: 未收敛 (best_epoch=1, best_loss=0.124574, final_loss=0.124574)
  收敛检测[few_shot:few_shot]: 未收敛 (best_epoch=1, best_loss=0.099928, final_loss=0.099928)
  收敛检测[few_shot:few_shot]: 未收敛 (best_epoch=1, best_loss=0.123046, final_loss=0.123046)
  收敛检测[few_shot:few_shot]: 未收敛 (best_epoch=1, best_loss=0.122733, final_loss=0.122733)
  收敛检测[few_shot:few_shot]: 未收敛 (best_epoch=1, best_loss=0.152274, final_loss=0.152274)
  收敛检测[few_shot:few_shot]: 未收敛 (best_epoch=1, best_loss=0.183466, final_loss=0.183466)
  收敛检测[few_shot:few_shot]: 未收敛 (best_epoch=1, best_loss=0.181099, final_loss=0.181099)
  收敛检测[few_shot:few_shot]: 未收敛 (best_epoch=1, best_loss=0.083350, final_loss=0.083350)
  收敛检测[few_shot:few_shot]: 未收敛 (best_epoch=1, best_loss=0.116199, final_loss=0.116199)
  收敛检测[few_shot:few_shot]: 未收敛 (best_epoch=1, best_loss=0.104304, final_loss=0.104304)
  收敛检测[few_shot:few_shot]: 未收敛 (best_epoch=1, best_loss=0.121729, final_loss=0.121729)
  收敛检测[few_shot:few_shot]: 未收敛 (best_epoch=1, best_loss=0.071400, final_loss=0.071400)
  收敛检测[few_shot:few_shot]: 未收敛 (best_epoch=1, best_loss=0.096968, final_loss=0.096968)
  收敛检测[few_shot:few_shot]: 未收敛 (best_epoch=1, best_loss=0.028648, final_loss=0.028648)
  收敛检测[few_shot:few_shot]: 未收敛 (best_epoch=1, best_loss=0.010396, final_loss=0.010396)
  收敛检测[few_shot:few_shot]: 未收敛 (best_epoch=1, best_loss=0.170136, final_loss=0.170136)
  收敛检测[few_shot:few_shot]: 未收敛 (best_epoch=1, best_loss=0.129031, final_loss=0.129031)
  收敛检测[few_shot:few_shot]: 未收敛 (best_epoch=1, best_loss=0.091865, final_loss=0.091865)
  收敛检测[few_shot:few_shot]: 未收敛 (best_epoch=1, best_loss=0.082484, final_loss=0.082484)
  收敛检测[few_shot:few_shot]: 未收敛 (best_epoch=1, best_loss=0.079762, final_loss=0.079762)
  收敛检测[few_shot:few_shot]: 未收敛 (best_epoch=1, best_loss=0.059056, final_loss=0.059056)
    [screen:extreme_source] source_station=63 -> target_station=62, candidate=28, gated=23, effective=19
      [extreme_source:63->target62] [Epoch 1/200] [loss_mse: 0.107164]
      [extreme_source:63->target62] [Epoch 2/200] [loss_mse: 0.099467]
      [extreme_source:63->target62] [Epoch 3/200] [loss_mse: 0.102460]
      [extreme_source:63->target62] [Epoch 4/200] [loss_mse: 0.094209]
      [extreme_source:63->target62] [Epoch 5/200] [loss_mse: 0.087830]
      [extreme_source:63->target62] [Epoch 6/200] [loss_mse: 0.089879]
      [extreme_source:63->target62] [Epoch 7/200] [loss_mse: 0.087714]
      [extreme_source:63->target62] [Epoch 8/200] [loss_mse: 0.076667]
      [extreme_source:63->target62] [Epoch 9/200] [loss_mse: 0.073819]
      [extreme_source:63->target62] [Epoch 10/200] [loss_mse: 0.069644]
      [extreme_source:63->target62] [Epoch 20/200] [loss_mse: 0.042052]
      [extreme_source:63->target62] [Epoch 40/200] [loss_mse: 0.023067]
      [extreme_source:63->target62] [Epoch 60/200] [loss_mse: 0.015609]
  收敛检测[few_shot:extreme_source_station63_to_62_class3]: 首次达到收敛条件 @ epoch 66 (best_epoch=61, best_loss=0.015166, final_loss=0.016176)
  收敛检测[few_shot:extreme_source_station63_to_62_class3]: 首次达到收敛条件 @ epoch 73 (best_epoch=68, best_loss=0.014176, final_loss=0.014803)
      [extreme_source:63->target62] [Epoch 80/200] [loss_mse: 0.015187]
  收敛检测[few_shot:extreme_source_station63_to_62_class3]: 首次达到收敛条件 @ epoch 95 (best_epoch=90, best_loss=0.013845, final_loss=0.014838)
      [extreme_source:63->target62] [Epoch 100/200] [loss_mse: 0.014868]
      [extreme_source:63->target62] [Epoch 120/200] [loss_mse: 0.014269]
      [extreme_source:63->target62] [Epoch 140/200] [loss_mse: 0.014506]
      [extreme_source:63->target62] [Epoch 160/200] [loss_mse: 0.013608]
  收敛检测[few_shot:extreme_source_station63_to_62_class3]: 首次达到收敛条件 @ epoch 161 (best_epoch=156, best_loss=0.013643, final_loss=0.014081)
  收敛检测[few_shot:extreme_source_station63_to_62_class3]: 首次达到收敛条件 @ epoch 167 (best_epoch=162, best_loss=0.013534, final_loss=0.014568)
      [extreme_source:63->target62] [Epoch 180/200] [loss_mse: 0.015002]
      [extreme_source:63->target62] [Epoch 200/200] [loss_mse: 0.014248]
  收敛检测[few_shot:extreme_source_station63_to_62_class3]: 未收敛 (best_epoch=197, best_loss=0.013373, final_loss=0.014248)
      [Extreme-FedAvg:target_refine] [Epoch 1/200] [loss_mse: 0.111781]
      [Extreme-FedAvg:target_refine] [Epoch 2/200] [loss_mse: 0.109001]
      [Extreme-FedAvg:target_refine] [Epoch 3/200] [loss_mse: 0.109712]
      [Extreme-FedAvg:target_refine] [Epoch 4/200] [loss_mse: 0.105977]
      [Extreme-FedAvg:target_refine] [Epoch 5/200] [loss_mse: 0.106958]
      [Extreme-FedAvg:target_refine] [Epoch 6/200] [loss_mse: 0.102963]
      [Extreme-FedAvg:target_refine] [Epoch 7/200] [loss_mse: 0.101271]
      [Extreme-FedAvg:target_refine] [Epoch 8/200] [loss_mse: 0.099298]
      [Extreme-FedAvg:target_refine] [Epoch 9/200] [loss_mse: 0.099371]
      [Extreme-FedAvg:target_refine] [Epoch 10/200] [loss_mse: 0.094576]
      [Extreme-FedAvg:target_refine] [Epoch 20/200] [loss_mse: 0.090818]
  收敛检测[few_shot:extreme_fedavg_station62_class3]: 首次达到收敛条件 @ epoch 31 (best_epoch=26, best_loss=0.085413, final_loss=0.092167)
  收敛检测[few_shot:extreme_fedavg_station62_class3]: 首次达到收敛条件 @ epoch 40 (best_epoch=35, best_loss=0.084457, final_loss=0.086728)
      [Extreme-FedAvg:target_refine] [Epoch 40/200] [loss_mse: 0.086728]
      [Extreme-FedAvg:target_refine] [Epoch 60/200] [loss_mse: 0.090550]
  收敛检测[few_shot:extreme_fedavg_station62_class3]: 首次达到收敛条件 @ epoch 79 (best_epoch=74, best_loss=0.083548, final_loss=0.085753)
      [Extreme-FedAvg:target_refine] [Epoch 80/200] [loss_mse: 0.091800]
      [Extreme-FedAvg:target_refine] [Epoch 100/200] [loss_mse: 0.087727]
      [Extreme-FedAvg:target_refine] [Epoch 120/200] [loss_mse: 0.087915]
  收敛检测[few_shot:extreme_fedavg_station62_class3]: 首次达到收敛条件 @ epoch 128 (best_epoch=123, best_loss=0.083061, final_loss=0.085607)
      [Extreme-FedAvg:target_refine] [Epoch 140/200] [loss_mse: 0.085339]
  收敛检测[few_shot:extreme_fedavg_station62_class3]: 首次达到收敛条件 @ epoch 144 (best_epoch=139, best_loss=0.081088, final_loss=0.084417)
  收敛检测[few_shot:extreme_fedavg_station62_class3]: 首次达到收敛条件 @ epoch 159 (best_epoch=154, best_loss=0.080587, final_loss=0.087844)
      [Extreme-FedAvg:target_refine] [Epoch 160/200] [loss_mse: 0.084780]
      [Extreme-FedAvg:target_refine] [Epoch 180/200] [loss_mse: 0.088472]
      [Extreme-FedAvg:target_refine] [Epoch 200/200] [loss_mse: 0.084453]
  收敛检测[few_shot:extreme_fedavg_station62_class3]: 已收敛 @ epoch 159 (best_epoch=154, best_loss=0.080587, final_loss=0.084453)
    ✓ 保存(Extreme-FedAvg): artifacts/2h6p_six_station/fed-normal-meta-5k/models/model_fore_station62_extreme3_extreme_fedavg.pth weights={'62': 0.16666666666666666, '58': 0.16666666666666666, '59': 0.16666666666666666, '60': 0.16666666666666666, '61': 0.16666666666666666, '63': 0.16666666666666666}
      [Proposed-A:self_update] [Epoch 1/200] [loss_mse: 0.122596]
      [Proposed-A:self_update] [Epoch 2/200] [loss_mse: 0.121697]
      [Proposed-A:self_update] [Epoch 3/200] [loss_mse: 0.116151]
      [Proposed-A:self_update] [Epoch 4/200] [loss_mse: 0.108283]
      [Proposed-A:self_update] [Epoch 5/200] [loss_mse: 0.111332]
      [Proposed-A:self_update] [Epoch 6/200] [loss_mse: 0.105406]
      [Proposed-A:self_update] [Epoch 7/200] [loss_mse: 0.103067]
      [Proposed-A:self_update] [Epoch 8/200] [loss_mse: 0.101387]
      [Proposed-A:self_update] [Epoch 9/200] [loss_mse: 0.099245]
      [Proposed-A:self_update] [Epoch 10/200] [loss_mse: 0.096413]
      [Proposed-A:self_update] [Epoch 20/200] [loss_mse: 0.091860]
  收敛检测[few_shot:proposed_self_station62_class3]: 首次达到收敛条件 @ epoch 21 (best_epoch=16, best_loss=0.091626, final_loss=0.092097)
  收敛检测[few_shot:proposed_self_station62_class3]: 首次达到收敛条件 @ epoch 30 (best_epoch=25, best_loss=0.086627, final_loss=0.092721)
      [Proposed-A:self_update] [Epoch 40/200] [loss_mse: 0.094503]
      [Proposed-A:self_update] [Epoch 60/200] [loss_mse: 0.090351]
      [Proposed-A:self_update] [Epoch 80/200] [loss_mse: 0.093635]
      [Proposed-A:self_update] [Epoch 100/200] [loss_mse: 0.092587]
      [Proposed-A:self_update] [Epoch 120/200] [loss_mse: 0.091753]
      [Proposed-A:self_update] [Epoch 140/200] [loss_mse: 0.091796]
      [Proposed-A:self_update] [Epoch 160/200] [loss_mse: 0.092732]
  收敛检测[few_shot:proposed_self_station62_class3]: 首次达到收敛条件 @ epoch 167 (best_epoch=162, best_loss=0.083711, final_loss=0.086929)
      [Proposed-A:self_update] [Epoch 180/200] [loss_mse: 0.090998]
      [Proposed-A:self_update] [Epoch 200/200] [loss_mse: 0.089980]
  收敛检测[few_shot:proposed_self_station62_class3]: 已收敛 @ epoch 167 (best_epoch=162, best_loss=0.083711, final_loss=0.089980)
  收敛检测[few_shot:few_shot]: 未收敛 (best_epoch=1, best_loss=0.167604, final_loss=0.167604)
  收敛检测[few_shot:few_shot]: 未收敛 (best_epoch=1, best_loss=0.166274, final_loss=0.166274)
  收敛检测[few_shot:few_shot]: 未收敛 (best_epoch=1, best_loss=0.164381, final_loss=0.164381)
  收敛检测[few_shot:few_shot]: 未收敛 (best_epoch=1, best_loss=0.140234, final_loss=0.140234)
  收敛检测[few_shot:few_shot]: 未收敛 (best_epoch=1, best_loss=0.192592, final_loss=0.192592)
  收敛检测[few_shot:few_shot]: 未收敛 (best_epoch=1, best_loss=0.154480, final_loss=0.154480)
  收敛检测[few_shot:few_shot]: 未收敛 (best_epoch=1, best_loss=0.167029, final_loss=0.167029)
  收敛检测[few_shot:few_shot]: 未收敛 (best_epoch=1, best_loss=0.154350, final_loss=0.154350)
  收敛检测[few_shot:few_shot]: 未收敛 (best_epoch=1, best_loss=0.112675, final_loss=0.112675)
  收敛检测[few_shot:few_shot]: 未收敛 (best_epoch=1, best_loss=0.181231, final_loss=0.181231)
  收敛检测[few_shot:few_shot]: 未收敛 (best_epoch=1, best_loss=0.180667, final_loss=0.180667)
  收敛检测[few_shot:few_shot]: 未收敛 (best_epoch=1, best_loss=0.110599, final_loss=0.110599)
  收敛检测[few_shot:few_shot]: 未收敛 (best_epoch=1, best_loss=0.051236, final_loss=0.051236)
  收敛检测[few_shot:few_shot]: 未收敛 (best_epoch=1, best_loss=0.161397, final_loss=0.161397)
  收敛检测[few_shot:few_shot]: 未收敛 (best_epoch=1, best_loss=0.120878, final_loss=0.120878)
  收敛检测[few_shot:few_shot]: 未收敛 (best_epoch=1, best_loss=0.048944, final_loss=0.048944)
  收敛检测[few_shot:few_shot]: 未收敛 (best_epoch=1, best_loss=0.006318, final_loss=0.006318)
  收敛检测[few_shot:few_shot]: 未收敛 (best_epoch=1, best_loss=0.030135, final_loss=0.030135)
  收敛检测[few_shot:few_shot]: 未收敛 (best_epoch=1, best_loss=0.148571, final_loss=0.148571)
  收敛检测[few_shot:few_shot]: 未收敛 (best_epoch=1, best_loss=0.151648, final_loss=0.151648)
  收敛检测[few_shot:few_shot]: 未收敛 (best_epoch=1, best_loss=0.117548, final_loss=0.117548)
  收敛检测[few_shot:few_shot]: 未收敛 (best_epoch=1, best_loss=0.111230, final_loss=0.111230)
  收敛检测[few_shot:few_shot]: 未收敛 (best_epoch=1, best_loss=0.104184, final_loss=0.104184)
  收敛检测[few_shot:few_shot]: 未收敛 (best_epoch=1, best_loss=0.130961, final_loss=0.130961)
  收敛检测[few_shot:few_shot]: 未收敛 (best_epoch=1, best_loss=0.095675, final_loss=0.095675)
  收敛检测[few_shot:few_shot]: 未收敛 (best_epoch=1, best_loss=0.083294, final_loss=0.083294)
  收敛检测[few_shot:few_shot]: 未收敛 (best_epoch=1, best_loss=0.105742, final_loss=0.105742)
  收敛检测[few_shot:few_shot]: 未收敛 (best_epoch=1, best_loss=0.075281, final_loss=0.075281)
  收敛检测[few_shot:few_shot]: 未收敛 (best_epoch=1, best_loss=0.096323, final_loss=0.096323)
    [screen:proposed_source] source_station=58 -> target_station=62, candidate=36, gated=29, effective=19
      [proposed_source:58->target62] [Epoch 1/200] [loss_mse: 0.134207]
      [proposed_source:58->target62] [Epoch 2/200] [loss_mse: 0.129070]
      [proposed_source:58->target62] [Epoch 3/200] [loss_mse: 0.116422]
      [proposed_source:58->target62] [Epoch 4/200] [loss_mse: 0.114144]
      [proposed_source:58->target62] [Epoch 5/200] [loss_mse: 0.106546]
      [proposed_source:58->target62] [Epoch 6/200] [loss_mse: 0.104827]
      [proposed_source:58->target62] [Epoch 7/200] [loss_mse: 0.110568]
      [proposed_source:58->target62] [Epoch 8/200] [loss_mse: 0.091676]
      [proposed_source:58->target62] [Epoch 9/200] [loss_mse: 0.086709]
      [proposed_source:58->target62] [Epoch 10/200] [loss_mse: 0.079349]
      [proposed_source:58->target62] [Epoch 20/200] [loss_mse: 0.054158]
      [proposed_source:58->target62] [Epoch 40/200] [loss_mse: 0.025758]
  收敛检测[few_shot:proposed_source_station58_to_62_class3]: 首次达到收敛条件 @ epoch 55 (best_epoch=50, best_loss=0.022853, final_loss=0.023184)
      [proposed_source:58->target62] [Epoch 60/200] [loss_mse: 0.022529]
  收敛检测[few_shot:proposed_source_station58_to_62_class3]: 首次达到收敛条件 @ epoch 67 (best_epoch=62, best_loss=0.021516, final_loss=0.021750)
      [proposed_source:58->target62] [Epoch 80/200] [loss_mse: 0.021906]
      [proposed_source:58->target62] [Epoch 100/200] [loss_mse: 0.022062]
  收敛检测[few_shot:proposed_source_station58_to_62_class3]: 首次达到收敛条件 @ epoch 113 (best_epoch=108, best_loss=0.021229, final_loss=0.022452)
      [proposed_source:58->target62] [Epoch 120/200] [loss_mse: 0.022207]
      [proposed_source:58->target62] [Epoch 140/200] [loss_mse: 0.021727]
      [proposed_source:58->target62] [Epoch 160/200] [loss_mse: 0.021643]
      [proposed_source:58->target62] [Epoch 180/200] [loss_mse: 0.021571]
  收敛检测[few_shot:proposed_source_station58_to_62_class3]: 首次达到收敛条件 @ epoch 187 (best_epoch=182, best_loss=0.021013, final_loss=0.021639)
      [proposed_source:58->target62] [Epoch 200/200] [loss_mse: 0.021560]
  收敛检测[few_shot:proposed_source_station58_to_62_class3]: 已收敛 @ epoch 187 (best_epoch=182, best_loss=0.021013, final_loss=0.021560)
  收敛检测[few_shot:few_shot]: 未收敛 (best_epoch=1, best_loss=0.172242, final_loss=0.172242)
  收敛检测[few_shot:few_shot]: 未收敛 (best_epoch=1, best_loss=0.130714, final_loss=0.130714)
  收敛检测[few_shot:few_shot]: 未收敛 (best_epoch=1, best_loss=0.191936, final_loss=0.191936)
  收敛检测[few_shot:few_shot]: 未收敛 (best_epoch=1, best_loss=0.168489, final_loss=0.168489)
  收敛检测[few_shot:few_shot]: 未收敛 (best_epoch=1, best_loss=0.093365, final_loss=0.093365)
  收敛检测[few_shot:few_shot]: 未收敛 (best_epoch=1, best_loss=0.056166, final_loss=0.056166)
  收敛检测[few_shot:few_shot]: 未收敛 (best_epoch=1, best_loss=0.082947, final_loss=0.082947)
  收敛检测[few_shot:few_shot]: 未收敛 (best_epoch=1, best_loss=0.153913, final_loss=0.153913)
  收敛检测[few_shot:few_shot]: 未收敛 (best_epoch=1, best_loss=0.081717, final_loss=0.081717)
  收敛检测[few_shot:few_shot]: 未收敛 (best_epoch=1, best_loss=0.176152, final_loss=0.176152)
  收敛检测[few_shot:few_shot]: 未收敛 (best_epoch=1, best_loss=0.083733, final_loss=0.083733)
  收敛检测[few_shot:few_shot]: 未收敛 (best_epoch=1, best_loss=0.084925, final_loss=0.084925)
  收敛检测[few_shot:few_shot]: 未收敛 (best_epoch=1, best_loss=0.036806, final_loss=0.036806)
  收敛检测[few_shot:few_shot]: 未收敛 (best_epoch=1, best_loss=0.066090, final_loss=0.066090)
  收敛检测[few_shot:few_shot]: 未收敛 (best_epoch=1, best_loss=0.068658, final_loss=0.068658)
  收敛检测[few_shot:few_shot]: 未收敛 (best_epoch=1, best_loss=0.048245, final_loss=0.048245)
    [screen:proposed_source] source_station=59 -> target_station=62, candidate=19, gated=16, effective=14
      [proposed_source:59->target62] [Epoch 1/200] [loss_mse: 0.128453]
      [proposed_source:59->target62] [Epoch 2/200] [loss_mse: 0.131725]
      [proposed_source:59->target62] [Epoch 3/200] [loss_mse: 0.116664]
      [proposed_source:59->target62] [Epoch 4/200] [loss_mse: 0.116987]
      [proposed_source:59->target62] [Epoch 5/200] [loss_mse: 0.110233]
      [proposed_source:59->target62] [Epoch 6/200] [loss_mse: 0.097982]
      [proposed_source:59->target62] [Epoch 7/200] [loss_mse: 0.096854]
      [proposed_source:59->target62] [Epoch 8/200] [loss_mse: 0.087574]
      [proposed_source:59->target62] [Epoch 9/200] [loss_mse: 0.090183]
      [proposed_source:59->target62] [Epoch 10/200] [loss_mse: 0.086094]
      [proposed_source:59->target62] [Epoch 20/200] [loss_mse: 0.048570]
      [proposed_source:59->target62] [Epoch 40/200] [loss_mse: 0.022978]
  收敛检测[few_shot:proposed_source_station59_to_62_class3]: 首次达到收敛条件 @ epoch 58 (best_epoch=53, best_loss=0.018544, final_loss=0.019469)
      [proposed_source:59->target62] [Epoch 60/200] [loss_mse: 0.018306]
  收敛检测[few_shot:proposed_source_station59_to_62_class3]: 首次达到收敛条件 @ epoch 65 (best_epoch=60, best_loss=0.018306, final_loss=0.018902)
  收敛检测[few_shot:proposed_source_station59_to_62_class3]: 首次达到收敛条件 @ epoch 71 (best_epoch=66, best_loss=0.017621, final_loss=0.018464)
      [proposed_source:59->target62] [Epoch 80/200] [loss_mse: 0.018532]
      [proposed_source:59->target62] [Epoch 100/200] [loss_mse: 0.018789]
      [proposed_source:59->target62] [Epoch 120/200] [loss_mse: 0.018022]
  收敛检测[few_shot:proposed_source_station59_to_62_class3]: 首次达到收敛条件 @ epoch 123 (best_epoch=118, best_loss=0.017432, final_loss=0.018500)
      [proposed_source:59->target62] [Epoch 140/200] [loss_mse: 0.018229]
      [proposed_source:59->target62] [Epoch 160/200] [loss_mse: 0.017460]
  收敛检测[few_shot:proposed_source_station59_to_62_class3]: 首次达到收敛条件 @ epoch 164 (best_epoch=159, best_loss=0.017313, final_loss=0.018497)
      [proposed_source:59->target62] [Epoch 180/200] [loss_mse: 0.018079]
      [proposed_source:59->target62] [Epoch 200/200] [loss_mse: 0.018036]
  收敛检测[few_shot:proposed_source_station59_to_62_class3]: 已收敛 @ epoch 164 (best_epoch=159, best_loss=0.017313, final_loss=0.018036)
  收敛检测[few_shot:few_shot]: 未收敛 (best_epoch=1, best_loss=0.095690, final_loss=0.095690)
  收敛检测[few_shot:few_shot]: 未收敛 (best_epoch=1, best_loss=0.111882, final_loss=0.111882)
  收敛检测[few_shot:few_shot]: 未收敛 (best_epoch=1, best_loss=0.047038, final_loss=0.047038)
  收敛检测[few_shot:few_shot]: 未收敛 (best_epoch=1, best_loss=0.141949, final_loss=0.141949)
  收敛检测[few_shot:few_shot]: 未收敛 (best_epoch=1, best_loss=0.114587, final_loss=0.114587)
  收敛检测[few_shot:few_shot]: 未收敛 (best_epoch=1, best_loss=0.131741, final_loss=0.131741)
  收敛检测[few_shot:few_shot]: 未收敛 (best_epoch=1, best_loss=0.122096, final_loss=0.122096)
  收敛检测[few_shot:few_shot]: 未收敛 (best_epoch=1, best_loss=0.177511, final_loss=0.177511)
  收敛检测[few_shot:few_shot]: 未收敛 (best_epoch=1, best_loss=0.151462, final_loss=0.151462)
  收敛检测[few_shot:few_shot]: 未收敛 (best_epoch=1, best_loss=0.088279, final_loss=0.088279)
  收敛检测[few_shot:few_shot]: 未收敛 (best_epoch=1, best_loss=0.115644, final_loss=0.115644)
  收敛检测[few_shot:few_shot]: 未收敛 (best_epoch=1, best_loss=0.138957, final_loss=0.138957)
  收敛检测[few_shot:few_shot]: 未收敛 (best_epoch=1, best_loss=0.110812, final_loss=0.110812)
  收敛检测[few_shot:few_shot]: 未收敛 (best_epoch=1, best_loss=0.127039, final_loss=0.127039)
  收敛检测[few_shot:few_shot]: 未收敛 (best_epoch=1, best_loss=0.098049, final_loss=0.098049)
  收敛检测[few_shot:few_shot]: 未收敛 (best_epoch=1, best_loss=0.034729, final_loss=0.034729)
  收敛检测[few_shot:few_shot]: 未收敛 (best_epoch=1, best_loss=0.022294, final_loss=0.022294)
  收敛检测[few_shot:few_shot]: 未收敛 (best_epoch=1, best_loss=0.077598, final_loss=0.077598)
  收敛检测[few_shot:few_shot]: 未收敛 (best_epoch=1, best_loss=0.189561, final_loss=0.189561)
  收敛检测[few_shot:few_shot]: 未收敛 (best_epoch=1, best_loss=0.051432, final_loss=0.051432)
  收敛检测[few_shot:few_shot]: 未收敛 (best_epoch=1, best_loss=0.065824, final_loss=0.065824)
  收敛检测[few_shot:few_shot]: 未收敛 (best_epoch=1, best_loss=0.087645, final_loss=0.087645)
  收敛检测[few_shot:few_shot]: 未收敛 (best_epoch=1, best_loss=0.064415, final_loss=0.064415)
    [screen:proposed_source] source_station=60 -> target_station=62, candidate=28, gated=23, effective=19
      [proposed_source:60->target62] [Epoch 1/200] [loss_mse: 0.119136]
      [proposed_source:60->target62] [Epoch 2/200] [loss_mse: 0.109543]
      [proposed_source:60->target62] [Epoch 3/200] [loss_mse: 0.103566]
      [proposed_source:60->target62] [Epoch 4/200] [loss_mse: 0.105843]
      [proposed_source:60->target62] [Epoch 5/200] [loss_mse: 0.094972]
      [proposed_source:60->target62] [Epoch 6/200] [loss_mse: 0.089590]
      [proposed_source:60->target62] [Epoch 7/200] [loss_mse: 0.087086]
      [proposed_source:60->target62] [Epoch 8/200] [loss_mse: 0.082569]
      [proposed_source:60->target62] [Epoch 9/200] [loss_mse: 0.074391]
      [proposed_source:60->target62] [Epoch 10/200] [loss_mse: 0.072042]
      [proposed_source:60->target62] [Epoch 20/200] [loss_mse: 0.039389]
      [proposed_source:60->target62] [Epoch 40/200] [loss_mse: 0.021207]
  收敛检测[few_shot:proposed_source_station60_to_62_class3]: 首次达到收敛条件 @ epoch 54 (best_epoch=49, best_loss=0.017333, final_loss=0.017529)
      [proposed_source:60->target62] [Epoch 60/200] [loss_mse: 0.017441]
  收敛检测[few_shot:proposed_source_station60_to_62_class3]: 首次达到收敛条件 @ epoch 63 (best_epoch=58, best_loss=0.016779, final_loss=0.016861)
  收敛检测[few_shot:proposed_source_station60_to_62_class3]: 首次达到收敛条件 @ epoch 72 (best_epoch=67, best_loss=0.016521, final_loss=0.016768)
      [proposed_source:60->target62] [Epoch 80/200] [loss_mse: 0.017196]
  收敛检测[few_shot:proposed_source_station60_to_62_class3]: 首次达到收敛条件 @ epoch 90 (best_epoch=85, best_loss=0.016230, final_loss=0.016911)
  收敛检测[few_shot:proposed_source_station60_to_62_class3]: 首次达到收敛条件 @ epoch 97 (best_epoch=92, best_loss=0.015682, final_loss=0.016639)
      [proposed_source:60->target62] [Epoch 100/200] [loss_mse: 0.016348]
      [proposed_source:60->target62] [Epoch 120/200] [loss_mse: 0.017072]
      [proposed_source:60->target62] [Epoch 140/200] [loss_mse: 0.016640]
      [proposed_source:60->target62] [Epoch 160/200] [loss_mse: 0.016660]
      [proposed_source:60->target62] [Epoch 180/200] [loss_mse: 0.016409]
      [proposed_source:60->target62] [Epoch 200/200] [loss_mse: 0.016834]
  收敛检测[few_shot:proposed_source_station60_to_62_class3]: 已收敛 @ epoch 97 (best_epoch=92, best_loss=0.015682, final_loss=0.016834)
  收敛检测[few_shot:few_shot]: 未收敛 (best_epoch=1, best_loss=0.164220, final_loss=0.164220)
  收敛检测[few_shot:few_shot]: 未收敛 (best_epoch=1, best_loss=0.150567, final_loss=0.150567)
  收敛检测[few_shot:few_shot]: 未收敛 (best_epoch=1, best_loss=0.178507, final_loss=0.178507)
  收敛检测[few_shot:few_shot]: 未收敛 (best_epoch=1, best_loss=0.138722, final_loss=0.138722)
  收敛检测[few_shot:few_shot]: 未收敛 (best_epoch=1, best_loss=0.157263, final_loss=0.157263)
  收敛检测[few_shot:few_shot]: 未收敛 (best_epoch=1, best_loss=0.218332, final_loss=0.218332)
  收敛检测[few_shot:few_shot]: 未收敛 (best_epoch=1, best_loss=0.149682, final_loss=0.149682)
  收敛检测[few_shot:few_shot]: 未收敛 (best_epoch=1, best_loss=0.114195, final_loss=0.114195)
  收敛检测[few_shot:few_shot]: 未收敛 (best_epoch=1, best_loss=0.179869, final_loss=0.179869)
  收敛检测[few_shot:few_shot]: 未收敛 (best_epoch=1, best_loss=0.177370, final_loss=0.177370)
  收敛检测[few_shot:few_shot]: 未收敛 (best_epoch=1, best_loss=0.105628, final_loss=0.105628)
  收敛检测[few_shot:few_shot]: 未收敛 (best_epoch=1, best_loss=0.041454, final_loss=0.041454)
  收敛检测[few_shot:few_shot]: 未收敛 (best_epoch=1, best_loss=0.132451, final_loss=0.132451)
  收敛检测[few_shot:few_shot]: 未收敛 (best_epoch=1, best_loss=0.149345, final_loss=0.149345)
  收敛检测[few_shot:few_shot]: 未收敛 (best_epoch=1, best_loss=0.045150, final_loss=0.045150)
  收敛检测[few_shot:few_shot]: 未收敛 (best_epoch=1, best_loss=0.014917, final_loss=0.014917)
  收敛检测[few_shot:few_shot]: 未收敛 (best_epoch=1, best_loss=0.017864, final_loss=0.017864)
  收敛检测[few_shot:few_shot]: 未收敛 (best_epoch=1, best_loss=0.179615, final_loss=0.179615)
  收敛检测[few_shot:few_shot]: 未收敛 (best_epoch=1, best_loss=0.175624, final_loss=0.175624)
  收敛检测[few_shot:few_shot]: 未收敛 (best_epoch=1, best_loss=0.116335, final_loss=0.116335)
  收敛检测[few_shot:few_shot]: 未收敛 (best_epoch=1, best_loss=0.087121, final_loss=0.087121)
  收敛检测[few_shot:few_shot]: 未收敛 (best_epoch=1, best_loss=0.056898, final_loss=0.056898)
  收敛检测[few_shot:few_shot]: 未收敛 (best_epoch=1, best_loss=0.117632, final_loss=0.117632)
  收敛检测[few_shot:few_shot]: 未收敛 (best_epoch=1, best_loss=0.113832, final_loss=0.113832)
  收敛检测[few_shot:few_shot]: 未收敛 (best_epoch=1, best_loss=0.082164, final_loss=0.082164)
  收敛检测[few_shot:few_shot]: 未收敛 (best_epoch=1, best_loss=0.106323, final_loss=0.106323)
  收敛检测[few_shot:few_shot]: 未收敛 (best_epoch=1, best_loss=0.072057, final_loss=0.072057)
  收敛检测[few_shot:few_shot]: 未收敛 (best_epoch=1, best_loss=0.119955, final_loss=0.119955)
  收敛检测[few_shot:few_shot]: 未收敛 (best_epoch=1, best_loss=0.127732, final_loss=0.127732)
  收敛检测[few_shot:few_shot]: 未收敛 (best_epoch=1, best_loss=0.127565, final_loss=0.127565)
    [screen:proposed_source] source_station=61 -> target_station=62, candidate=37, gated=30, effective=19
      [proposed_source:61->target62] [Epoch 1/200] [loss_mse: 0.142255]
      [proposed_source:61->target62] [Epoch 2/200] [loss_mse: 0.137127]
      [proposed_source:61->target62] [Epoch 3/200] [loss_mse: 0.123980]
      [proposed_source:61->target62] [Epoch 4/200] [loss_mse: 0.123920]
      [proposed_source:61->target62] [Epoch 5/200] [loss_mse: 0.115619]
      [proposed_source:61->target62] [Epoch 6/200] [loss_mse: 0.103346]
      [proposed_source:61->target62] [Epoch 7/200] [loss_mse: 0.101020]
      [proposed_source:61->target62] [Epoch 8/200] [loss_mse: 0.093431]
      [proposed_source:61->target62] [Epoch 9/200] [loss_mse: 0.095317]
      [proposed_source:61->target62] [Epoch 10/200] [loss_mse: 0.087146]
      [proposed_source:61->target62] [Epoch 20/200] [loss_mse: 0.047168]
      [proposed_source:61->target62] [Epoch 40/200] [loss_mse: 0.015543]
      [proposed_source:61->target62] [Epoch 60/200] [loss_mse: 0.009103]
  收敛检测[few_shot:proposed_source_station61_to_62_class3]: 首次达到收敛条件 @ epoch 66 (best_epoch=61, best_loss=0.008476, final_loss=0.008561)
  收敛检测[few_shot:proposed_source_station61_to_62_class3]: 首次达到收敛条件 @ epoch 77 (best_epoch=72, best_loss=0.007811, final_loss=0.007895)
      [proposed_source:61->target62] [Epoch 80/200] [loss_mse: 0.008106]
  收敛检测[few_shot:proposed_source_station61_to_62_class3]: 首次达到收敛条件 @ epoch 87 (best_epoch=82, best_loss=0.007615, final_loss=0.007798)
      [proposed_source:61->target62] [Epoch 100/200] [loss_mse: 0.008112]
  收敛检测[few_shot:proposed_source_station61_to_62_class3]: 首次达到收敛条件 @ epoch 102 (best_epoch=97, best_loss=0.007445, final_loss=0.008054)
      [proposed_source:61->target62] [Epoch 120/200] [loss_mse: 0.007969]
      [proposed_source:61->target62] [Epoch 140/200] [loss_mse: 0.007372]
      [proposed_source:61->target62] [Epoch 160/200] [loss_mse: 0.007403]
  收敛检测[few_shot:proposed_source_station61_to_62_class3]: 首次达到收敛条件 @ epoch 173 (best_epoch=168, best_loss=0.007271, final_loss=0.007764)
      [proposed_source:61->target62] [Epoch 180/200] [loss_mse: 0.007741]
      [proposed_source:61->target62] [Epoch 200/200] [loss_mse: 0.007672]
  收敛检测[few_shot:proposed_source_station61_to_62_class3]: 已收敛 @ epoch 173 (best_epoch=168, best_loss=0.007271, final_loss=0.007672)
  收敛检测[few_shot:few_shot]: 未收敛 (best_epoch=1, best_loss=0.121330, final_loss=0.121330)
  收敛检测[few_shot:few_shot]: 未收敛 (best_epoch=1, best_loss=0.052211, final_loss=0.052211)
  收敛检测[few_shot:few_shot]: 未收敛 (best_epoch=1, best_loss=0.150393, final_loss=0.150393)
  收敛检测[few_shot:few_shot]: 未收敛 (best_epoch=1, best_loss=0.148232, final_loss=0.148232)
  收敛检测[few_shot:few_shot]: 未收敛 (best_epoch=1, best_loss=0.112460, final_loss=0.112460)
  收敛检测[few_shot:few_shot]: 未收敛 (best_epoch=1, best_loss=0.135229, final_loss=0.135229)
  收敛检测[few_shot:few_shot]: 未收敛 (best_epoch=1, best_loss=0.147677, final_loss=0.147677)
  收敛检测[few_shot:few_shot]: 未收敛 (best_epoch=1, best_loss=0.162371, final_loss=0.162371)
  收敛检测[few_shot:few_shot]: 未收敛 (best_epoch=1, best_loss=0.183787, final_loss=0.183787)
  收敛检测[few_shot:few_shot]: 未收敛 (best_epoch=1, best_loss=0.109028, final_loss=0.109028)
  收敛检测[few_shot:few_shot]: 未收敛 (best_epoch=1, best_loss=0.149082, final_loss=0.149082)
  收敛检测[few_shot:few_shot]: 未收敛 (best_epoch=1, best_loss=0.108819, final_loss=0.108819)
  收敛检测[few_shot:few_shot]: 未收敛 (best_epoch=1, best_loss=0.090157, final_loss=0.090157)
  收敛检测[few_shot:few_shot]: 未收敛 (best_epoch=1, best_loss=0.090614, final_loss=0.090614)
  收敛检测[few_shot:few_shot]: 未收敛 (best_epoch=1, best_loss=0.115746, final_loss=0.115746)
  收敛检测[few_shot:few_shot]: 未收敛 (best_epoch=1, best_loss=0.037148, final_loss=0.037148)
  收敛检测[few_shot:few_shot]: 未收敛 (best_epoch=1, best_loss=0.015042, final_loss=0.015042)
  收敛检测[few_shot:few_shot]: 未收敛 (best_epoch=1, best_loss=0.169895, final_loss=0.169895)
  收敛检测[few_shot:few_shot]: 未收敛 (best_epoch=1, best_loss=0.167248, final_loss=0.167248)
  收敛检测[few_shot:few_shot]: 未收敛 (best_epoch=1, best_loss=0.097258, final_loss=0.097258)
  收敛检测[few_shot:few_shot]: 未收敛 (best_epoch=1, best_loss=0.113030, final_loss=0.113030)
  收敛检测[few_shot:few_shot]: 未收敛 (best_epoch=1, best_loss=0.082267, final_loss=0.082267)
  收敛检测[few_shot:few_shot]: 未收敛 (best_epoch=1, best_loss=0.043859, final_loss=0.043859)
    [screen:proposed_source] source_station=63 -> target_station=62, candidate=28, gated=23, effective=19
      [proposed_source:63->target62] [Epoch 1/200] [loss_mse: 0.119637]
      [proposed_source:63->target62] [Epoch 2/200] [loss_mse: 0.109108]
      [proposed_source:63->target62] [Epoch 3/200] [loss_mse: 0.104285]
      [proposed_source:63->target62] [Epoch 4/200] [loss_mse: 0.093313]
      [proposed_source:63->target62] [Epoch 5/200] [loss_mse: 0.094424]
      [proposed_source:63->target62] [Epoch 6/200] [loss_mse: 0.089747]
      [proposed_source:63->target62] [Epoch 7/200] [loss_mse: 0.083831]
      [proposed_source:63->target62] [Epoch 8/200] [loss_mse: 0.075695]
      [proposed_source:63->target62] [Epoch 9/200] [loss_mse: 0.072448]
      [proposed_source:63->target62] [Epoch 10/200] [loss_mse: 0.071284]
      [proposed_source:63->target62] [Epoch 20/200] [loss_mse: 0.041421]
      [proposed_source:63->target62] [Epoch 40/200] [loss_mse: 0.019350]
  收敛检测[few_shot:proposed_source_station63_to_62_class3]: 首次达到收敛条件 @ epoch 47 (best_epoch=42, best_loss=0.017235, final_loss=0.017335)
  收敛检测[few_shot:proposed_source_station63_to_62_class3]: 首次达到收敛条件 @ epoch 59 (best_epoch=54, best_loss=0.015549, final_loss=0.016211)
      [proposed_source:63->target62] [Epoch 60/200] [loss_mse: 0.016032]
      [proposed_source:63->target62] [Epoch 80/200] [loss_mse: 0.015581]
  收敛检测[few_shot:proposed_source_station63_to_62_class3]: 首次达到收敛条件 @ epoch 82 (best_epoch=77, best_loss=0.014622, final_loss=0.015849)
      [proposed_source:63->target62] [Epoch 100/200] [loss_mse: 0.016195]
      [proposed_source:63->target62] [Epoch 120/200] [loss_mse: 0.016084]
  收敛检测[few_shot:proposed_source_station63_to_62_class3]: 首次达到收敛条件 @ epoch 129 (best_epoch=124, best_loss=0.014498, final_loss=0.015655)
      [proposed_source:63->target62] [Epoch 140/200] [loss_mse: 0.015325]
      [proposed_source:63->target62] [Epoch 160/200] [loss_mse: 0.015115]
      [proposed_source:63->target62] [Epoch 180/200] [loss_mse: 0.015591]
      [proposed_source:63->target62] [Epoch 200/200] [loss_mse: 0.015171]
  收敛检测[few_shot:proposed_source_station63_to_62_class3]: 已收敛 @ epoch 129 (best_epoch=124, best_loss=0.014498, final_loss=0.015171)
      [Proposed-A:target_refine] [Epoch 1/200] [loss_mse: 0.100001]
      [Proposed-A:target_refine] [Epoch 2/200] [loss_mse: 0.096810]
      [Proposed-A:target_refine] [Epoch 3/200] [loss_mse: 0.092566]
      [Proposed-A:target_refine] [Epoch 4/200] [loss_mse: 0.092835]
      [Proposed-A:target_refine] [Epoch 5/200] [loss_mse: 0.092106]
      [Proposed-A:target_refine] [Epoch 6/200] [loss_mse: 0.087787]
      [Proposed-A:target_refine] [Epoch 7/200] [loss_mse: 0.091822]
      [Proposed-A:target_refine] [Epoch 8/200] [loss_mse: 0.094139]
      [Proposed-A:target_refine] [Epoch 9/200] [loss_mse: 0.090126]
      [Proposed-A:target_refine] [Epoch 10/200] [loss_mse: 0.091566]
  收敛检测[few_shot:proposed_a_station62_class3]: 首次达到收敛条件 @ epoch 11 (best_epoch=6, best_loss=0.087787, final_loss=0.093239)
  收敛检测[few_shot:proposed_a_station62_class3]: 首次达到收敛条件 @ epoch 20 (best_epoch=15, best_loss=0.084613, final_loss=0.090892)
      [Proposed-A:target_refine] [Epoch 20/200] [loss_mse: 0.090892]
      [Proposed-A:target_refine] [Epoch 40/200] [loss_mse: 0.089538]
      [Proposed-A:target_refine] [Epoch 60/200] [loss_mse: 0.084729]
  收敛检测[few_shot:proposed_a_station62_class3]: 首次达到收敛条件 @ epoch 79 (best_epoch=74, best_loss=0.083834, final_loss=0.086401)
      [Proposed-A:target_refine] [Epoch 80/200] [loss_mse: 0.090097]
  收敛检测[few_shot:proposed_a_station62_class3]: 首次达到收敛条件 @ epoch 95 (best_epoch=90, best_loss=0.083410, final_loss=0.089909)
      [Proposed-A:target_refine] [Epoch 100/200] [loss_mse: 0.085202]
      [Proposed-A:target_refine] [Epoch 120/200] [loss_mse: 0.082222]
  收敛检测[few_shot:proposed_a_station62_class3]: 首次达到收敛条件 @ epoch 129 (best_epoch=124, best_loss=0.081561, final_loss=0.087071)
      [Proposed-A:target_refine] [Epoch 140/200] [loss_mse: 0.088543]
      [Proposed-A:target_refine] [Epoch 160/200] [loss_mse: 0.087044]
      [Proposed-A:target_refine] [Epoch 180/200] [loss_mse: 0.087840]
  收敛检测[few_shot:proposed_a_station62_class3]: 首次达到收敛条件 @ epoch 193 (best_epoch=188, best_loss=0.080649, final_loss=0.083765)
      [Proposed-A:target_refine] [Epoch 200/200] [loss_mse: 0.090591]
  收敛检测[few_shot:proposed_a_station62_class3]: 已收敛 @ epoch 193 (best_epoch=188, best_loss=0.080649, final_loss=0.090591)
    ✓ 保存(Proposed-A): artifacts/2h6p_six_station/fed-normal-meta-5k/models/model_fore_station62_extreme3_proposed_a.pth weights={'62': 0.5, '58': 0.10240975386741923, '59': 0.09017444679305546, '60': 0.10230929235061224, '61': 0.101668365752301, '63': 0.10343814123661212}

======================================================================
场站 63 的Few-shot适应
======================================================================

  极端天气类别 1:
    样本数: 5
    训练轮数: 200, few-shot loss=MSE
    adapt/val: 4 / 1
      [LMT] [Epoch 1/200] [loss_mse: 0.209363]
      [LMT] [Epoch 2/200] [loss_mse: 0.194972]
      [LMT] [Epoch 3/200] [loss_mse: 0.204750]
      [LMT] [Epoch 4/200] [loss_mse: 0.196128]
      [LMT] [Epoch 5/200] [loss_mse: 0.188174]
      [LMT] [Epoch 6/200] [loss_mse: 0.175817]
      [LMT] [Epoch 7/200] [loss_mse: 0.190531]
      [LMT] [Epoch 8/200] [loss_mse: 0.170528]
      [LMT] [Epoch 9/200] [loss_mse: 0.167188]
      [LMT] [Epoch 10/200] [loss_mse: 0.163839]
      [LMT] [Epoch 20/200] [loss_mse: 0.125021]
  收敛检测[few_shot:lmt_station63_class0]: 首次达到收敛条件 @ epoch 23 (best_epoch=18, best_loss=0.113912, final_loss=0.121549)
  收敛检测[few_shot:lmt_station63_class0]: 首次达到收敛条件 @ epoch 38 (best_epoch=33, best_loss=0.072929, final_loss=0.102513)
      [LMT] [Epoch 40/200] [loss_mse: 0.082349]
      [LMT] [Epoch 60/200] [loss_mse: 0.077571]
  收敛检测[few_shot:lmt_station63_class0]: 首次达到收敛条件 @ epoch 64 (best_epoch=59, best_loss=0.062462, final_loss=0.074124)
      [LMT] [Epoch 80/200] [loss_mse: 0.066794]
      [LMT] [Epoch 100/200] [loss_mse: 0.094523]
  收敛检测[few_shot:lmt_station63_class0]: 首次达到收敛条件 @ epoch 104 (best_epoch=99, best_loss=0.055888, final_loss=0.108773)
  收敛检测[few_shot:lmt_station63_class0]: 首次达到收敛条件 @ epoch 113 (best_epoch=108, best_loss=0.051895, final_loss=0.056126)
      [LMT] [Epoch 120/200] [loss_mse: 0.072550]
  收敛检测[few_shot:lmt_station63_class0]: 首次达到收敛条件 @ epoch 126 (best_epoch=121, best_loss=0.047200, final_loss=0.069356)
      [LMT] [Epoch 140/200] [loss_mse: 0.050587]
      [LMT] [Epoch 160/200] [loss_mse: 0.073787]
  收敛检测[few_shot:lmt_station63_class0]: 首次达到收敛条件 @ epoch 173 (best_epoch=168, best_loss=0.040882, final_loss=0.066938)
      [LMT] [Epoch 180/200] [loss_mse: 0.060520]
  收敛检测[few_shot:lmt_station63_class0]: 首次达到收敛条件 @ epoch 186 (best_epoch=181, best_loss=0.036698, final_loss=0.061510)
      [LMT] [Epoch 200/200] [loss_mse: 0.056568]
  收敛检测[few_shot:lmt_station63_class0]: 已收敛 @ epoch 186 (best_epoch=181, best_loss=0.036698, final_loss=0.056568)
    ✓ 保存(LMT): artifacts/2h6p_six_station/fed-normal-meta-5k/models/model_fore_station63_extreme0.pth
  收敛检测[few_shot:few_shot]: 未收敛 (best_epoch=1, best_loss=0.155425, final_loss=0.155425)
  收敛检测[few_shot:few_shot]: 未收敛 (best_epoch=1, best_loss=0.303460, final_loss=0.303460)
  收敛检测[few_shot:few_shot]: 未收敛 (best_epoch=1, best_loss=0.217072, final_loss=0.217072)
  收敛检测[few_shot:few_shot]: 未收敛 (best_epoch=1, best_loss=0.210150, final_loss=0.210150)
  收敛检测[few_shot:few_shot]: 未收敛 (best_epoch=1, best_loss=0.165981, final_loss=0.165981)
  收敛检测[few_shot:few_shot]: 未收敛 (best_epoch=1, best_loss=0.116099, final_loss=0.116099)
  收敛检测[few_shot:few_shot]: 未收敛 (best_epoch=1, best_loss=0.100906, final_loss=0.100906)
    [screen:extreme_source] source_station=58 -> target_station=63, candidate=8, gated=7, effective=2
      [extreme_source:58->target63] [Epoch 1/200] [loss_mse: 0.173222]
      [extreme_source:58->target63] [Epoch 2/200] [loss_mse: 0.133402]
      [extreme_source:58->target63] [Epoch 3/200] [loss_mse: 0.162892]
      [extreme_source:58->target63] [Epoch 4/200] [loss_mse: 0.134788]
      [extreme_source:58->target63] [Epoch 5/200] [loss_mse: 0.146612]
      [extreme_source:58->target63] [Epoch 6/200] [loss_mse: 0.121448]
      [extreme_source:58->target63] [Epoch 7/200] [loss_mse: 0.142532]
      [extreme_source:58->target63] [Epoch 8/200] [loss_mse: 0.130211]
      [extreme_source:58->target63] [Epoch 9/200] [loss_mse: 0.102627]
      [extreme_source:58->target63] [Epoch 10/200] [loss_mse: 0.093655]
      [extreme_source:58->target63] [Epoch 20/200] [loss_mse: 0.104634]
  收敛检测[few_shot:extreme_source_station58_to_63_class0]: 首次达到收敛条件 @ epoch 24 (best_epoch=19, best_loss=0.066922, final_loss=0.073461)
  收敛检测[few_shot:extreme_source_station58_to_63_class0]: 首次达到收敛条件 @ epoch 31 (best_epoch=26, best_loss=0.049585, final_loss=0.059901)
  收敛检测[few_shot:extreme_source_station58_to_63_class0]: 首次达到收敛条件 @ epoch 40 (best_epoch=35, best_loss=0.041516, final_loss=0.051327)
      [extreme_source:58->target63] [Epoch 40/200] [loss_mse: 0.051327]
  收敛检测[few_shot:extreme_source_station58_to_63_class0]: 首次达到收敛条件 @ epoch 52 (best_epoch=47, best_loss=0.036804, final_loss=0.074844)
      [extreme_source:58->target63] [Epoch 60/200] [loss_mse: 0.084838]
  收敛检测[few_shot:extreme_source_station58_to_63_class0]: 首次达到收敛条件 @ epoch 64 (best_epoch=59, best_loss=0.033827, final_loss=0.045494)
  收敛检测[few_shot:extreme_source_station58_to_63_class0]: 首次达到收敛条件 @ epoch 80 (best_epoch=75, best_loss=0.025584, final_loss=0.043671)
      [extreme_source:58->target63] [Epoch 80/200] [loss_mse: 0.043671]
  收敛检测[few_shot:extreme_source_station58_to_63_class0]: 首次达到收敛条件 @ epoch 89 (best_epoch=84, best_loss=0.020323, final_loss=0.070565)
      [extreme_source:58->target63] [Epoch 100/200] [loss_mse: 0.031140]
      [extreme_source:58->target63] [Epoch 120/200] [loss_mse: 0.062230]
  收敛检测[few_shot:extreme_source_station58_to_63_class0]: 首次达到收敛条件 @ epoch 122 (best_epoch=117, best_loss=0.017182, final_loss=0.039245)
      [extreme_source:58->target63] [Epoch 140/200] [loss_mse: 0.046030]
      [extreme_source:58->target63] [Epoch 160/200] [loss_mse: 0.031899]
      [extreme_source:58->target63] [Epoch 180/200] [loss_mse: 0.045739]
      [extreme_source:58->target63] [Epoch 200/200] [loss_mse: 0.049797]
  收敛检测[few_shot:extreme_source_station58_to_63_class0]: 已收敛 @ epoch 122 (best_epoch=117, best_loss=0.017182, final_loss=0.049797)
  收敛检测[few_shot:few_shot]: 未收敛 (best_epoch=1, best_loss=0.278888, final_loss=0.278888)
  收敛检测[few_shot:few_shot]: 未收敛 (best_epoch=1, best_loss=0.268967, final_loss=0.268967)
  收敛检测[few_shot:few_shot]: 未收敛 (best_epoch=1, best_loss=0.186620, final_loss=0.186620)
  收敛检测[few_shot:few_shot]: 未收敛 (best_epoch=1, best_loss=0.132571, final_loss=0.132571)
  收敛检测[few_shot:few_shot]: 未收敛 (best_epoch=1, best_loss=0.022873, final_loss=0.022873)
  收敛检测[few_shot:few_shot]: 未收敛 (best_epoch=1, best_loss=0.268425, final_loss=0.268425)
    [screen:extreme_source] source_station=59 -> target_station=63, candidate=7, gated=6, effective=4
      [extreme_source:59->target63] [Epoch 1/200] [loss_mse: 0.255049]
      [extreme_source:59->target63] [Epoch 2/200] [loss_mse: 0.228448]
      [extreme_source:59->target63] [Epoch 3/200] [loss_mse: 0.223075]
      [extreme_source:59->target63] [Epoch 4/200] [loss_mse: 0.219265]
      [extreme_source:59->target63] [Epoch 5/200] [loss_mse: 0.252246]
      [extreme_source:59->target63] [Epoch 6/200] [loss_mse: 0.206373]
      [extreme_source:59->target63] [Epoch 7/200] [loss_mse: 0.200562]
      [extreme_source:59->target63] [Epoch 8/200] [loss_mse: 0.201103]
      [extreme_source:59->target63] [Epoch 9/200] [loss_mse: 0.184841]
      [extreme_source:59->target63] [Epoch 10/200] [loss_mse: 0.181300]
      [extreme_source:59->target63] [Epoch 20/200] [loss_mse: 0.127107]
  收敛检测[few_shot:extreme_source_station59_to_63_class0]: 首次达到收敛条件 @ epoch 39 (best_epoch=34, best_loss=0.077119, final_loss=0.083870)
      [extreme_source:59->target63] [Epoch 40/200] [loss_mse: 0.070492]
  收敛检测[few_shot:extreme_source_station59_to_63_class0]: 首次达到收敛条件 @ epoch 53 (best_epoch=48, best_loss=0.045119, final_loss=0.050017)
      [extreme_source:59->target63] [Epoch 60/200] [loss_mse: 0.053348]
  收敛检测[few_shot:extreme_source_station59_to_63_class0]: 首次达到收敛条件 @ epoch 70 (best_epoch=65, best_loss=0.038676, final_loss=0.057669)
  收敛检测[few_shot:extreme_source_station59_to_63_class0]: 首次达到收敛条件 @ epoch 78 (best_epoch=73, best_loss=0.036826, final_loss=0.050731)
      [extreme_source:59->target63] [Epoch 80/200] [loss_mse: 0.052700]
  收敛检测[few_shot:extreme_source_station59_to_63_class0]: 首次达到收敛条件 @ epoch 86 (best_epoch=81, best_loss=0.036708, final_loss=0.053035)
  收敛检测[few_shot:extreme_source_station59_to_63_class0]: 首次达到收敛条件 @ epoch 99 (best_epoch=94, best_loss=0.025592, final_loss=0.031353)
      [extreme_source:59->target63] [Epoch 100/200] [loss_mse: 0.049173]
      [extreme_source:59->target63] [Epoch 120/200] [loss_mse: 0.048768]
  收敛检测[few_shot:extreme_source_station59_to_63_class0]: 首次达到收敛条件 @ epoch 138 (best_epoch=133, best_loss=0.025013, final_loss=0.038872)
      [extreme_source:59->target63] [Epoch 140/200] [loss_mse: 0.047491]
  收敛检测[few_shot:extreme_source_station59_to_63_class0]: 首次达到收敛条件 @ epoch 154 (best_epoch=149, best_loss=0.023456, final_loss=0.026750)
      [extreme_source:59->target63] [Epoch 160/200] [loss_mse: 0.057336]
      [extreme_source:59->target63] [Epoch 180/200] [loss_mse: 0.055991]
  收敛检测[few_shot:extreme_source_station59_to_63_class0]: 首次达到收敛条件 @ epoch 186 (best_epoch=181, best_loss=0.022764, final_loss=0.044694)
      [extreme_source:59->target63] [Epoch 200/200] [loss_mse: 0.060351]
  收敛检测[few_shot:extreme_source_station59_to_63_class0]: 已收敛 @ epoch 186 (best_epoch=181, best_loss=0.022764, final_loss=0.060351)
  收敛检测[few_shot:few_shot]: 未收敛 (best_epoch=1, best_loss=0.084023, final_loss=0.084023)
  收敛检测[few_shot:few_shot]: 未收敛 (best_epoch=1, best_loss=0.262772, final_loss=0.262772)
  收敛检测[few_shot:few_shot]: 未收敛 (best_epoch=1, best_loss=0.192138, final_loss=0.192138)
  收敛检测[few_shot:few_shot]: 未收敛 (best_epoch=1, best_loss=0.120362, final_loss=0.120362)
    [screen:extreme_source] source_station=60 -> target_station=63, candidate=5, gated=4, effective=4
      [extreme_source:60->target63] [Epoch 1/200] [loss_mse: 0.191977]
      [extreme_source:60->target63] [Epoch 2/200] [loss_mse: 0.154228]
      [extreme_source:60->target63] [Epoch 3/200] [loss_mse: 0.184933]
      [extreme_source:60->target63] [Epoch 4/200] [loss_mse: 0.157268]
      [extreme_source:60->target63] [Epoch 5/200] [loss_mse: 0.156157]
      [extreme_source:60->target63] [Epoch 6/200] [loss_mse: 0.141603]
      [extreme_source:60->target63] [Epoch 7/200] [loss_mse: 0.147927]
      [extreme_source:60->target63] [Epoch 8/200] [loss_mse: 0.131798]
      [extreme_source:60->target63] [Epoch 9/200] [loss_mse: 0.139838]
      [extreme_source:60->target63] [Epoch 10/200] [loss_mse: 0.119440]
      [extreme_source:60->target63] [Epoch 20/200] [loss_mse: 0.103731]
  收敛检测[few_shot:extreme_source_station60_to_63_class0]: 首次达到收敛条件 @ epoch 21 (best_epoch=16, best_loss=0.101539, final_loss=0.112586)
      [extreme_source:60->target63] [Epoch 40/200] [loss_mse: 0.071819]
  收敛检测[few_shot:extreme_source_station60_to_63_class0]: 首次达到收敛条件 @ epoch 48 (best_epoch=43, best_loss=0.062514, final_loss=0.072734)
      [extreme_source:60->target63] [Epoch 60/200] [loss_mse: 0.090836]
  收敛检测[few_shot:extreme_source_station60_to_63_class0]: 首次达到收敛条件 @ epoch 64 (best_epoch=59, best_loss=0.053326, final_loss=0.070353)
  收敛检测[few_shot:extreme_source_station60_to_63_class0]: 首次达到收敛条件 @ epoch 80 (best_epoch=75, best_loss=0.049191, final_loss=0.067026)
      [extreme_source:60->target63] [Epoch 80/200] [loss_mse: 0.067026]
      [extreme_source:60->target63] [Epoch 100/200] [loss_mse: 0.068882]
  收敛检测[few_shot:extreme_source_station60_to_63_class0]: 首次达到收敛条件 @ epoch 110 (best_epoch=105, best_loss=0.047918, final_loss=0.089879)
  收敛检测[few_shot:extreme_source_station60_to_63_class0]: 首次达到收敛条件 @ epoch 116 (best_epoch=111, best_loss=0.045224, final_loss=0.069634)
      [extreme_source:60->target63] [Epoch 120/200] [loss_mse: 0.092942]
  收敛检测[few_shot:extreme_source_station60_to_63_class0]: 首次达到收敛条件 @ epoch 123 (best_epoch=118, best_loss=0.037263, final_loss=0.062194)
      [extreme_source:60->target63] [Epoch 140/200] [loss_mse: 0.097663]
      [extreme_source:60->target63] [Epoch 160/200] [loss_mse: 0.062996]
      [extreme_source:60->target63] [Epoch 180/200] [loss_mse: 0.061543]
      [extreme_source:60->target63] [Epoch 200/200] [loss_mse: 0.070141]
  收敛检测[few_shot:extreme_source_station60_to_63_class0]: 已收敛 @ epoch 123 (best_epoch=118, best_loss=0.037263, final_loss=0.070141)
  收敛检测[few_shot:few_shot]: 未收敛 (best_epoch=1, best_loss=0.149354, final_loss=0.149354)
  收敛检测[few_shot:few_shot]: 未收敛 (best_epoch=1, best_loss=0.264298, final_loss=0.264298)
  收敛检测[few_shot:few_shot]: 未收敛 (best_epoch=1, best_loss=0.191175, final_loss=0.191175)
  收敛检测[few_shot:few_shot]: 未收敛 (best_epoch=1, best_loss=0.189118, final_loss=0.189118)
  收敛检测[few_shot:few_shot]: 未收敛 (best_epoch=1, best_loss=0.179986, final_loss=0.179986)
  收敛检测[few_shot:few_shot]: 未收敛 (best_epoch=1, best_loss=0.092750, final_loss=0.092750)
  收敛检测[few_shot:few_shot]: 未收敛 (best_epoch=1, best_loss=0.091642, final_loss=0.091642)
  收敛检测[few_shot:few_shot]: 未收敛 (best_epoch=1, best_loss=0.056471, final_loss=0.056471)
    [screen:extreme_source] source_station=61 -> target_station=63, candidate=9, gated=8, effective=3
      [extreme_source:61->target63] [Epoch 1/200] [loss_mse: 0.192498]
      [extreme_source:61->target63] [Epoch 2/200] [loss_mse: 0.187081]
      [extreme_source:61->target63] [Epoch 3/200] [loss_mse: 0.180718]
      [extreme_source:61->target63] [Epoch 4/200] [loss_mse: 0.187087]
      [extreme_source:61->target63] [Epoch 5/200] [loss_mse: 0.154699]
      [extreme_source:61->target63] [Epoch 6/200] [loss_mse: 0.159727]
      [extreme_source:61->target63] [Epoch 7/200] [loss_mse: 0.160159]
      [extreme_source:61->target63] [Epoch 8/200] [loss_mse: 0.140639]
      [extreme_source:61->target63] [Epoch 9/200] [loss_mse: 0.152328]
      [extreme_source:61->target63] [Epoch 10/200] [loss_mse: 0.137266]
  收敛检测[few_shot:extreme_source_station61_to_63_class0]: 首次达到收敛条件 @ epoch 19 (best_epoch=14, best_loss=0.113267, final_loss=0.147130)
      [extreme_source:61->target63] [Epoch 20/200] [loss_mse: 0.131357]
  收敛检测[few_shot:extreme_source_station61_to_63_class0]: 首次达到收敛条件 @ epoch 28 (best_epoch=23, best_loss=0.094816, final_loss=0.138346)
  收敛检测[few_shot:extreme_source_station61_to_63_class0]: 首次达到收敛条件 @ epoch 35 (best_epoch=30, best_loss=0.084926, final_loss=0.135717)
      [extreme_source:61->target63] [Epoch 40/200] [loss_mse: 0.097411]
  收敛检测[few_shot:extreme_source_station61_to_63_class0]: 首次达到收敛条件 @ epoch 50 (best_epoch=45, best_loss=0.071396, final_loss=0.092061)
      [extreme_source:61->target63] [Epoch 60/200] [loss_mse: 0.098503]
      [extreme_source:61->target63] [Epoch 80/200] [loss_mse: 0.147953]
      [extreme_source:61->target63] [Epoch 100/200] [loss_mse: 0.107677]
  收敛检测[few_shot:extreme_source_station61_to_63_class0]: 首次达到收敛条件 @ epoch 103 (best_epoch=98, best_loss=0.063258, final_loss=0.079320)
      [extreme_source:61->target63] [Epoch 120/200] [loss_mse: 0.105959]
      [extreme_source:61->target63] [Epoch 140/200] [loss_mse: 0.067815]
      [extreme_source:61->target63] [Epoch 160/200] [loss_mse: 0.079945]
  收敛检测[few_shot:extreme_source_station61_to_63_class0]: 首次达到收敛条件 @ epoch 180 (best_epoch=175, best_loss=0.039359, final_loss=0.073613)
      [extreme_source:61->target63] [Epoch 180/200] [loss_mse: 0.073613]
      [extreme_source:61->target63] [Epoch 200/200] [loss_mse: 0.113456]
  收敛检测[few_shot:extreme_source_station61_to_63_class0]: 已收敛 @ epoch 180 (best_epoch=175, best_loss=0.039359, final_loss=0.113456)
  收敛检测[few_shot:few_shot]: 未收敛 (best_epoch=1, best_loss=0.270602, final_loss=0.270602)
  收敛检测[few_shot:few_shot]: 未收敛 (best_epoch=1, best_loss=0.236592, final_loss=0.236592)
  收敛检测[few_shot:few_shot]: 未收敛 (best_epoch=1, best_loss=0.201625, final_loss=0.201625)
  收敛检测[few_shot:few_shot]: 未收敛 (best_epoch=1, best_loss=0.115177, final_loss=0.115177)
  收敛检测[few_shot:few_shot]: 未收敛 (best_epoch=1, best_loss=0.019801, final_loss=0.019801)
  收敛检测[few_shot:few_shot]: 未收敛 (best_epoch=1, best_loss=0.222915, final_loss=0.222915)
    [screen:extreme_source] source_station=62 -> target_station=63, candidate=7, gated=6, effective=5
      [extreme_source:62->target63] [Epoch 1/200] [loss_mse: 0.204174]
      [extreme_source:62->target63] [Epoch 2/200] [loss_mse: 0.215774]
      [extreme_source:62->target63] [Epoch 3/200] [loss_mse: 0.192037]
      [extreme_source:62->target63] [Epoch 4/200] [loss_mse: 0.186094]
      [extreme_source:62->target63] [Epoch 5/200] [loss_mse: 0.196796]
      [extreme_source:62->target63] [Epoch 6/200] [loss_mse: 0.186961]
      [extreme_source:62->target63] [Epoch 7/200] [loss_mse: 0.180276]
      [extreme_source:62->target63] [Epoch 8/200] [loss_mse: 0.171165]
      [extreme_source:62->target63] [Epoch 9/200] [loss_mse: 0.171039]
      [extreme_source:62->target63] [Epoch 10/200] [loss_mse: 0.175862]
      [extreme_source:62->target63] [Epoch 20/200] [loss_mse: 0.143532]
  收敛检测[few_shot:extreme_source_station62_to_63_class0]: 首次达到收敛条件 @ epoch 35 (best_epoch=30, best_loss=0.118973, final_loss=0.123226)
      [extreme_source:62->target63] [Epoch 40/200] [loss_mse: 0.120101]
  收敛检测[few_shot:extreme_source_station62_to_63_class0]: 首次达到收敛条件 @ epoch 43 (best_epoch=38, best_loss=0.104037, final_loss=0.123662)
  收敛检测[few_shot:extreme_source_station62_to_63_class0]: 首次达到收敛条件 @ epoch 55 (best_epoch=50, best_loss=0.095623, final_loss=0.117003)
      [extreme_source:62->target63] [Epoch 60/200] [loss_mse: 0.099402]
  收敛检测[few_shot:extreme_source_station62_to_63_class0]: 首次达到收敛条件 @ epoch 66 (best_epoch=61, best_loss=0.091220, final_loss=0.124925)
      [extreme_source:62->target63] [Epoch 80/200] [loss_mse: 0.128256]
      [extreme_source:62->target63] [Epoch 100/200] [loss_mse: 0.092527]
  收敛检测[few_shot:extreme_source_station62_to_63_class0]: 首次达到收敛条件 @ epoch 101 (best_epoch=96, best_loss=0.076048, final_loss=0.112447)
      [extreme_source:62->target63] [Epoch 120/200] [loss_mse: 0.105541]
  收敛检测[few_shot:extreme_source_station62_to_63_class0]: 首次达到收敛条件 @ epoch 128 (best_epoch=123, best_loss=0.070637, final_loss=0.108064)
      [extreme_source:62->target63] [Epoch 140/200] [loss_mse: 0.108733]
      [extreme_source:62->target63] [Epoch 160/200] [loss_mse: 0.082322]
      [extreme_source:62->target63] [Epoch 180/200] [loss_mse: 0.094265]
      [extreme_source:62->target63] [Epoch 200/200] [loss_mse: 0.130777]
  收敛检测[few_shot:extreme_source_station62_to_63_class0]: 已收敛 @ epoch 128 (best_epoch=123, best_loss=0.070637, final_loss=0.130777)
      [Extreme-FedAvg:target_refine] [Epoch 1/200] [loss_mse: 0.070075]
      [Extreme-FedAvg:target_refine] [Epoch 2/200] [loss_mse: 0.074714]
      [Extreme-FedAvg:target_refine] [Epoch 3/200] [loss_mse: 0.075501]
      [Extreme-FedAvg:target_refine] [Epoch 4/200] [loss_mse: 0.071671]
      [Extreme-FedAvg:target_refine] [Epoch 5/200] [loss_mse: 0.076954]
      [Extreme-FedAvg:target_refine] [Epoch 6/200] [loss_mse: 0.058781]
      [Extreme-FedAvg:target_refine] [Epoch 7/200] [loss_mse: 0.047042]
      [Extreme-FedAvg:target_refine] [Epoch 8/200] [loss_mse: 0.065332]
      [Extreme-FedAvg:target_refine] [Epoch 9/200] [loss_mse: 0.072373]
      [Extreme-FedAvg:target_refine] [Epoch 10/200] [loss_mse: 0.069589]
      [Extreme-FedAvg:target_refine] [Epoch 20/200] [loss_mse: 0.072353]
  收敛检测[few_shot:extreme_fedavg_station63_class0]: 首次达到收敛条件 @ epoch 22 (best_epoch=17, best_loss=0.040206, final_loss=0.056573)
      [Extreme-FedAvg:target_refine] [Epoch 40/200] [loss_mse: 0.047314]
      [Extreme-FedAvg:target_refine] [Epoch 60/200] [loss_mse: 0.066314]
      [Extreme-FedAvg:target_refine] [Epoch 80/200] [loss_mse: 0.085762]
  收敛检测[few_shot:extreme_fedavg_station63_class0]: 首次达到收敛条件 @ epoch 86 (best_epoch=81, best_loss=0.038817, final_loss=0.064457)
      [Extreme-FedAvg:target_refine] [Epoch 100/200] [loss_mse: 0.055405]
      [Extreme-FedAvg:target_refine] [Epoch 120/200] [loss_mse: 0.038547]
  收敛检测[few_shot:extreme_fedavg_station63_class0]: 首次达到收敛条件 @ epoch 125 (best_epoch=120, best_loss=0.038547, final_loss=0.073593)
  收敛检测[few_shot:extreme_fedavg_station63_class0]: 首次达到收敛条件 @ epoch 137 (best_epoch=132, best_loss=0.034034, final_loss=0.047641)
      [Extreme-FedAvg:target_refine] [Epoch 140/200] [loss_mse: 0.038001]
      [Extreme-FedAvg:target_refine] [Epoch 160/200] [loss_mse: 0.039929]
      [Extreme-FedAvg:target_refine] [Epoch 180/200] [loss_mse: 0.055822]
      [Extreme-FedAvg:target_refine] [Epoch 200/200] [loss_mse: 0.043899]
  收敛检测[few_shot:extreme_fedavg_station63_class0]: 已收敛 @ epoch 137 (best_epoch=132, best_loss=0.034034, final_loss=0.043899)
    ✓ 保存(Extreme-FedAvg): artifacts/2h6p_six_station/fed-normal-meta-5k/models/model_fore_station63_extreme0_extreme_fedavg.pth weights={'63': 0.16666666666666666, '58': 0.16666666666666666, '59': 0.16666666666666666, '60': 0.16666666666666666, '61': 0.16666666666666666, '62': 0.16666666666666666}
      [Proposed-A:self_update] [Epoch 1/200] [loss_mse: 0.210030]
      [Proposed-A:self_update] [Epoch 2/200] [loss_mse: 0.189538]
      [Proposed-A:self_update] [Epoch 3/200] [loss_mse: 0.181999]
      [Proposed-A:self_update] [Epoch 4/200] [loss_mse: 0.165508]
      [Proposed-A:self_update] [Epoch 5/200] [loss_mse: 0.180885]
      [Proposed-A:self_update] [Epoch 6/200] [loss_mse: 0.166434]
      [Proposed-A:self_update] [Epoch 7/200] [loss_mse: 0.165526]
      [Proposed-A:self_update] [Epoch 8/200] [loss_mse: 0.156160]
      [Proposed-A:self_update] [Epoch 9/200] [loss_mse: 0.156422]
      [Proposed-A:self_update] [Epoch 10/200] [loss_mse: 0.131073]
      [Proposed-A:self_update] [Epoch 20/200] [loss_mse: 0.081539]
  收敛检测[few_shot:proposed_self_station63_class0]: 首次达到收敛条件 @ epoch 25 (best_epoch=20, best_loss=0.081539, final_loss=0.098904)
      [Proposed-A:self_update] [Epoch 40/200] [loss_mse: 0.057228]
  收敛检测[few_shot:proposed_self_station63_class0]: 首次达到收敛条件 @ epoch 51 (best_epoch=46, best_loss=0.052779, final_loss=0.055079)
      [Proposed-A:self_update] [Epoch 60/200] [loss_mse: 0.064220]
  收敛检测[few_shot:proposed_self_station63_class0]: 首次达到收敛条件 @ epoch 61 (best_epoch=56, best_loss=0.043004, final_loss=0.051486)
      [Proposed-A:self_update] [Epoch 80/200] [loss_mse: 0.075171]
  收敛检测[few_shot:proposed_self_station63_class0]: 首次达到收敛条件 @ epoch 82 (best_epoch=77, best_loss=0.041194, final_loss=0.064651)
      [Proposed-A:self_update] [Epoch 100/200] [loss_mse: 0.059889]
  收敛检测[few_shot:proposed_self_station63_class0]: 首次达到收敛条件 @ epoch 113 (best_epoch=108, best_loss=0.035235, final_loss=0.069223)
      [Proposed-A:self_update] [Epoch 120/200] [loss_mse: 0.058990]
  收敛检测[few_shot:proposed_self_station63_class0]: 首次达到收敛条件 @ epoch 127 (best_epoch=122, best_loss=0.033737, final_loss=0.045976)
      [Proposed-A:self_update] [Epoch 140/200] [loss_mse: 0.048651]
      [Proposed-A:self_update] [Epoch 160/200] [loss_mse: 0.055604]
      [Proposed-A:self_update] [Epoch 180/200] [loss_mse: 0.055899]
      [Proposed-A:self_update] [Epoch 200/200] [loss_mse: 0.049761]
  收敛检测[few_shot:proposed_self_station63_class0]: 已收敛 @ epoch 127 (best_epoch=122, best_loss=0.033737, final_loss=0.049761)
  收敛检测[few_shot:few_shot]: 未收敛 (best_epoch=1, best_loss=0.139604, final_loss=0.139604)
  收敛检测[few_shot:few_shot]: 未收敛 (best_epoch=1, best_loss=0.285580, final_loss=0.285580)
  收敛检测[few_shot:few_shot]: 未收敛 (best_epoch=1, best_loss=0.200469, final_loss=0.200469)
  收敛检测[few_shot:few_shot]: 未收敛 (best_epoch=1, best_loss=0.204360, final_loss=0.204360)
  收敛检测[few_shot:few_shot]: 未收敛 (best_epoch=1, best_loss=0.185808, final_loss=0.185808)
  收敛检测[few_shot:few_shot]: 未收敛 (best_epoch=1, best_loss=0.127232, final_loss=0.127232)
  收敛检测[few_shot:few_shot]: 未收敛 (best_epoch=1, best_loss=0.123266, final_loss=0.123266)
    [screen:proposed_source] source_station=58 -> target_station=63, candidate=8, gated=7, effective=2
      [proposed_source:58->target63] [Epoch 1/200] [loss_mse: 0.142227]
      [proposed_source:58->target63] [Epoch 2/200] [loss_mse: 0.135893]
      [proposed_source:58->target63] [Epoch 3/200] [loss_mse: 0.132264]
      [proposed_source:58->target63] [Epoch 4/200] [loss_mse: 0.117671]
      [proposed_source:58->target63] [Epoch 5/200] [loss_mse: 0.112463]
      [proposed_source:58->target63] [Epoch 6/200] [loss_mse: 0.116473]
      [proposed_source:58->target63] [Epoch 7/200] [loss_mse: 0.099759]
      [proposed_source:58->target63] [Epoch 8/200] [loss_mse: 0.101808]
      [proposed_source:58->target63] [Epoch 9/200] [loss_mse: 0.089757]
      [proposed_source:58->target63] [Epoch 10/200] [loss_mse: 0.085568]
      [proposed_source:58->target63] [Epoch 20/200] [loss_mse: 0.069748]
  收敛检测[few_shot:proposed_source_station58_to_63_class0]: 首次达到收敛条件 @ epoch 29 (best_epoch=24, best_loss=0.043567, final_loss=0.048169)
      [proposed_source:58->target63] [Epoch 40/200] [loss_mse: 0.053054]
  收敛检测[few_shot:proposed_source_station58_to_63_class0]: 首次达到收敛条件 @ epoch 42 (best_epoch=37, best_loss=0.031013, final_loss=0.037537)
  收敛检测[few_shot:proposed_source_station58_to_63_class0]: 首次达到收敛条件 @ epoch 48 (best_epoch=43, best_loss=0.029576, final_loss=0.044403)
  收敛检测[few_shot:proposed_source_station58_to_63_class0]: 首次达到收敛条件 @ epoch 56 (best_epoch=51, best_loss=0.027182, final_loss=0.045794)
      [proposed_source:58->target63] [Epoch 60/200] [loss_mse: 0.034283]
  收敛检测[few_shot:proposed_source_station58_to_63_class0]: 首次达到收敛条件 @ epoch 73 (best_epoch=68, best_loss=0.024261, final_loss=0.046334)
      [proposed_source:58->target63] [Epoch 80/200] [loss_mse: 0.036752]
  收敛检测[few_shot:proposed_source_station58_to_63_class0]: 首次达到收敛条件 @ epoch 88 (best_epoch=83, best_loss=0.023197, final_loss=0.044226)
  收敛检测[few_shot:proposed_source_station58_to_63_class0]: 首次达到收敛条件 @ epoch 100 (best_epoch=95, best_loss=0.020662, final_loss=0.042470)
      [proposed_source:58->target63] [Epoch 100/200] [loss_mse: 0.042470]
  收敛检测[few_shot:proposed_source_station58_to_63_class0]: 首次达到收敛条件 @ epoch 109 (best_epoch=104, best_loss=0.019871, final_loss=0.025231)
      [proposed_source:58->target63] [Epoch 120/200] [loss_mse: 0.055549]
  收敛检测[few_shot:proposed_source_station58_to_63_class0]: 首次达到收敛条件 @ epoch 138 (best_epoch=133, best_loss=0.019403, final_loss=0.036525)
      [proposed_source:58->target63] [Epoch 140/200] [loss_mse: 0.020461]
  收敛检测[few_shot:proposed_source_station58_to_63_class0]: 首次达到收敛条件 @ epoch 147 (best_epoch=142, best_loss=0.014782, final_loss=0.042039)
      [proposed_source:58->target63] [Epoch 160/200] [loss_mse: 0.040267]
      [proposed_source:58->target63] [Epoch 180/200] [loss_mse: 0.043684]
      [proposed_source:58->target63] [Epoch 200/200] [loss_mse: 0.046379]
  收敛检测[few_shot:proposed_source_station58_to_63_class0]: 已收敛 @ epoch 147 (best_epoch=142, best_loss=0.014782, final_loss=0.046379)
  收敛检测[few_shot:few_shot]: 未收敛 (best_epoch=1, best_loss=0.271295, final_loss=0.271295)
  收敛检测[few_shot:few_shot]: 未收敛 (best_epoch=1, best_loss=0.240923, final_loss=0.240923)
  收敛检测[few_shot:few_shot]: 未收敛 (best_epoch=1, best_loss=0.218214, final_loss=0.218214)
  收敛检测[few_shot:few_shot]: 未收敛 (best_epoch=1, best_loss=0.124461, final_loss=0.124461)
  收敛检测[few_shot:few_shot]: 未收敛 (best_epoch=1, best_loss=0.016980, final_loss=0.016980)
  收敛检测[few_shot:few_shot]: 未收敛 (best_epoch=1, best_loss=0.243324, final_loss=0.243324)
    [screen:proposed_source] source_station=59 -> target_station=63, candidate=7, gated=6, effective=4
      [proposed_source:59->target63] [Epoch 1/200] [loss_mse: 0.237296]
      [proposed_source:59->target63] [Epoch 2/200] [loss_mse: 0.227293]
      [proposed_source:59->target63] [Epoch 3/200] [loss_mse: 0.221101]
      [proposed_source:59->target63] [Epoch 4/200] [loss_mse: 0.210311]
      [proposed_source:59->target63] [Epoch 5/200] [loss_mse: 0.205001]
      [proposed_source:59->target63] [Epoch 6/200] [loss_mse: 0.192711]
      [proposed_source:59->target63] [Epoch 7/200] [loss_mse: 0.174046]
      [proposed_source:59->target63] [Epoch 8/200] [loss_mse: 0.162979]
      [proposed_source:59->target63] [Epoch 9/200] [loss_mse: 0.182430]
      [proposed_source:59->target63] [Epoch 10/200] [loss_mse: 0.177411]
      [proposed_source:59->target63] [Epoch 20/200] [loss_mse: 0.101244]
  收敛检测[few_shot:proposed_source_station59_to_63_class0]: 首次达到收敛条件 @ epoch 36 (best_epoch=31, best_loss=0.063295, final_loss=0.071108)
      [proposed_source:59->target63] [Epoch 40/200] [loss_mse: 0.066481]
  收敛检测[few_shot:proposed_source_station59_to_63_class0]: 首次达到收敛条件 @ epoch 48 (best_epoch=43, best_loss=0.045136, final_loss=0.050760)
      [proposed_source:59->target63] [Epoch 60/200] [loss_mse: 0.041813]
  收敛检测[few_shot:proposed_source_station59_to_63_class0]: 首次达到收敛条件 @ epoch 66 (best_epoch=61, best_loss=0.036443, final_loss=0.040399)
  收敛检测[few_shot:proposed_source_station59_to_63_class0]: 首次达到收敛条件 @ epoch 74 (best_epoch=69, best_loss=0.035879, final_loss=0.049995)
      [proposed_source:59->target63] [Epoch 80/200] [loss_mse: 0.044474]
  收敛检测[few_shot:proposed_source_station59_to_63_class0]: 首次达到收敛条件 @ epoch 87 (best_epoch=82, best_loss=0.030331, final_loss=0.047019)
  收敛检测[few_shot:proposed_source_station59_to_63_class0]: 首次达到收敛条件 @ epoch 99 (best_epoch=94, best_loss=0.022103, final_loss=0.035139)
      [proposed_source:59->target63] [Epoch 100/200] [loss_mse: 0.034405]
  收敛检测[few_shot:proposed_source_station59_to_63_class0]: 首次达到收敛条件 @ epoch 113 (best_epoch=108, best_loss=0.021901, final_loss=0.047927)
      [proposed_source:59->target63] [Epoch 120/200] [loss_mse: 0.044128]
      [proposed_source:59->target63] [Epoch 140/200] [loss_mse: 0.026607]
      [proposed_source:59->target63] [Epoch 160/200] [loss_mse: 0.025265]
  收敛检测[few_shot:proposed_source_station59_to_63_class0]: 首次达到收敛条件 @ epoch 163 (best_epoch=158, best_loss=0.012838, final_loss=0.036103)
      [proposed_source:59->target63] [Epoch 180/200] [loss_mse: 0.033516]
      [proposed_source:59->target63] [Epoch 200/200] [loss_mse: 0.034860]
  收敛检测[few_shot:proposed_source_station59_to_63_class0]: 已收敛 @ epoch 163 (best_epoch=158, best_loss=0.012838, final_loss=0.034860)
  收敛检测[few_shot:few_shot]: 未收敛 (best_epoch=1, best_loss=0.077053, final_loss=0.077053)
  收敛检测[few_shot:few_shot]: 未收敛 (best_epoch=1, best_loss=0.247817, final_loss=0.247817)
  收敛检测[few_shot:few_shot]: 未收敛 (best_epoch=1, best_loss=0.175172, final_loss=0.175172)
  收敛检测[few_shot:few_shot]: 未收敛 (best_epoch=1, best_loss=0.114341, final_loss=0.114341)
    [screen:proposed_source] source_station=60 -> target_station=63, candidate=5, gated=4, effective=4
      [proposed_source:60->target63] [Epoch 1/200] [loss_mse: 0.169280]
      [proposed_source:60->target63] [Epoch 2/200] [loss_mse: 0.162623]
      [proposed_source:60->target63] [Epoch 3/200] [loss_mse: 0.142498]
      [proposed_source:60->target63] [Epoch 4/200] [loss_mse: 0.142164]
      [proposed_source:60->target63] [Epoch 5/200] [loss_mse: 0.134496]
      [proposed_source:60->target63] [Epoch 6/200] [loss_mse: 0.131064]
      [proposed_source:60->target63] [Epoch 7/200] [loss_mse: 0.107526]
      [proposed_source:60->target63] [Epoch 8/200] [loss_mse: 0.132017]
      [proposed_source:60->target63] [Epoch 9/200] [loss_mse: 0.117382]
      [proposed_source:60->target63] [Epoch 10/200] [loss_mse: 0.107225]
      [proposed_source:60->target63] [Epoch 20/200] [loss_mse: 0.081414]
  收敛检测[few_shot:proposed_source_station60_to_63_class0]: 首次达到收敛条件 @ epoch 32 (best_epoch=27, best_loss=0.058889, final_loss=0.062462)
  收敛检测[few_shot:proposed_source_station60_to_63_class0]: 首次达到收敛条件 @ epoch 38 (best_epoch=33, best_loss=0.058712, final_loss=0.072766)
      [proposed_source:60->target63] [Epoch 40/200] [loss_mse: 0.073397]
  收敛检测[few_shot:proposed_source_station60_to_63_class0]: 首次达到收敛条件 @ epoch 49 (best_epoch=44, best_loss=0.045073, final_loss=0.074135)
      [proposed_source:60->target63] [Epoch 60/200] [loss_mse: 0.051894]
  收敛检测[few_shot:proposed_source_station60_to_63_class0]: 首次达到收敛条件 @ epoch 73 (best_epoch=68, best_loss=0.034596, final_loss=0.054833)
      [proposed_source:60->target63] [Epoch 80/200] [loss_mse: 0.086757]
      [proposed_source:60->target63] [Epoch 100/200] [loss_mse: 0.069343]
      [proposed_source:60->target63] [Epoch 120/200] [loss_mse: 0.076482]
      [proposed_source:60->target63] [Epoch 140/200] [loss_mse: 0.060322]
      [proposed_source:60->target63] [Epoch 160/200] [loss_mse: 0.076243]
      [proposed_source:60->target63] [Epoch 180/200] [loss_mse: 0.070562]
      [proposed_source:60->target63] [Epoch 200/200] [loss_mse: 0.076053]
  收敛检测[few_shot:proposed_source_station60_to_63_class0]: 已收敛 @ epoch 73 (best_epoch=68, best_loss=0.034596, final_loss=0.076053)
  收敛检测[few_shot:few_shot]: 未收敛 (best_epoch=1, best_loss=0.150465, final_loss=0.150465)
  收敛检测[few_shot:few_shot]: 未收敛 (best_epoch=1, best_loss=0.230229, final_loss=0.230229)
  收敛检测[few_shot:few_shot]: 未收敛 (best_epoch=1, best_loss=0.201388, final_loss=0.201388)
  收敛检测[few_shot:few_shot]: 未收敛 (best_epoch=1, best_loss=0.190538, final_loss=0.190538)
  收敛检测[few_shot:few_shot]: 未收敛 (best_epoch=1, best_loss=0.195586, final_loss=0.195586)
  收敛检测[few_shot:few_shot]: 未收敛 (best_epoch=1, best_loss=0.117270, final_loss=0.117270)
  收敛检测[few_shot:few_shot]: 未收敛 (best_epoch=1, best_loss=0.096889, final_loss=0.096889)
  收敛检测[few_shot:few_shot]: 未收敛 (best_epoch=1, best_loss=0.079213, final_loss=0.079213)
    [screen:proposed_source] source_station=61 -> target_station=63, candidate=9, gated=8, effective=3
      [proposed_source:61->target63] [Epoch 1/200] [loss_mse: 0.181378]
      [proposed_source:61->target63] [Epoch 2/200] [loss_mse: 0.158764]
      [proposed_source:61->target63] [Epoch 3/200] [loss_mse: 0.169186]
      [proposed_source:61->target63] [Epoch 4/200] [loss_mse: 0.184736]
      [proposed_source:61->target63] [Epoch 5/200] [loss_mse: 0.152212]
      [proposed_source:61->target63] [Epoch 6/200] [loss_mse: 0.177324]
      [proposed_source:61->target63] [Epoch 7/200] [loss_mse: 0.155108]
      [proposed_source:61->target63] [Epoch 8/200] [loss_mse: 0.158771]
      [proposed_source:61->target63] [Epoch 9/200] [loss_mse: 0.135302]
      [proposed_source:61->target63] [Epoch 10/200] [loss_mse: 0.136948]
  收敛检测[few_shot:proposed_source_station61_to_63_class0]: 首次达到收敛条件 @ epoch 14 (best_epoch=9, best_loss=0.135302, final_loss=0.153465)
      [proposed_source:61->target63] [Epoch 20/200] [loss_mse: 0.130726]
  收敛检测[few_shot:proposed_source_station61_to_63_class0]: 首次达到收敛条件 @ epoch 26 (best_epoch=21, best_loss=0.100346, final_loss=0.128438)
  收敛检测[few_shot:proposed_source_station61_to_63_class0]: 首次达到收敛条件 @ epoch 33 (best_epoch=28, best_loss=0.080807, final_loss=0.125302)
      [proposed_source:61->target63] [Epoch 40/200] [loss_mse: 0.108206]
  收敛检测[few_shot:proposed_source_station61_to_63_class0]: 首次达到收敛条件 @ epoch 46 (best_epoch=41, best_loss=0.069043, final_loss=0.148994)
      [proposed_source:61->target63] [Epoch 60/200] [loss_mse: 0.114117]
      [proposed_source:61->target63] [Epoch 80/200] [loss_mse: 0.173798]
      [proposed_source:61->target63] [Epoch 100/200] [loss_mse: 0.122113]
      [proposed_source:61->target63] [Epoch 120/200] [loss_mse: 0.131483]
  收敛检测[few_shot:proposed_source_station61_to_63_class0]: 首次达到收敛条件 @ epoch 135 (best_epoch=130, best_loss=0.064881, final_loss=0.136868)
      [proposed_source:61->target63] [Epoch 140/200] [loss_mse: 0.094523]
  收敛检测[few_shot:proposed_source_station61_to_63_class0]: 首次达到收敛条件 @ epoch 141 (best_epoch=136, best_loss=0.051389, final_loss=0.121406)
      [proposed_source:61->target63] [Epoch 160/200] [loss_mse: 0.134571]
      [proposed_source:61->target63] [Epoch 180/200] [loss_mse: 0.148131]
      [proposed_source:61->target63] [Epoch 200/200] [loss_mse: 0.092327]
  收敛检测[few_shot:proposed_source_station61_to_63_class0]: 已收敛 @ epoch 141 (best_epoch=136, best_loss=0.051389, final_loss=0.092327)
  收敛检测[few_shot:few_shot]: 未收敛 (best_epoch=1, best_loss=0.254914, final_loss=0.254914)
  收敛检测[few_shot:few_shot]: 未收敛 (best_epoch=1, best_loss=0.228629, final_loss=0.228629)
  收敛检测[few_shot:few_shot]: 未收敛 (best_epoch=1, best_loss=0.181209, final_loss=0.181209)
  收敛检测[few_shot:few_shot]: 未收敛 (best_epoch=1, best_loss=0.124361, final_loss=0.124361)
  收敛检测[few_shot:few_shot]: 未收敛 (best_epoch=1, best_loss=0.021153, final_loss=0.021153)
  收敛检测[few_shot:few_shot]: 未收敛 (best_epoch=1, best_loss=0.181650, final_loss=0.181650)
    [screen:proposed_source] source_station=62 -> target_station=63, candidate=7, gated=6, effective=4
      [proposed_source:62->target63] [Epoch 1/200] [loss_mse: 0.240370]
      [proposed_source:62->target63] [Epoch 2/200] [loss_mse: 0.221054]
      [proposed_source:62->target63] [Epoch 3/200] [loss_mse: 0.202385]
      [proposed_source:62->target63] [Epoch 4/200] [loss_mse: 0.217865]
      [proposed_source:62->target63] [Epoch 5/200] [loss_mse: 0.181643]
      [proposed_source:62->target63] [Epoch 6/200] [loss_mse: 0.190465]
      [proposed_source:62->target63] [Epoch 7/200] [loss_mse: 0.177429]
      [proposed_source:62->target63] [Epoch 8/200] [loss_mse: 0.169691]
      [proposed_source:62->target63] [Epoch 9/200] [loss_mse: 0.179454]
      [proposed_source:62->target63] [Epoch 10/200] [loss_mse: 0.166446]
      [proposed_source:62->target63] [Epoch 20/200] [loss_mse: 0.097280]
  收敛检测[few_shot:proposed_source_station62_to_63_class0]: 首次达到收敛条件 @ epoch 25 (best_epoch=20, best_loss=0.097280, final_loss=0.112972)
  收敛检测[few_shot:proposed_source_station62_to_63_class0]: 首次达到收敛条件 @ epoch 35 (best_epoch=30, best_loss=0.074139, final_loss=0.077250)
      [proposed_source:62->target63] [Epoch 40/200] [loss_mse: 0.078714]
  收敛检测[few_shot:proposed_source_station62_to_63_class0]: 首次达到收敛条件 @ epoch 52 (best_epoch=47, best_loss=0.049202, final_loss=0.083202)
      [proposed_source:62->target63] [Epoch 60/200] [loss_mse: 0.097009]
  收敛检测[few_shot:proposed_source_station62_to_63_class0]: 首次达到收敛条件 @ epoch 64 (best_epoch=59, best_loss=0.042282, final_loss=0.079532)
      [proposed_source:62->target63] [Epoch 80/200] [loss_mse: 0.060281]
      [proposed_source:62->target63] [Epoch 100/200] [loss_mse: 0.068035]
      [proposed_source:62->target63] [Epoch 120/200] [loss_mse: 0.058786]
  收敛检测[few_shot:proposed_source_station62_to_63_class0]: 首次达到收敛条件 @ epoch 122 (best_epoch=117, best_loss=0.029367, final_loss=0.059864)
      [proposed_source:62->target63] [Epoch 140/200] [loss_mse: 0.085467]
  收敛检测[few_shot:proposed_source_station62_to_63_class0]: 首次达到收敛条件 @ epoch 144 (best_epoch=139, best_loss=0.025588, final_loss=0.068593)
      [proposed_source:62->target63] [Epoch 160/200] [loss_mse: 0.055179]
      [proposed_source:62->target63] [Epoch 180/200] [loss_mse: 0.063267]
      [proposed_source:62->target63] [Epoch 200/200] [loss_mse: 0.060781]
  收敛检测[few_shot:proposed_source_station62_to_63_class0]: 已收敛 @ epoch 144 (best_epoch=139, best_loss=0.025588, final_loss=0.060781)
      [Proposed-A:target_refine] [Epoch 1/200] [loss_mse: 0.061494]
      [Proposed-A:target_refine] [Epoch 2/200] [loss_mse: 0.071272]
      [Proposed-A:target_refine] [Epoch 3/200] [loss_mse: 0.073939]
      [Proposed-A:target_refine] [Epoch 4/200] [loss_mse: 0.057651]
      [Proposed-A:target_refine] [Epoch 5/200] [loss_mse: 0.066783]
      [Proposed-A:target_refine] [Epoch 6/200] [loss_mse: 0.064098]
      [Proposed-A:target_refine] [Epoch 7/200] [loss_mse: 0.056827]
      [Proposed-A:target_refine] [Epoch 8/200] [loss_mse: 0.052031]
      [Proposed-A:target_refine] [Epoch 9/200] [loss_mse: 0.047317]
      [Proposed-A:target_refine] [Epoch 10/200] [loss_mse: 0.065805]
  收敛检测[few_shot:proposed_a_station63_class0]: 首次达到收敛条件 @ epoch 14 (best_epoch=9, best_loss=0.047317, final_loss=0.055750)
      [Proposed-A:target_refine] [Epoch 20/200] [loss_mse: 0.050801]
  收敛检测[few_shot:proposed_a_station63_class0]: 首次达到收敛条件 @ epoch 22 (best_epoch=17, best_loss=0.045116, final_loss=0.057100)
  收敛检测[few_shot:proposed_a_station63_class0]: 首次达到收敛条件 @ epoch 32 (best_epoch=27, best_loss=0.041628, final_loss=0.048022)
      [Proposed-A:target_refine] [Epoch 40/200] [loss_mse: 0.054202]
      [Proposed-A:target_refine] [Epoch 60/200] [loss_mse: 0.043518]
  收敛检测[few_shot:proposed_a_station63_class0]: 首次达到收敛条件 @ epoch 63 (best_epoch=58, best_loss=0.040402, final_loss=0.052120)
  收敛检测[few_shot:proposed_a_station63_class0]: 首次达到收敛条件 @ epoch 74 (best_epoch=69, best_loss=0.030970, final_loss=0.052385)
      [Proposed-A:target_refine] [Epoch 80/200] [loss_mse: 0.037750]
      [Proposed-A:target_refine] [Epoch 100/200] [loss_mse: 0.047368]
      [Proposed-A:target_refine] [Epoch 120/200] [loss_mse: 0.054595]
      [Proposed-A:target_refine] [Epoch 140/200] [loss_mse: 0.046752]
  收敛检测[few_shot:proposed_a_station63_class0]: 首次达到收敛条件 @ epoch 149 (best_epoch=144, best_loss=0.030798, final_loss=0.041826)
      [Proposed-A:target_refine] [Epoch 160/200] [loss_mse: 0.033556]
      [Proposed-A:target_refine] [Epoch 180/200] [loss_mse: 0.047928]
      [Proposed-A:target_refine] [Epoch 200/200] [loss_mse: 0.030835]
  收敛检测[few_shot:proposed_a_station63_class0]: 已收敛 @ epoch 149 (best_epoch=144, best_loss=0.030798, final_loss=0.030835)
    ✓ 保存(Proposed-A): artifacts/2h6p_six_station/fed-normal-meta-5k/models/model_fore_station63_extreme0_proposed_a.pth weights={'63': 0.5, '58': 0.06460557435468482, '59': 0.11554812069157643, '60': 0.11608597938726815, '61': 0.09423405977403736, '62': 0.10952626579243328}

  极端天气类别 2:
    样本数: 3
    训练轮数: 200, few-shot loss=MSE
    adapt/val: 2 / 1
      [LMT] [Epoch 1/200] [loss_mse: 0.059115]
      [LMT] [Epoch 2/200] [loss_mse: 0.059262]
      [LMT] [Epoch 3/200] [loss_mse: 0.052263]
      [LMT] [Epoch 4/200] [loss_mse: 0.056767]
      [LMT] [Epoch 5/200] [loss_mse: 0.051119]
      [LMT] [Epoch 6/200] [loss_mse: 0.044772]
      [LMT] [Epoch 7/200] [loss_mse: 0.040623]
      [LMT] [Epoch 8/200] [loss_mse: 0.035392]
      [LMT] [Epoch 9/200] [loss_mse: 0.041320]
      [LMT] [Epoch 10/200] [loss_mse: 0.036239]
      [LMT] [Epoch 20/200] [loss_mse: 0.023739]
      [LMT] [Epoch 40/200] [loss_mse: 0.015582]
  收敛检测[few_shot:lmt_station63_class1]: 首次达到收敛条件 @ epoch 41 (best_epoch=36, best_loss=0.012390, final_loss=0.015888)
  收敛检测[few_shot:lmt_station63_class1]: 首次达到收敛条件 @ epoch 53 (best_epoch=48, best_loss=0.009951, final_loss=0.012134)
      [LMT] [Epoch 60/200] [loss_mse: 0.015437]
      [LMT] [Epoch 80/200] [loss_mse: 0.011960]
  收敛检测[few_shot:lmt_station63_class1]: 首次达到收敛条件 @ epoch 91 (best_epoch=86, best_loss=0.009559, final_loss=0.013746)
      [LMT] [Epoch 100/200] [loss_mse: 0.010739]
      [LMT] [Epoch 120/200] [loss_mse: 0.011693]
      [LMT] [Epoch 140/200] [loss_mse: 0.013108]
      [LMT] [Epoch 160/200] [loss_mse: 0.012676]
      [LMT] [Epoch 180/200] [loss_mse: 0.015484]
      [LMT] [Epoch 200/200] [loss_mse: 0.012552]
  收敛检测[few_shot:lmt_station63_class1]: 已收敛 @ epoch 91 (best_epoch=86, best_loss=0.009559, final_loss=0.012552)
    ✓ 保存(LMT): artifacts/2h6p_six_station/fed-normal-meta-5k/models/model_fore_station63_extreme1.pth
  收敛检测[few_shot:few_shot]: 未收敛 (best_epoch=1, best_loss=0.066186, final_loss=0.066186)
    [screen:extreme_source] source_station=58 -> target_station=63, candidate=1, gated=1, effective=1
      [extreme_source:58->target63] [Epoch 1/200] [loss_mse: 0.009165]
      [extreme_source:58->target63] [Epoch 2/200] [loss_mse: 0.010110]
      [extreme_source:58->target63] [Epoch 3/200] [loss_mse: 0.006735]
      [extreme_source:58->target63] [Epoch 4/200] [loss_mse: 0.006390]
      [extreme_source:58->target63] [Epoch 5/200] [loss_mse: 0.006346]
      [extreme_source:58->target63] [Epoch 6/200] [loss_mse: 0.043338]
      [extreme_source:58->target63] [Epoch 7/200] [loss_mse: 0.001762]
      [extreme_source:58->target63] [Epoch 8/200] [loss_mse: 0.001037]
      [extreme_source:58->target63] [Epoch 9/200] [loss_mse: 0.002191]
      [extreme_source:58->target63] [Epoch 10/200] [loss_mse: 0.011883]
  收敛检测[few_shot:extreme_source_station58_to_63_class1]: 首次达到收敛条件 @ epoch 13 (best_epoch=8, best_loss=0.001037, final_loss=0.007925)
      [extreme_source:58->target63] [Epoch 20/200] [loss_mse: 0.002885]
  收敛检测[few_shot:extreme_source_station58_to_63_class1]: 首次达到收敛条件 @ epoch 38 (best_epoch=33, best_loss=0.000217, final_loss=0.014171)
      [extreme_source:58->target63] [Epoch 40/200] [loss_mse: 0.010684]
      [extreme_source:58->target63] [Epoch 60/200] [loss_mse: 0.004577]
      [extreme_source:58->target63] [Epoch 80/200] [loss_mse: 0.002198]
  收敛检测[few_shot:extreme_source_station58_to_63_class1]: 首次达到收敛条件 @ epoch 97 (best_epoch=92, best_loss=0.000017, final_loss=0.014433)
      [extreme_source:58->target63] [Epoch 100/200] [loss_mse: 0.002217]
      [extreme_source:58->target63] [Epoch 120/200] [loss_mse: 0.009859]
      [extreme_source:58->target63] [Epoch 140/200] [loss_mse: 0.008972]
      [extreme_source:58->target63] [Epoch 160/200] [loss_mse: 0.008477]
      [extreme_source:58->target63] [Epoch 180/200] [loss_mse: 0.008833]
      [extreme_source:58->target63] [Epoch 200/200] [loss_mse: 0.017155]
  收敛检测[few_shot:extreme_source_station58_to_63_class1]: 已收敛 @ epoch 97 (best_epoch=92, best_loss=0.000017, final_loss=0.017155)
  收敛检测[few_shot:few_shot]: 未收敛 (best_epoch=1, best_loss=0.103247, final_loss=0.103247)
  收敛检测[few_shot:few_shot]: 未收敛 (best_epoch=1, best_loss=0.066726, final_loss=0.066726)
  收敛检测[few_shot:few_shot]: 未收敛 (best_epoch=1, best_loss=0.119999, final_loss=0.119999)
  收敛检测[few_shot:few_shot]: 未收敛 (best_epoch=1, best_loss=0.058339, final_loss=0.058339)
    [screen:extreme_source] source_station=59 -> target_station=63, candidate=4, gated=4, effective=3
      [extreme_source:59->target63] [Epoch 1/200] [loss_mse: 0.099389]
      [extreme_source:59->target63] [Epoch 2/200] [loss_mse: 0.090231]
      [extreme_source:59->target63] [Epoch 3/200] [loss_mse: 0.069167]
      [extreme_source:59->target63] [Epoch 4/200] [loss_mse: 0.076793]
      [extreme_source:59->target63] [Epoch 5/200] [loss_mse: 0.071666]
      [extreme_source:59->target63] [Epoch 6/200] [loss_mse: 0.066075]
      [extreme_source:59->target63] [Epoch 7/200] [loss_mse: 0.067203]
      [extreme_source:59->target63] [Epoch 8/200] [loss_mse: 0.065763]
      [extreme_source:59->target63] [Epoch 9/200] [loss_mse: 0.056308]
      [extreme_source:59->target63] [Epoch 10/200] [loss_mse: 0.060101]
      [extreme_source:59->target63] [Epoch 20/200] [loss_mse: 0.029421]
      [extreme_source:59->target63] [Epoch 40/200] [loss_mse: 0.012135]
  收敛检测[few_shot:extreme_source_station59_to_63_class1]: 首次达到收敛条件 @ epoch 51 (best_epoch=46, best_loss=0.007828, final_loss=0.009946)
      [extreme_source:59->target63] [Epoch 60/200] [loss_mse: 0.006714]
  收敛检测[few_shot:extreme_source_station59_to_63_class1]: 首次达到收敛条件 @ epoch 61 (best_epoch=56, best_loss=0.006001, final_loss=0.006410)
  收敛检测[few_shot:extreme_source_station59_to_63_class1]: 首次达到收敛条件 @ epoch 74 (best_epoch=69, best_loss=0.005791, final_loss=0.008471)
      [extreme_source:59->target63] [Epoch 80/200] [loss_mse: 0.006524]
  收敛检测[few_shot:extreme_source_station59_to_63_class1]: 首次达到收敛条件 @ epoch 95 (best_epoch=90, best_loss=0.004963, final_loss=0.007545)
      [extreme_source:59->target63] [Epoch 100/200] [loss_mse: 0.007264]
      [extreme_source:59->target63] [Epoch 120/200] [loss_mse: 0.006498]
      [extreme_source:59->target63] [Epoch 140/200] [loss_mse: 0.007870]
      [extreme_source:59->target63] [Epoch 160/200] [loss_mse: 0.007893]
      [extreme_source:59->target63] [Epoch 180/200] [loss_mse: 0.006507]
      [extreme_source:59->target63] [Epoch 200/200] [loss_mse: 0.005876]
  收敛检测[few_shot:extreme_source_station59_to_63_class1]: 已收敛 @ epoch 95 (best_epoch=90, best_loss=0.004963, final_loss=0.005876)
  收敛检测[few_shot:few_shot]: 未收敛 (best_epoch=1, best_loss=0.017419, final_loss=0.017419)
  收敛检测[few_shot:few_shot]: 未收敛 (best_epoch=1, best_loss=0.102749, final_loss=0.102749)
  收敛检测[few_shot:few_shot]: 未收敛 (best_epoch=1, best_loss=0.041333, final_loss=0.041333)
    [screen:extreme_source] source_station=60 -> target_station=63, candidate=3, gated=3, effective=3
      [extreme_source:60->target63] [Epoch 1/200] [loss_mse: 0.044375]
      [extreme_source:60->target63] [Epoch 2/200] [loss_mse: 0.059130]
      [extreme_source:60->target63] [Epoch 3/200] [loss_mse: 0.050873]
      [extreme_source:60->target63] [Epoch 4/200] [loss_mse: 0.054270]
      [extreme_source:60->target63] [Epoch 5/200] [loss_mse: 0.051046]
      [extreme_source:60->target63] [Epoch 6/200] [loss_mse: 0.039036]
      [extreme_source:60->target63] [Epoch 7/200] [loss_mse: 0.041448]
      [extreme_source:60->target63] [Epoch 8/200] [loss_mse: 0.034139]
      [extreme_source:60->target63] [Epoch 9/200] [loss_mse: 0.033968]
      [extreme_source:60->target63] [Epoch 10/200] [loss_mse: 0.036679]
      [extreme_source:60->target63] [Epoch 20/200] [loss_mse: 0.027533]
  收敛检测[few_shot:extreme_source_station60_to_63_class1]: 首次达到收敛条件 @ epoch 23 (best_epoch=18, best_loss=0.022755, final_loss=0.023230)
  收敛检测[few_shot:extreme_source_station60_to_63_class1]: 首次达到收敛条件 @ epoch 35 (best_epoch=30, best_loss=0.020882, final_loss=0.022126)
      [extreme_source:60->target63] [Epoch 40/200] [loss_mse: 0.019137]
  收敛检测[few_shot:extreme_source_station60_to_63_class1]: 首次达到收敛条件 @ epoch 45 (best_epoch=40, best_loss=0.019137, final_loss=0.023557)
  收敛检测[few_shot:extreme_source_station60_to_63_class1]: 首次达到收敛条件 @ epoch 55 (best_epoch=50, best_loss=0.018058, final_loss=0.021823)
      [extreme_source:60->target63] [Epoch 60/200] [loss_mse: 0.021029]
      [extreme_source:60->target63] [Epoch 80/200] [loss_mse: 0.022095]
      [extreme_source:60->target63] [Epoch 100/200] [loss_mse: 0.023842]
      [extreme_source:60->target63] [Epoch 120/200] [loss_mse: 0.022441]
      [extreme_source:60->target63] [Epoch 140/200] [loss_mse: 0.023132]
      [extreme_source:60->target63] [Epoch 160/200] [loss_mse: 0.023868]
      [extreme_source:60->target63] [Epoch 180/200] [loss_mse: 0.020431]
      [extreme_source:60->target63] [Epoch 200/200] [loss_mse: 0.021384]
  收敛检测[few_shot:extreme_source_station60_to_63_class1]: 已收敛 @ epoch 55 (best_epoch=50, best_loss=0.018058, final_loss=0.021384)
  收敛检测[few_shot:few_shot]: 未收敛 (best_epoch=1, best_loss=0.054656, final_loss=0.054656)
    [screen:extreme_source] source_station=61 -> target_station=63, candidate=1, gated=1, effective=1
      [extreme_source:61->target63] [Epoch 1/200] [loss_mse: 0.003611]
      [extreme_source:61->target63] [Epoch 2/200] [loss_mse: 0.000659]
      [extreme_source:61->target63] [Epoch 3/200] [loss_mse: 0.001739]
      [extreme_source:61->target63] [Epoch 4/200] [loss_mse: 0.000175]
      [extreme_source:61->target63] [Epoch 5/200] [loss_mse: 0.000814]
      [extreme_source:61->target63] [Epoch 6/200] [loss_mse: 0.000078]
      [extreme_source:61->target63] [Epoch 7/200] [loss_mse: 0.013229]
      [extreme_source:61->target63] [Epoch 8/200] [loss_mse: 0.002804]
  收敛检测[few_shot:extreme_source_station61_to_63_class1]: 首次达到收敛条件 @ epoch 9 (best_epoch=4, best_loss=0.000175, final_loss=0.008188)
      [extreme_source:61->target63] [Epoch 9/200] [loss_mse: 0.008188]
      [extreme_source:61->target63] [Epoch 10/200] [loss_mse: 0.002224]
      [extreme_source:61->target63] [Epoch 20/200] [loss_mse: 0.003728]
      [extreme_source:61->target63] [Epoch 40/200] [loss_mse: 0.000760]
      [extreme_source:61->target63] [Epoch 60/200] [loss_mse: 0.000630]
      [extreme_source:61->target63] [Epoch 80/200] [loss_mse: 0.000353]
      [extreme_source:61->target63] [Epoch 100/200] [loss_mse: 0.003568]
      [extreme_source:61->target63] [Epoch 120/200] [loss_mse: 0.000523]
      [extreme_source:61->target63] [Epoch 140/200] [loss_mse: 0.018375]
      [extreme_source:61->target63] [Epoch 160/200] [loss_mse: 0.000097]
      [extreme_source:61->target63] [Epoch 180/200] [loss_mse: 0.016326]
      [extreme_source:61->target63] [Epoch 200/200] [loss_mse: 0.001070]
  收敛检测[few_shot:extreme_source_station61_to_63_class1]: 已收敛 @ epoch 9 (best_epoch=4, best_loss=0.000175, final_loss=0.001070)
  收敛检测[few_shot:few_shot]: 未收敛 (best_epoch=1, best_loss=0.109275, final_loss=0.109275)
  收敛检测[few_shot:few_shot]: 未收敛 (best_epoch=1, best_loss=0.103491, final_loss=0.103491)
  收敛检测[few_shot:few_shot]: 未收敛 (best_epoch=1, best_loss=0.103457, final_loss=0.103457)
  收敛检测[few_shot:few_shot]: 未收敛 (best_epoch=1, best_loss=0.058379, final_loss=0.058379)
    [screen:extreme_source] source_station=62 -> target_station=63, candidate=4, gated=4, effective=3
      [extreme_source:62->target63] [Epoch 1/200] [loss_mse: 0.096848]
      [extreme_source:62->target63] [Epoch 2/200] [loss_mse: 0.100343]
      [extreme_source:62->target63] [Epoch 3/200] [loss_mse: 0.096973]
      [extreme_source:62->target63] [Epoch 4/200] [loss_mse: 0.085388]
      [extreme_source:62->target63] [Epoch 5/200] [loss_mse: 0.080170]
      [extreme_source:62->target63] [Epoch 6/200] [loss_mse: 0.084661]
      [extreme_source:62->target63] [Epoch 7/200] [loss_mse: 0.082141]
      [extreme_source:62->target63] [Epoch 8/200] [loss_mse: 0.074714]
      [extreme_source:62->target63] [Epoch 9/200] [loss_mse: 0.072901]
      [extreme_source:62->target63] [Epoch 10/200] [loss_mse: 0.064090]
      [extreme_source:62->target63] [Epoch 20/200] [loss_mse: 0.037275]
      [extreme_source:62->target63] [Epoch 40/200] [loss_mse: 0.013749]
  收敛检测[few_shot:extreme_source_station62_to_63_class1]: 首次达到收敛条件 @ epoch 56 (best_epoch=51, best_loss=0.009791, final_loss=0.010813)
      [extreme_source:62->target63] [Epoch 60/200] [loss_mse: 0.009800]
  收敛检测[few_shot:extreme_source_station62_to_63_class1]: 首次达到收敛条件 @ epoch 68 (best_epoch=63, best_loss=0.008292, final_loss=0.009972)
  收敛检测[few_shot:extreme_source_station62_to_63_class1]: 首次达到收敛条件 @ epoch 77 (best_epoch=72, best_loss=0.007851, final_loss=0.008841)
      [extreme_source:62->target63] [Epoch 80/200] [loss_mse: 0.009685]
      [extreme_source:62->target63] [Epoch 100/200] [loss_mse: 0.008151]
  收敛检测[few_shot:extreme_source_station62_to_63_class1]: 首次达到收敛条件 @ epoch 119 (best_epoch=114, best_loss=0.007607, final_loss=0.009473)
      [extreme_source:62->target63] [Epoch 120/200] [loss_mse: 0.009701]
      [extreme_source:62->target63] [Epoch 140/200] [loss_mse: 0.008693]
      [extreme_source:62->target63] [Epoch 160/200] [loss_mse: 0.009010]
  收敛检测[few_shot:extreme_source_station62_to_63_class1]: 首次达到收敛条件 @ epoch 164 (best_epoch=159, best_loss=0.006747, final_loss=0.007831)
      [extreme_source:62->target63] [Epoch 180/200] [loss_mse: 0.009423]
      [extreme_source:62->target63] [Epoch 200/200] [loss_mse: 0.008827]
  收敛检测[few_shot:extreme_source_station62_to_63_class1]: 已收敛 @ epoch 164 (best_epoch=159, best_loss=0.006747, final_loss=0.008827)
      [Extreme-FedAvg:target_refine] [Epoch 1/200] [loss_mse: 0.014384]
      [Extreme-FedAvg:target_refine] [Epoch 2/200] [loss_mse: 0.015305]
      [Extreme-FedAvg:target_refine] [Epoch 3/200] [loss_mse: 0.013568]
      [Extreme-FedAvg:target_refine] [Epoch 4/200] [loss_mse: 0.019590]
      [Extreme-FedAvg:target_refine] [Epoch 5/200] [loss_mse: 0.012667]
      [Extreme-FedAvg:target_refine] [Epoch 6/200] [loss_mse: 0.013157]
      [Extreme-FedAvg:target_refine] [Epoch 7/200] [loss_mse: 0.014795]
      [Extreme-FedAvg:target_refine] [Epoch 8/200] [loss_mse: 0.016490]
      [Extreme-FedAvg:target_refine] [Epoch 9/200] [loss_mse: 0.013121]
  收敛检测[few_shot:extreme_fedavg_station63_class1]: 首次达到收敛条件 @ epoch 10 (best_epoch=5, best_loss=0.012667, final_loss=0.015787)
      [Extreme-FedAvg:target_refine] [Epoch 10/200] [loss_mse: 0.015787]
  收敛检测[few_shot:extreme_fedavg_station63_class1]: 首次达到收敛条件 @ epoch 20 (best_epoch=15, best_loss=0.012315, final_loss=0.013880)
      [Extreme-FedAvg:target_refine] [Epoch 20/200] [loss_mse: 0.013880]
  收敛检测[few_shot:extreme_fedavg_station63_class1]: 首次达到收敛条件 @ epoch 31 (best_epoch=26, best_loss=0.011528, final_loss=0.016587)
      [Extreme-FedAvg:target_refine] [Epoch 40/200] [loss_mse: 0.012788]
  收敛检测[few_shot:extreme_fedavg_station63_class1]: 首次达到收敛条件 @ epoch 53 (best_epoch=48, best_loss=0.009920, final_loss=0.013037)
      [Extreme-FedAvg:target_refine] [Epoch 60/200] [loss_mse: 0.014664]
  收敛检测[few_shot:extreme_fedavg_station63_class1]: 首次达到收敛条件 @ epoch 71 (best_epoch=66, best_loss=0.009070, final_loss=0.015216)
      [Extreme-FedAvg:target_refine] [Epoch 80/200] [loss_mse: 0.011813]
      [Extreme-FedAvg:target_refine] [Epoch 100/200] [loss_mse: 0.012169]
      [Extreme-FedAvg:target_refine] [Epoch 120/200] [loss_mse: 0.013227]
      [Extreme-FedAvg:target_refine] [Epoch 140/200] [loss_mse: 0.012688]
      [Extreme-FedAvg:target_refine] [Epoch 160/200] [loss_mse: 0.017212]
      [Extreme-FedAvg:target_refine] [Epoch 180/200] [loss_mse: 0.010826]
      [Extreme-FedAvg:target_refine] [Epoch 200/200] [loss_mse: 0.011737]
  收敛检测[few_shot:extreme_fedavg_station63_class1]: 已收敛 @ epoch 71 (best_epoch=66, best_loss=0.009070, final_loss=0.011737)
    ✓ 保存(Extreme-FedAvg): artifacts/2h6p_six_station/fed-normal-meta-5k/models/model_fore_station63_extreme1_extreme_fedavg.pth weights={'63': 0.16666666666666666, '58': 0.16666666666666666, '59': 0.16666666666666666, '60': 0.16666666666666666, '61': 0.16666666666666666, '62': 0.16666666666666666}
      [Proposed-A:self_update] [Epoch 1/200] [loss_mse: 0.068644]
      [Proposed-A:self_update] [Epoch 2/200] [loss_mse: 0.053769]
      [Proposed-A:self_update] [Epoch 3/200] [loss_mse: 0.058197]
      [Proposed-A:self_update] [Epoch 4/200] [loss_mse: 0.049854]
      [Proposed-A:self_update] [Epoch 5/200] [loss_mse: 0.054579]
      [Proposed-A:self_update] [Epoch 6/200] [loss_mse: 0.050065]
      [Proposed-A:self_update] [Epoch 7/200] [loss_mse: 0.044131]
      [Proposed-A:self_update] [Epoch 8/200] [loss_mse: 0.041794]
      [Proposed-A:self_update] [Epoch 9/200] [loss_mse: 0.033740]
      [Proposed-A:self_update] [Epoch 10/200] [loss_mse: 0.034325]
      [Proposed-A:self_update] [Epoch 20/200] [loss_mse: 0.022336]
  收敛检测[few_shot:proposed_self_station63_class1]: 首次达到收敛条件 @ epoch 38 (best_epoch=33, best_loss=0.011096, final_loss=0.011210)
      [Proposed-A:self_update] [Epoch 40/200] [loss_mse: 0.014813]
      [Proposed-A:self_update] [Epoch 60/200] [loss_mse: 0.012912]
      [Proposed-A:self_update] [Epoch 80/200] [loss_mse: 0.014670]
      [Proposed-A:self_update] [Epoch 100/200] [loss_mse: 0.012684]
  收敛检测[few_shot:proposed_self_station63_class1]: 首次达到收敛条件 @ epoch 109 (best_epoch=104, best_loss=0.010382, final_loss=0.013384)
      [Proposed-A:self_update] [Epoch 120/200] [loss_mse: 0.015586]
      [Proposed-A:self_update] [Epoch 140/200] [loss_mse: 0.014558]
      [Proposed-A:self_update] [Epoch 160/200] [loss_mse: 0.012961]
      [Proposed-A:self_update] [Epoch 180/200] [loss_mse: 0.013701]
      [Proposed-A:self_update] [Epoch 200/200] [loss_mse: 0.014909]
  收敛检测[few_shot:proposed_self_station63_class1]: 已收敛 @ epoch 109 (best_epoch=104, best_loss=0.010382, final_loss=0.014909)
  收敛检测[few_shot:few_shot]: 未收敛 (best_epoch=1, best_loss=0.053608, final_loss=0.053608)
    [screen:proposed_source] source_station=58 -> target_station=63, candidate=1, gated=1, effective=1
      [proposed_source:58->target63] [Epoch 1/200] [loss_mse: 0.009449]
      [proposed_source:58->target63] [Epoch 2/200] [loss_mse: 0.003952]
      [proposed_source:58->target63] [Epoch 3/200] [loss_mse: 0.007294]
      [proposed_source:58->target63] [Epoch 4/200] [loss_mse: 0.005997]
      [proposed_source:58->target63] [Epoch 5/200] [loss_mse: 0.010841]
      [proposed_source:58->target63] [Epoch 6/200] [loss_mse: 0.007854]
  收敛检测[few_shot:proposed_source_station58_to_63_class1]: 首次达到收敛条件 @ epoch 7 (best_epoch=2, best_loss=0.003952, final_loss=0.013385)
      [proposed_source:58->target63] [Epoch 7/200] [loss_mse: 0.013385]
      [proposed_source:58->target63] [Epoch 8/200] [loss_mse: 0.012484]
      [proposed_source:58->target63] [Epoch 9/200] [loss_mse: 0.019479]
      [proposed_source:58->target63] [Epoch 10/200] [loss_mse: 0.006660]
  收敛检测[few_shot:proposed_source_station58_to_63_class1]: 首次达到收敛条件 @ epoch 20 (best_epoch=15, best_loss=0.001355, final_loss=0.007878)
      [proposed_source:58->target63] [Epoch 20/200] [loss_mse: 0.007878]
  收敛检测[few_shot:proposed_source_station58_to_63_class1]: 首次达到收敛条件 @ epoch 36 (best_epoch=31, best_loss=0.001110, final_loss=0.003893)
      [proposed_source:58->target63] [Epoch 40/200] [loss_mse: 0.013049]
      [proposed_source:58->target63] [Epoch 60/200] [loss_mse: 0.004049]
  收敛检测[few_shot:proposed_source_station58_to_63_class1]: 首次达到收敛条件 @ epoch 68 (best_epoch=63, best_loss=0.000229, final_loss=0.004098)
      [proposed_source:58->target63] [Epoch 80/200] [loss_mse: 0.007546]
  收敛检测[few_shot:proposed_source_station58_to_63_class1]: 首次达到收敛条件 @ epoch 98 (best_epoch=93, best_loss=0.000023, final_loss=0.003033)
      [proposed_source:58->target63] [Epoch 100/200] [loss_mse: 0.002659]
      [proposed_source:58->target63] [Epoch 120/200] [loss_mse: 0.015291]
      [proposed_source:58->target63] [Epoch 140/200] [loss_mse: 0.013638]
      [proposed_source:58->target63] [Epoch 160/200] [loss_mse: 0.003779]
      [proposed_source:58->target63] [Epoch 180/200] [loss_mse: 0.003372]
      [proposed_source:58->target63] [Epoch 200/200] [loss_mse: 0.006604]
  收敛检测[few_shot:proposed_source_station58_to_63_class1]: 已收敛 @ epoch 98 (best_epoch=93, best_loss=0.000023, final_loss=0.006604)
  收敛检测[few_shot:few_shot]: 未收敛 (best_epoch=1, best_loss=0.095206, final_loss=0.095206)
  收敛检测[few_shot:few_shot]: 未收敛 (best_epoch=1, best_loss=0.081472, final_loss=0.081472)
  收敛检测[few_shot:few_shot]: 未收敛 (best_epoch=1, best_loss=0.138764, final_loss=0.138764)
  收敛检测[few_shot:few_shot]: 未收敛 (best_epoch=1, best_loss=0.074251, final_loss=0.074251)
    [screen:proposed_source] source_station=59 -> target_station=63, candidate=4, gated=4, effective=3
      [proposed_source:59->target63] [Epoch 1/200] [loss_mse: 0.127613]
      [proposed_source:59->target63] [Epoch 2/200] [loss_mse: 0.106252]
      [proposed_source:59->target63] [Epoch 3/200] [loss_mse: 0.111743]
      [proposed_source:59->target63] [Epoch 4/200] [loss_mse: 0.099950]
      [proposed_source:59->target63] [Epoch 5/200] [loss_mse: 0.095206]
      [proposed_source:59->target63] [Epoch 6/200] [loss_mse: 0.076858]
      [proposed_source:59->target63] [Epoch 7/200] [loss_mse: 0.080541]
      [proposed_source:59->target63] [Epoch 8/200] [loss_mse: 0.089487]
      [proposed_source:59->target63] [Epoch 9/200] [loss_mse: 0.074407]
      [proposed_source:59->target63] [Epoch 10/200] [loss_mse: 0.067645]
      [proposed_source:59->target63] [Epoch 20/200] [loss_mse: 0.038268]
      [proposed_source:59->target63] [Epoch 40/200] [loss_mse: 0.010653]
  收敛检测[few_shot:proposed_source_station59_to_63_class1]: 首次达到收敛条件 @ epoch 45 (best_epoch=40, best_loss=0.010653, final_loss=0.010606)
  收敛检测[few_shot:proposed_source_station59_to_63_class1]: 首次达到收敛条件 @ epoch 51 (best_epoch=46, best_loss=0.007890, final_loss=0.009227)
  收敛检测[few_shot:proposed_source_station59_to_63_class1]: 首次达到收敛条件 @ epoch 58 (best_epoch=53, best_loss=0.007214, final_loss=0.007589)
      [proposed_source:59->target63] [Epoch 60/200] [loss_mse: 0.007553]
  收敛检测[few_shot:proposed_source_station59_to_63_class1]: 首次达到收敛条件 @ epoch 68 (best_epoch=63, best_loss=0.006126, final_loss=0.007039)
  收敛检测[few_shot:proposed_source_station59_to_63_class1]: 首次达到收敛条件 @ epoch 74 (best_epoch=69, best_loss=0.005922, final_loss=0.007619)
      [proposed_source:59->target63] [Epoch 80/200] [loss_mse: 0.008089]
  收敛检测[few_shot:proposed_source_station59_to_63_class1]: 首次达到收敛条件 @ epoch 95 (best_epoch=90, best_loss=0.004862, final_loss=0.007156)
      [proposed_source:59->target63] [Epoch 100/200] [loss_mse: 0.007289]
      [proposed_source:59->target63] [Epoch 120/200] [loss_mse: 0.007436]
      [proposed_source:59->target63] [Epoch 140/200] [loss_mse: 0.008839]
      [proposed_source:59->target63] [Epoch 160/200] [loss_mse: 0.006519]
      [proposed_source:59->target63] [Epoch 180/200] [loss_mse: 0.007786]
      [proposed_source:59->target63] [Epoch 200/200] [loss_mse: 0.007126]
  收敛检测[few_shot:proposed_source_station59_to_63_class1]: 已收敛 @ epoch 95 (best_epoch=90, best_loss=0.004862, final_loss=0.007126)
  收敛检测[few_shot:few_shot]: 未收敛 (best_epoch=1, best_loss=0.014877, final_loss=0.014877)
  收敛检测[few_shot:few_shot]: 未收敛 (best_epoch=1, best_loss=0.098786, final_loss=0.098786)
  收敛检测[few_shot:few_shot]: 未收敛 (best_epoch=1, best_loss=0.046369, final_loss=0.046369)
    [screen:proposed_source] source_station=60 -> target_station=63, candidate=3, gated=3, effective=3
      [proposed_source:60->target63] [Epoch 1/200] [loss_mse: 0.065622]
      [proposed_source:60->target63] [Epoch 2/200] [loss_mse: 0.058014]
      [proposed_source:60->target63] [Epoch 3/200] [loss_mse: 0.055141]
      [proposed_source:60->target63] [Epoch 4/200] [loss_mse: 0.051098]
      [proposed_source:60->target63] [Epoch 5/200] [loss_mse: 0.047713]
      [proposed_source:60->target63] [Epoch 6/200] [loss_mse: 0.042789]
      [proposed_source:60->target63] [Epoch 7/200] [loss_mse: 0.038814]
      [proposed_source:60->target63] [Epoch 8/200] [loss_mse: 0.041133]
      [proposed_source:60->target63] [Epoch 9/200] [loss_mse: 0.040899]
      [proposed_source:60->target63] [Epoch 10/200] [loss_mse: 0.038845]
      [proposed_source:60->target63] [Epoch 20/200] [loss_mse: 0.024485]
  收敛检测[few_shot:proposed_source_station60_to_63_class1]: 首次达到收敛条件 @ epoch 22 (best_epoch=17, best_loss=0.024513, final_loss=0.024443)
  收敛检测[few_shot:proposed_source_station60_to_63_class1]: 首次达到收敛条件 @ epoch 35 (best_epoch=30, best_loss=0.021325, final_loss=0.024679)
      [proposed_source:60->target63] [Epoch 40/200] [loss_mse: 0.021542]
  收敛检测[few_shot:proposed_source_station60_to_63_class1]: 首次达到收敛条件 @ epoch 52 (best_epoch=47, best_loss=0.019775, final_loss=0.021551)
      [proposed_source:60->target63] [Epoch 60/200] [loss_mse: 0.019638]
  收敛检测[few_shot:proposed_source_station60_to_63_class1]: 首次达到收敛条件 @ epoch 62 (best_epoch=57, best_loss=0.018878, final_loss=0.024033)
      [proposed_source:60->target63] [Epoch 80/200] [loss_mse: 0.024045]
      [proposed_source:60->target63] [Epoch 100/200] [loss_mse: 0.021833]
      [proposed_source:60->target63] [Epoch 120/200] [loss_mse: 0.021343]
      [proposed_source:60->target63] [Epoch 140/200] [loss_mse: 0.019949]
  收敛检测[few_shot:proposed_source_station60_to_63_class1]: 首次达到收敛条件 @ epoch 141 (best_epoch=136, best_loss=0.018613, final_loss=0.024553)
      [proposed_source:60->target63] [Epoch 160/200] [loss_mse: 0.024183]
  收敛检测[few_shot:proposed_source_station60_to_63_class1]: 首次达到收敛条件 @ epoch 170 (best_epoch=165, best_loss=0.018001, final_loss=0.023289)
      [proposed_source:60->target63] [Epoch 180/200] [loss_mse: 0.024322]
      [proposed_source:60->target63] [Epoch 200/200] [loss_mse: 0.022566]
  收敛检测[few_shot:proposed_source_station60_to_63_class1]: 已收敛 @ epoch 170 (best_epoch=165, best_loss=0.018001, final_loss=0.022566)
  收敛检测[few_shot:few_shot]: 未收敛 (best_epoch=1, best_loss=0.054770, final_loss=0.054770)
    [screen:proposed_source] source_station=61 -> target_station=63, candidate=1, gated=1, effective=1
      [proposed_source:61->target63] [Epoch 1/200] [loss_mse: 0.003542]
      [proposed_source:61->target63] [Epoch 2/200] [loss_mse: 0.004683]
      [proposed_source:61->target63] [Epoch 3/200] [loss_mse: 0.001118]
      [proposed_source:61->target63] [Epoch 4/200] [loss_mse: 0.029244]
      [proposed_source:61->target63] [Epoch 5/200] [loss_mse: 0.035900]
      [proposed_source:61->target63] [Epoch 6/200] [loss_mse: 0.004827]
      [proposed_source:61->target63] [Epoch 7/200] [loss_mse: 0.004158]
  收敛检测[few_shot:proposed_source_station61_to_63_class1]: 首次达到收敛条件 @ epoch 8 (best_epoch=3, best_loss=0.001118, final_loss=0.001134)
      [proposed_source:61->target63] [Epoch 8/200] [loss_mse: 0.001134]
      [proposed_source:61->target63] [Epoch 9/200] [loss_mse: 0.001892]
      [proposed_source:61->target63] [Epoch 10/200] [loss_mse: 0.000498]
  收敛检测[few_shot:proposed_source_station61_to_63_class1]: 首次达到收敛条件 @ epoch 15 (best_epoch=10, best_loss=0.000498, final_loss=0.002227)
      [proposed_source:61->target63] [Epoch 20/200] [loss_mse: 0.001237]
  收敛检测[few_shot:proposed_source_station61_to_63_class1]: 首次达到收敛条件 @ epoch 31 (best_epoch=26, best_loss=0.000093, final_loss=0.002095)
      [proposed_source:61->target63] [Epoch 40/200] [loss_mse: 0.001487]
      [proposed_source:61->target63] [Epoch 60/200] [loss_mse: 0.007238]
      [proposed_source:61->target63] [Epoch 80/200] [loss_mse: 0.000299]
      [proposed_source:61->target63] [Epoch 100/200] [loss_mse: 0.000957]
      [proposed_source:61->target63] [Epoch 120/200] [loss_mse: 0.000362]
      [proposed_source:61->target63] [Epoch 140/200] [loss_mse: 0.001071]
      [proposed_source:61->target63] [Epoch 160/200] [loss_mse: 0.001149]
      [proposed_source:61->target63] [Epoch 180/200] [loss_mse: 0.001147]
      [proposed_source:61->target63] [Epoch 200/200] [loss_mse: 0.001948]
  收敛检测[few_shot:proposed_source_station61_to_63_class1]: 已收敛 @ epoch 31 (best_epoch=26, best_loss=0.000093, final_loss=0.001948)
  收敛检测[few_shot:few_shot]: 未收敛 (best_epoch=1, best_loss=0.134425, final_loss=0.134425)
  收敛检测[few_shot:few_shot]: 未收敛 (best_epoch=1, best_loss=0.120235, final_loss=0.120235)
  收敛检测[few_shot:few_shot]: 未收敛 (best_epoch=1, best_loss=0.111204, final_loss=0.111204)
  收敛检测[few_shot:few_shot]: 未收敛 (best_epoch=1, best_loss=0.056106, final_loss=0.056106)
    [screen:proposed_source] source_station=62 -> target_station=63, candidate=4, gated=4, effective=3
      [proposed_source:62->target63] [Epoch 1/200] [loss_mse: 0.110282]
      [proposed_source:62->target63] [Epoch 2/200] [loss_mse: 0.097904]
      [proposed_source:62->target63] [Epoch 3/200] [loss_mse: 0.112720]
      [proposed_source:62->target63] [Epoch 4/200] [loss_mse: 0.082693]
      [proposed_source:62->target63] [Epoch 5/200] [loss_mse: 0.081150]
      [proposed_source:62->target63] [Epoch 6/200] [loss_mse: 0.075332]
      [proposed_source:62->target63] [Epoch 7/200] [loss_mse: 0.077669]
      [proposed_source:62->target63] [Epoch 8/200] [loss_mse: 0.076922]
      [proposed_source:62->target63] [Epoch 9/200] [loss_mse: 0.061985]
      [proposed_source:62->target63] [Epoch 10/200] [loss_mse: 0.063846]
      [proposed_source:62->target63] [Epoch 20/200] [loss_mse: 0.035292]
      [proposed_source:62->target63] [Epoch 40/200] [loss_mse: 0.012973]
  收敛检测[few_shot:proposed_source_station62_to_63_class1]: 首次达到收敛条件 @ epoch 56 (best_epoch=51, best_loss=0.008233, final_loss=0.010200)
      [proposed_source:62->target63] [Epoch 60/200] [loss_mse: 0.008603]
  收敛检测[few_shot:proposed_source_station62_to_63_class1]: 首次达到收敛条件 @ epoch 73 (best_epoch=68, best_loss=0.008093, final_loss=0.008727)
      [proposed_source:62->target63] [Epoch 80/200] [loss_mse: 0.008993]
  收敛检测[few_shot:proposed_source_station62_to_63_class1]: 首次达到收敛条件 @ epoch 91 (best_epoch=86, best_loss=0.007648, final_loss=0.008579)
      [proposed_source:62->target63] [Epoch 100/200] [loss_mse: 0.007701]
      [proposed_source:62->target63] [Epoch 120/200] [loss_mse: 0.008333]
  收敛检测[few_shot:proposed_source_station62_to_63_class1]: 首次达到收敛条件 @ epoch 129 (best_epoch=124, best_loss=0.007444, final_loss=0.007764)
      [proposed_source:62->target63] [Epoch 140/200] [loss_mse: 0.007112]
  收敛检测[few_shot:proposed_source_station62_to_63_class1]: 首次达到收敛条件 @ epoch 145 (best_epoch=140, best_loss=0.007112, final_loss=0.009387)
      [proposed_source:62->target63] [Epoch 160/200] [loss_mse: 0.010154]
      [proposed_source:62->target63] [Epoch 180/200] [loss_mse: 0.009372]
      [proposed_source:62->target63] [Epoch 200/200] [loss_mse: 0.008371]
  收敛检测[few_shot:proposed_source_station62_to_63_class1]: 未收敛 (best_epoch=199, best_loss=0.006963, final_loss=0.008371)
      [Proposed-A:target_refine] [Epoch 1/200] [loss_mse: 0.013854]
      [Proposed-A:target_refine] [Epoch 2/200] [loss_mse: 0.014998]
      [Proposed-A:target_refine] [Epoch 3/200] [loss_mse: 0.013747]
      [Proposed-A:target_refine] [Epoch 4/200] [loss_mse: 0.012451]
      [Proposed-A:target_refine] [Epoch 5/200] [loss_mse: 0.013965]
      [Proposed-A:target_refine] [Epoch 6/200] [loss_mse: 0.010922]
      [Proposed-A:target_refine] [Epoch 7/200] [loss_mse: 0.012435]
      [Proposed-A:target_refine] [Epoch 8/200] [loss_mse: 0.013021]
      [Proposed-A:target_refine] [Epoch 9/200] [loss_mse: 0.013345]
      [Proposed-A:target_refine] [Epoch 10/200] [loss_mse: 0.013577]
  收敛检测[few_shot:proposed_a_station63_class1]: 首次达到收敛条件 @ epoch 11 (best_epoch=6, best_loss=0.010922, final_loss=0.016058)
      [Proposed-A:target_refine] [Epoch 20/200] [loss_mse: 0.014298]
      [Proposed-A:target_refine] [Epoch 40/200] [loss_mse: 0.011865]
      [Proposed-A:target_refine] [Epoch 60/200] [loss_mse: 0.014465]
  收敛检测[few_shot:proposed_a_station63_class1]: 首次达到收敛条件 @ epoch 64 (best_epoch=59, best_loss=0.010418, final_loss=0.012144)
      [Proposed-A:target_refine] [Epoch 80/200] [loss_mse: 0.014180]
      [Proposed-A:target_refine] [Epoch 100/200] [loss_mse: 0.012888]
      [Proposed-A:target_refine] [Epoch 120/200] [loss_mse: 0.014074]
      [Proposed-A:target_refine] [Epoch 140/200] [loss_mse: 0.014488]
      [Proposed-A:target_refine] [Epoch 160/200] [loss_mse: 0.012535]
      [Proposed-A:target_refine] [Epoch 180/200] [loss_mse: 0.012789]
      [Proposed-A:target_refine] [Epoch 200/200] [loss_mse: 0.011948]
  收敛检测[few_shot:proposed_a_station63_class1]: 已收敛 @ epoch 64 (best_epoch=59, best_loss=0.010418, final_loss=0.011948)
    ✓ 保存(Proposed-A): artifacts/2h6p_six_station/fed-normal-meta-5k/models/model_fore_station63_extreme1_proposed_a.pth weights={'63': 0.5, '58': 0.05893027730980244, '59': 0.12367136223198567, '60': 0.12947056000076407, '61': 0.06033418608643661, '62': 0.12759361437101116}

  极端天气类别 3:
    样本数: 1
    训练轮数: 200, few-shot loss=MSE
    adapt/val: 1 / 1
      [LMT] [Epoch 1/200] [loss_mse: 0.098278]
      [LMT] [Epoch 2/200] [loss_mse: 0.090125]
      [LMT] [Epoch 3/200] [loss_mse: 0.113835]
      [LMT] [Epoch 4/200] [loss_mse: 0.082640]
      [LMT] [Epoch 5/200] [loss_mse: 0.070149]
      [LMT] [Epoch 6/200] [loss_mse: 0.074788]
      [LMT] [Epoch 7/200] [loss_mse: 0.072671]
      [LMT] [Epoch 8/200] [loss_mse: 0.101296]
      [LMT] [Epoch 9/200] [loss_mse: 0.057508]
      [LMT] [Epoch 10/200] [loss_mse: 0.065966]
      [LMT] [Epoch 20/200] [loss_mse: 0.034397]
  收敛检测[few_shot:lmt_station63_class2]: 首次达到收敛条件 @ epoch 37 (best_epoch=32, best_loss=0.011179, final_loss=0.019165)
      [LMT] [Epoch 40/200] [loss_mse: 0.051067]
  收敛检测[few_shot:lmt_station63_class2]: 首次达到收敛条件 @ epoch 46 (best_epoch=41, best_loss=0.003176, final_loss=0.043484)
      [LMT] [Epoch 60/200] [loss_mse: 0.005504]
  收敛检测[few_shot:lmt_station63_class2]: 首次达到收敛条件 @ epoch 64 (best_epoch=59, best_loss=0.000951, final_loss=0.009871)
      [LMT] [Epoch 80/200] [loss_mse: 0.011774]
      [LMT] [Epoch 100/200] [loss_mse: 0.010297]
  收敛检测[few_shot:lmt_station63_class2]: 首次达到收敛条件 @ epoch 104 (best_epoch=99, best_loss=0.000761, final_loss=0.002420)
      [LMT] [Epoch 120/200] [loss_mse: 0.000973]
  收敛检测[few_shot:lmt_station63_class2]: 首次达到收敛条件 @ epoch 123 (best_epoch=118, best_loss=0.000264, final_loss=0.020067)
      [LMT] [Epoch 140/200] [loss_mse: 0.006883]
  收敛检测[few_shot:lmt_station63_class2]: 首次达到收敛条件 @ epoch 143 (best_epoch=138, best_loss=0.000100, final_loss=0.000472)
      [LMT] [Epoch 160/200] [loss_mse: 0.003860]
      [LMT] [Epoch 180/200] [loss_mse: 0.001671]
      [LMT] [Epoch 200/200] [loss_mse: 0.000730]
  收敛检测[few_shot:lmt_station63_class2]: 已收敛 @ epoch 143 (best_epoch=138, best_loss=0.000100, final_loss=0.000730)
    ✓ 保存(LMT): artifacts/2h6p_six_station/fed-normal-meta-5k/models/model_fore_station63_extreme2.pth
  收敛检测[few_shot:few_shot]: 未收敛 (best_epoch=1, best_loss=0.136135, final_loss=0.136135)
    [screen:extreme_source] source_station=58 -> target_station=63, candidate=1, gated=1, effective=1
      [extreme_source:58->target63] [Epoch 1/200] [loss_mse: 0.007075]
      [extreme_source:58->target63] [Epoch 2/200] [loss_mse: 0.002532]
      [extreme_source:58->target63] [Epoch 3/200] [loss_mse: 0.004634]
      [extreme_source:58->target63] [Epoch 4/200] [loss_mse: 0.006550]
      [extreme_source:58->target63] [Epoch 5/200] [loss_mse: 0.002645]
      [extreme_source:58->target63] [Epoch 6/200] [loss_mse: 0.004395]
      [extreme_source:58->target63] [Epoch 7/200] [loss_mse: 0.001522]
      [extreme_source:58->target63] [Epoch 8/200] [loss_mse: 0.006053]
      [extreme_source:58->target63] [Epoch 9/200] [loss_mse: 0.003505]
      [extreme_source:58->target63] [Epoch 10/200] [loss_mse: 0.009376]
  收敛检测[few_shot:extreme_source_station58_to_63_class2]: 首次达到收敛条件 @ epoch 16 (best_epoch=11, best_loss=0.000906, final_loss=0.010425)
      [extreme_source:58->target63] [Epoch 20/200] [loss_mse: 0.008445]
  收敛检测[few_shot:extreme_source_station58_to_63_class2]: 首次达到收敛条件 @ epoch 29 (best_epoch=24, best_loss=0.000234, final_loss=0.046314)
      [extreme_source:58->target63] [Epoch 40/200] [loss_mse: 0.002429]
      [extreme_source:58->target63] [Epoch 60/200] [loss_mse: 0.001315]
      [extreme_source:58->target63] [Epoch 80/200] [loss_mse: 0.005640]
      [extreme_source:58->target63] [Epoch 100/200] [loss_mse: 0.007496]
  收敛检测[few_shot:extreme_source_station58_to_63_class2]: 首次达到收敛条件 @ epoch 117 (best_epoch=112, best_loss=0.000093, final_loss=0.015163)
      [extreme_source:58->target63] [Epoch 120/200] [loss_mse: 0.008505]
      [extreme_source:58->target63] [Epoch 140/200] [loss_mse: 0.000864]
      [extreme_source:58->target63] [Epoch 160/200] [loss_mse: 0.005826]
      [extreme_source:58->target63] [Epoch 180/200] [loss_mse: 0.001236]
      [extreme_source:58->target63] [Epoch 200/200] [loss_mse: 0.000571]
  收敛检测[few_shot:extreme_source_station58_to_63_class2]: 已收敛 @ epoch 117 (best_epoch=112, best_loss=0.000093, final_loss=0.000571)
  收敛检测[few_shot:few_shot]: 未收敛 (best_epoch=1, best_loss=0.155499, final_loss=0.155499)
  收敛检测[few_shot:few_shot]: 未收敛 (best_epoch=1, best_loss=0.148322, final_loss=0.148322)
    [screen:extreme_source] source_station=59 -> target_station=63, candidate=2, gated=2, effective=1
      [extreme_source:59->target63] [Epoch 1/200] [loss_mse: 0.008227]
      [extreme_source:59->target63] [Epoch 2/200] [loss_mse: 0.006999]
      [extreme_source:59->target63] [Epoch 3/200] [loss_mse: 0.002682]
      [extreme_source:59->target63] [Epoch 4/200] [loss_mse: 0.005712]
      [extreme_source:59->target63] [Epoch 5/200] [loss_mse: 0.001208]
      [extreme_source:59->target63] [Epoch 6/200] [loss_mse: 0.001565]
      [extreme_source:59->target63] [Epoch 7/200] [loss_mse: 0.005621]
      [extreme_source:59->target63] [Epoch 8/200] [loss_mse: 0.004287]
      [extreme_source:59->target63] [Epoch 9/200] [loss_mse: 0.006491]
      [extreme_source:59->target63] [Epoch 10/200] [loss_mse: 0.000014]
  收敛检测[few_shot:extreme_source_station59_to_63_class2]: 首次达到收敛条件 @ epoch 15 (best_epoch=10, best_loss=0.000014, final_loss=0.001183)
      [extreme_source:59->target63] [Epoch 20/200] [loss_mse: 0.011816]
      [extreme_source:59->target63] [Epoch 40/200] [loss_mse: 0.006387]
      [extreme_source:59->target63] [Epoch 60/200] [loss_mse: 0.000489]
      [extreme_source:59->target63] [Epoch 80/200] [loss_mse: 0.000162]
      [extreme_source:59->target63] [Epoch 100/200] [loss_mse: 0.001499]
      [extreme_source:59->target63] [Epoch 120/200] [loss_mse: 0.000698]
      [extreme_source:59->target63] [Epoch 140/200] [loss_mse: 0.010276]
      [extreme_source:59->target63] [Epoch 160/200] [loss_mse: 0.003313]
      [extreme_source:59->target63] [Epoch 180/200] [loss_mse: 0.010450]
      [extreme_source:59->target63] [Epoch 200/200] [loss_mse: 0.064536]
  收敛检测[few_shot:extreme_source_station59_to_63_class2]: 已收敛 @ epoch 15 (best_epoch=10, best_loss=0.000014, final_loss=0.064536)
  收敛检测[few_shot:few_shot]: 未收敛 (best_epoch=1, best_loss=0.242881, final_loss=0.242881)
    [screen:extreme_source] source_station=60 -> target_station=63, candidate=1, gated=1, effective=1
      [extreme_source:60->target63] [Epoch 1/200] [loss_mse: 0.115171]
      [extreme_source:60->target63] [Epoch 2/200] [loss_mse: 0.152963]
      [extreme_source:60->target63] [Epoch 3/200] [loss_mse: 0.114088]
      [extreme_source:60->target63] [Epoch 4/200] [loss_mse: 0.086563]
      [extreme_source:60->target63] [Epoch 5/200] [loss_mse: 0.142624]
      [extreme_source:60->target63] [Epoch 6/200] [loss_mse: 0.094908]
      [extreme_source:60->target63] [Epoch 7/200] [loss_mse: 0.097111]
      [extreme_source:60->target63] [Epoch 8/200] [loss_mse: 0.069297]
      [extreme_source:60->target63] [Epoch 9/200] [loss_mse: 0.079875]
      [extreme_source:60->target63] [Epoch 10/200] [loss_mse: 0.093658]
      [extreme_source:60->target63] [Epoch 20/200] [loss_mse: 0.039292]
  收敛检测[few_shot:extreme_source_station60_to_63_class2]: 首次达到收敛条件 @ epoch 25 (best_epoch=20, best_loss=0.039292, final_loss=0.072425)
  收敛检测[few_shot:extreme_source_station60_to_63_class2]: 首次达到收敛条件 @ epoch 37 (best_epoch=32, best_loss=0.014054, final_loss=0.039185)
      [extreme_source:60->target63] [Epoch 40/200] [loss_mse: 0.011533]
      [extreme_source:60->target63] [Epoch 60/200] [loss_mse: 0.007299]
  收敛检测[few_shot:extreme_source_station60_to_63_class2]: 首次达到收敛条件 @ epoch 72 (best_epoch=67, best_loss=0.000481, final_loss=0.005888)
      [extreme_source:60->target63] [Epoch 80/200] [loss_mse: 0.011379]
      [extreme_source:60->target63] [Epoch 100/200] [loss_mse: 0.000977]
  收敛检测[few_shot:extreme_source_station60_to_63_class2]: 首次达到收敛条件 @ epoch 109 (best_epoch=104, best_loss=0.000110, final_loss=0.015273)
      [extreme_source:60->target63] [Epoch 120/200] [loss_mse: 0.006423]
      [extreme_source:60->target63] [Epoch 140/200] [loss_mse: 0.030892]
      [extreme_source:60->target63] [Epoch 160/200] [loss_mse: 0.001391]
      [extreme_source:60->target63] [Epoch 180/200] [loss_mse: 0.004769]
      [extreme_source:60->target63] [Epoch 200/200] [loss_mse: 0.000112]
  收敛检测[few_shot:extreme_source_station60_to_63_class2]: 已收敛 @ epoch 109 (best_epoch=104, best_loss=0.000110, final_loss=0.000112)
  收敛检测[few_shot:few_shot]: 未收敛 (best_epoch=1, best_loss=0.071689, final_loss=0.071689)
  收敛检测[few_shot:few_shot]: 未收敛 (best_epoch=1, best_loss=0.318876, final_loss=0.318876)
    [screen:extreme_source] source_station=61 -> target_station=63, candidate=2, gated=2, effective=1
      [extreme_source:61->target63] [Epoch 1/200] [loss_mse: 0.385440]
      [extreme_source:61->target63] [Epoch 2/200] [loss_mse: 0.337206]
      [extreme_source:61->target63] [Epoch 3/200] [loss_mse: 0.322885]
      [extreme_source:61->target63] [Epoch 4/200] [loss_mse: 0.314988]
      [extreme_source:61->target63] [Epoch 5/200] [loss_mse: 0.310645]
      [extreme_source:61->target63] [Epoch 6/200] [loss_mse: 0.272381]
      [extreme_source:61->target63] [Epoch 7/200] [loss_mse: 0.310518]
      [extreme_source:61->target63] [Epoch 8/200] [loss_mse: 0.327506]
      [extreme_source:61->target63] [Epoch 9/200] [loss_mse: 0.292219]
      [extreme_source:61->target63] [Epoch 10/200] [loss_mse: 0.302375]
  收敛检测[few_shot:extreme_source_station61_to_63_class2]: 首次达到收敛条件 @ epoch 20 (best_epoch=15, best_loss=0.181634, final_loss=0.191916)
      [extreme_source:61->target63] [Epoch 20/200] [loss_mse: 0.191916]
  收敛检测[few_shot:extreme_source_station61_to_63_class2]: 首次达到收敛条件 @ epoch 30 (best_epoch=25, best_loss=0.142467, final_loss=0.189221)
  收敛检测[few_shot:extreme_source_station61_to_63_class2]: 首次达到收敛条件 @ epoch 36 (best_epoch=31, best_loss=0.101358, final_loss=0.119810)
      [extreme_source:61->target63] [Epoch 40/200] [loss_mse: 0.123508]
  收敛检测[few_shot:extreme_source_station61_to_63_class2]: 首次达到收敛条件 @ epoch 52 (best_epoch=47, best_loss=0.067099, final_loss=0.079243)
      [extreme_source:61->target63] [Epoch 60/200] [loss_mse: 0.024329]
  收敛检测[few_shot:extreme_source_station61_to_63_class2]: 首次达到收敛条件 @ epoch 65 (best_epoch=60, best_loss=0.024329, final_loss=0.079065)
  收敛检测[few_shot:extreme_source_station61_to_63_class2]: 首次达到收敛条件 @ epoch 75 (best_epoch=70, best_loss=0.019602, final_loss=0.054475)
      [extreme_source:61->target63] [Epoch 80/200] [loss_mse: 0.099755]
  收敛检测[few_shot:extreme_source_station61_to_63_class2]: 首次达到收敛条件 @ epoch 84 (best_epoch=79, best_loss=0.013056, final_loss=0.013890)
      [extreme_source:61->target63] [Epoch 100/200] [loss_mse: 0.050460]
  收敛检测[few_shot:extreme_source_station61_to_63_class2]: 首次达到收敛条件 @ epoch 115 (best_epoch=110, best_loss=0.001116, final_loss=0.008788)
      [extreme_source:61->target63] [Epoch 120/200] [loss_mse: 0.020806]
      [extreme_source:61->target63] [Epoch 140/200] [loss_mse: 0.024233]
      [extreme_source:61->target63] [Epoch 160/200] [loss_mse: 0.005040]
      [extreme_source:61->target63] [Epoch 180/200] [loss_mse: 0.070038]
      [extreme_source:61->target63] [Epoch 200/200] [loss_mse: 0.018918]
  收敛检测[few_shot:extreme_source_station61_to_63_class2]: 已收敛 @ epoch 115 (best_epoch=110, best_loss=0.001116, final_loss=0.018918)
  收敛检测[few_shot:few_shot]: 未收敛 (best_epoch=1, best_loss=0.170393, final_loss=0.170393)
  收敛检测[few_shot:few_shot]: 未收敛 (best_epoch=1, best_loss=0.149578, final_loss=0.149578)
    [screen:extreme_source] source_station=62 -> target_station=63, candidate=2, gated=2, effective=1
      [extreme_source:62->target63] [Epoch 1/200] [loss_mse: 0.044696]
      [extreme_source:62->target63] [Epoch 2/200] [loss_mse: 0.073468]
      [extreme_source:62->target63] [Epoch 3/200] [loss_mse: 0.036066]
      [extreme_source:62->target63] [Epoch 4/200] [loss_mse: 0.049076]
      [extreme_source:62->target63] [Epoch 5/200] [loss_mse: 0.032364]
      [extreme_source:62->target63] [Epoch 6/200] [loss_mse: 0.082174]
      [extreme_source:62->target63] [Epoch 7/200] [loss_mse: 0.054774]
      [extreme_source:62->target63] [Epoch 8/200] [loss_mse: 0.022796]
      [extreme_source:62->target63] [Epoch 9/200] [loss_mse: 0.025611]
      [extreme_source:62->target63] [Epoch 10/200] [loss_mse: 0.027825]
      [extreme_source:62->target63] [Epoch 20/200] [loss_mse: 0.001856]
  收敛检测[few_shot:extreme_source_station62_to_63_class2]: 首次达到收敛条件 @ epoch 25 (best_epoch=20, best_loss=0.001856, final_loss=0.012485)
      [extreme_source:62->target63] [Epoch 40/200] [loss_mse: 0.006408]
  收敛检测[few_shot:extreme_source_station62_to_63_class2]: 首次达到收敛条件 @ epoch 41 (best_epoch=36, best_loss=0.000887, final_loss=0.012502)
      [extreme_source:62->target63] [Epoch 60/200] [loss_mse: 0.086023]
      [extreme_source:62->target63] [Epoch 80/200] [loss_mse: 0.009984]
      [extreme_source:62->target63] [Epoch 100/200] [loss_mse: 0.013257]
  收敛检测[few_shot:extreme_source_station62_to_63_class2]: 首次达到收敛条件 @ epoch 103 (best_epoch=98, best_loss=0.000786, final_loss=0.082433)
      [extreme_source:62->target63] [Epoch 120/200] [loss_mse: 0.004482]
      [extreme_source:62->target63] [Epoch 140/200] [loss_mse: 0.026275]
      [extreme_source:62->target63] [Epoch 160/200] [loss_mse: 0.044803]
  收敛检测[few_shot:extreme_source_station62_to_63_class2]: 首次达到收敛条件 @ epoch 164 (best_epoch=159, best_loss=0.000334, final_loss=0.123042)
      [extreme_source:62->target63] [Epoch 180/200] [loss_mse: 0.013743]
      [extreme_source:62->target63] [Epoch 200/200] [loss_mse: 0.011330]
  收敛检测[few_shot:extreme_source_station62_to_63_class2]: 已收敛 @ epoch 164 (best_epoch=159, best_loss=0.000334, final_loss=0.011330)
      [Extreme-FedAvg:target_refine] [Epoch 1/200] [loss_mse: 0.018717]
      [Extreme-FedAvg:target_refine] [Epoch 2/200] [loss_mse: 0.014684]
      [Extreme-FedAvg:target_refine] [Epoch 3/200] [loss_mse: 0.013123]
      [Extreme-FedAvg:target_refine] [Epoch 4/200] [loss_mse: 0.026241]
      [Extreme-FedAvg:target_refine] [Epoch 5/200] [loss_mse: 0.009029]
      [Extreme-FedAvg:target_refine] [Epoch 6/200] [loss_mse: 0.004046]
      [Extreme-FedAvg:target_refine] [Epoch 7/200] [loss_mse: 0.021466]
      [Extreme-FedAvg:target_refine] [Epoch 8/200] [loss_mse: 0.003794]
      [Extreme-FedAvg:target_refine] [Epoch 9/200] [loss_mse: 0.002769]
      [Extreme-FedAvg:target_refine] [Epoch 10/200] [loss_mse: 0.005858]
  收敛检测[few_shot:extreme_fedavg_station63_class2]: 首次达到收敛条件 @ epoch 18 (best_epoch=13, best_loss=0.000013, final_loss=0.001825)
      [Extreme-FedAvg:target_refine] [Epoch 20/200] [loss_mse: 0.073374]
      [Extreme-FedAvg:target_refine] [Epoch 40/200] [loss_mse: 0.003093]
      [Extreme-FedAvg:target_refine] [Epoch 60/200] [loss_mse: 0.030005]
      [Extreme-FedAvg:target_refine] [Epoch 80/200] [loss_mse: 0.003454]
      [Extreme-FedAvg:target_refine] [Epoch 100/200] [loss_mse: 0.007364]
      [Extreme-FedAvg:target_refine] [Epoch 120/200] [loss_mse: 0.000368]
      [Extreme-FedAvg:target_refine] [Epoch 140/200] [loss_mse: 0.003541]
      [Extreme-FedAvg:target_refine] [Epoch 160/200] [loss_mse: 0.010151]
      [Extreme-FedAvg:target_refine] [Epoch 180/200] [loss_mse: 0.000127]
      [Extreme-FedAvg:target_refine] [Epoch 200/200] [loss_mse: 0.003319]
  收敛检测[few_shot:extreme_fedavg_station63_class2]: 已收敛 @ epoch 18 (best_epoch=13, best_loss=0.000013, final_loss=0.003319)
    ✓ 保存(Extreme-FedAvg): artifacts/2h6p_six_station/fed-normal-meta-5k/models/model_fore_station63_extreme2_extreme_fedavg.pth weights={'63': 0.16666666666666666, '58': 0.16666666666666666, '59': 0.16666666666666666, '60': 0.16666666666666666, '61': 0.16666666666666666, '62': 0.16666666666666666}
      [Proposed-A:self_update] [Epoch 1/200] [loss_mse: 0.070686]
      [Proposed-A:self_update] [Epoch 2/200] [loss_mse: 0.063551]
      [Proposed-A:self_update] [Epoch 3/200] [loss_mse: 0.071985]
      [Proposed-A:self_update] [Epoch 4/200] [loss_mse: 0.068705]
      [Proposed-A:self_update] [Epoch 5/200] [loss_mse: 0.069376]
      [Proposed-A:self_update] [Epoch 6/200] [loss_mse: 0.070180]
  收敛检测[few_shot:proposed_self_station63_class2]: 首次达到收敛条件 @ epoch 7 (best_epoch=2, best_loss=0.063551, final_loss=0.067724)
      [Proposed-A:self_update] [Epoch 7/200] [loss_mse: 0.067724]
      [Proposed-A:self_update] [Epoch 8/200] [loss_mse: 0.044633]
      [Proposed-A:self_update] [Epoch 9/200] [loss_mse: 0.050718]
      [Proposed-A:self_update] [Epoch 10/200] [loss_mse: 0.056054]
      [Proposed-A:self_update] [Epoch 20/200] [loss_mse: 0.026843]
      [Proposed-A:self_update] [Epoch 40/200] [loss_mse: 0.010453]
  收敛检测[few_shot:proposed_self_station63_class2]: 首次达到收敛条件 @ epoch 49 (best_epoch=44, best_loss=0.001660, final_loss=0.012471)
      [Proposed-A:self_update] [Epoch 60/200] [loss_mse: 0.004497]
  收敛检测[few_shot:proposed_self_station63_class2]: 首次达到收敛条件 @ epoch 66 (best_epoch=61, best_loss=0.000033, final_loss=0.004368)
      [Proposed-A:self_update] [Epoch 80/200] [loss_mse: 0.001116]
      [Proposed-A:self_update] [Epoch 100/200] [loss_mse: 0.001562]
      [Proposed-A:self_update] [Epoch 120/200] [loss_mse: 0.000963]
      [Proposed-A:self_update] [Epoch 140/200] [loss_mse: 0.060283]
      [Proposed-A:self_update] [Epoch 160/200] [loss_mse: 0.021269]
      [Proposed-A:self_update] [Epoch 180/200] [loss_mse: 0.000469]
      [Proposed-A:self_update] [Epoch 200/200] [loss_mse: 0.003296]
  收敛检测[few_shot:proposed_self_station63_class2]: 已收敛 @ epoch 66 (best_epoch=61, best_loss=0.000033, final_loss=0.003296)
  收敛检测[few_shot:few_shot]: 未收敛 (best_epoch=1, best_loss=0.156098, final_loss=0.156098)
    [screen:proposed_source] source_station=58 -> target_station=63, candidate=1, gated=1, effective=1
      [proposed_source:58->target63] [Epoch 1/200] [loss_mse: 0.017445]
      [proposed_source:58->target63] [Epoch 2/200] [loss_mse: 0.028462]
      [proposed_source:58->target63] [Epoch 3/200] [loss_mse: 0.004108]
      [proposed_source:58->target63] [Epoch 4/200] [loss_mse: 0.004159]
      [proposed_source:58->target63] [Epoch 5/200] [loss_mse: 0.007702]
      [proposed_source:58->target63] [Epoch 6/200] [loss_mse: 0.005843]
      [proposed_source:58->target63] [Epoch 7/200] [loss_mse: 0.002344]
      [proposed_source:58->target63] [Epoch 8/200] [loss_mse: 0.024820]
      [proposed_source:58->target63] [Epoch 9/200] [loss_mse: 0.006881]
      [proposed_source:58->target63] [Epoch 10/200] [loss_mse: 0.005525]
  收敛检测[few_shot:proposed_source_station58_to_63_class2]: 首次达到收敛条件 @ epoch 12 (best_epoch=7, best_loss=0.002344, final_loss=0.042353)
  收敛检测[few_shot:proposed_source_station58_to_63_class2]: 首次达到收敛条件 @ epoch 19 (best_epoch=14, best_loss=0.000420, final_loss=0.007262)
      [proposed_source:58->target63] [Epoch 20/200] [loss_mse: 0.004555]
      [proposed_source:58->target63] [Epoch 40/200] [loss_mse: 0.010485]
      [proposed_source:58->target63] [Epoch 60/200] [loss_mse: 0.005030]
  收敛检测[few_shot:proposed_source_station58_to_63_class2]: 首次达到收敛条件 @ epoch 68 (best_epoch=63, best_loss=0.000021, final_loss=0.001573)
      [proposed_source:58->target63] [Epoch 80/200] [loss_mse: 0.000695]
      [proposed_source:58->target63] [Epoch 100/200] [loss_mse: 0.026239]
      [proposed_source:58->target63] [Epoch 120/200] [loss_mse: 0.003287]
      [proposed_source:58->target63] [Epoch 140/200] [loss_mse: 0.001723]
      [proposed_source:58->target63] [Epoch 160/200] [loss_mse: 0.007410]
      [proposed_source:58->target63] [Epoch 180/200] [loss_mse: 0.002015]
      [proposed_source:58->target63] [Epoch 200/200] [loss_mse: 0.013719]
  收敛检测[few_shot:proposed_source_station58_to_63_class2]: 已收敛 @ epoch 68 (best_epoch=63, best_loss=0.000021, final_loss=0.013719)
  收敛检测[few_shot:few_shot]: 未收敛 (best_epoch=1, best_loss=0.134888, final_loss=0.134888)
  收敛检测[few_shot:few_shot]: 未收敛 (best_epoch=1, best_loss=0.162451, final_loss=0.162451)
    [screen:proposed_source] source_station=59 -> target_station=63, candidate=2, gated=2, effective=1
      [proposed_source:59->target63] [Epoch 1/200] [loss_mse: 0.006695]
      [proposed_source:59->target63] [Epoch 2/200] [loss_mse: 0.000486]
      [proposed_source:59->target63] [Epoch 3/200] [loss_mse: 0.001798]
      [proposed_source:59->target63] [Epoch 4/200] [loss_mse: 0.037174]
      [proposed_source:59->target63] [Epoch 5/200] [loss_mse: 0.003272]
      [proposed_source:59->target63] [Epoch 6/200] [loss_mse: 0.001334]
  收敛检测[few_shot:proposed_source_station59_to_63_class2]: 首次达到收敛条件 @ epoch 7 (best_epoch=2, best_loss=0.000486, final_loss=0.010483)
      [proposed_source:59->target63] [Epoch 7/200] [loss_mse: 0.010483]
      [proposed_source:59->target63] [Epoch 8/200] [loss_mse: 0.005542]
      [proposed_source:59->target63] [Epoch 9/200] [loss_mse: 0.000413]
      [proposed_source:59->target63] [Epoch 10/200] [loss_mse: 0.004531]
      [proposed_source:59->target63] [Epoch 20/200] [loss_mse: 0.010503]
      [proposed_source:59->target63] [Epoch 40/200] [loss_mse: 0.001648]
  收敛检测[few_shot:proposed_source_station59_to_63_class2]: 首次达到收敛条件 @ epoch 43 (best_epoch=38, best_loss=0.000327, final_loss=0.001082)
      [proposed_source:59->target63] [Epoch 60/200] [loss_mse: 0.000094]
  收敛检测[few_shot:proposed_source_station59_to_63_class2]: 首次达到收敛条件 @ epoch 65 (best_epoch=60, best_loss=0.000094, final_loss=0.001218)
      [proposed_source:59->target63] [Epoch 80/200] [loss_mse: 0.001348]
      [proposed_source:59->target63] [Epoch 100/200] [loss_mse: 0.003047]
      [proposed_source:59->target63] [Epoch 120/200] [loss_mse: 0.005617]
      [proposed_source:59->target63] [Epoch 140/200] [loss_mse: 0.001762]
      [proposed_source:59->target63] [Epoch 160/200] [loss_mse: 0.006559]
      [proposed_source:59->target63] [Epoch 180/200] [loss_mse: 0.000168]
      [proposed_source:59->target63] [Epoch 200/200] [loss_mse: 0.002830]
  收敛检测[few_shot:proposed_source_station59_to_63_class2]: 已收敛 @ epoch 65 (best_epoch=60, best_loss=0.000094, final_loss=0.002830)
  收敛检测[few_shot:few_shot]: 未收敛 (best_epoch=1, best_loss=0.235884, final_loss=0.235884)
    [screen:proposed_source] source_station=60 -> target_station=63, candidate=1, gated=1, effective=1
      [proposed_source:60->target63] [Epoch 1/200] [loss_mse: 0.104766]
      [proposed_source:60->target63] [Epoch 2/200] [loss_mse: 0.105831]
      [proposed_source:60->target63] [Epoch 3/200] [loss_mse: 0.106319]
      [proposed_source:60->target63] [Epoch 4/200] [loss_mse: 0.071763]
      [proposed_source:60->target63] [Epoch 5/200] [loss_mse: 0.103452]
      [proposed_source:60->target63] [Epoch 6/200] [loss_mse: 0.089438]
      [proposed_source:60->target63] [Epoch 7/200] [loss_mse: 0.078050]
      [proposed_source:60->target63] [Epoch 8/200] [loss_mse: 0.068230]
      [proposed_source:60->target63] [Epoch 9/200] [loss_mse: 0.055281]
      [proposed_source:60->target63] [Epoch 10/200] [loss_mse: 0.068585]
      [proposed_source:60->target63] [Epoch 20/200] [loss_mse: 0.023331]
  收敛检测[few_shot:proposed_source_station60_to_63_class2]: 首次达到收敛条件 @ epoch 36 (best_epoch=31, best_loss=0.007738, final_loss=0.010299)
      [proposed_source:60->target63] [Epoch 40/200] [loss_mse: 0.086449]
  收敛检测[few_shot:proposed_source_station60_to_63_class2]: 首次达到收敛条件 @ epoch 42 (best_epoch=37, best_loss=0.007460, final_loss=0.077210)
  收敛检测[few_shot:proposed_source_station60_to_63_class2]: 首次达到收敛条件 @ epoch 49 (best_epoch=44, best_loss=0.000876, final_loss=0.005272)
      [proposed_source:60->target63] [Epoch 60/200] [loss_mse: 0.003237]
  收敛检测[few_shot:proposed_source_station60_to_63_class2]: 首次达到收敛条件 @ epoch 69 (best_epoch=64, best_loss=0.000611, final_loss=0.000574)
      [proposed_source:60->target63] [Epoch 80/200] [loss_mse: 0.005524]
  收敛检测[few_shot:proposed_source_station60_to_63_class2]: 首次达到收敛条件 @ epoch 90 (best_epoch=85, best_loss=0.000478, final_loss=0.003096)
  收敛检测[few_shot:proposed_source_station60_to_63_class2]: 首次达到收敛条件 @ epoch 98 (best_epoch=93, best_loss=0.000209, final_loss=0.000317)
      [proposed_source:60->target63] [Epoch 100/200] [loss_mse: 0.000364]
      [proposed_source:60->target63] [Epoch 120/200] [loss_mse: 0.130167]
      [proposed_source:60->target63] [Epoch 140/200] [loss_mse: 0.126360]
      [proposed_source:60->target63] [Epoch 160/200] [loss_mse: 0.013716]
  收敛检测[few_shot:proposed_source_station60_to_63_class2]: 首次达到收敛条件 @ epoch 175 (best_epoch=170, best_loss=0.000075, final_loss=0.002872)
      [proposed_source:60->target63] [Epoch 180/200] [loss_mse: 0.002594]
      [proposed_source:60->target63] [Epoch 200/200] [loss_mse: 0.000910]
  收敛检测[few_shot:proposed_source_station60_to_63_class2]: 已收敛 @ epoch 175 (best_epoch=170, best_loss=0.000075, final_loss=0.000910)
  收敛检测[few_shot:few_shot]: 未收敛 (best_epoch=1, best_loss=0.072621, final_loss=0.072621)
  收敛检测[few_shot:few_shot]: 未收敛 (best_epoch=1, best_loss=0.321258, final_loss=0.321258)
    [screen:proposed_source] source_station=61 -> target_station=63, candidate=2, gated=2, effective=1
      [proposed_source:61->target63] [Epoch 1/200] [loss_mse: 0.319926]
      [proposed_source:61->target63] [Epoch 2/200] [loss_mse: 0.316546]
      [proposed_source:61->target63] [Epoch 3/200] [loss_mse: 0.279177]
      [proposed_source:61->target63] [Epoch 4/200] [loss_mse: 0.289116]
      [proposed_source:61->target63] [Epoch 5/200] [loss_mse: 0.264283]
      [proposed_source:61->target63] [Epoch 6/200] [loss_mse: 0.249175]
      [proposed_source:61->target63] [Epoch 7/200] [loss_mse: 0.230720]
      [proposed_source:61->target63] [Epoch 8/200] [loss_mse: 0.230197]
      [proposed_source:61->target63] [Epoch 9/200] [loss_mse: 0.245269]
      [proposed_source:61->target63] [Epoch 10/200] [loss_mse: 0.211493]
  收敛检测[few_shot:proposed_source_station61_to_63_class2]: 首次达到收敛条件 @ epoch 16 (best_epoch=11, best_loss=0.199530, final_loss=0.212772)
      [proposed_source:61->target63] [Epoch 20/200] [loss_mse: 0.141234]
  收敛检测[few_shot:proposed_source_station61_to_63_class2]: 首次达到收敛条件 @ epoch 36 (best_epoch=31, best_loss=0.066476, final_loss=0.152579)
      [proposed_source:61->target63] [Epoch 40/200] [loss_mse: 0.107500]
      [proposed_source:61->target63] [Epoch 60/200] [loss_mse: 0.033916]
  收敛检测[few_shot:proposed_source_station61_to_63_class2]: 首次达到收敛条件 @ epoch 61 (best_epoch=56, best_loss=0.027070, final_loss=0.038212)
  收敛检测[few_shot:proposed_source_station61_to_63_class2]: 首次达到收敛条件 @ epoch 74 (best_epoch=69, best_loss=0.002900, final_loss=0.030833)
      [proposed_source:61->target63] [Epoch 80/200] [loss_mse: 0.040753]
      [proposed_source:61->target63] [Epoch 100/200] [loss_mse: 0.058800]
  收敛检测[few_shot:proposed_source_station61_to_63_class2]: 首次达到收敛条件 @ epoch 118 (best_epoch=113, best_loss=0.001683, final_loss=0.008735)
      [proposed_source:61->target63] [Epoch 120/200] [loss_mse: 0.008127]
      [proposed_source:61->target63] [Epoch 140/200] [loss_mse: 0.007327]
      [proposed_source:61->target63] [Epoch 160/200] [loss_mse: 0.019846]
      [proposed_source:61->target63] [Epoch 180/200] [loss_mse: 0.052954]
      [proposed_source:61->target63] [Epoch 200/200] [loss_mse: 0.070270]
  收敛检测[few_shot:proposed_source_station61_to_63_class2]: 未收敛 (best_epoch=199, best_loss=0.000796, final_loss=0.070270)
  收敛检测[few_shot:few_shot]: 未收敛 (best_epoch=1, best_loss=0.156431, final_loss=0.156431)
  收敛检测[few_shot:few_shot]: 未收敛 (best_epoch=1, best_loss=0.149843, final_loss=0.149843)
    [screen:proposed_source] source_station=62 -> target_station=63, candidate=2, gated=2, effective=1
      [proposed_source:62->target63] [Epoch 1/200] [loss_mse: 0.024638]
      [proposed_source:62->target63] [Epoch 2/200] [loss_mse: 0.030600]
      [proposed_source:62->target63] [Epoch 3/200] [loss_mse: 0.020436]
      [proposed_source:62->target63] [Epoch 4/200] [loss_mse: 0.029501]
      [proposed_source:62->target63] [Epoch 5/200] [loss_mse: 0.021418]
      [proposed_source:62->target63] [Epoch 6/200] [loss_mse: 0.021149]
      [proposed_source:62->target63] [Epoch 7/200] [loss_mse: 0.013257]
      [proposed_source:62->target63] [Epoch 8/200] [loss_mse: 0.030768]
      [proposed_source:62->target63] [Epoch 9/200] [loss_mse: 0.013950]
      [proposed_source:62->target63] [Epoch 10/200] [loss_mse: 0.020499]
  收敛检测[few_shot:proposed_source_station62_to_63_class2]: 首次达到收敛条件 @ epoch 12 (best_epoch=7, best_loss=0.013257, final_loss=0.019017)
      [proposed_source:62->target63] [Epoch 20/200] [loss_mse: 0.029338]
  收敛检测[few_shot:proposed_source_station62_to_63_class2]: 首次达到收敛条件 @ epoch 21 (best_epoch=16, best_loss=0.009076, final_loss=0.123558)
  收敛检测[few_shot:proposed_source_station62_to_63_class2]: 首次达到收敛条件 @ epoch 28 (best_epoch=23, best_loss=0.007187, final_loss=0.015759)
      [proposed_source:62->target63] [Epoch 40/200] [loss_mse: 0.011786]
  收敛检测[few_shot:proposed_source_station62_to_63_class2]: 首次达到收敛条件 @ epoch 44 (best_epoch=39, best_loss=0.003189, final_loss=0.022199)
      [proposed_source:62->target63] [Epoch 60/200] [loss_mse: 0.086255]
  收敛检测[few_shot:proposed_source_station62_to_63_class2]: 首次达到收敛条件 @ epoch 67 (best_epoch=62, best_loss=0.001851, final_loss=0.010602)
      [proposed_source:62->target63] [Epoch 80/200] [loss_mse: 0.054680]
  收敛检测[few_shot:proposed_source_station62_to_63_class2]: 首次达到收敛条件 @ epoch 92 (best_epoch=87, best_loss=0.000194, final_loss=0.018215)
      [proposed_source:62->target63] [Epoch 100/200] [loss_mse: 0.005293]
      [proposed_source:62->target63] [Epoch 120/200] [loss_mse: 0.011704]
      [proposed_source:62->target63] [Epoch 140/200] [loss_mse: 0.092657]
      [proposed_source:62->target63] [Epoch 160/200] [loss_mse: 0.133918]
      [proposed_source:62->target63] [Epoch 180/200] [loss_mse: 0.026652]
      [proposed_source:62->target63] [Epoch 200/200] [loss_mse: 0.000952]
  收敛检测[few_shot:proposed_source_station62_to_63_class2]: 已收敛 @ epoch 92 (best_epoch=87, best_loss=0.000194, final_loss=0.000952)
      [Proposed-A:target_refine] [Epoch 1/200] [loss_mse: 0.005066]
      [Proposed-A:target_refine] [Epoch 2/200] [loss_mse: 0.005723]
      [Proposed-A:target_refine] [Epoch 3/200] [loss_mse: 0.001861]
      [Proposed-A:target_refine] [Epoch 4/200] [loss_mse: 0.002027]
      [Proposed-A:target_refine] [Epoch 5/200] [loss_mse: 0.127325]
      [Proposed-A:target_refine] [Epoch 6/200] [loss_mse: 0.001118]
      [Proposed-A:target_refine] [Epoch 7/200] [loss_mse: 0.053906]
      [Proposed-A:target_refine] [Epoch 8/200] [loss_mse: 0.006045]
      [Proposed-A:target_refine] [Epoch 9/200] [loss_mse: 0.002258]
      [Proposed-A:target_refine] [Epoch 10/200] [loss_mse: 0.015732]
  收敛检测[few_shot:proposed_a_station63_class2]: 首次达到收敛条件 @ epoch 11 (best_epoch=6, best_loss=0.001118, final_loss=0.008453)
  收敛检测[few_shot:proposed_a_station63_class2]: 首次达到收敛条件 @ epoch 19 (best_epoch=14, best_loss=0.000253, final_loss=0.003067)
      [Proposed-A:target_refine] [Epoch 20/200] [loss_mse: 0.001497]
      [Proposed-A:target_refine] [Epoch 40/200] [loss_mse: 0.004342]
      [Proposed-A:target_refine] [Epoch 60/200] [loss_mse: 0.001435]
      [Proposed-A:target_refine] [Epoch 80/200] [loss_mse: 0.011379]
      [Proposed-A:target_refine] [Epoch 100/200] [loss_mse: 0.000394]
  收敛检测[few_shot:proposed_a_station63_class2]: 首次达到收敛条件 @ epoch 113 (best_epoch=108, best_loss=0.000060, final_loss=0.003402)
      [Proposed-A:target_refine] [Epoch 120/200] [loss_mse: 0.000678]
      [Proposed-A:target_refine] [Epoch 140/200] [loss_mse: 0.001042]
      [Proposed-A:target_refine] [Epoch 160/200] [loss_mse: 0.006693]
      [Proposed-A:target_refine] [Epoch 180/200] [loss_mse: 0.001344]
      [Proposed-A:target_refine] [Epoch 200/200] [loss_mse: 0.010931]
  收敛检测[few_shot:proposed_a_station63_class2]: 已收敛 @ epoch 113 (best_epoch=108, best_loss=0.000060, final_loss=0.010931)
    ✓ 保存(Proposed-A): artifacts/2h6p_six_station/fed-normal-meta-5k/models/model_fore_station63_extreme2_proposed_a.pth weights={'63': 0.5, '58': 0.07054278137945931, '59': 0.08601301443459473, '60': 0.11536254000929873, '61': 0.1270265682862831, '62': 0.10105509589036411}

  极端天气类别 4:
    样本数: 28
    训练轮数: 200, few-shot loss=MSE
    adapt/val: 21 / 7
      [LMT] [Epoch 1/200] [loss_mse: 0.101544]
      [LMT] [Epoch 2/200] [loss_mse: 0.097043]
      [LMT] [Epoch 3/200] [loss_mse: 0.095069]
      [LMT] [Epoch 4/200] [loss_mse: 0.093248]
      [LMT] [Epoch 5/200] [loss_mse: 0.087351]
      [LMT] [Epoch 6/200] [loss_mse: 0.091994]
      [LMT] [Epoch 7/200] [loss_mse: 0.086739]
      [LMT] [Epoch 8/200] [loss_mse: 0.082979]
      [LMT] [Epoch 9/200] [loss_mse: 0.080219]
      [LMT] [Epoch 10/200] [loss_mse: 0.077084]
      [LMT] [Epoch 20/200] [loss_mse: 0.068524]
  收敛检测[few_shot:lmt_station63_class3]: 首次达到收敛条件 @ epoch 28 (best_epoch=23, best_loss=0.060954, final_loss=0.060909)
  收敛检测[few_shot:lmt_station63_class3]: 首次达到收敛条件 @ epoch 35 (best_epoch=30, best_loss=0.058751, final_loss=0.059392)
      [LMT] [Epoch 40/200] [loss_mse: 0.057821]
  收敛检测[few_shot:lmt_station63_class3]: 首次达到收敛条件 @ epoch 47 (best_epoch=42, best_loss=0.056780, final_loss=0.058772)
      [LMT] [Epoch 60/200] [loss_mse: 0.057884]
  收敛检测[few_shot:lmt_station63_class3]: 首次达到收敛条件 @ epoch 69 (best_epoch=64, best_loss=0.055292, final_loss=0.056824)
      [LMT] [Epoch 80/200] [loss_mse: 0.056264]
      [LMT] [Epoch 100/200] [loss_mse: 0.058844]
      [LMT] [Epoch 120/200] [loss_mse: 0.059506]
      [LMT] [Epoch 140/200] [loss_mse: 0.057384]
      [LMT] [Epoch 160/200] [loss_mse: 0.057114]
      [LMT] [Epoch 180/200] [loss_mse: 0.058712]
      [LMT] [Epoch 200/200] [loss_mse: 0.058337]
  收敛检测[few_shot:lmt_station63_class3]: 已收敛 @ epoch 69 (best_epoch=64, best_loss=0.055292, final_loss=0.058337)
    ✓ 保存(LMT): artifacts/2h6p_six_station/fed-normal-meta-5k/models/model_fore_station63_extreme3.pth
  收敛检测[few_shot:few_shot]: 未收敛 (best_epoch=1, best_loss=0.138306, final_loss=0.138306)
  收敛检测[few_shot:few_shot]: 未收敛 (best_epoch=1, best_loss=0.124977, final_loss=0.124977)
  收敛检测[few_shot:few_shot]: 未收敛 (best_epoch=1, best_loss=0.139525, final_loss=0.139525)
  收敛检测[few_shot:few_shot]: 未收敛 (best_epoch=1, best_loss=0.116437, final_loss=0.116437)
  收敛检测[few_shot:few_shot]: 未收敛 (best_epoch=1, best_loss=0.140232, final_loss=0.140232)
  收敛检测[few_shot:few_shot]: 未收敛 (best_epoch=1, best_loss=0.118623, final_loss=0.118623)
  收敛检测[few_shot:few_shot]: 未收敛 (best_epoch=1, best_loss=0.145095, final_loss=0.145095)
  收敛检测[few_shot:few_shot]: 未收敛 (best_epoch=1, best_loss=0.130907, final_loss=0.130907)
  收敛检测[few_shot:few_shot]: 未收敛 (best_epoch=1, best_loss=0.083470, final_loss=0.083470)
  收敛检测[few_shot:few_shot]: 未收敛 (best_epoch=1, best_loss=0.129728, final_loss=0.129728)
  收敛检测[few_shot:few_shot]: 未收敛 (best_epoch=1, best_loss=0.146171, final_loss=0.146171)
  收敛检测[few_shot:few_shot]: 未收敛 (best_epoch=1, best_loss=0.094937, final_loss=0.094937)
  收敛检测[few_shot:few_shot]: 未收敛 (best_epoch=1, best_loss=0.025805, final_loss=0.025805)
  收敛检测[few_shot:few_shot]: 未收敛 (best_epoch=1, best_loss=0.146922, final_loss=0.146922)
  收敛检测[few_shot:few_shot]: 未收敛 (best_epoch=1, best_loss=0.105681, final_loss=0.105681)
  收敛检测[few_shot:few_shot]: 未收敛 (best_epoch=1, best_loss=0.023037, final_loss=0.023037)
  收敛检测[few_shot:few_shot]: 未收敛 (best_epoch=1, best_loss=0.039074, final_loss=0.039074)
  收敛检测[few_shot:few_shot]: 未收敛 (best_epoch=1, best_loss=0.022618, final_loss=0.022618)
  收敛检测[few_shot:few_shot]: 未收敛 (best_epoch=1, best_loss=0.134116, final_loss=0.134116)
  收敛检测[few_shot:few_shot]: 未收敛 (best_epoch=1, best_loss=0.134015, final_loss=0.134015)
  收敛检测[few_shot:few_shot]: 未收敛 (best_epoch=1, best_loss=0.090525, final_loss=0.090525)
  收敛检测[few_shot:few_shot]: 未收敛 (best_epoch=1, best_loss=0.081399, final_loss=0.081399)
  收敛检测[few_shot:few_shot]: 未收敛 (best_epoch=1, best_loss=0.054756, final_loss=0.054756)
  收敛检测[few_shot:few_shot]: 未收敛 (best_epoch=1, best_loss=0.092377, final_loss=0.092377)
  收敛检测[few_shot:few_shot]: 未收敛 (best_epoch=1, best_loss=0.092910, final_loss=0.092910)
  收敛检测[few_shot:few_shot]: 未收敛 (best_epoch=1, best_loss=0.092389, final_loss=0.092389)
  收敛检测[few_shot:few_shot]: 未收敛 (best_epoch=1, best_loss=0.102227, final_loss=0.102227)
  收敛检测[few_shot:few_shot]: 未收敛 (best_epoch=1, best_loss=0.064416, final_loss=0.064416)
  收敛检测[few_shot:few_shot]: 未收敛 (best_epoch=1, best_loss=0.081737, final_loss=0.081737)
    [screen:extreme_source] source_station=58 -> target_station=63, candidate=36, gated=29, effective=27
      [extreme_source:58->target63] [Epoch 1/200] [loss_mse: 0.111562]
      [extreme_source:58->target63] [Epoch 2/200] [loss_mse: 0.103402]
      [extreme_source:58->target63] [Epoch 3/200] [loss_mse: 0.097499]
      [extreme_source:58->target63] [Epoch 4/200] [loss_mse: 0.096882]
      [extreme_source:58->target63] [Epoch 5/200] [loss_mse: 0.087890]
      [extreme_source:58->target63] [Epoch 6/200] [loss_mse: 0.090935]
      [extreme_source:58->target63] [Epoch 7/200] [loss_mse: 0.084235]
      [extreme_source:58->target63] [Epoch 8/200] [loss_mse: 0.079578]
      [extreme_source:58->target63] [Epoch 9/200] [loss_mse: 0.075840]
      [extreme_source:58->target63] [Epoch 10/200] [loss_mse: 0.071687]
      [extreme_source:58->target63] [Epoch 20/200] [loss_mse: 0.046766]
      [extreme_source:58->target63] [Epoch 40/200] [loss_mse: 0.021585]
      [extreme_source:58->target63] [Epoch 60/200] [loss_mse: 0.016762]
  收敛检测[few_shot:extreme_source_station58_to_63_class3]: 首次达到收敛条件 @ epoch 62 (best_epoch=57, best_loss=0.016196, final_loss=0.016550)
  收敛检测[few_shot:extreme_source_station58_to_63_class3]: 首次达到收敛条件 @ epoch 69 (best_epoch=64, best_loss=0.015183, final_loss=0.015240)
      [extreme_source:58->target63] [Epoch 80/200] [loss_mse: 0.015503]
  收敛检测[few_shot:extreme_source_station58_to_63_class3]: 首次达到收敛条件 @ epoch 86 (best_epoch=81, best_loss=0.014364, final_loss=0.014640)
      [extreme_source:58->target63] [Epoch 100/200] [loss_mse: 0.015059]
      [extreme_source:58->target63] [Epoch 120/200] [loss_mse: 0.015039]
      [extreme_source:58->target63] [Epoch 140/200] [loss_mse: 0.015436]
      [extreme_source:58->target63] [Epoch 160/200] [loss_mse: 0.015072]
      [extreme_source:58->target63] [Epoch 180/200] [loss_mse: 0.014567]
      [extreme_source:58->target63] [Epoch 200/200] [loss_mse: 0.015447]
  收敛检测[few_shot:extreme_source_station58_to_63_class3]: 已收敛 @ epoch 86 (best_epoch=81, best_loss=0.014364, final_loss=0.015447)
  收敛检测[few_shot:few_shot]: 未收敛 (best_epoch=1, best_loss=0.136087, final_loss=0.136087)
  收敛检测[few_shot:few_shot]: 未收敛 (best_epoch=1, best_loss=0.108366, final_loss=0.108366)
  收敛检测[few_shot:few_shot]: 未收敛 (best_epoch=1, best_loss=0.133637, final_loss=0.133637)
  收敛检测[few_shot:few_shot]: 未收敛 (best_epoch=1, best_loss=0.130673, final_loss=0.130673)
  收敛检测[few_shot:few_shot]: 未收敛 (best_epoch=1, best_loss=0.078362, final_loss=0.078362)
  收敛检测[few_shot:few_shot]: 未收敛 (best_epoch=1, best_loss=0.039041, final_loss=0.039041)
  收敛检测[few_shot:few_shot]: 未收敛 (best_epoch=1, best_loss=0.074404, final_loss=0.074404)
  收敛检测[few_shot:few_shot]: 未收敛 (best_epoch=1, best_loss=0.146995, final_loss=0.146995)
  收敛检测[few_shot:few_shot]: 未收敛 (best_epoch=1, best_loss=0.076953, final_loss=0.076953)
  收敛检测[few_shot:few_shot]: 未收敛 (best_epoch=1, best_loss=0.137149, final_loss=0.137149)
  收敛检测[few_shot:few_shot]: 未收敛 (best_epoch=1, best_loss=0.036414, final_loss=0.036414)
  收敛检测[few_shot:few_shot]: 未收敛 (best_epoch=1, best_loss=0.047774, final_loss=0.047774)
  收敛检测[few_shot:few_shot]: 未收敛 (best_epoch=1, best_loss=0.053664, final_loss=0.053664)
  收敛检测[few_shot:few_shot]: 未收敛 (best_epoch=1, best_loss=0.047165, final_loss=0.047165)
  收敛检测[few_shot:few_shot]: 未收敛 (best_epoch=1, best_loss=0.057992, final_loss=0.057992)
  收敛检测[few_shot:few_shot]: 未收敛 (best_epoch=1, best_loss=0.035499, final_loss=0.035499)
    [screen:extreme_source] source_station=59 -> target_station=63, candidate=19, gated=16, effective=14
      [extreme_source:59->target63] [Epoch 1/200] [loss_mse: 0.101810]
      [extreme_source:59->target63] [Epoch 2/200] [loss_mse: 0.097977]
      [extreme_source:59->target63] [Epoch 3/200] [loss_mse: 0.097424]
      [extreme_source:59->target63] [Epoch 4/200] [loss_mse: 0.094056]
      [extreme_source:59->target63] [Epoch 5/200] [loss_mse: 0.087222]
      [extreme_source:59->target63] [Epoch 6/200] [loss_mse: 0.085405]
      [extreme_source:59->target63] [Epoch 7/200] [loss_mse: 0.080479]
      [extreme_source:59->target63] [Epoch 8/200] [loss_mse: 0.082004]
      [extreme_source:59->target63] [Epoch 9/200] [loss_mse: 0.069651]
      [extreme_source:59->target63] [Epoch 10/200] [loss_mse: 0.067979]
      [extreme_source:59->target63] [Epoch 20/200] [loss_mse: 0.047016]
      [extreme_source:59->target63] [Epoch 40/200] [loss_mse: 0.023212]
      [extreme_source:59->target63] [Epoch 60/200] [loss_mse: 0.019288]
  收敛检测[few_shot:extreme_source_station59_to_63_class3]: 首次达到收敛条件 @ epoch 62 (best_epoch=57, best_loss=0.018704, final_loss=0.018843)
  收敛检测[few_shot:extreme_source_station59_to_63_class3]: 首次达到收敛条件 @ epoch 68 (best_epoch=63, best_loss=0.018452, final_loss=0.018424)
  收敛检测[few_shot:extreme_source_station59_to_63_class3]: 首次达到收敛条件 @ epoch 76 (best_epoch=71, best_loss=0.017565, final_loss=0.018544)
      [extreme_source:59->target63] [Epoch 80/200] [loss_mse: 0.018549]
  收敛检测[few_shot:extreme_source_station59_to_63_class3]: 首次达到收敛条件 @ epoch 96 (best_epoch=91, best_loss=0.017434, final_loss=0.018476)
      [extreme_source:59->target63] [Epoch 100/200] [loss_mse: 0.018580]
  收敛检测[few_shot:extreme_source_station59_to_63_class3]: 首次达到收敛条件 @ epoch 118 (best_epoch=113, best_loss=0.017260, final_loss=0.018343)
      [extreme_source:59->target63] [Epoch 120/200] [loss_mse: 0.017491]
      [extreme_source:59->target63] [Epoch 140/200] [loss_mse: 0.017861]
  收敛检测[few_shot:extreme_source_station59_to_63_class3]: 首次达到收敛条件 @ epoch 154 (best_epoch=149, best_loss=0.017049, final_loss=0.017986)
      [extreme_source:59->target63] [Epoch 160/200] [loss_mse: 0.019040]
      [extreme_source:59->target63] [Epoch 180/200] [loss_mse: 0.018189]
      [extreme_source:59->target63] [Epoch 200/200] [loss_mse: 0.017528]
  收敛检测[few_shot:extreme_source_station59_to_63_class3]: 已收敛 @ epoch 154 (best_epoch=149, best_loss=0.017049, final_loss=0.017528)
  收敛检测[few_shot:few_shot]: 未收敛 (best_epoch=1, best_loss=0.120257, final_loss=0.120257)
  收敛检测[few_shot:few_shot]: 未收敛 (best_epoch=1, best_loss=0.105277, final_loss=0.105277)
  收敛检测[few_shot:few_shot]: 未收敛 (best_epoch=1, best_loss=0.048894, final_loss=0.048894)
  收敛检测[few_shot:few_shot]: 未收敛 (best_epoch=1, best_loss=0.089820, final_loss=0.089820)
  收敛检测[few_shot:few_shot]: 未收敛 (best_epoch=1, best_loss=0.110345, final_loss=0.110345)
  收敛检测[few_shot:few_shot]: 未收敛 (best_epoch=1, best_loss=0.118125, final_loss=0.118125)
  收敛检测[few_shot:few_shot]: 未收敛 (best_epoch=1, best_loss=0.107230, final_loss=0.107230)
  收敛检测[few_shot:few_shot]: 未收敛 (best_epoch=1, best_loss=0.149455, final_loss=0.149455)
  收敛检测[few_shot:few_shot]: 未收敛 (best_epoch=1, best_loss=0.132193, final_loss=0.132193)
  收敛检测[few_shot:few_shot]: 未收敛 (best_epoch=1, best_loss=0.070571, final_loss=0.070571)
  收敛检测[few_shot:few_shot]: 未收敛 (best_epoch=1, best_loss=0.110964, final_loss=0.110964)
  收敛检测[few_shot:few_shot]: 未收敛 (best_epoch=1, best_loss=0.086928, final_loss=0.086928)
  收敛检测[few_shot:few_shot]: 未收敛 (best_epoch=1, best_loss=0.093434, final_loss=0.093434)
  收敛检测[few_shot:few_shot]: 未收敛 (best_epoch=1, best_loss=0.087023, final_loss=0.087023)
  收敛检测[few_shot:few_shot]: 未收敛 (best_epoch=1, best_loss=0.088477, final_loss=0.088477)
  收敛检测[few_shot:few_shot]: 未收敛 (best_epoch=1, best_loss=0.018329, final_loss=0.018329)
  收敛检测[few_shot:few_shot]: 未收敛 (best_epoch=1, best_loss=0.041757, final_loss=0.041757)
  收敛检测[few_shot:few_shot]: 未收敛 (best_epoch=1, best_loss=0.095155, final_loss=0.095155)
  收敛检测[few_shot:few_shot]: 未收敛 (best_epoch=1, best_loss=0.121479, final_loss=0.121479)
  收敛检测[few_shot:few_shot]: 未收敛 (best_epoch=1, best_loss=0.034054, final_loss=0.034054)
  收敛检测[few_shot:few_shot]: 未收敛 (best_epoch=1, best_loss=0.057694, final_loss=0.057694)
  收敛检测[few_shot:few_shot]: 未收敛 (best_epoch=1, best_loss=0.058987, final_loss=0.058987)
  收敛检测[few_shot:few_shot]: 未收敛 (best_epoch=1, best_loss=0.037494, final_loss=0.037494)
    [screen:extreme_source] source_station=60 -> target_station=63, candidate=28, gated=23, effective=20
      [extreme_source:60->target63] [Epoch 1/200] [loss_mse: 0.091960]
      [extreme_source:60->target63] [Epoch 2/200] [loss_mse: 0.084612]
      [extreme_source:60->target63] [Epoch 3/200] [loss_mse: 0.088750]
      [extreme_source:60->target63] [Epoch 4/200] [loss_mse: 0.079393]
      [extreme_source:60->target63] [Epoch 5/200] [loss_mse: 0.082136]
      [extreme_source:60->target63] [Epoch 6/200] [loss_mse: 0.070472]
      [extreme_source:60->target63] [Epoch 7/200] [loss_mse: 0.074024]
      [extreme_source:60->target63] [Epoch 8/200] [loss_mse: 0.068371]
      [extreme_source:60->target63] [Epoch 9/200] [loss_mse: 0.064300]
      [extreme_source:60->target63] [Epoch 10/200] [loss_mse: 0.058100]
      [extreme_source:60->target63] [Epoch 20/200] [loss_mse: 0.041310]
      [extreme_source:60->target63] [Epoch 40/200] [loss_mse: 0.022834]
  收敛检测[few_shot:extreme_source_station60_to_63_class3]: 首次达到收敛条件 @ epoch 58 (best_epoch=53, best_loss=0.019249, final_loss=0.019488)
      [extreme_source:60->target63] [Epoch 60/200] [loss_mse: 0.020682]
  收敛检测[few_shot:extreme_source_station60_to_63_class3]: 首次达到收敛条件 @ epoch 72 (best_epoch=67, best_loss=0.018726, final_loss=0.019601)
      [extreme_source:60->target63] [Epoch 80/200] [loss_mse: 0.019337]
  收敛检测[few_shot:extreme_source_station60_to_63_class3]: 首次达到收敛条件 @ epoch 87 (best_epoch=82, best_loss=0.018616, final_loss=0.020176)
      [extreme_source:60->target63] [Epoch 100/200] [loss_mse: 0.020193]
      [extreme_source:60->target63] [Epoch 120/200] [loss_mse: 0.018946]
  收敛检测[few_shot:extreme_source_station60_to_63_class3]: 首次达到收敛条件 @ epoch 136 (best_epoch=131, best_loss=0.018325, final_loss=0.019288)
      [extreme_source:60->target63] [Epoch 140/200] [loss_mse: 0.020284]
      [extreme_source:60->target63] [Epoch 160/200] [loss_mse: 0.019496]
      [extreme_source:60->target63] [Epoch 180/200] [loss_mse: 0.019783]
      [extreme_source:60->target63] [Epoch 200/200] [loss_mse: 0.019090]
  收敛检测[few_shot:extreme_source_station60_to_63_class3]: 已收敛 @ epoch 136 (best_epoch=131, best_loss=0.018325, final_loss=0.019090)
  收敛检测[few_shot:few_shot]: 未收敛 (best_epoch=1, best_loss=0.115937, final_loss=0.115937)
  收敛检测[few_shot:few_shot]: 未收敛 (best_epoch=1, best_loss=0.131056, final_loss=0.131056)
  收敛检测[few_shot:few_shot]: 未收敛 (best_epoch=1, best_loss=0.134372, final_loss=0.134372)
  收敛检测[few_shot:few_shot]: 未收敛 (best_epoch=1, best_loss=0.113041, final_loss=0.113041)
  收敛检测[few_shot:few_shot]: 未收敛 (best_epoch=1, best_loss=0.115929, final_loss=0.115929)
  收敛检测[few_shot:few_shot]: 未收敛 (best_epoch=1, best_loss=0.152105, final_loss=0.152105)
  收敛检测[few_shot:few_shot]: 未收敛 (best_epoch=1, best_loss=0.121049, final_loss=0.121049)
  收敛检测[few_shot:few_shot]: 未收敛 (best_epoch=1, best_loss=0.088428, final_loss=0.088428)
  收敛检测[few_shot:few_shot]: 未收敛 (best_epoch=1, best_loss=0.140380, final_loss=0.140380)
  收敛检测[few_shot:few_shot]: 未收敛 (best_epoch=1, best_loss=0.137425, final_loss=0.137425)
  收敛检测[few_shot:few_shot]: 未收敛 (best_epoch=1, best_loss=0.103388, final_loss=0.103388)
  收敛检测[few_shot:few_shot]: 未收敛 (best_epoch=1, best_loss=0.018635, final_loss=0.018635)
  收敛检测[few_shot:few_shot]: 未收敛 (best_epoch=1, best_loss=0.165706, final_loss=0.165706)
  收敛检测[few_shot:few_shot]: 未收敛 (best_epoch=1, best_loss=0.117173, final_loss=0.117173)
  收敛检测[few_shot:few_shot]: 未收敛 (best_epoch=1, best_loss=0.028570, final_loss=0.028570)
  收敛检测[few_shot:few_shot]: 未收敛 (best_epoch=1, best_loss=0.042782, final_loss=0.042782)
  收敛检测[few_shot:few_shot]: 未收敛 (best_epoch=1, best_loss=0.030164, final_loss=0.030164)
  收敛检测[few_shot:few_shot]: 未收敛 (best_epoch=1, best_loss=0.110902, final_loss=0.110902)
  收敛检测[few_shot:few_shot]: 未收敛 (best_epoch=1, best_loss=0.130642, final_loss=0.130642)
  收敛检测[few_shot:few_shot]: 未收敛 (best_epoch=1, best_loss=0.097427, final_loss=0.097427)
  收敛检测[few_shot:few_shot]: 未收敛 (best_epoch=1, best_loss=0.047121, final_loss=0.047121)
  收敛检测[few_shot:few_shot]: 未收敛 (best_epoch=1, best_loss=0.039880, final_loss=0.039880)
  收敛检测[few_shot:few_shot]: 未收敛 (best_epoch=1, best_loss=0.105677, final_loss=0.105677)
  收敛检测[few_shot:few_shot]: 未收敛 (best_epoch=1, best_loss=0.084772, final_loss=0.084772)
  收敛检测[few_shot:few_shot]: 未收敛 (best_epoch=1, best_loss=0.075323, final_loss=0.075323)
  收敛检测[few_shot:few_shot]: 未收敛 (best_epoch=1, best_loss=0.103909, final_loss=0.103909)
  收敛检测[few_shot:few_shot]: 未收敛 (best_epoch=1, best_loss=0.074525, final_loss=0.074525)
  收敛检测[few_shot:few_shot]: 未收敛 (best_epoch=1, best_loss=0.106230, final_loss=0.106230)
  收敛检测[few_shot:few_shot]: 未收敛 (best_epoch=1, best_loss=0.082126, final_loss=0.082126)
  收敛检测[few_shot:few_shot]: 未收敛 (best_epoch=1, best_loss=0.097204, final_loss=0.097204)
    [screen:extreme_source] source_station=61 -> target_station=63, candidate=37, gated=30, effective=27
      [extreme_source:61->target63] [Epoch 1/200] [loss_mse: 0.106312]
      [extreme_source:61->target63] [Epoch 2/200] [loss_mse: 0.101820]
      [extreme_source:61->target63] [Epoch 3/200] [loss_mse: 0.094988]
      [extreme_source:61->target63] [Epoch 4/200] [loss_mse: 0.092210]
      [extreme_source:61->target63] [Epoch 5/200] [loss_mse: 0.086822]
      [extreme_source:61->target63] [Epoch 6/200] [loss_mse: 0.082967]
      [extreme_source:61->target63] [Epoch 7/200] [loss_mse: 0.079123]
      [extreme_source:61->target63] [Epoch 8/200] [loss_mse: 0.077031]
      [extreme_source:61->target63] [Epoch 9/200] [loss_mse: 0.072289]
      [extreme_source:61->target63] [Epoch 10/200] [loss_mse: 0.068978]
      [extreme_source:61->target63] [Epoch 20/200] [loss_mse: 0.043714]
      [extreme_source:61->target63] [Epoch 40/200] [loss_mse: 0.021406]
      [extreme_source:61->target63] [Epoch 60/200] [loss_mse: 0.015399]
  收敛检测[few_shot:extreme_source_station61_to_63_class3]: 首次达到收敛条件 @ epoch 64 (best_epoch=59, best_loss=0.014817, final_loss=0.015114)
  收敛检测[few_shot:extreme_source_station61_to_63_class3]: 首次达到收敛条件 @ epoch 74 (best_epoch=69, best_loss=0.014358, final_loss=0.014723)
      [extreme_source:61->target63] [Epoch 80/200] [loss_mse: 0.014263]
  收敛检测[few_shot:extreme_source_station61_to_63_class3]: 首次达到收敛条件 @ epoch 88 (best_epoch=83, best_loss=0.013953, final_loss=0.015276)
  收敛检测[few_shot:extreme_source_station61_to_63_class3]: 首次达到收敛条件 @ epoch 98 (best_epoch=93, best_loss=0.013643, final_loss=0.014082)
      [extreme_source:61->target63] [Epoch 100/200] [loss_mse: 0.014464]
      [extreme_source:61->target63] [Epoch 120/200] [loss_mse: 0.014747]
      [extreme_source:61->target63] [Epoch 140/200] [loss_mse: 0.014482]
      [extreme_source:61->target63] [Epoch 160/200] [loss_mse: 0.013970]
      [extreme_source:61->target63] [Epoch 180/200] [loss_mse: 0.014416]
      [extreme_source:61->target63] [Epoch 200/200] [loss_mse: 0.014486]
  收敛检测[few_shot:extreme_source_station61_to_63_class3]: 已收敛 @ epoch 98 (best_epoch=93, best_loss=0.013643, final_loss=0.014486)
  收敛检测[few_shot:few_shot]: 未收敛 (best_epoch=1, best_loss=0.130347, final_loss=0.130347)
  收敛检测[few_shot:few_shot]: 未收敛 (best_epoch=1, best_loss=0.140883, final_loss=0.140883)
  收敛检测[few_shot:few_shot]: 未收敛 (best_epoch=1, best_loss=0.083300, final_loss=0.083300)
  收敛检测[few_shot:few_shot]: 未收敛 (best_epoch=1, best_loss=0.145557, final_loss=0.145557)
  收敛检测[few_shot:few_shot]: 未收敛 (best_epoch=1, best_loss=0.097024, final_loss=0.097024)
  收敛检测[few_shot:few_shot]: 未收敛 (best_epoch=1, best_loss=0.039219, final_loss=0.039219)
  收敛检测[few_shot:few_shot]: 未收敛 (best_epoch=1, best_loss=0.086536, final_loss=0.086536)
  收敛检测[few_shot:few_shot]: 未收敛 (best_epoch=1, best_loss=0.139141, final_loss=0.139141)
  收敛检测[few_shot:few_shot]: 未收敛 (best_epoch=1, best_loss=0.129919, final_loss=0.129919)
  收敛检测[few_shot:few_shot]: 未收敛 (best_epoch=1, best_loss=0.070903, final_loss=0.070903)
  收敛检测[few_shot:few_shot]: 未收敛 (best_epoch=1, best_loss=0.037853, final_loss=0.037853)
  收敛检测[few_shot:few_shot]: 未收敛 (best_epoch=1, best_loss=0.043892, final_loss=0.043892)
  收敛检测[few_shot:few_shot]: 未收敛 (best_epoch=1, best_loss=0.050380, final_loss=0.050380)
  收敛检测[few_shot:few_shot]: 未收敛 (best_epoch=1, best_loss=0.031610, final_loss=0.031610)
  收敛检测[few_shot:few_shot]: 未收敛 (best_epoch=1, best_loss=0.093792, final_loss=0.093792)
  收敛检测[few_shot:few_shot]: 未收敛 (best_epoch=1, best_loss=0.020124, final_loss=0.020124)
    [screen:extreme_source] source_station=62 -> target_station=63, candidate=19, gated=16, effective=11
      [extreme_source:62->target63] [Epoch 1/200] [loss_mse: 0.076524]
      [extreme_source:62->target63] [Epoch 2/200] [loss_mse: 0.079114]
      [extreme_source:62->target63] [Epoch 3/200] [loss_mse: 0.074488]
      [extreme_source:62->target63] [Epoch 4/200] [loss_mse: 0.077836]
      [extreme_source:62->target63] [Epoch 5/200] [loss_mse: 0.067493]
      [extreme_source:62->target63] [Epoch 6/200] [loss_mse: 0.074091]
      [extreme_source:62->target63] [Epoch 7/200] [loss_mse: 0.061954]
      [extreme_source:62->target63] [Epoch 8/200] [loss_mse: 0.068398]
      [extreme_source:62->target63] [Epoch 9/200] [loss_mse: 0.061313]
      [extreme_source:62->target63] [Epoch 10/200] [loss_mse: 0.048820]
      [extreme_source:62->target63] [Epoch 20/200] [loss_mse: 0.034836]
      [extreme_source:62->target63] [Epoch 40/200] [loss_mse: 0.024137]
  收敛检测[few_shot:extreme_source_station62_to_63_class3]: 首次达到收敛条件 @ epoch 47 (best_epoch=42, best_loss=0.022221, final_loss=0.023014)
  收敛检测[few_shot:extreme_source_station62_to_63_class3]: 首次达到收敛条件 @ epoch 57 (best_epoch=52, best_loss=0.020301, final_loss=0.022253)
      [extreme_source:62->target63] [Epoch 60/200] [loss_mse: 0.021904]
      [extreme_source:62->target63] [Epoch 80/200] [loss_mse: 0.022582]
      [extreme_source:62->target63] [Epoch 100/200] [loss_mse: 0.022260]
      [extreme_source:62->target63] [Epoch 120/200] [loss_mse: 0.021028]
      [extreme_source:62->target63] [Epoch 140/200] [loss_mse: 0.021233]
      [extreme_source:62->target63] [Epoch 160/200] [loss_mse: 0.021893]
  收敛检测[few_shot:extreme_source_station62_to_63_class3]: 首次达到收敛条件 @ epoch 164 (best_epoch=159, best_loss=0.018944, final_loss=0.022040)
      [extreme_source:62->target63] [Epoch 180/200] [loss_mse: 0.022027]
      [extreme_source:62->target63] [Epoch 200/200] [loss_mse: 0.021201]
  收敛检测[few_shot:extreme_source_station62_to_63_class3]: 已收敛 @ epoch 164 (best_epoch=159, best_loss=0.018944, final_loss=0.021201)
      [Extreme-FedAvg:target_refine] [Epoch 1/200] [loss_mse: 0.061599]
      [Extreme-FedAvg:target_refine] [Epoch 2/200] [loss_mse: 0.060209]
      [Extreme-FedAvg:target_refine] [Epoch 3/200] [loss_mse: 0.060223]
      [Extreme-FedAvg:target_refine] [Epoch 4/200] [loss_mse: 0.060747]
      [Extreme-FedAvg:target_refine] [Epoch 5/200] [loss_mse: 0.060088]
      [Extreme-FedAvg:target_refine] [Epoch 6/200] [loss_mse: 0.059284]
      [Extreme-FedAvg:target_refine] [Epoch 7/200] [loss_mse: 0.058323]
      [Extreme-FedAvg:target_refine] [Epoch 8/200] [loss_mse: 0.057991]
      [Extreme-FedAvg:target_refine] [Epoch 9/200] [loss_mse: 0.058682]
      [Extreme-FedAvg:target_refine] [Epoch 10/200] [loss_mse: 0.058683]
  收敛检测[few_shot:extreme_fedavg_station63_class3]: 首次达到收敛条件 @ epoch 16 (best_epoch=11, best_loss=0.057444, final_loss=0.058841)
      [Extreme-FedAvg:target_refine] [Epoch 20/200] [loss_mse: 0.060739]
  收敛检测[few_shot:extreme_fedavg_station63_class3]: 首次达到收敛条件 @ epoch 40 (best_epoch=35, best_loss=0.056764, final_loss=0.058096)
      [Extreme-FedAvg:target_refine] [Epoch 40/200] [loss_mse: 0.058096]
  收敛检测[few_shot:extreme_fedavg_station63_class3]: 首次达到收敛条件 @ epoch 50 (best_epoch=45, best_loss=0.055899, final_loss=0.057986)
      [Extreme-FedAvg:target_refine] [Epoch 60/200] [loss_mse: 0.057785]
  收敛检测[few_shot:extreme_fedavg_station63_class3]: 首次达到收敛条件 @ epoch 75 (best_epoch=70, best_loss=0.055286, final_loss=0.058732)
      [Extreme-FedAvg:target_refine] [Epoch 80/200] [loss_mse: 0.058715]
      [Extreme-FedAvg:target_refine] [Epoch 100/200] [loss_mse: 0.058637]
      [Extreme-FedAvg:target_refine] [Epoch 120/200] [loss_mse: 0.059357]
      [Extreme-FedAvg:target_refine] [Epoch 140/200] [loss_mse: 0.057739]
      [Extreme-FedAvg:target_refine] [Epoch 160/200] [loss_mse: 0.057079]
      [Extreme-FedAvg:target_refine] [Epoch 180/200] [loss_mse: 0.057315]
      [Extreme-FedAvg:target_refine] [Epoch 200/200] [loss_mse: 0.058093]
  收敛检测[few_shot:extreme_fedavg_station63_class3]: 已收敛 @ epoch 75 (best_epoch=70, best_loss=0.055286, final_loss=0.058093)
    ✓ 保存(Extreme-FedAvg): artifacts/2h6p_six_station/fed-normal-meta-5k/models/model_fore_station63_extreme3_extreme_fedavg.pth weights={'63': 0.16666666666666666, '58': 0.16666666666666666, '59': 0.16666666666666666, '60': 0.16666666666666666, '61': 0.16666666666666666, '62': 0.16666666666666666}
      [Proposed-A:self_update] [Epoch 1/200] [loss_mse: 0.107997]
      [Proposed-A:self_update] [Epoch 2/200] [loss_mse: 0.103778]
      [Proposed-A:self_update] [Epoch 3/200] [loss_mse: 0.100526]
      [Proposed-A:self_update] [Epoch 4/200] [loss_mse: 0.097947]
      [Proposed-A:self_update] [Epoch 5/200] [loss_mse: 0.092570]
      [Proposed-A:self_update] [Epoch 6/200] [loss_mse: 0.088297]
      [Proposed-A:self_update] [Epoch 7/200] [loss_mse: 0.084373]
      [Proposed-A:self_update] [Epoch 8/200] [loss_mse: 0.081386]
      [Proposed-A:self_update] [Epoch 9/200] [loss_mse: 0.081885]
      [Proposed-A:self_update] [Epoch 10/200] [loss_mse: 0.079184]
      [Proposed-A:self_update] [Epoch 20/200] [loss_mse: 0.064672]
  收敛检测[few_shot:proposed_self_station63_class3]: 首次达到收敛条件 @ epoch 34 (best_epoch=29, best_loss=0.059169, final_loss=0.059471)
      [Proposed-A:self_update] [Epoch 40/200] [loss_mse: 0.060270]
  收敛检测[few_shot:proposed_self_station63_class3]: 首次达到收敛条件 @ epoch 44 (best_epoch=39, best_loss=0.057742, final_loss=0.059162)
      [Proposed-A:self_update] [Epoch 60/200] [loss_mse: 0.059384]
  收敛检测[few_shot:proposed_self_station63_class3]: 首次达到收敛条件 @ epoch 61 (best_epoch=56, best_loss=0.057287, final_loss=0.058449)
      [Proposed-A:self_update] [Epoch 80/200] [loss_mse: 0.057540]
      [Proposed-A:self_update] [Epoch 100/200] [loss_mse: 0.059526]
      [Proposed-A:self_update] [Epoch 120/200] [loss_mse: 0.057044]
  收敛检测[few_shot:proposed_self_station63_class3]: 首次达到收敛条件 @ epoch 125 (best_epoch=120, best_loss=0.057044, final_loss=0.058709)
      [Proposed-A:self_update] [Epoch 140/200] [loss_mse: 0.059780]
      [Proposed-A:self_update] [Epoch 160/200] [loss_mse: 0.056684]
  收敛检测[few_shot:proposed_self_station63_class3]: 首次达到收敛条件 @ epoch 165 (best_epoch=160, best_loss=0.056684, final_loss=0.058920)
      [Proposed-A:self_update] [Epoch 180/200] [loss_mse: 0.059471]
      [Proposed-A:self_update] [Epoch 200/200] [loss_mse: 0.059088]
  收敛检测[few_shot:proposed_self_station63_class3]: 已收敛 @ epoch 165 (best_epoch=160, best_loss=0.056684, final_loss=0.059088)
  收敛检测[few_shot:few_shot]: 未收敛 (best_epoch=1, best_loss=0.133139, final_loss=0.133139)
  收敛检测[few_shot:few_shot]: 未收敛 (best_epoch=1, best_loss=0.143608, final_loss=0.143608)
  收敛检测[few_shot:few_shot]: 未收敛 (best_epoch=1, best_loss=0.133464, final_loss=0.133464)
  收敛检测[few_shot:few_shot]: 未收敛 (best_epoch=1, best_loss=0.100424, final_loss=0.100424)
  收敛检测[few_shot:few_shot]: 未收敛 (best_epoch=1, best_loss=0.149741, final_loss=0.149741)
  收敛检测[few_shot:few_shot]: 未收敛 (best_epoch=1, best_loss=0.115944, final_loss=0.115944)
  收敛检测[few_shot:few_shot]: 未收敛 (best_epoch=1, best_loss=0.148828, final_loss=0.148828)
  收敛检测[few_shot:few_shot]: 未收敛 (best_epoch=1, best_loss=0.145249, final_loss=0.145249)
  收敛检测[few_shot:few_shot]: 未收敛 (best_epoch=1, best_loss=0.109937, final_loss=0.109937)
  收敛检测[few_shot:few_shot]: 未收敛 (best_epoch=1, best_loss=0.143998, final_loss=0.143998)
  收敛检测[few_shot:few_shot]: 未收敛 (best_epoch=1, best_loss=0.157178, final_loss=0.157178)
  收敛检测[few_shot:few_shot]: 未收敛 (best_epoch=1, best_loss=0.093574, final_loss=0.093574)
  收敛检测[few_shot:few_shot]: 未收敛 (best_epoch=1, best_loss=0.033279, final_loss=0.033279)
  收敛检测[few_shot:few_shot]: 未收敛 (best_epoch=1, best_loss=0.143458, final_loss=0.143458)
  收敛检测[few_shot:few_shot]: 未收敛 (best_epoch=1, best_loss=0.115042, final_loss=0.115042)
  收敛检测[few_shot:few_shot]: 未收敛 (best_epoch=1, best_loss=0.030871, final_loss=0.030871)
  收敛检测[few_shot:few_shot]: 未收敛 (best_epoch=1, best_loss=0.007750, final_loss=0.007750)
  收敛检测[few_shot:few_shot]: 未收敛 (best_epoch=1, best_loss=0.039475, final_loss=0.039475)
  收敛检测[few_shot:few_shot]: 未收敛 (best_epoch=1, best_loss=0.127714, final_loss=0.127714)
  收敛检测[few_shot:few_shot]: 未收敛 (best_epoch=1, best_loss=0.144923, final_loss=0.144923)
  收敛检测[few_shot:few_shot]: 未收敛 (best_epoch=1, best_loss=0.098184, final_loss=0.098184)
  收敛检测[few_shot:few_shot]: 未收敛 (best_epoch=1, best_loss=0.093722, final_loss=0.093722)
  收敛检测[few_shot:few_shot]: 未收敛 (best_epoch=1, best_loss=0.072759, final_loss=0.072759)
  收敛检测[few_shot:few_shot]: 未收敛 (best_epoch=1, best_loss=0.106197, final_loss=0.106197)
  收敛检测[few_shot:few_shot]: 未收敛 (best_epoch=1, best_loss=0.097662, final_loss=0.097662)
  收敛检测[few_shot:few_shot]: 未收敛 (best_epoch=1, best_loss=0.095503, final_loss=0.095503)
  收敛检测[few_shot:few_shot]: 未收敛 (best_epoch=1, best_loss=0.099721, final_loss=0.099721)
  收敛检测[few_shot:few_shot]: 未收敛 (best_epoch=1, best_loss=0.068131, final_loss=0.068131)
  收敛检测[few_shot:few_shot]: 未收敛 (best_epoch=1, best_loss=0.102195, final_loss=0.102195)
    [screen:proposed_source] source_station=58 -> target_station=63, candidate=36, gated=29, effective=28
      [proposed_source:58->target63] [Epoch 1/200] [loss_mse: 0.113011]
      [proposed_source:58->target63] [Epoch 2/200] [loss_mse: 0.109318]
      [proposed_source:58->target63] [Epoch 3/200] [loss_mse: 0.103987]
      [proposed_source:58->target63] [Epoch 4/200] [loss_mse: 0.099928]
      [proposed_source:58->target63] [Epoch 5/200] [loss_mse: 0.092743]
      [proposed_source:58->target63] [Epoch 6/200] [loss_mse: 0.089917]
      [proposed_source:58->target63] [Epoch 7/200] [loss_mse: 0.083883]
      [proposed_source:58->target63] [Epoch 8/200] [loss_mse: 0.077146]
      [proposed_source:58->target63] [Epoch 9/200] [loss_mse: 0.073909]
      [proposed_source:58->target63] [Epoch 10/200] [loss_mse: 0.069672]
      [proposed_source:58->target63] [Epoch 20/200] [loss_mse: 0.042124]
      [proposed_source:58->target63] [Epoch 40/200] [loss_mse: 0.019663]
      [proposed_source:58->target63] [Epoch 60/200] [loss_mse: 0.015458]
  收敛检测[few_shot:proposed_source_station58_to_63_class3]: 首次达到收敛条件 @ epoch 69 (best_epoch=64, best_loss=0.014988, final_loss=0.015426)
      [proposed_source:58->target63] [Epoch 80/200] [loss_mse: 0.016001]
  收敛检测[few_shot:proposed_source_station58_to_63_class3]: 首次达到收敛条件 @ epoch 88 (best_epoch=83, best_loss=0.014676, final_loss=0.014978)
      [proposed_source:58->target63] [Epoch 100/200] [loss_mse: 0.015446]
      [proposed_source:58->target63] [Epoch 120/200] [loss_mse: 0.015743]
      [proposed_source:58->target63] [Epoch 140/200] [loss_mse: 0.015094]
      [proposed_source:58->target63] [Epoch 160/200] [loss_mse: 0.015156]
      [proposed_source:58->target63] [Epoch 180/200] [loss_mse: 0.014581]
      [proposed_source:58->target63] [Epoch 200/200] [loss_mse: 0.014596]
  收敛检测[few_shot:proposed_source_station58_to_63_class3]: 已收敛 @ epoch 88 (best_epoch=83, best_loss=0.014676, final_loss=0.014596)
  收敛检测[few_shot:few_shot]: 未收敛 (best_epoch=1, best_loss=0.144115, final_loss=0.144115)
  收敛检测[few_shot:few_shot]: 未收敛 (best_epoch=1, best_loss=0.117587, final_loss=0.117587)
  收敛检测[few_shot:few_shot]: 未收敛 (best_epoch=1, best_loss=0.150271, final_loss=0.150271)
  收敛检测[few_shot:few_shot]: 未收敛 (best_epoch=1, best_loss=0.162759, final_loss=0.162759)
  收敛检测[few_shot:few_shot]: 未收敛 (best_epoch=1, best_loss=0.047390, final_loss=0.047390)
  收敛检测[few_shot:few_shot]: 未收敛 (best_epoch=1, best_loss=0.041174, final_loss=0.041174)
  收敛检测[few_shot:few_shot]: 未收敛 (best_epoch=1, best_loss=0.085683, final_loss=0.085683)
  收敛检测[few_shot:few_shot]: 未收敛 (best_epoch=1, best_loss=0.137519, final_loss=0.137519)
  收敛检测[few_shot:few_shot]: 未收敛 (best_epoch=1, best_loss=0.086519, final_loss=0.086519)
  收敛检测[few_shot:few_shot]: 未收敛 (best_epoch=1, best_loss=0.154981, final_loss=0.154981)
  收敛检测[few_shot:few_shot]: 未收敛 (best_epoch=1, best_loss=0.064787, final_loss=0.064787)
  收敛检测[few_shot:few_shot]: 未收敛 (best_epoch=1, best_loss=0.059375, final_loss=0.059375)
  收敛检测[few_shot:few_shot]: 未收敛 (best_epoch=1, best_loss=0.024811, final_loss=0.024811)
  收敛检测[few_shot:few_shot]: 未收敛 (best_epoch=1, best_loss=0.041155, final_loss=0.041155)
  收敛检测[few_shot:few_shot]: 未收敛 (best_epoch=1, best_loss=0.065707, final_loss=0.065707)
  收敛检测[few_shot:few_shot]: 未收敛 (best_epoch=1, best_loss=0.026802, final_loss=0.026802)
    [screen:proposed_source] source_station=59 -> target_station=63, candidate=19, gated=16, effective=13
      [proposed_source:59->target63] [Epoch 1/200] [loss_mse: 0.115535]
      [proposed_source:59->target63] [Epoch 2/200] [loss_mse: 0.108617]
      [proposed_source:59->target63] [Epoch 3/200] [loss_mse: 0.103655]
      [proposed_source:59->target63] [Epoch 4/200] [loss_mse: 0.099623]
      [proposed_source:59->target63] [Epoch 5/200] [loss_mse: 0.091817]
      [proposed_source:59->target63] [Epoch 6/200] [loss_mse: 0.089596]
      [proposed_source:59->target63] [Epoch 7/200] [loss_mse: 0.082209]
      [proposed_source:59->target63] [Epoch 8/200] [loss_mse: 0.079000]
      [proposed_source:59->target63] [Epoch 9/200] [loss_mse: 0.077379]
      [proposed_source:59->target63] [Epoch 10/200] [loss_mse: 0.073501]
      [proposed_source:59->target63] [Epoch 20/200] [loss_mse: 0.042360]
      [proposed_source:59->target63] [Epoch 40/200] [loss_mse: 0.021655]
  收敛检测[few_shot:proposed_source_station59_to_63_class3]: 首次达到收敛条件 @ epoch 54 (best_epoch=49, best_loss=0.018564, final_loss=0.019961)
      [proposed_source:59->target63] [Epoch 60/200] [loss_mse: 0.019462]
  收敛检测[few_shot:proposed_source_station59_to_63_class3]: 首次达到收敛条件 @ epoch 75 (best_epoch=70, best_loss=0.017927, final_loss=0.019421)
      [proposed_source:59->target63] [Epoch 80/200] [loss_mse: 0.020164]
      [proposed_source:59->target63] [Epoch 100/200] [loss_mse: 0.018967]
      [proposed_source:59->target63] [Epoch 120/200] [loss_mse: 0.018148]
      [proposed_source:59->target63] [Epoch 140/200] [loss_mse: 0.018184]
  收敛检测[few_shot:proposed_source_station59_to_63_class3]: 首次达到收敛条件 @ epoch 147 (best_epoch=142, best_loss=0.017561, final_loss=0.019074)
      [proposed_source:59->target63] [Epoch 160/200] [loss_mse: 0.018674]
      [proposed_source:59->target63] [Epoch 180/200] [loss_mse: 0.018188]
      [proposed_source:59->target63] [Epoch 200/200] [loss_mse: 0.019903]
  收敛检测[few_shot:proposed_source_station59_to_63_class3]: 已收敛 @ epoch 147 (best_epoch=142, best_loss=0.017561, final_loss=0.019903)
  收敛检测[few_shot:few_shot]: 未收敛 (best_epoch=1, best_loss=0.119685, final_loss=0.119685)
  收敛检测[few_shot:few_shot]: 未收敛 (best_epoch=1, best_loss=0.107219, final_loss=0.107219)
  收敛检测[few_shot:few_shot]: 未收敛 (best_epoch=1, best_loss=0.060492, final_loss=0.060492)
  收敛检测[few_shot:few_shot]: 未收敛 (best_epoch=1, best_loss=0.104154, final_loss=0.104154)
  收敛检测[few_shot:few_shot]: 未收敛 (best_epoch=1, best_loss=0.102473, final_loss=0.102473)
  收敛检测[few_shot:few_shot]: 未收敛 (best_epoch=1, best_loss=0.101816, final_loss=0.101816)
  收敛检测[few_shot:few_shot]: 未收敛 (best_epoch=1, best_loss=0.119500, final_loss=0.119500)
  收敛检测[few_shot:few_shot]: 未收敛 (best_epoch=1, best_loss=0.157828, final_loss=0.157828)
  收敛检测[few_shot:few_shot]: 未收敛 (best_epoch=1, best_loss=0.134981, final_loss=0.134981)
  收敛检测[few_shot:few_shot]: 未收敛 (best_epoch=1, best_loss=0.069182, final_loss=0.069182)
  收敛检测[few_shot:few_shot]: 未收敛 (best_epoch=1, best_loss=0.137372, final_loss=0.137372)
  收敛检测[few_shot:few_shot]: 未收敛 (best_epoch=1, best_loss=0.079070, final_loss=0.079070)
  收敛检测[few_shot:few_shot]: 未收敛 (best_epoch=1, best_loss=0.072327, final_loss=0.072327)
  收敛检测[few_shot:few_shot]: 未收敛 (best_epoch=1, best_loss=0.113262, final_loss=0.113262)
  收敛检测[few_shot:few_shot]: 未收敛 (best_epoch=1, best_loss=0.092996, final_loss=0.092996)
  收敛检测[few_shot:few_shot]: 未收敛 (best_epoch=1, best_loss=0.031288, final_loss=0.031288)
  收敛检测[few_shot:few_shot]: 未收敛 (best_epoch=1, best_loss=0.030109, final_loss=0.030109)
  收敛检测[few_shot:few_shot]: 未收敛 (best_epoch=1, best_loss=0.094882, final_loss=0.094882)
  收敛检测[few_shot:few_shot]: 未收敛 (best_epoch=1, best_loss=0.160942, final_loss=0.160942)
  收敛检测[few_shot:few_shot]: 未收敛 (best_epoch=1, best_loss=0.050037, final_loss=0.050037)
  收敛检测[few_shot:few_shot]: 未收敛 (best_epoch=1, best_loss=0.070208, final_loss=0.070208)
  收敛检测[few_shot:few_shot]: 未收敛 (best_epoch=1, best_loss=0.073733, final_loss=0.073733)
  收敛检测[few_shot:few_shot]: 未收敛 (best_epoch=1, best_loss=0.044748, final_loss=0.044748)
    [screen:proposed_source] source_station=60 -> target_station=63, candidate=28, gated=23, effective=20
      [proposed_source:60->target63] [Epoch 1/200] [loss_mse: 0.104298]
      [proposed_source:60->target63] [Epoch 2/200] [loss_mse: 0.093022]
      [proposed_source:60->target63] [Epoch 3/200] [loss_mse: 0.089995]
      [proposed_source:60->target63] [Epoch 4/200] [loss_mse: 0.089424]
      [proposed_source:60->target63] [Epoch 5/200] [loss_mse: 0.079349]
      [proposed_source:60->target63] [Epoch 6/200] [loss_mse: 0.074322]
      [proposed_source:60->target63] [Epoch 7/200] [loss_mse: 0.071126]
      [proposed_source:60->target63] [Epoch 8/200] [loss_mse: 0.072260]
      [proposed_source:60->target63] [Epoch 9/200] [loss_mse: 0.064968]
      [proposed_source:60->target63] [Epoch 10/200] [loss_mse: 0.061418]
      [proposed_source:60->target63] [Epoch 20/200] [loss_mse: 0.037225]
      [proposed_source:60->target63] [Epoch 40/200] [loss_mse: 0.021588]
  收敛检测[few_shot:proposed_source_station60_to_63_class3]: 首次达到收敛条件 @ epoch 44 (best_epoch=39, best_loss=0.021570, final_loss=0.022485)
  收敛检测[few_shot:proposed_source_station60_to_63_class3]: 首次达到收敛条件 @ epoch 53 (best_epoch=48, best_loss=0.019927, final_loss=0.020481)
      [proposed_source:60->target63] [Epoch 60/200] [loss_mse: 0.019975]
  收敛检测[few_shot:proposed_source_station60_to_63_class3]: 首次达到收敛条件 @ epoch 66 (best_epoch=61, best_loss=0.019434, final_loss=0.019393)
  收敛检测[few_shot:proposed_source_station60_to_63_class3]: 首次达到收敛条件 @ epoch 79 (best_epoch=74, best_loss=0.019297, final_loss=0.020140)
      [proposed_source:60->target63] [Epoch 80/200] [loss_mse: 0.019601]
      [proposed_source:60->target63] [Epoch 100/200] [loss_mse: 0.020854]
  收敛检测[few_shot:proposed_source_station60_to_63_class3]: 首次达到收敛条件 @ epoch 110 (best_epoch=105, best_loss=0.018794, final_loss=0.020111)
      [proposed_source:60->target63] [Epoch 120/200] [loss_mse: 0.019548]
      [proposed_source:60->target63] [Epoch 140/200] [loss_mse: 0.019879]
      [proposed_source:60->target63] [Epoch 160/200] [loss_mse: 0.019880]
      [proposed_source:60->target63] [Epoch 180/200] [loss_mse: 0.020004]
      [proposed_source:60->target63] [Epoch 200/200] [loss_mse: 0.020289]
  收敛检测[few_shot:proposed_source_station60_to_63_class3]: 已收敛 @ epoch 110 (best_epoch=105, best_loss=0.018794, final_loss=0.020289)
  收敛检测[few_shot:few_shot]: 未收敛 (best_epoch=1, best_loss=0.154966, final_loss=0.154966)
  收敛检测[few_shot:few_shot]: 未收敛 (best_epoch=1, best_loss=0.135004, final_loss=0.135004)
  收敛检测[few_shot:few_shot]: 未收敛 (best_epoch=1, best_loss=0.146066, final_loss=0.146066)
  收敛检测[few_shot:few_shot]: 未收敛 (best_epoch=1, best_loss=0.132268, final_loss=0.132268)
  收敛检测[few_shot:few_shot]: 未收敛 (best_epoch=1, best_loss=0.124424, final_loss=0.124424)
  收敛检测[few_shot:few_shot]: 未收敛 (best_epoch=1, best_loss=0.158802, final_loss=0.158802)
  收敛检测[few_shot:few_shot]: 未收敛 (best_epoch=1, best_loss=0.149612, final_loss=0.149612)
  收敛检测[few_shot:few_shot]: 未收敛 (best_epoch=1, best_loss=0.107273, final_loss=0.107273)
  收敛检测[few_shot:few_shot]: 未收敛 (best_epoch=1, best_loss=0.139631, final_loss=0.139631)
  收敛检测[few_shot:few_shot]: 未收敛 (best_epoch=1, best_loss=0.159914, final_loss=0.159914)
  收敛检测[few_shot:few_shot]: 未收敛 (best_epoch=1, best_loss=0.110924, final_loss=0.110924)
  收敛检测[few_shot:few_shot]: 未收敛 (best_epoch=1, best_loss=0.024739, final_loss=0.024739)
  收敛检测[few_shot:few_shot]: 未收敛 (best_epoch=1, best_loss=0.143902, final_loss=0.143902)
  收敛检测[few_shot:few_shot]: 未收敛 (best_epoch=1, best_loss=0.117330, final_loss=0.117330)
  收敛检测[few_shot:few_shot]: 未收敛 (best_epoch=1, best_loss=0.030449, final_loss=0.030449)
  收敛检测[few_shot:few_shot]: 未收敛 (best_epoch=1, best_loss=0.021447, final_loss=0.021447)
  收敛检测[few_shot:few_shot]: 未收敛 (best_epoch=1, best_loss=0.019848, final_loss=0.019848)
  收敛检测[few_shot:few_shot]: 未收敛 (best_epoch=1, best_loss=0.113852, final_loss=0.113852)
  收敛检测[few_shot:few_shot]: 未收敛 (best_epoch=1, best_loss=0.149435, final_loss=0.149435)
  收敛检测[few_shot:few_shot]: 未收敛 (best_epoch=1, best_loss=0.120184, final_loss=0.120184)
  收敛检测[few_shot:few_shot]: 未收敛 (best_epoch=1, best_loss=0.064812, final_loss=0.064812)
  收敛检测[few_shot:few_shot]: 未收敛 (best_epoch=1, best_loss=0.069793, final_loss=0.069793)
  收敛检测[few_shot:few_shot]: 未收敛 (best_epoch=1, best_loss=0.075379, final_loss=0.075379)
  收敛检测[few_shot:few_shot]: 未收敛 (best_epoch=1, best_loss=0.108953, final_loss=0.108953)
  收敛检测[few_shot:few_shot]: 未收敛 (best_epoch=1, best_loss=0.083909, final_loss=0.083909)
  收敛检测[few_shot:few_shot]: 未收敛 (best_epoch=1, best_loss=0.102648, final_loss=0.102648)
  收敛检测[few_shot:few_shot]: 未收敛 (best_epoch=1, best_loss=0.103567, final_loss=0.103567)
  收敛检测[few_shot:few_shot]: 未收敛 (best_epoch=1, best_loss=0.112700, final_loss=0.112700)
  收敛检测[few_shot:few_shot]: 未收敛 (best_epoch=1, best_loss=0.098167, final_loss=0.098167)
  收敛检测[few_shot:few_shot]: 未收敛 (best_epoch=1, best_loss=0.093229, final_loss=0.093229)
    [screen:proposed_source] source_station=61 -> target_station=63, candidate=37, gated=30, effective=28
      [proposed_source:61->target63] [Epoch 1/200] [loss_mse: 0.113623]
      [proposed_source:61->target63] [Epoch 2/200] [loss_mse: 0.111096]
      [proposed_source:61->target63] [Epoch 3/200] [loss_mse: 0.099882]
      [proposed_source:61->target63] [Epoch 4/200] [loss_mse: 0.096317]
      [proposed_source:61->target63] [Epoch 5/200] [loss_mse: 0.093525]
      [proposed_source:61->target63] [Epoch 6/200] [loss_mse: 0.086826]
      [proposed_source:61->target63] [Epoch 7/200] [loss_mse: 0.084562]
      [proposed_source:61->target63] [Epoch 8/200] [loss_mse: 0.082795]
      [proposed_source:61->target63] [Epoch 9/200] [loss_mse: 0.072995]
      [proposed_source:61->target63] [Epoch 10/200] [loss_mse: 0.067016]
      [proposed_source:61->target63] [Epoch 20/200] [loss_mse: 0.041610]
      [proposed_source:61->target63] [Epoch 40/200] [loss_mse: 0.023799]
      [proposed_source:61->target63] [Epoch 60/200] [loss_mse: 0.021439]
  收敛检测[few_shot:proposed_source_station61_to_63_class3]: 首次达到收敛条件 @ epoch 63 (best_epoch=58, best_loss=0.020386, final_loss=0.021642)
      [proposed_source:61->target63] [Epoch 80/200] [loss_mse: 0.021812]
      [proposed_source:61->target63] [Epoch 100/200] [loss_mse: 0.021217]
      [proposed_source:61->target63] [Epoch 120/200] [loss_mse: 0.020999]
      [proposed_source:61->target63] [Epoch 140/200] [loss_mse: 0.020785]
      [proposed_source:61->target63] [Epoch 160/200] [loss_mse: 0.020921]
      [proposed_source:61->target63] [Epoch 180/200] [loss_mse: 0.020614]
      [proposed_source:61->target63] [Epoch 200/200] [loss_mse: 0.021128]
  收敛检测[few_shot:proposed_source_station61_to_63_class3]: 已收敛 @ epoch 63 (best_epoch=58, best_loss=0.020386, final_loss=0.021128)
  收敛检测[few_shot:few_shot]: 未收敛 (best_epoch=1, best_loss=0.117239, final_loss=0.117239)
  收敛检测[few_shot:few_shot]: 未收敛 (best_epoch=1, best_loss=0.167881, final_loss=0.167881)
  收敛检测[few_shot:few_shot]: 未收敛 (best_epoch=1, best_loss=0.084919, final_loss=0.084919)
  收敛检测[few_shot:few_shot]: 未收敛 (best_epoch=1, best_loss=0.149722, final_loss=0.149722)
  收敛检测[few_shot:few_shot]: 未收敛 (best_epoch=1, best_loss=0.077209, final_loss=0.077209)
  收敛检测[few_shot:few_shot]: 未收敛 (best_epoch=1, best_loss=0.023828, final_loss=0.023828)
  收敛检测[few_shot:few_shot]: 未收敛 (best_epoch=1, best_loss=0.094573, final_loss=0.094573)
  收敛检测[few_shot:few_shot]: 未收敛 (best_epoch=1, best_loss=0.139107, final_loss=0.139107)
  收敛检测[few_shot:few_shot]: 未收敛 (best_epoch=1, best_loss=0.081456, final_loss=0.081456)
  收敛检测[few_shot:few_shot]: 未收敛 (best_epoch=1, best_loss=0.067628, final_loss=0.067628)
  收敛检测[few_shot:few_shot]: 未收敛 (best_epoch=1, best_loss=0.035598, final_loss=0.035598)
  收敛检测[few_shot:few_shot]: 未收敛 (best_epoch=1, best_loss=0.073811, final_loss=0.073811)
  收敛检测[few_shot:few_shot]: 未收敛 (best_epoch=1, best_loss=0.053108, final_loss=0.053108)
  收敛检测[few_shot:few_shot]: 未收敛 (best_epoch=1, best_loss=0.027844, final_loss=0.027844)
  收敛检测[few_shot:few_shot]: 未收敛 (best_epoch=1, best_loss=0.104307, final_loss=0.104307)
  收敛检测[few_shot:few_shot]: 未收敛 (best_epoch=1, best_loss=0.044626, final_loss=0.044626)
    [screen:proposed_source] source_station=62 -> target_station=63, candidate=19, gated=16, effective=11
      [proposed_source:62->target63] [Epoch 1/200] [loss_mse: 0.091849]
      [proposed_source:62->target63] [Epoch 2/200] [loss_mse: 0.088457]
      [proposed_source:62->target63] [Epoch 3/200] [loss_mse: 0.084014]
      [proposed_source:62->target63] [Epoch 4/200] [loss_mse: 0.076493]
      [proposed_source:62->target63] [Epoch 5/200] [loss_mse: 0.071838]
      [proposed_source:62->target63] [Epoch 6/200] [loss_mse: 0.068042]
      [proposed_source:62->target63] [Epoch 7/200] [loss_mse: 0.065186]
      [proposed_source:62->target63] [Epoch 8/200] [loss_mse: 0.059060]
      [proposed_source:62->target63] [Epoch 9/200] [loss_mse: 0.064007]
      [proposed_source:62->target63] [Epoch 10/200] [loss_mse: 0.053176]
      [proposed_source:62->target63] [Epoch 20/200] [loss_mse: 0.038819]
  收敛检测[few_shot:proposed_source_station62_to_63_class3]: 首次达到收敛条件 @ epoch 38 (best_epoch=33, best_loss=0.023262, final_loss=0.024316)
      [proposed_source:62->target63] [Epoch 40/200] [loss_mse: 0.022618]
  收敛检测[few_shot:proposed_source_station62_to_63_class3]: 首次达到收敛条件 @ epoch 45 (best_epoch=40, best_loss=0.022618, final_loss=0.023130)
  收敛检测[few_shot:proposed_source_station62_to_63_class3]: 首次达到收敛条件 @ epoch 51 (best_epoch=46, best_loss=0.021679, final_loss=0.023996)
      [proposed_source:62->target63] [Epoch 60/200] [loss_mse: 0.021861]
  收敛检测[few_shot:proposed_source_station62_to_63_class3]: 首次达到收敛条件 @ epoch 72 (best_epoch=67, best_loss=0.021454, final_loss=0.022986)
      [proposed_source:62->target63] [Epoch 80/200] [loss_mse: 0.023087]
      [proposed_source:62->target63] [Epoch 100/200] [loss_mse: 0.022300]
      [proposed_source:62->target63] [Epoch 120/200] [loss_mse: 0.023134]
      [proposed_source:62->target63] [Epoch 140/200] [loss_mse: 0.022458]
  收敛检测[few_shot:proposed_source_station62_to_63_class3]: 首次达到收敛条件 @ epoch 159 (best_epoch=154, best_loss=0.020291, final_loss=0.022776)
      [proposed_source:62->target63] [Epoch 160/200] [loss_mse: 0.021483]
      [proposed_source:62->target63] [Epoch 180/200] [loss_mse: 0.022933]
      [proposed_source:62->target63] [Epoch 200/200] [loss_mse: 0.021983]
  收敛检测[few_shot:proposed_source_station62_to_63_class3]: 已收敛 @ epoch 159 (best_epoch=154, best_loss=0.020291, final_loss=0.021983)
      [Proposed-A:target_refine] [Epoch 1/200] [loss_mse: 0.060405]
      [Proposed-A:target_refine] [Epoch 2/200] [loss_mse: 0.058277]
      [Proposed-A:target_refine] [Epoch 3/200] [loss_mse: 0.059065]
      [Proposed-A:target_refine] [Epoch 4/200] [loss_mse: 0.057717]
      [Proposed-A:target_refine] [Epoch 5/200] [loss_mse: 0.057231]
      [Proposed-A:target_refine] [Epoch 6/200] [loss_mse: 0.058192]
      [Proposed-A:target_refine] [Epoch 7/200] [loss_mse: 0.058524]
      [Proposed-A:target_refine] [Epoch 8/200] [loss_mse: 0.059308]
      [Proposed-A:target_refine] [Epoch 9/200] [loss_mse: 0.057331]
  收敛检测[few_shot:proposed_a_station63_class3]: 首次达到收敛条件 @ epoch 10 (best_epoch=5, best_loss=0.057231, final_loss=0.058800)
      [Proposed-A:target_refine] [Epoch 10/200] [loss_mse: 0.058800]
      [Proposed-A:target_refine] [Epoch 20/200] [loss_mse: 0.057963]
  收敛检测[few_shot:proposed_a_station63_class3]: 首次达到收敛条件 @ epoch 22 (best_epoch=17, best_loss=0.056839, final_loss=0.058447)
      [Proposed-A:target_refine] [Epoch 40/200] [loss_mse: 0.058404]
      [Proposed-A:target_refine] [Epoch 60/200] [loss_mse: 0.058309]
  收敛检测[few_shot:proposed_a_station63_class3]: 首次达到收敛条件 @ epoch 69 (best_epoch=64, best_loss=0.056551, final_loss=0.057704)
      [Proposed-A:target_refine] [Epoch 80/200] [loss_mse: 0.058024]
      [Proposed-A:target_refine] [Epoch 100/200] [loss_mse: 0.058518]
      [Proposed-A:target_refine] [Epoch 120/200] [loss_mse: 0.058606]
  收敛检测[few_shot:proposed_a_station63_class3]: 首次达到收敛条件 @ epoch 128 (best_epoch=123, best_loss=0.055924, final_loss=0.058241)
      [Proposed-A:target_refine] [Epoch 140/200] [loss_mse: 0.057900]
      [Proposed-A:target_refine] [Epoch 160/200] [loss_mse: 0.058393]
      [Proposed-A:target_refine] [Epoch 180/200] [loss_mse: 0.058935]
      [Proposed-A:target_refine] [Epoch 200/200] [loss_mse: 0.058036]
  收敛检测[few_shot:proposed_a_station63_class3]: 已收敛 @ epoch 128 (best_epoch=123, best_loss=0.055924, final_loss=0.058036)
    ✓ 保存(Proposed-A): artifacts/2h6p_six_station/fed-normal-meta-5k/models/model_fore_station63_extreme3_proposed_a.pth weights={'63': 0.5, '58': 0.11205175817296541, '59': 0.08926085395480593, '60': 0.1022538853055463, '61': 0.11372686195249476, '62': 0.08270664061418753}

✓ Few-shot训练完成，生成了 72 个个性化模型

======================================================================
生成所有场站的测试预测结果
======================================================================

场站 58 预测:
  ✓ 极端类别1（LMT/Extreme-FedAvg/Proposed-A）
  ✓ 极端类别2（LMT/Extreme-FedAvg/Proposed-A）
  ✓ 极端类别3（LMT/Extreme-FedAvg/Proposed-A）
  ✓ 极端类别4（LMT/Extreme-FedAvg/Proposed-A）

场站 59 预测:
  ✓ 极端类别1（LMT/Extreme-FedAvg/Proposed-A）
  ✓ 极端类别2（LMT/Extreme-FedAvg/Proposed-A）
  ✓ 极端类别3（LMT/Extreme-FedAvg/Proposed-A）
  ✓ 极端类别4（LMT/Extreme-FedAvg/Proposed-A）

场站 60 预测:
  ✓ 极端类别1（LMT/Extreme-FedAvg/Proposed-A）
  ✓ 极端类别2（LMT/Extreme-FedAvg/Proposed-A）
  ✓ 极端类别3（LMT/Extreme-FedAvg/Proposed-A）
  ✓ 极端类别4（LMT/Extreme-FedAvg/Proposed-A）

场站 61 预测:
  ✓ 极端类别1（LMT/Extreme-FedAvg/Proposed-A）
  ✓ 极端类别2（LMT/Extreme-FedAvg/Proposed-A）
  ✓ 极端类别3（LMT/Extreme-FedAvg/Proposed-A）
  ✓ 极端类别4（LMT/Extreme-FedAvg/Proposed-A）

场站 62 预测:
  ✓ 极端类别1（LMT/Extreme-FedAvg/Proposed-A）
  ✓ 极端类别2（LMT/Extreme-FedAvg/Proposed-A）
  ✓ 极端类别3（LMT/Extreme-FedAvg/Proposed-A）
  ✓ 极端类别4（LMT/Extreme-FedAvg/Proposed-A）

场站 63 预测:
  ✓ 极端类别1（LMT/Extreme-FedAvg/Proposed-A）
  ✓ 极端类别2（LMT/Extreme-FedAvg/Proposed-A）
  ✓ 极端类别3（LMT/Extreme-FedAvg/Proposed-A）
  ✓ 极端类别4（LMT/Extreme-FedAvg/Proposed-A）

保存所有场站测试结果...
✓ 已保存: artifacts/2h6p_six_station/fed-normal-meta-5k/all_stations_test_results.mat
✓ 收敛检测报告已保存: artifacts/2h6p_six_station/fed-normal-meta-5k/training_convergence_report.json

======================================================================
✓✓✓ 训练和测试全部完成！
生成的模型: 72个个性化模型（LMT/Extreme-FedAvg/Proposed-A）
======================================================================
