
======================================================================
stage=train
env  PROTOCOL_NAME=four_client_2h_6point_high_wind_spring_noft_protocol PROTOCOL_DATA_DIR=/tmp/wpf-worktrees/restore-raw-data-83688a3/WPF-under-extreme-weather-main/protocol_data/high_wind_spring_noft_four_client PROTOCOL_METADATA_PATH=/tmp/wpf-worktrees/restore-raw-data-83688a3/WPF-under-extreme-weather-main/protocol_data/high_wind_spring_noft_four_client/protocol_metadata.json SAMPLE_INTERVAL_HOURS=2 DOWNSAMPLE_OFFSET=1 LEN_REALP=6 POINTS_PER_DAY=12 PHASE_AUGMENT_STATIONS=1 PHASE_AUGMENT_COMPLEMENTARY_OFFSET=0 ARTIFACT_DIR=artifacts/high_wind_spring_noft_four_client/pilot-1k-target-aware-selective-fed MODEL_OUTPUT_DIR=artifacts/high_wind_spring_noft_four_client/pilot-1k-target-aware-selective-fed/models BASE_MODEL_OUTPUT_DIR=artifacts/high_wind_spring_noft_four_client/pilot-1k/models TARGET_AWARE_BASE_MODEL_OUTPUT_DIR=artifacts/high_wind_spring_noft_four_client/pilot-1k-target-aware-meta/models LOGS_TRAIN_DIR=artifacts/high_wind_spring_noft_four_client/pilot-1k-target-aware-selective-fed/logs_train CONVERGENCE_REPORT_PATH=artifacts/high_wind_spring_noft_four_client/pilot-1k-target-aware-selective-fed/training_convergence_report.json ALL_STATIONS_TEST_RESULTS_PATH=artifacts/high_wind_spring_noft_four_client/pilot-1k-target-aware-selective-fed/all_stations_test_results.mat RESULTS_OUTPUT_PATH=artifacts/high_wind_spring_noft_four_client/pilot-1k-target-aware-selective-fed/results/multi_station_performance.csv TASK_RESULTS_OUTPUT_PATH=artifacts/high_wind_spring_noft_four_client/pilot-1k-target-aware-selective-fed/results/multi_station_performance_task_level.csv YEARLY_PROTOCOL_ENABLED=1 SEASONAL_PROTOCOL_ENABLED=0 YEARLY_PROTOCOL_METADATA_PATH=/tmp/wpf-worktrees/restore-raw-data-83688a3/WPF-under-extreme-weather-main/protocol_data/high_wind_spring_noft_four_client/protocol_metadata.json HIGH_TEMP_ONLY_SUMMER_PROTOCOL=0 HIGH_WIND_SPRING_NOFT_PROTOCOL=1 HIGH_WIND_NORMAL_TRAIN_START=2022-04-01T00:00:00+00:00 HIGH_WIND_NORMAL_TRAIN_END=2022-04-29T16:00:00+00:00 USE_FEDERATION=1 RUN_FEDERATED_PRETRAIN=0 TRAIN_META_ONLY_BASELINE=0 SKIP_LOCAL_PRETRAIN=1 SKIP_LOCAL_META=1 ENABLE_FED_NORMAL_META_PROPOSED=0 FED_NORMAL_META_SELF_FLOOR=0.3 SKIP_FED_NORMAL_META=0 FED_NORMAL_META_RESTORE_BEST=0 FED_NORMAL_META_SAVE_BEST=0 FED_NORMAL_META_USE_BEST=0 ENABLE_SELECTIVE_FED_NORMAL_META=0 SELECTIVE_FED_META_PROXY_RATIO=0.2 SELECTIVE_FED_META_SELF_FLOOR=0.5 SELECTIVE_FED_META_GAIN_MARGIN=0.0 SELECTIVE_FED_META_GAIN_GAMMA=1.0 HWA_PRETRAIN_LOSS=0 HWA_META_LOSS=0 HWA_SELECTIVE_PROXY_LOSS=0 HWA_WIND_FEATURE_INDEX=0 HWA_WIND_THRESHOLD=10.0 HWA_WIND_RAMP_END=13.9 HWA_HIGH_WIND_WEIGHT=4.0 HWA_PRETRAIN_WINDOWED=1 ENABLE_TARGET_AWARE_META_NOFT=1 SKIP_TARGET_AWARE_PRETRAIN=1 SKIP_TARGET_AWARE_META=1 ENABLE_TARGET_AWARE_SELECTIVE_FED_META=1 SKIP_TARGET_AWARE_SELECTIVE_FED_META=0 TARGET_AWARE_PRETRAIN_HWA_LOSS=1 TARGET_AWARE_META_CDRM_WEIGHT=0 TARGET_AWARE_META_SIM_FLOOR=0.05 TARGET_AWARE_META_TASK_WEIGHT_ETA=1.0 TARGET_AWARE_META_WIND_MEAN_THRESHOLD=13.9 TARGET_AWARE_META_WIND_MAX_THRESHOLD=17.2 TARGET_AWARE_META_MIN_EXTREME_POINTS=3 TARGET_AWARE_SELECTIVE_FED_TOP_K=1 TARGET_AWARE_SELECTIVE_FED_SELF_FLOOR=0.7 TARGET_AWARE_SELECTIVE_FED_SOURCE_ALPHA_CAP=0.3 TARGET_AWARE_SELECTIVE_FED_ALPHA_GRID= TARGET_AWARE_SELECTIVE_FED_GAIN_MARGIN=0.0 TARGET_AWARE_SELECTIVE_FED_GAIN_GAMMA=1.0 TARGET_AWARE_SELECTIVE_FED_PROXY_NORMAL_MAX_WINDOWS=8 TARGET_AWARE_SELECTIVE_FED_PROXY_EXTREME_WEIGHT=2.0 TARGET_AWARE_SELECTIVE_FED_PROXY_NORMAL_WEIGHT=1.0 GLOBAL_SEED=1029 META_TASKS_PER_EPOCH=2 META_SUPPORT_SHOTS=4 META_QUERY_SHOTS=4 EVAL_MODEL_SET=fed-meta-noft SKIP_EXTREME_ADAPTATION_STAGE=1 PROPOSED_META_SAMPLER_MODE=balanced PRETRAIN_EPOCHS=1000 PROPOSED_META_EPOCHS=1000 META_ONLY_META_EPOCHS=1000 FEW_SHOT_EPOCHS=0 EXTREME_TARGET_REFINEMENT_EPOCHS=0 EXTREME_SUPPORT_WINDOW_CAP=0 PRETRAIN_LOG_INTERVAL=50 META_LOG_INTERVAL=50 FEW_SHOT_LOG_INTERVAL=10
exec /root/miniconda3/bin/python -u DemoModelTraining.py
======================================================================

libgomp: Invalid value for environment variable OMP_NUM_THREADS
======================================================================
数据协议配置
======================================================================
  protocol_name: four_client_2h_6point_high_wind_spring_noft_protocol
  protocol_data_dir: /tmp/wpf-worktrees/restore-raw-data-83688a3/WPF-under-extreme-weather-main/protocol_data/high_wind_spring_noft_four_client
  protocol_metadata_path: /tmp/wpf-worktrees/restore-raw-data-83688a3/WPF-under-extreme-weather-main/protocol_data/high_wind_spring_noft_four_client/protocol_metadata.json
  yearly_protocol_enabled: True
  seasonal_protocol_enabled: False
  sample_interval_hours: 2
  downsample_offset: 1
  len_realp: 6
  points_per_day: 12
  window_span_hours: 12
  artifact_dir: artifacts/high_wind_spring_noft_four_client/pilot-1k-target-aware-selective-fed
  model_output_dir: artifacts/high_wind_spring_noft_four_client/pilot-1k-target-aware-selective-fed/models
  base_model_output_dir: artifacts/high_wind_spring_noft_four_client/pilot-1k/models
  target_aware_base_model_output_dir: artifacts/high_wind_spring_noft_four_client/pilot-1k-target-aware-meta/models
  logs_train_dir: artifacts/high_wind_spring_noft_four_client/pilot-1k-target-aware-selective-fed/logs_train
  enable_fed_normal_meta_proposed: False
  fed_normal_meta_self_floor: 0.3
  skip_fed_normal_meta: False
  fed_normal_meta_restore_best: False
  fed_normal_meta_save_best: False
  fed_normal_meta_use_best: False
  enable_selective_fed_normal_meta: False
  selective_fed_meta_proxy_ratio: 0.2
  selective_fed_meta_self_floor: 0.5
  selective_fed_meta_gain_margin: 0.0
  selective_fed_meta_gain_gamma: 1.0
  hwa_pretrain_loss: False
  hwa_meta_loss: False
  hwa_selective_proxy_loss: False
  hwa_wind_feature_index: 0
  hwa_wind_threshold: 10.0
  hwa_wind_ramp_end: 13.9
  hwa_high_wind_weight: 4.0
  hwa_pretrain_windowed: True
  enable_target_aware_meta_noft: True
  skip_target_aware_pretrain: True
  skip_target_aware_meta: True
  enable_target_aware_selective_fed_meta: True
  skip_target_aware_selective_fed_meta: False
  target_aware_pretrain_hwa_loss: True
  target_aware_meta_cdrm_weight: 0.0
  target_aware_meta_sim_floor: 0.05
  target_aware_meta_task_weight_eta: 1.0
  target_aware_meta_wind_mean_threshold: 13.9
  target_aware_meta_wind_max_threshold: 17.2
  target_aware_meta_min_extreme_points: 3
  target_aware_selective_fed_top_k: 1
  target_aware_selective_fed_self_floor: 0.7
  target_aware_selective_fed_source_alpha_cap: 0.3
  target_aware_selective_fed_alpha_grid: (auto)
  target_aware_selective_fed_gain_margin: 0.0
  target_aware_selective_fed_proxy_normal_max_windows: 8
  target_aware_selective_fed_proxy_extreme_weight: 2.0
  target_aware_selective_fed_proxy_normal_weight: 1.0
  global_seed: 1029
  skip_extreme_adaptation_stage: True
======================================================================
联邦模式：加载4个场站数据（59, 60, 62, 63）
======================================================================
  加载 /tmp/wpf-worktrees/restore-raw-data-83688a3/WPF-under-extreme-weather-main/protocol_data/high_wind_spring_noft_four_client/59wf_4_train.mat...
  加载 /tmp/wpf-worktrees/restore-raw-data-83688a3/WPF-under-extreme-weather-main/protocol_data/high_wind_spring_noft_four_client/60wf_4_train.mat...
  加载 /tmp/wpf-worktrees/restore-raw-data-83688a3/WPF-under-extreme-weather-main/protocol_data/high_wind_spring_noft_four_client/62wf_4_train.mat...
  加载 /tmp/wpf-worktrees/restore-raw-data-83688a3/WPF-under-extreme-weather-main/protocol_data/high_wind_spring_noft_four_client/63wf_4_train.mat...

======================================================================
准备所有场站的完整数据（元训练+极端天气+测试集）
======================================================================

准备联邦客户端数据（常规天气）...
  处理场站 59...
    shape: (1, 318, 5) → (1, 318, 1)
  处理场站 60...
    shape: (1, 323, 5) → (1, 323, 1)
  处理场站 62...
    shape: (1, 319, 5) → (1, 319, 1)
  处理场站 63...
    shape: (1, 324, 5) → (1, 324, 1)
  总数据量: 1284 样本

准备所有场站的元训练和测试数据（4场站一视同仁）...

  场站 59:
    测试集2023: (2, 6, 1)
    聚类类别: 4类
    极端天气: 1类

  场站 60:
    测试集2023: (2, 6, 1)
    聚类类别: 4类
    极端天气: 1类

  场站 62:
    测试集2023: (2, 6, 1)
    聚类类别: 4类
    极端天气: 1类

  场站 63:
    测试集2023: (2, 6, 1)
    聚类类别: 4类
    极端天气: 1类

✓ 所有场站数据准备完成！
#########################################################################——————————本地预训练（Local Pre-train）——————————############################################################
场站数量: 4, 场站: 59, 60, 62, 63

======================================================================
开始本地预训练: station 59
======================================================================
✓ 跳过本地预训练，复用已有 checkpoint: artifacts/high_wind_spring_noft_four_client/pilot-1k/models/model_fore_pre_station59_local.pth

======================================================================
开始本地预训练: station 60
======================================================================
✓ 跳过本地预训练，复用已有 checkpoint: artifacts/high_wind_spring_noft_four_client/pilot-1k/models/model_fore_pre_station60_local.pth

======================================================================
开始本地预训练: station 62
======================================================================
✓ 跳过本地预训练，复用已有 checkpoint: artifacts/high_wind_spring_noft_four_client/pilot-1k/models/model_fore_pre_station62_local.pth

======================================================================
开始本地预训练: station 63
======================================================================
✓ 跳过本地预训练，复用已有 checkpoint: artifacts/high_wind_spring_noft_four_client/pilot-1k/models/model_fore_pre_station63_local.pth

======================================================================
开始Target-Aware窗口化预训练: station 59
======================================================================
✓ 跳过Target-Aware预训练，复用已有 checkpoint: artifacts/high_wind_spring_noft_four_client/pilot-1k-target-aware-meta/models/model_fore_pre_station59_target_aware.pth

======================================================================
开始Target-Aware窗口化预训练: station 60
======================================================================
✓ 跳过Target-Aware预训练，复用已有 checkpoint: artifacts/high_wind_spring_noft_four_client/pilot-1k-target-aware-meta/models/model_fore_pre_station60_target_aware.pth

======================================================================
开始Target-Aware窗口化预训练: station 62
======================================================================
✓ 跳过Target-Aware预训练，复用已有 checkpoint: artifacts/high_wind_spring_noft_four_client/pilot-1k-target-aware-meta/models/model_fore_pre_station62_target_aware.pth

======================================================================
开始Target-Aware窗口化预训练: station 63
======================================================================
✓ 跳过Target-Aware预训练，复用已有 checkpoint: artifacts/high_wind_spring_noft_four_client/pilot-1k-target-aware-meta/models/model_fore_pre_station63_target_aware.pth

======================================================================
开始本地元训练: station 59
======================================================================
✓ 跳过本地元训练，复用已有 checkpoint: artifacts/high_wind_spring_noft_four_client/pilot-1k/models/model_fore_train_task_query_local_meta_station59.pth

======================================================================
开始本地元训练: station 60
======================================================================
✓ 跳过本地元训练，复用已有 checkpoint: artifacts/high_wind_spring_noft_four_client/pilot-1k/models/model_fore_train_task_query_local_meta_station60.pth

======================================================================
开始本地元训练: station 62
======================================================================
✓ 跳过本地元训练，复用已有 checkpoint: artifacts/high_wind_spring_noft_four_client/pilot-1k/models/model_fore_train_task_query_local_meta_station62.pth

======================================================================
开始本地元训练: station 63
======================================================================
✓ 跳过本地元训练，复用已有 checkpoint: artifacts/high_wind_spring_noft_four_client/pilot-1k/models/model_fore_train_task_query_local_meta_station63.pth

======================================================================
开始Target-Aware元训练: station 59
======================================================================
✓ 跳过Target-Aware元训练，复用已有 checkpoint: artifacts/high_wind_spring_noft_four_client/pilot-1k-target-aware-meta/models/model_fore_train_task_query_target_aware_meta_station59.pth

======================================================================
开始Target-Aware元训练: station 60
======================================================================
✓ 跳过Target-Aware元训练，复用已有 checkpoint: artifacts/high_wind_spring_noft_four_client/pilot-1k-target-aware-meta/models/model_fore_train_task_query_target_aware_meta_station60.pth

======================================================================
开始Target-Aware元训练: station 62
======================================================================
✓ 跳过Target-Aware元训练，复用已有 checkpoint: artifacts/high_wind_spring_noft_four_client/pilot-1k-target-aware-meta/models/model_fore_train_task_query_target_aware_meta_station62.pth

======================================================================
开始Target-Aware元训练: station 63
======================================================================
✓ 跳过Target-Aware元训练，复用已有 checkpoint: artifacts/high_wind_spring_noft_four_client/pilot-1k-target-aware-meta/models/model_fore_train_task_query_target_aware_meta_station63.pth

======================================================================
开始Target-Aware Selective Fed Meta: target station 59
  alpha_grid=[0.1, 0.2, 0.3], top_k=1, gain_margin=0.0
======================================================================
  target_proxy_windows=10 (normal_highwind_cap=8)
  target_aware_selective_fed[target=59] epoch=1/1000 self_proxy_loss=0.15366068482398987 aggregate_proxy_loss=0.15205857157707214 accepted_sources=['62'] source_diagnostics=[{'source_station_id': '60', 'alpha': 0.3, 'source_query_loss': 0.14760228991508484, 'proxy_loss': 0.1520862877368927, 'gain': 0.001574397087097168, 'accepted': True}, {'source_station_id': '62', 'alpha': 0.3, 'source_query_loss': 0.13806501030921936, 'proxy_loss': 0.15205857157707214, 'gain': 0.0016021132469177246, 'accepted': True}, {'source_station_id': '63', 'alpha': 0.3, 'source_query_loss': 0.13922369480133057, 'proxy_loss': 0.15209999680519104, 'gain': 0.0015606880187988281, 'accepted': True}]
  target_aware_selective_fed[target=59] epoch=2/1000 self_proxy_loss=0.14678525924682617 aggregate_proxy_loss=0.14519700407981873 accepted_sources=['60'] source_diagnostics=[{'source_station_id': '60', 'alpha': 0.3, 'source_query_loss': 0.13845248520374298, 'proxy_loss': 0.14519700407981873, 'gain': 0.0015882551670074463, 'accepted': True}, {'source_station_id': '62', 'alpha': 0.3, 'source_query_loss': 0.12163233011960983, 'proxy_loss': 0.14523117244243622, 'gain': 0.0015540868043899536, 'accepted': True}, {'source_station_id': '63', 'alpha': 0.3, 'source_query_loss': 0.1430138796567917, 'proxy_loss': 0.1452779471874237, 'gain': 0.0015073120594024658, 'accepted': True}]
  target_aware_selective_fed[target=59] epoch=3/1000 self_proxy_loss=0.14005184173583984 aggregate_proxy_loss=0.13848355412483215 accepted_sources=['62'] source_diagnostics=[{'source_station_id': '60', 'alpha': 0.3, 'source_query_loss': 0.1569148749113083, 'proxy_loss': 0.13856054842472076, 'gain': 0.0014912933111190796, 'accepted': True}, {'source_station_id': '62', 'alpha': 0.3, 'source_query_loss': 0.14033542573451996, 'proxy_loss': 0.13848355412483215, 'gain': 0.0015682876110076904, 'accepted': True}, {'source_station_id': '63', 'alpha': 0.3, 'source_query_loss': 0.11967983096837997, 'proxy_loss': 0.13850994408130646, 'gain': 0.0015418976545333862, 'accepted': True}]
  target_aware_selective_fed[target=59] epoch=4/1000 self_proxy_loss=0.1333962380886078 aggregate_proxy_loss=0.1319337636232376 accepted_sources=['63'] source_diagnostics=[{'source_station_id': '60', 'alpha': 0.3, 'source_query_loss': 0.11576423794031143, 'proxy_loss': 0.13199827075004578, 'gain': 0.0013979673385620117, 'accepted': True}, {'source_station_id': '62', 'alpha': 0.3, 'source_query_loss': 0.12335231155157089, 'proxy_loss': 0.13194182515144348, 'gain': 0.0014544129371643066, 'accepted': True}, {'source_station_id': '63', 'alpha': 0.3, 'source_query_loss': 0.14023949205875397, 'proxy_loss': 0.1319337636232376, 'gain': 0.0014624744653701782, 'accepted': True}]
  target_aware_selective_fed[target=59] epoch=5/1000 self_proxy_loss=0.12696194648742676 aggregate_proxy_loss=0.1255074441432953 accepted_sources=['63'] source_diagnostics=[{'source_station_id': '60', 'alpha': 0.3, 'source_query_loss': 0.10856842249631882, 'proxy_loss': 0.12553352117538452, 'gain': 0.0014284253120422363, 'accepted': True}, {'source_station_id': '62', 'alpha': 0.1, 'source_query_loss': 0.13582681119441986, 'proxy_loss': 0.12744145095348358, 'gain': -0.00047950446605682373, 'accepted': False}, {'source_station_id': '63', 'alpha': 0.3, 'source_query_loss': 0.11233200132846832, 'proxy_loss': 0.1255074441432953, 'gain': 0.0014545023441314697, 'accepted': True}]
  target_aware_selective_fed[target=59] epoch=6/1000 self_proxy_loss=0.12071724236011505 aggregate_proxy_loss=0.11929631233215332 accepted_sources=['62'] source_diagnostics=[{'source_station_id': '60', 'alpha': 0.3, 'source_query_loss': 0.12320197373628616, 'proxy_loss': 0.1193012148141861, 'gain': 0.001416027545928955, 'accepted': True}, {'source_station_id': '62', 'alpha': 0.3, 'source_query_loss': 0.13176515698432922, 'proxy_loss': 0.11929631233215332, 'gain': 0.001420930027961731, 'accepted': True}, {'source_station_id': '63', 'alpha': 0.3, 'source_query_loss': 0.1228785514831543, 'proxy_loss': 0.11930927634239197, 'gain': 0.0014079660177230835, 'accepted': True}]
  target_aware_selective_fed[target=59] epoch=7/1000 self_proxy_loss=0.11473232507705688 aggregate_proxy_loss=0.11335324496030807 accepted_sources=['62'] source_diagnostics=[{'source_station_id': '60', 'alpha': 0.1, 'source_query_loss': 0.20154958963394165, 'proxy_loss': 0.11520342528820038, 'gain': -0.00047110021114349365, 'accepted': False}, {'source_station_id': '62', 'alpha': 0.3, 'source_query_loss': 0.126261368393898, 'proxy_loss': 0.11335324496030807, 'gain': 0.0013790801167488098, 'accepted': True}, {'source_station_id': '63', 'alpha': 0.3, 'source_query_loss': 0.14996926486492157, 'proxy_loss': 0.11336523294448853, 'gain': 0.0013670921325683594, 'accepted': True}]
  target_aware_selective_fed[target=59] epoch=8/1000 self_proxy_loss=0.11483316123485565 aggregate_proxy_loss=0.11350154131650925 accepted_sources=['62'] source_diagnostics=[{'source_station_id': '60', 'alpha': 0.1, 'source_query_loss': 0.1624009609222412, 'proxy_loss': 0.11527152359485626, 'gain': -0.00043836236000061035, 'accepted': False}, {'source_station_id': '62', 'alpha': 0.3, 'source_query_loss': 0.11053402721881866, 'proxy_loss': 0.11350154131650925, 'gain': 0.001331619918346405, 'accepted': True}, {'source_station_id': '63', 'alpha': 0.3, 'source_query_loss': 0.11012624204158783, 'proxy_loss': 0.1135534793138504, 'gain': 0.001279681921005249, 'accepted': True}]
  target_aware_selective_fed[target=59] epoch=9/1000 self_proxy_loss=0.10898065567016602 aggregate_proxy_loss=0.10760747641324997 accepted_sources=['62'] source_diagnostics=[{'source_station_id': '60', 'alpha': 0.3, 'source_query_loss': 0.11903762072324753, 'proxy_loss': 0.10769031941890717, 'gain': 0.00129033625125885, 'accepted': True}, {'source_station_id': '62', 'alpha': 0.3, 'source_query_loss': 0.11529433727264404, 'proxy_loss': 0.10760747641324997, 'gain': 0.0013731792569160461, 'accepted': True}, {'source_station_id': '63', 'alpha': 0.3, 'source_query_loss': 0.1190062016248703, 'proxy_loss': 0.1076870784163475, 'gain': 0.001293577253818512, 'accepted': True}]
  target_aware_selective_fed[target=59] epoch=10/1000 self_proxy_loss=0.10315028578042984 aggregate_proxy_loss=0.10188852995634079 accepted_sources=['63'] source_diagnostics=[{'source_station_id': '60', 'alpha': 0.3, 'source_query_loss': 0.1367095708847046, 'proxy_loss': 0.10193120688199997, 'gain': 0.0012190788984298706, 'accepted': True}, {'source_station_id': '62', 'alpha': 0.3, 'source_query_loss': 0.12352615594863892, 'proxy_loss': 0.10189022123813629, 'gain': 0.0012600645422935486, 'accepted': True}, {'source_station_id': '63', 'alpha': 0.3, 'source_query_loss': 0.09884991496801376, 'proxy_loss': 0.10188852995634079, 'gain': 0.0012617558240890503, 'accepted': True}]
  target_aware_selective_fed[target=59] epoch=50/1000 self_proxy_loss=0.0317530557513237 aggregate_proxy_loss=0.03175941854715347 accepted_sources=['60'] source_diagnostics=[{'source_station_id': '60', 'alpha': 0.2, 'source_query_loss': 0.1088922768831253, 'proxy_loss': 0.03172405809164047, 'gain': 2.899765968322754e-05, 'accepted': True}, {'source_station_id': '62', 'alpha': 0.1, 'source_query_loss': 0.26226806640625, 'proxy_loss': 0.031940262764692307, 'gain': -0.00018720701336860657, 'accepted': False}, {'source_station_id': '63', 'alpha': 0.1, 'source_query_loss': 0.1473928689956665, 'proxy_loss': 0.031919725239276886, 'gain': -0.00016666948795318604, 'accepted': False}]
  target_aware_selective_fed[target=59] epoch=100/1000 self_proxy_loss=0.03190770745277405 aggregate_proxy_loss=0.03184247761964798 accepted_sources=['60'] source_diagnostics=[{'source_station_id': '60', 'alpha': 0.3, 'source_query_loss': 0.08397223800420761, 'proxy_loss': 0.03184247761964798, 'gain': 6.522983312606812e-05, 'accepted': True}, {'source_station_id': '62', 'alpha': 0.1, 'source_query_loss': 0.07453224807977676, 'proxy_loss': 0.03187920153141022, 'gain': 2.8505921363830566e-05, 'accepted': True}, {'source_station_id': '63', 'alpha': 0.1, 'source_query_loss': 0.13421542942523956, 'proxy_loss': 0.03213046118617058, 'gain': -0.00022275373339653015, 'accepted': False}]
  target_aware_selective_fed[target=59] epoch=150/1000 self_proxy_loss=0.03350432589650154 aggregate_proxy_loss=0.03349389508366585 accepted_sources=['62'] source_diagnostics=[{'source_station_id': '60', 'alpha': 0.1, 'source_query_loss': 0.09606673568487167, 'proxy_loss': 0.033570773899555206, 'gain': -6.644800305366516e-05, 'accepted': False}, {'source_station_id': '62', 'alpha': 0.2, 'source_query_loss': 0.133716881275177, 'proxy_loss': 0.03347763419151306, 'gain': 2.6691704988479614e-05, 'accepted': True}, {'source_station_id': '63', 'alpha': 0.1, 'source_query_loss': 0.3240208029747009, 'proxy_loss': 0.03366862237453461, 'gain': -0.0001642964780330658, 'accepted': False}]
  target_aware_selective_fed[target=59] epoch=200/1000 self_proxy_loss=0.028216194361448288 aggregate_proxy_loss=0.027895580977201462 accepted_sources=['62'] source_diagnostics=[{'source_station_id': '60', 'alpha': 0.1, 'source_query_loss': 0.15658991038799286, 'proxy_loss': 0.02841462381184101, 'gain': -0.00019842945039272308, 'accepted': False}, {'source_station_id': '62', 'alpha': 0.3, 'source_query_loss': 0.06747134029865265, 'proxy_loss': 0.027895580977201462, 'gain': 0.00032061338424682617, 'accepted': True}, {'source_station_id': '63', 'alpha': 0.1, 'source_query_loss': 0.1836652010679245, 'proxy_loss': 0.028430605307221413, 'gain': -0.0002144109457731247, 'accepted': False}]
  target_aware_selective_fed[target=59] epoch=250/1000 self_proxy_loss=0.03136363998055458 aggregate_proxy_loss=0.030984146520495415 accepted_sources=['62'] source_diagnostics=[{'source_station_id': '60', 'alpha': 0.1, 'source_query_loss': 0.15410932898521423, 'proxy_loss': 0.03152543678879738, 'gain': -0.00016179680824279785, 'accepted': False}, {'source_station_id': '62', 'alpha': 0.3, 'source_query_loss': 0.08403165638446808, 'proxy_loss': 0.030984146520495415, 'gain': 0.00037949346005916595, 'accepted': True}, {'source_station_id': '63', 'alpha': 0.1, 'source_query_loss': 0.08753558248281479, 'proxy_loss': 0.03146825730800629, 'gain': -0.00010461732745170593, 'accepted': False}]
  target_aware_selective_fed[target=59] epoch=300/1000 self_proxy_loss=0.024913616478443146 aggregate_proxy_loss=0.024913616478443146 accepted_sources=[] source_diagnostics=[{'source_station_id': '60', 'alpha': 0.1, 'source_query_loss': 0.12180483341217041, 'proxy_loss': 0.025061694905161858, 'gain': -0.00014807842671871185, 'accepted': False}, {'source_station_id': '62', 'alpha': 0.1, 'source_query_loss': 0.12508252263069153, 'proxy_loss': 0.025040069594979286, 'gain': -0.00012645311653614044, 'accepted': False}, {'source_station_id': '63', 'alpha': 0.1, 'source_query_loss': 0.15859517455101013, 'proxy_loss': 0.02502553164958954, 'gain': -0.00011191517114639282, 'accepted': False}]
  target_aware_selective_fed[target=59] epoch=350/1000 self_proxy_loss=0.028495730832219124 aggregate_proxy_loss=0.028495730832219124 accepted_sources=[] source_diagnostics=[{'source_station_id': '60', 'alpha': 0.1, 'source_query_loss': 0.0823974683880806, 'proxy_loss': 0.028669659048318863, 'gain': -0.00017392821609973907, 'accepted': False}, {'source_station_id': '62', 'alpha': 0.1, 'source_query_loss': 0.07312579452991486, 'proxy_loss': 0.028673432767391205, 'gain': -0.000177701935172081, 'accepted': False}, {'source_station_id': '63', 'alpha': 0.1, 'source_query_loss': 0.12616442143917084, 'proxy_loss': 0.028613941743969917, 'gain': -0.00011821091175079346, 'accepted': False}]
  收敛检测[target_aware_selective_fed_meta:target_aware_selective_fed_meta_station59]: 首次达到收敛条件 @ epoch 399 (best_epoch=299, best_loss=0.023819, final_loss=0.026208)
  target_aware_selective_fed[target=59] epoch=400/1000 self_proxy_loss=0.027703415602445602 aggregate_proxy_loss=0.027703415602445602 accepted_sources=[] source_diagnostics=[{'source_station_id': '60', 'alpha': 0.1, 'source_query_loss': 0.10069270431995392, 'proxy_loss': 0.027867905795574188, 'gain': -0.00016449019312858582, 'accepted': False}, {'source_station_id': '62', 'alpha': 0.1, 'source_query_loss': 0.07243113964796066, 'proxy_loss': 0.02784781903028488, 'gain': -0.00014440342783927917, 'accepted': False}, {'source_station_id': '63', 'alpha': 0.1, 'source_query_loss': 0.10528267174959183, 'proxy_loss': 0.02787359431385994, 'gain': -0.00017017871141433716, 'accepted': False}]
  target_aware_selective_fed[target=59] epoch=450/1000 self_proxy_loss=0.02829444594681263 aggregate_proxy_loss=0.02777881547808647 accepted_sources=['62'] source_diagnostics=[{'source_station_id': '60', 'alpha': 0.1, 'source_query_loss': 0.07366028428077698, 'proxy_loss': 0.028275366872549057, 'gain': 1.9079074263572693e-05, 'accepted': True}, {'source_station_id': '62', 'alpha': 0.3, 'source_query_loss': 0.06873459368944168, 'proxy_loss': 0.02777881547808647, 'gain': 0.0005156304687261581, 'accepted': True}, {'source_station_id': '63', 'alpha': 0.3, 'source_query_loss': 0.06946573406457901, 'proxy_loss': 0.02816835418343544, 'gain': 0.00012609176337718964, 'accepted': True}]
  target_aware_selective_fed[target=59] epoch=500/1000 self_proxy_loss=0.03356439992785454 aggregate_proxy_loss=0.03352705389261246 accepted_sources=['62'] source_diagnostics=[{'source_station_id': '60', 'alpha': 0.1, 'source_query_loss': 0.24259419739246368, 'proxy_loss': 0.03378373384475708, 'gain': -0.00021933391690254211, 'accepted': False}, {'source_station_id': '62', 'alpha': 0.2, 'source_query_loss': 0.11426541209220886, 'proxy_loss': 0.033517900854349136, 'gain': 4.649907350540161e-05, 'accepted': True}, {'source_station_id': '63', 'alpha': 0.1, 'source_query_loss': 0.10531284660100937, 'proxy_loss': 0.033772062510252, 'gain': -0.00020766258239746094, 'accepted': False}]
  target_aware_selective_fed[target=59] epoch=550/1000 self_proxy_loss=0.026957005262374878 aggregate_proxy_loss=0.026475830003619194 accepted_sources=['60'] source_diagnostics=[{'source_station_id': '60', 'alpha': 0.3, 'source_query_loss': 0.03777307644486427, 'proxy_loss': 0.026475830003619194, 'gain': 0.0004811752587556839, 'accepted': True}, {'source_station_id': '62', 'alpha': 0.1, 'source_query_loss': 0.09438876807689667, 'proxy_loss': 0.027084285393357277, 'gain': -0.000127280130982399, 'accepted': False}, {'source_station_id': '63', 'alpha': 0.1, 'source_query_loss': 0.24884571135044098, 'proxy_loss': 0.02709835208952427, 'gain': -0.00014134682714939117, 'accepted': False}]
  target_aware_selective_fed[target=59] epoch=600/1000 self_proxy_loss=0.02724766544997692 aggregate_proxy_loss=0.02724887803196907 accepted_sources=['60'] source_diagnostics=[{'source_station_id': '60', 'alpha': 0.2, 'source_query_loss': 0.054224643856287, 'proxy_loss': 0.027224745601415634, 'gain': 2.2919848561286926e-05, 'accepted': True}, {'source_station_id': '62', 'alpha': 0.1, 'source_query_loss': 0.12845224142074585, 'proxy_loss': 0.027349596843123436, 'gain': -0.00010193139314651489, 'accepted': False}, {'source_station_id': '63', 'alpha': 0.1, 'source_query_loss': 0.1365824192762375, 'proxy_loss': 0.027403458952903748, 'gain': -0.00015579350292682648, 'accepted': False}]
  target_aware_selective_fed[target=59] epoch=650/1000 self_proxy_loss=0.027062129229307175 aggregate_proxy_loss=0.02689131535589695 accepted_sources=['60'] source_diagnostics=[{'source_station_id': '60', 'alpha': 0.3, 'source_query_loss': 0.06224868819117546, 'proxy_loss': 0.02689131535589695, 'gain': 0.00017081387341022491, 'accepted': True}, {'source_station_id': '62', 'alpha': 0.2, 'source_query_loss': 0.051690421998500824, 'proxy_loss': 0.027040580287575722, 'gain': 2.1548941731452942e-05, 'accepted': True}, {'source_station_id': '63', 'alpha': 0.1, 'source_query_loss': 0.1830430030822754, 'proxy_loss': 0.027257628738880157, 'gain': -0.0001954995095729828, 'accepted': False}]
  收敛检测[target_aware_selective_fed_meta:target_aware_selective_fed_meta_station59]: 首次达到收敛条件 @ epoch 696 (best_epoch=596, best_loss=0.022662, final_loss=0.027680)
  target_aware_selective_fed[target=59] epoch=700/1000 self_proxy_loss=0.027941616252064705 aggregate_proxy_loss=0.02794138714671135 accepted_sources=['62'] source_diagnostics=[{'source_station_id': '60', 'alpha': 0.1, 'source_query_loss': 0.07600487768650055, 'proxy_loss': 0.028108948841691017, 'gain': -0.00016733258962631226, 'accepted': False}, {'source_station_id': '62', 'alpha': 0.3, 'source_query_loss': 0.05131835490465164, 'proxy_loss': 0.02794138714671135, 'gain': 2.2910535335540771e-07, 'accepted': True}, {'source_station_id': '63', 'alpha': 0.1, 'source_query_loss': 0.11581113934516907, 'proxy_loss': 0.0280897356569767, 'gain': -0.00014811940491199493, 'accepted': False}]
  target_aware_selective_fed[target=59] epoch=750/1000 self_proxy_loss=0.028177887201309204 aggregate_proxy_loss=0.028177887201309204 accepted_sources=[] source_diagnostics=[{'source_station_id': '60', 'alpha': 0.1, 'source_query_loss': 0.09264599531888962, 'proxy_loss': 0.028348976746201515, 'gain': -0.0001710895448923111, 'accepted': False}, {'source_station_id': '62', 'alpha': 0.1, 'source_query_loss': 0.071352019906044, 'proxy_loss': 0.028206756338477135, 'gain': -2.8869137167930603e-05, 'accepted': False}, {'source_station_id': '63', 'alpha': 0.1, 'source_query_loss': 0.12902861833572388, 'proxy_loss': 0.028203891590237617, 'gain': -2.600438892841339e-05, 'accepted': False}]
  target_aware_selective_fed[target=59] epoch=800/1000 self_proxy_loss=0.02687826193869114 aggregate_proxy_loss=0.0268324613571167 accepted_sources=['63'] source_diagnostics=[{'source_station_id': '60', 'alpha': 0.1, 'source_query_loss': 0.11007959395647049, 'proxy_loss': 0.02699255757033825, 'gain': -0.00011429563164710999, 'accepted': False}, {'source_station_id': '62', 'alpha': 0.1, 'source_query_loss': 0.13390353322029114, 'proxy_loss': 0.026870468631386757, 'gain': 7.793307304382324e-06, 'accepted': True}, {'source_station_id': '63', 'alpha': 0.3, 'source_query_loss': 0.0636553019285202, 'proxy_loss': 0.0268324613571167, 'gain': 4.580058157444e-05, 'accepted': True}]
  target_aware_selective_fed[target=59] epoch=850/1000 self_proxy_loss=0.02560942992568016 aggregate_proxy_loss=0.025543425232172012 accepted_sources=['62'] source_diagnostics=[{'source_station_id': '60', 'alpha': 0.1, 'source_query_loss': 0.12163195759057999, 'proxy_loss': 0.02569873444736004, 'gain': -8.930452167987823e-05, 'accepted': False}, {'source_station_id': '62', 'alpha': 0.3, 'source_query_loss': 0.06916136294603348, 'proxy_loss': 0.025543425232172012, 'gain': 6.60046935081482e-05, 'accepted': True}, {'source_station_id': '63', 'alpha': 0.1, 'source_query_loss': 0.13170236349105835, 'proxy_loss': 0.025701824575662613, 'gain': -9.239464998245239e-05, 'accepted': False}]
  target_aware_selective_fed[target=59] epoch=900/1000 self_proxy_loss=0.028327761217951775 aggregate_proxy_loss=0.0282976683229208 accepted_sources=['62'] source_diagnostics=[{'source_station_id': '60', 'alpha': 0.1, 'source_query_loss': 0.08121303468942642, 'proxy_loss': 0.02835262566804886, 'gain': -2.4864450097084045e-05, 'accepted': False}, {'source_station_id': '62', 'alpha': 0.3, 'source_query_loss': 0.08147138357162476, 'proxy_loss': 0.0282976683229208, 'gain': 3.0092895030975342e-05, 'accepted': True}, {'source_station_id': '63', 'alpha': 0.1, 'source_query_loss': 0.20999933779239655, 'proxy_loss': 0.028465991839766502, 'gain': -0.00013823062181472778, 'accepted': False}]
  target_aware_selective_fed[target=59] epoch=950/1000 self_proxy_loss=0.027575450018048286 aggregate_proxy_loss=0.027566106989979744 accepted_sources=['62'] source_diagnostics=[{'source_station_id': '60', 'alpha': 0.1, 'source_query_loss': 0.11817281693220139, 'proxy_loss': 0.02756950445473194, 'gain': 5.945563316345215e-06, 'accepted': True}, {'source_station_id': '62', 'alpha': 0.1, 'source_query_loss': 0.10927046090364456, 'proxy_loss': 0.027557125315070152, 'gain': 1.8324702978134155e-05, 'accepted': True}, {'source_station_id': '63', 'alpha': 0.1, 'source_query_loss': 0.3219871520996094, 'proxy_loss': 0.02771189622581005, 'gain': -0.00013644620776176453, 'accepted': False}]
  target_aware_selective_fed[target=59] epoch=1000/1000 self_proxy_loss=0.024676788598299026 aggregate_proxy_loss=0.024676788598299026 accepted_sources=[] source_diagnostics=[{'source_station_id': '60', 'alpha': 0.1, 'source_query_loss': 0.0880647599697113, 'proxy_loss': 0.02484058029949665, 'gain': -0.0001637917011976242, 'accepted': False}, {'source_station_id': '62', 'alpha': 0.2, 'source_query_loss': 0.04835404455661774, 'proxy_loss': 0.02470223605632782, 'gain': -2.5447458028793335e-05, 'accepted': False}, {'source_station_id': '63', 'alpha': 0.1, 'source_query_loss': 0.1092507466673851, 'proxy_loss': 0.024822751060128212, 'gain': -0.00014596246182918549, 'accepted': False}]
  收敛检测[target_aware_selective_fed_meta:target_aware_selective_fed_meta_station59]: 已收敛 @ epoch 696 (best_epoch=596, best_loss=0.022662, final_loss=0.024677)
✓ Target-Aware Selective Fed Meta完成: artifacts/high_wind_spring_noft_four_client/pilot-1k-target-aware-selective-fed/models/model_fore_train_task_query_target_aware_selective_fed_meta_station59.pth

======================================================================
开始Target-Aware Selective Fed Meta: target station 60
  alpha_grid=[0.1, 0.2, 0.3], top_k=1, gain_margin=0.0
======================================================================
  target_proxy_windows=10 (normal_highwind_cap=8)
  target_aware_selective_fed[target=60] epoch=1/1000 self_proxy_loss=0.1037103459239006 aggregate_proxy_loss=0.10266584157943726 accepted_sources=['59'] source_diagnostics=[{'source_station_id': '59', 'alpha': 0.3, 'source_query_loss': 0.11788424104452133, 'proxy_loss': 0.10266584157943726, 'gain': 0.0010445043444633484, 'accepted': True}, {'source_station_id': '62', 'alpha': 0.3, 'source_query_loss': 0.14217503368854523, 'proxy_loss': 0.10272925347089767, 'gain': 0.0009810924530029297, 'accepted': True}, {'source_station_id': '63', 'alpha': 0.3, 'source_query_loss': 0.10388922691345215, 'proxy_loss': 0.10267281532287598, 'gain': 0.0010375306010246277, 'accepted': True}]
  target_aware_selective_fed[target=60] epoch=2/1000 self_proxy_loss=0.09914284199476242 aggregate_proxy_loss=0.09806032478809357 accepted_sources=['63'] source_diagnostics=[{'source_station_id': '59', 'alpha': 0.3, 'source_query_loss': 0.14290986955165863, 'proxy_loss': 0.09814365208148956, 'gain': 0.0009991899132728577, 'accepted': True}, {'source_station_id': '62', 'alpha': 0.3, 'source_query_loss': 0.11281798034906387, 'proxy_loss': 0.09807867556810379, 'gain': 0.0010641664266586304, 'accepted': True}, {'source_station_id': '63', 'alpha': 0.3, 'source_query_loss': 0.12256503105163574, 'proxy_loss': 0.09806032478809357, 'gain': 0.0010825172066688538, 'accepted': True}]
  target_aware_selective_fed[target=60] epoch=3/1000 self_proxy_loss=0.09475535899400711 aggregate_proxy_loss=0.09369703382253647 accepted_sources=['63'] source_diagnostics=[{'source_station_id': '59', 'alpha': 0.3, 'source_query_loss': 0.11609859019517899, 'proxy_loss': 0.09374596178531647, 'gain': 0.0010093972086906433, 'accepted': True}, {'source_station_id': '62', 'alpha': 0.1, 'source_query_loss': 0.16068050265312195, 'proxy_loss': 0.09505470097064972, 'gain': -0.00029934197664260864, 'accepted': False}, {'source_station_id': '63', 'alpha': 0.3, 'source_query_loss': 0.09703569114208221, 'proxy_loss': 0.09369703382253647, 'gain': 0.001058325171470642, 'accepted': True}]
  target_aware_selective_fed[target=60] epoch=4/1000 self_proxy_loss=0.09039157629013062 aggregate_proxy_loss=0.08938916772603989 accepted_sources=['62'] source_diagnostics=[{'source_station_id': '59', 'alpha': 0.3, 'source_query_loss': 0.10836559534072876, 'proxy_loss': 0.08941178023815155, 'gain': 0.000979796051979065, 'accepted': True}, {'source_station_id': '62', 'alpha': 0.3, 'source_query_loss': 0.12415606528520584, 'proxy_loss': 0.08938916772603989, 'gain': 0.0010024085640907288, 'accepted': True}, {'source_station_id': '63', 'alpha': 0.3, 'source_query_loss': 0.12709708511829376, 'proxy_loss': 0.08940744400024414, 'gain': 0.0009841322898864746, 'accepted': True}]
  target_aware_selective_fed[target=60] epoch=5/1000 self_proxy_loss=0.08616712689399719 aggregate_proxy_loss=0.08514111489057541 accepted_sources=['62'] source_diagnostics=[{'source_station_id': '59', 'alpha': 0.3, 'source_query_loss': 0.11790554225444794, 'proxy_loss': 0.08520452678203583, 'gain': 0.0009626001119613647, 'accepted': True}, {'source_station_id': '62', 'alpha': 0.3, 'source_query_loss': 0.08474641293287277, 'proxy_loss': 0.08514111489057541, 'gain': 0.0010260120034217834, 'accepted': True}, {'source_station_id': '63', 'alpha': 0.3, 'source_query_loss': 0.15570388734340668, 'proxy_loss': 0.08517804741859436, 'gain': 0.000989079475402832, 'accepted': True}]
  target_aware_selective_fed[target=60] epoch=6/1000 self_proxy_loss=0.0822191908955574 aggregate_proxy_loss=0.08134123682975769 accepted_sources=['59'] source_diagnostics=[{'source_station_id': '59', 'alpha': 0.3, 'source_query_loss': 0.10620802640914917, 'proxy_loss': 0.08134123682975769, 'gain': 0.0008779540657997131, 'accepted': True}, {'source_station_id': '62', 'alpha': 0.1, 'source_query_loss': 0.14780685305595398, 'proxy_loss': 0.0824512243270874, 'gain': -0.00023203343152999878, 'accepted': False}, {'source_station_id': '63', 'alpha': 0.1, 'source_query_loss': 0.08509036898612976, 'proxy_loss': 0.08243336528539658, 'gain': -0.00021417438983917236, 'accepted': False}]
  target_aware_selective_fed[target=60] epoch=7/1000 self_proxy_loss=0.07854972779750824 aggregate_proxy_loss=0.0776350125670433 accepted_sources=['63'] source_diagnostics=[{'source_station_id': '59', 'alpha': 0.3, 'source_query_loss': 0.12944988906383514, 'proxy_loss': 0.07763732969760895, 'gain': 0.000912398099899292, 'accepted': True}, {'source_station_id': '62', 'alpha': 0.3, 'source_query_loss': 0.10262377560138702, 'proxy_loss': 0.07771319150924683, 'gain': 0.0008365362882614136, 'accepted': True}, {'source_station_id': '63', 'alpha': 0.3, 'source_query_loss': 0.13280779123306274, 'proxy_loss': 0.0776350125670433, 'gain': 0.0009147152304649353, 'accepted': True}]
  target_aware_selective_fed[target=60] epoch=8/1000 self_proxy_loss=0.07500343024730682 aggregate_proxy_loss=0.07422495633363724 accepted_sources=['59'] source_diagnostics=[{'source_station_id': '59', 'alpha': 0.3, 'source_query_loss': 0.0886828675866127, 'proxy_loss': 0.07422495633363724, 'gain': 0.0007784739136695862, 'accepted': True}, {'source_station_id': '62', 'alpha': 0.3, 'source_query_loss': 0.09890277683734894, 'proxy_loss': 0.07430972158908844, 'gain': 0.0006937086582183838, 'accepted': True}, {'source_station_id': '63', 'alpha': 0.3, 'source_query_loss': 0.107864148914814, 'proxy_loss': 0.07425905019044876, 'gain': 0.0007443800568580627, 'accepted': True}]
  target_aware_selective_fed[target=60] epoch=9/1000 self_proxy_loss=0.07147258520126343 aggregate_proxy_loss=0.07065977156162262 accepted_sources=['59'] source_diagnostics=[{'source_station_id': '59', 'alpha': 0.3, 'source_query_loss': 0.10790246725082397, 'proxy_loss': 0.07065977156162262, 'gain': 0.0008128136396408081, 'accepted': True}, {'source_station_id': '62', 'alpha': 0.3, 'source_query_loss': 0.09944473952054977, 'proxy_loss': 0.07074087113142014, 'gain': 0.0007317140698432922, 'accepted': True}, {'source_station_id': '63', 'alpha': 0.3, 'source_query_loss': 0.09598066657781601, 'proxy_loss': 0.07076500356197357, 'gain': 0.000707581639289856, 'accepted': True}]
  target_aware_selective_fed[target=60] epoch=10/1000 self_proxy_loss=0.06821834295988083 aggregate_proxy_loss=0.0674799457192421 accepted_sources=['63'] source_diagnostics=[{'source_station_id': '59', 'alpha': 0.3, 'source_query_loss': 0.08511549234390259, 'proxy_loss': 0.06753994524478912, 'gain': 0.0006783977150917053, 'accepted': True}, {'source_station_id': '62', 'alpha': 0.1, 'source_query_loss': 0.21695315837860107, 'proxy_loss': 0.06849204003810883, 'gain': -0.0002736970782279968, 'accepted': False}, {'source_station_id': '63', 'alpha': 0.3, 'source_query_loss': 0.10006671398878098, 'proxy_loss': 0.0674799457192421, 'gain': 0.0007383972406387329, 'accepted': True}]
  target_aware_selective_fed[target=60] epoch=50/1000 self_proxy_loss=0.04847129061818123 aggregate_proxy_loss=0.04814043641090393 accepted_sources=['59'] source_diagnostics=[{'source_station_id': '59', 'alpha': 0.3, 'source_query_loss': 0.06206287443637848, 'proxy_loss': 0.04814043641090393, 'gain': 0.000330854207277298, 'accepted': True}, {'source_station_id': '62', 'alpha': 0.1, 'source_query_loss': 0.20330435037612915, 'proxy_loss': 0.048497140407562256, 'gain': -2.584978938102722e-05, 'accepted': False}, {'source_station_id': '63', 'alpha': 0.1, 'source_query_loss': 0.08557526022195816, 'proxy_loss': 0.04856695979833603, 'gain': -9.566918015480042e-05, 'accepted': False}]
  target_aware_selective_fed[target=60] epoch=100/1000 self_proxy_loss=0.052155882120132446 aggregate_proxy_loss=0.052102796733379364 accepted_sources=['62'] source_diagnostics=[{'source_station_id': '59', 'alpha': 0.1, 'source_query_loss': 0.08515775948762894, 'proxy_loss': 0.05216670036315918, 'gain': -1.0818243026733398e-05, 'accepted': False}, {'source_station_id': '62', 'alpha': 0.2, 'source_query_loss': 0.08837998658418655, 'proxy_loss': 0.05208004638552666, 'gain': 7.583573460578918e-05, 'accepted': True}, {'source_station_id': '63', 'alpha': 0.1, 'source_query_loss': 0.1751156598329544, 'proxy_loss': 0.05236136168241501, 'gain': -0.00020547956228256226, 'accepted': False}]
  收敛检测[target_aware_selective_fed_meta:target_aware_selective_fed_meta_station60]: 首次达到收敛条件 @ epoch 148 (best_epoch=48, best_loss=0.046926, final_loss=0.049391)
  target_aware_selective_fed[target=60] epoch=150/1000 self_proxy_loss=0.0482197068631649 aggregate_proxy_loss=0.047979649156332016 accepted_sources=['59'] source_diagnostics=[{'source_station_id': '59', 'alpha': 0.3, 'source_query_loss': 0.0917009711265564, 'proxy_loss': 0.047979649156332016, 'gain': 0.00024005770683288574, 'accepted': True}, {'source_station_id': '62', 'alpha': 0.3, 'source_query_loss': 0.11422552913427353, 'proxy_loss': 0.04820449277758598, 'gain': 1.5214085578918457e-05, 'accepted': True}, {'source_station_id': '63', 'alpha': 0.1, 'source_query_loss': 0.08446278423070908, 'proxy_loss': 0.04818164184689522, 'gain': 3.806501626968384e-05, 'accepted': True}]
  target_aware_selective_fed[target=60] epoch=200/1000 self_proxy_loss=0.049828559160232544 aggregate_proxy_loss=0.04953576624393463 accepted_sources=['62'] source_diagnostics=[{'source_station_id': '59', 'alpha': 0.3, 'source_query_loss': 0.11016195267438889, 'proxy_loss': 0.04972532019019127, 'gain': 0.00010323897004127502, 'accepted': True}, {'source_station_id': '62', 'alpha': 0.3, 'source_query_loss': 0.08715775609016418, 'proxy_loss': 0.04953576624393463, 'gain': 0.0002927929162979126, 'accepted': True}, {'source_station_id': '63', 'alpha': 0.2, 'source_query_loss': 0.08109938353300095, 'proxy_loss': 0.04976743087172508, 'gain': 6.112828850746155e-05, 'accepted': True}]
  target_aware_selective_fed[target=60] epoch=250/1000 self_proxy_loss=0.04816367104649544 aggregate_proxy_loss=0.0478939414024353 accepted_sources=['59'] source_diagnostics=[{'source_station_id': '59', 'alpha': 0.3, 'source_query_loss': 0.07213770598173141, 'proxy_loss': 0.0478939414024353, 'gain': 0.0002697296440601349, 'accepted': True}, {'source_station_id': '62', 'alpha': 0.1, 'source_query_loss': 0.11543034762144089, 'proxy_loss': 0.048201948404312134, 'gain': -3.827735781669617e-05, 'accepted': False}, {'source_station_id': '63', 'alpha': 0.1, 'source_query_loss': 0.1392550766468048, 'proxy_loss': 0.048244766891002655, 'gain': -8.109584450721741e-05, 'accepted': False}]
  收敛检测[target_aware_selective_fed_meta:target_aware_selective_fed_meta_station60]: 首次达到收敛条件 @ epoch 256 (best_epoch=156, best_loss=0.046209, final_loss=0.047758)
  target_aware_selective_fed[target=60] epoch=300/1000 self_proxy_loss=0.04628896340727806 aggregate_proxy_loss=0.04612148180603981 accepted_sources=['62'] source_diagnostics=[{'source_station_id': '59', 'alpha': 0.3, 'source_query_loss': 0.09141197800636292, 'proxy_loss': 0.04626786708831787, 'gain': 2.109631896018982e-05, 'accepted': True}, {'source_station_id': '62', 'alpha': 0.3, 'source_query_loss': 0.052148208022117615, 'proxy_loss': 0.04612148180603981, 'gain': 0.00016748160123825073, 'accepted': True}, {'source_station_id': '63', 'alpha': 0.1, 'source_query_loss': 0.12837259471416473, 'proxy_loss': 0.046360503882169724, 'gain': -7.15404748916626e-05, 'accepted': False}]
  target_aware_selective_fed[target=60] epoch=350/1000 self_proxy_loss=0.04706455394625664 aggregate_proxy_loss=0.046820055693387985 accepted_sources=['59'] source_diagnostics=[{'source_station_id': '59', 'alpha': 0.3, 'source_query_loss': 0.07139429450035095, 'proxy_loss': 0.046820055693387985, 'gain': 0.00024449825286865234, 'accepted': True}, {'source_station_id': '62', 'alpha': 0.1, 'source_query_loss': 0.08561354130506516, 'proxy_loss': 0.046952612698078156, 'gain': 0.00011194124817848206, 'accepted': True}, {'source_station_id': '63', 'alpha': 0.1, 'source_query_loss': 0.235215425491333, 'proxy_loss': 0.0470588244497776, 'gain': 5.729496479034424e-06, 'accepted': True}]
  收敛检测[target_aware_selective_fed_meta:target_aware_selective_fed_meta_station60]: 首次达到收敛条件 @ epoch 395 (best_epoch=295, best_loss=0.045886, final_loss=0.048067)
  target_aware_selective_fed[target=60] epoch=400/1000 self_proxy_loss=0.051350824534893036 aggregate_proxy_loss=0.05091055855154991 accepted_sources=['62'] source_diagnostics=[{'source_station_id': '59', 'alpha': 0.3, 'source_query_loss': 0.08962110430002213, 'proxy_loss': 0.05106945335865021, 'gain': 0.00028137117624282837, 'accepted': True}, {'source_station_id': '62', 'alpha': 0.3, 'source_query_loss': 0.0676368847489357, 'proxy_loss': 0.05091055855154991, 'gain': 0.0004402659833431244, 'accepted': True}, {'source_station_id': '63', 'alpha': 0.1, 'source_query_loss': 0.18992206454277039, 'proxy_loss': 0.05148518830537796, 'gain': -0.00013436377048492432, 'accepted': False}]
  target_aware_selective_fed[target=60] epoch=450/1000 self_proxy_loss=0.04861295595765114 aggregate_proxy_loss=0.04834712669253349 accepted_sources=['59'] source_diagnostics=[{'source_station_id': '59', 'alpha': 0.3, 'source_query_loss': 0.07212930172681808, 'proxy_loss': 0.04834712669253349, 'gain': 0.00026582926511764526, 'accepted': True}, {'source_station_id': '62', 'alpha': 0.1, 'source_query_loss': 0.2320738434791565, 'proxy_loss': 0.0487254299223423, 'gain': -0.00011247396469116211, 'accepted': False}, {'source_station_id': '63', 'alpha': 0.3, 'source_query_loss': 0.09750893712043762, 'proxy_loss': 0.04844292625784874, 'gain': 0.00017002969980239868, 'accepted': True}]
  target_aware_selective_fed[target=60] epoch=500/1000 self_proxy_loss=0.05135555937886238 aggregate_proxy_loss=0.05111746862530708 accepted_sources=['62'] source_diagnostics=[{'source_station_id': '59', 'alpha': 0.1, 'source_query_loss': 0.23243103921413422, 'proxy_loss': 0.051442261785268784, 'gain': -8.670240640640259e-05, 'accepted': False}, {'source_station_id': '62', 'alpha': 0.3, 'source_query_loss': 0.08380210399627686, 'proxy_loss': 0.05111746862530708, 'gain': 0.00023809075355529785, 'accepted': True}, {'source_station_id': '63', 'alpha': 0.3, 'source_query_loss': 0.08328554779291153, 'proxy_loss': 0.051322855055332184, 'gain': 3.2704323530197144e-05, 'accepted': True}]
  收敛检测[target_aware_selective_fed_meta:target_aware_selective_fed_meta_station60]: 首次达到收敛条件 @ epoch 532 (best_epoch=432, best_loss=0.045780, final_loss=0.047695)
  target_aware_selective_fed[target=60] epoch=550/1000 self_proxy_loss=0.048057880252599716 aggregate_proxy_loss=0.0478837676346302 accepted_sources=['62'] source_diagnostics=[{'source_station_id': '59', 'alpha': 0.1, 'source_query_loss': 0.11661767214536667, 'proxy_loss': 0.048125576227903366, 'gain': -6.76959753036499e-05, 'accepted': False}, {'source_station_id': '62', 'alpha': 0.3, 'source_query_loss': 0.07653660327196121, 'proxy_loss': 0.0478837676346302, 'gain': 0.00017411261796951294, 'accepted': True}, {'source_station_id': '63', 'alpha': 0.1, 'source_query_loss': 0.18277858197689056, 'proxy_loss': 0.0481821745634079, 'gain': -0.00012429431080818176, 'accepted': False}]
  target_aware_selective_fed[target=60] epoch=600/1000 self_proxy_loss=0.05165672302246094 aggregate_proxy_loss=0.05165672302246094 accepted_sources=[] source_diagnostics=[{'source_station_id': '59', 'alpha': 0.1, 'source_query_loss': 0.2544167637825012, 'proxy_loss': 0.05186424404382706, 'gain': -0.00020752102136611938, 'accepted': False}, {'source_station_id': '62', 'alpha': 0.1, 'source_query_loss': 0.2232944369316101, 'proxy_loss': 0.05176132172346115, 'gain': -0.00010459870100021362, 'accepted': False}, {'source_station_id': '63', 'alpha': 0.1, 'source_query_loss': 0.11332199722528458, 'proxy_loss': 0.05175153911113739, 'gain': -9.481608867645264e-05, 'accepted': False}]
  target_aware_selective_fed[target=60] epoch=650/1000 self_proxy_loss=0.052309729158878326 aggregate_proxy_loss=0.051946185529232025 accepted_sources=['59'] source_diagnostics=[{'source_station_id': '59', 'alpha': 0.3, 'source_query_loss': 0.07097648084163666, 'proxy_loss': 0.051946185529232025, 'gain': 0.00036354362964630127, 'accepted': True}, {'source_station_id': '62', 'alpha': 0.3, 'source_query_loss': 0.08591536432504654, 'proxy_loss': 0.05195380002260208, 'gain': 0.0003559291362762451, 'accepted': True}, {'source_station_id': '63', 'alpha': 0.3, 'source_query_loss': 0.0990678146481514, 'proxy_loss': 0.05231177806854248, 'gain': -2.0489096641540527e-06, 'accepted': False}]
  target_aware_selective_fed[target=60] epoch=700/1000 self_proxy_loss=0.05205657333135605 aggregate_proxy_loss=0.0518621988594532 accepted_sources=['59'] source_diagnostics=[{'source_station_id': '59', 'alpha': 0.3, 'source_query_loss': 0.06973332911729813, 'proxy_loss': 0.0518621988594532, 'gain': 0.0001943744719028473, 'accepted': True}, {'source_station_id': '62', 'alpha': 0.1, 'source_query_loss': 0.10892423987388611, 'proxy_loss': 0.05214483663439751, 'gain': -8.826330304145813e-05, 'accepted': False}, {'source_station_id': '63', 'alpha': 0.1, 'source_query_loss': 0.09257137775421143, 'proxy_loss': 0.051981594413518906, 'gain': 7.497891783714294e-05, 'accepted': True}]
  target_aware_selective_fed[target=60] epoch=750/1000 self_proxy_loss=0.050429970026016235 aggregate_proxy_loss=0.05019774287939072 accepted_sources=['59'] source_diagnostics=[{'source_station_id': '59', 'alpha': 0.3, 'source_query_loss': 0.09429297596216202, 'proxy_loss': 0.05019774287939072, 'gain': 0.0002322271466255188, 'accepted': True}, {'source_station_id': '62', 'alpha': 0.3, 'source_query_loss': 0.04943099617958069, 'proxy_loss': 0.05042814463376999, 'gain': 1.8253922462463379e-06, 'accepted': True}, {'source_station_id': '63', 'alpha': 0.1, 'source_query_loss': 0.09271570295095444, 'proxy_loss': 0.050530049949884415, 'gain': -0.00010007992386817932, 'accepted': False}]
  target_aware_selective_fed[target=60] epoch=800/1000 self_proxy_loss=0.04952462762594223 aggregate_proxy_loss=0.049256473779678345 accepted_sources=['59'] source_diagnostics=[{'source_station_id': '59', 'alpha': 0.3, 'source_query_loss': 0.09289290010929108, 'proxy_loss': 0.049256473779678345, 'gain': 0.0002681538462638855, 'accepted': True}, {'source_station_id': '62', 'alpha': 0.2, 'source_query_loss': 0.11107109487056732, 'proxy_loss': 0.0495125986635685, 'gain': 1.202896237373352e-05, 'accepted': True}, {'source_station_id': '63', 'alpha': 0.1, 'source_query_loss': 0.12066270411014557, 'proxy_loss': 0.04956824705004692, 'gain': -4.361942410469055e-05, 'accepted': False}]
  target_aware_selective_fed[target=60] epoch=850/1000 self_proxy_loss=0.04886583983898163 aggregate_proxy_loss=0.04862729460000992 accepted_sources=['59'] source_diagnostics=[{'source_station_id': '59', 'alpha': 0.3, 'source_query_loss': 0.07839608937501907, 'proxy_loss': 0.04862729460000992, 'gain': 0.0002385452389717102, 'accepted': True}, {'source_station_id': '62', 'alpha': 0.3, 'source_query_loss': 0.0586027167737484, 'proxy_loss': 0.0486389584839344, 'gain': 0.00022688135504722595, 'accepted': True}, {'source_station_id': '63', 'alpha': 0.1, 'source_query_loss': 0.12150564789772034, 'proxy_loss': 0.04898778721690178, 'gain': -0.00012194737792015076, 'accepted': False}]
  target_aware_selective_fed[target=60] epoch=900/1000 self_proxy_loss=0.0504387691617012 aggregate_proxy_loss=0.050227563828229904 accepted_sources=['59'] source_diagnostics=[{'source_station_id': '59', 'alpha': 0.3, 'source_query_loss': 0.07826445251703262, 'proxy_loss': 0.050227563828229904, 'gain': 0.00021120533347129822, 'accepted': True}, {'source_station_id': '62', 'alpha': 0.3, 'source_query_loss': 0.06999058276414871, 'proxy_loss': 0.05040457844734192, 'gain': 3.419071435928345e-05, 'accepted': True}, {'source_station_id': '63', 'alpha': 0.3, 'source_query_loss': 0.16955603659152985, 'proxy_loss': 0.050448834896087646, 'gain': -1.0065734386444092e-05, 'accepted': False}]
  target_aware_selective_fed[target=60] epoch=950/1000 self_proxy_loss=0.053418245166540146 aggregate_proxy_loss=0.052877020090818405 accepted_sources=['59'] source_diagnostics=[{'source_station_id': '59', 'alpha': 0.3, 'source_query_loss': 0.08481309562921524, 'proxy_loss': 0.052877020090818405, 'gain': 0.0005412250757217407, 'accepted': True}, {'source_station_id': '62', 'alpha': 0.3, 'source_query_loss': 0.07536433637142181, 'proxy_loss': 0.05297292768955231, 'gain': 0.00044531747698783875, 'accepted': True}, {'source_station_id': '63', 'alpha': 0.2, 'source_query_loss': 0.1720731258392334, 'proxy_loss': 0.053525153547525406, 'gain': -0.00010690838098526001, 'accepted': False}]
  target_aware_selective_fed[target=60] epoch=1000/1000 self_proxy_loss=0.04990064725279808 aggregate_proxy_loss=0.0496961772441864 accepted_sources=['62'] source_diagnostics=[{'source_station_id': '59', 'alpha': 0.2, 'source_query_loss': 0.07388952374458313, 'proxy_loss': 0.049717605113983154, 'gain': 0.00018304213881492615, 'accepted': True}, {'source_station_id': '62', 'alpha': 0.3, 'source_query_loss': 0.0744071677327156, 'proxy_loss': 0.0496961772441864, 'gain': 0.00020447000861167908, 'accepted': True}, {'source_station_id': '63', 'alpha': 0.2, 'source_query_loss': 0.07479448616504669, 'proxy_loss': 0.04974868893623352, 'gain': 0.00015195831656455994, 'accepted': True}]
  收敛检测[target_aware_selective_fed_meta:target_aware_selective_fed_meta_station60]: 已收敛 @ epoch 532 (best_epoch=432, best_loss=0.045780, final_loss=0.049696)
✓ Target-Aware Selective Fed Meta完成: artifacts/high_wind_spring_noft_four_client/pilot-1k-target-aware-selective-fed/models/model_fore_train_task_query_target_aware_selective_fed_meta_station60.pth

======================================================================
开始Target-Aware Selective Fed Meta: target station 62
  alpha_grid=[0.1, 0.2, 0.3], top_k=1, gain_margin=0.0
======================================================================
  target_proxy_windows=10 (normal_highwind_cap=8)
  target_aware_selective_fed[target=62] epoch=1/1000 self_proxy_loss=0.158351331949234 aggregate_proxy_loss=0.15665504336357117 accepted_sources=['60'] source_diagnostics=[{'source_station_id': '59', 'alpha': 0.3, 'source_query_loss': 0.16267697513103485, 'proxy_loss': 0.15673066675662994, 'gain': 0.001620665192604065, 'accepted': True}, {'source_station_id': '60', 'alpha': 0.3, 'source_query_loss': 0.10375991463661194, 'proxy_loss': 0.15665504336357117, 'gain': 0.0016962885856628418, 'accepted': True}, {'source_station_id': '63', 'alpha': 0.3, 'source_query_loss': 0.153287872672081, 'proxy_loss': 0.15668588876724243, 'gain': 0.0016654431819915771, 'accepted': True}]
  target_aware_selective_fed[target=62] epoch=2/1000 self_proxy_loss=0.16143062710762024 aggregate_proxy_loss=0.15977516770362854 accepted_sources=['60'] source_diagnostics=[{'source_station_id': '59', 'alpha': 0.3, 'source_query_loss': 0.1579730063676834, 'proxy_loss': 0.15978746116161346, 'gain': 0.001643165946006775, 'accepted': True}, {'source_station_id': '60', 'alpha': 0.3, 'source_query_loss': 0.10388693958520889, 'proxy_loss': 0.15977516770362854, 'gain': 0.0016554594039916992, 'accepted': True}, {'source_station_id': '63', 'alpha': 0.3, 'source_query_loss': 0.14815907180309296, 'proxy_loss': 0.15979625284671783, 'gain': 0.0016343742609024048, 'accepted': True}]
  target_aware_selective_fed[target=62] epoch=3/1000 self_proxy_loss=0.15447555482387543 aggregate_proxy_loss=0.15283560752868652 accepted_sources=['59'] source_diagnostics=[{'source_station_id': '59', 'alpha': 0.3, 'source_query_loss': 0.1500241905450821, 'proxy_loss': 0.15283560752868652, 'gain': 0.0016399472951889038, 'accepted': True}, {'source_station_id': '60', 'alpha': 0.3, 'source_query_loss': 0.1597919464111328, 'proxy_loss': 0.15285077691078186, 'gain': 0.001624777913093567, 'accepted': True}, {'source_station_id': '63', 'alpha': 0.2, 'source_query_loss': 0.10390286892652512, 'proxy_loss': 0.15446697175502777, 'gain': 8.58306884765625e-06, 'accepted': True}]
  target_aware_selective_fed[target=62] epoch=4/1000 self_proxy_loss=0.1475229561328888 aggregate_proxy_loss=0.14596150815486908 accepted_sources=['59'] source_diagnostics=[{'source_station_id': '59', 'alpha': 0.3, 'source_query_loss': 0.16347040235996246, 'proxy_loss': 0.14596150815486908, 'gain': 0.0015614479780197144, 'accepted': True}, {'source_station_id': '60', 'alpha': 0.3, 'source_query_loss': 0.13961517810821533, 'proxy_loss': 0.14600402116775513, 'gain': 0.001518934965133667, 'accepted': True}, {'source_station_id': '63', 'alpha': 0.3, 'source_query_loss': 0.13771292567253113, 'proxy_loss': 0.1459832787513733, 'gain': 0.001539677381515503, 'accepted': True}]
  target_aware_selective_fed[target=62] epoch=5/1000 self_proxy_loss=0.14069262146949768 aggregate_proxy_loss=0.13918280601501465 accepted_sources=['60'] source_diagnostics=[{'source_station_id': '59', 'alpha': 0.3, 'source_query_loss': 0.14074525237083435, 'proxy_loss': 0.13920362293720245, 'gain': 0.001488998532295227, 'accepted': True}, {'source_station_id': '60', 'alpha': 0.3, 'source_query_loss': 0.12299748510122299, 'proxy_loss': 0.13918280601501465, 'gain': 0.0015098154544830322, 'accepted': True}, {'source_station_id': '63', 'alpha': 0.3, 'source_query_loss': 0.13938875496387482, 'proxy_loss': 0.13918833434581757, 'gain': 0.0015042871236801147, 'accepted': True}]
  target_aware_selective_fed[target=62] epoch=6/1000 self_proxy_loss=0.1340799182653427 aggregate_proxy_loss=0.1325753927230835 accepted_sources=['63'] source_diagnostics=[{'source_station_id': '59', 'alpha': 0.3, 'source_query_loss': 0.12757040560245514, 'proxy_loss': 0.1340722143650055, 'gain': 7.703900337219238e-06, 'accepted': True}, {'source_station_id': '60', 'alpha': 0.3, 'source_query_loss': 0.10303930938243866, 'proxy_loss': 0.13259999454021454, 'gain': 0.0014799237251281738, 'accepted': True}, {'source_station_id': '63', 'alpha': 0.3, 'source_query_loss': 0.14350444078445435, 'proxy_loss': 0.1325753927230835, 'gain': 0.0015045255422592163, 'accepted': True}]
  target_aware_selective_fed[target=62] epoch=7/1000 self_proxy_loss=0.12768767774105072 aggregate_proxy_loss=0.1261727660894394 accepted_sources=['63'] source_diagnostics=[{'source_station_id': '59', 'alpha': 0.3, 'source_query_loss': 0.13417145609855652, 'proxy_loss': 0.12621639668941498, 'gain': 0.0014712810516357422, 'accepted': True}, {'source_station_id': '60', 'alpha': 0.3, 'source_query_loss': 0.11379733681678772, 'proxy_loss': 0.12619911134243011, 'gain': 0.0014885663986206055, 'accepted': True}, {'source_station_id': '63', 'alpha': 0.3, 'source_query_loss': 0.13760852813720703, 'proxy_loss': 0.1261727660894394, 'gain': 0.0015149116516113281, 'accepted': True}]
  target_aware_selective_fed[target=62] epoch=8/1000 self_proxy_loss=0.12133509665727615 aggregate_proxy_loss=0.11988399922847748 accepted_sources=['59'] source_diagnostics=[{'source_station_id': '59', 'alpha': 0.3, 'source_query_loss': 0.13375812768936157, 'proxy_loss': 0.11988399922847748, 'gain': 0.0014510974287986755, 'accepted': True}, {'source_station_id': '60', 'alpha': 0.3, 'source_query_loss': 0.10217475146055222, 'proxy_loss': 0.11993321031332016, 'gain': 0.0014018863439559937, 'accepted': True}, {'source_station_id': '63', 'alpha': 0.3, 'source_query_loss': 0.11821524053812027, 'proxy_loss': 0.11991871893405914, 'gain': 0.0014163777232170105, 'accepted': True}]
  target_aware_selective_fed[target=62] epoch=9/1000 self_proxy_loss=0.12467320263385773 aggregate_proxy_loss=0.12321896851062775 accepted_sources=['59'] source_diagnostics=[{'source_station_id': '59', 'alpha': 0.3, 'source_query_loss': 0.1369124948978424, 'proxy_loss': 0.12321896851062775, 'gain': 0.0014542341232299805, 'accepted': True}, {'source_station_id': '60', 'alpha': 0.3, 'source_query_loss': 0.11820702999830246, 'proxy_loss': 0.12328451126813889, 'gain': 0.0013886913657188416, 'accepted': True}, {'source_station_id': '63', 'alpha': 0.3, 'source_query_loss': 0.14136502146720886, 'proxy_loss': 0.12345193326473236, 'gain': 0.0012212693691253662, 'accepted': True}]
  target_aware_selective_fed[target=62] epoch=10/1000 self_proxy_loss=0.11830107867717743 aggregate_proxy_loss=0.11692386865615845 accepted_sources=['63'] source_diagnostics=[{'source_station_id': '59', 'alpha': 0.3, 'source_query_loss': 0.11862985044717789, 'proxy_loss': 0.11692770570516586, 'gain': 0.0013733729720115662, 'accepted': True}, {'source_station_id': '60', 'alpha': 0.3, 'source_query_loss': 0.1452532559633255, 'proxy_loss': 0.11692944914102554, 'gain': 0.001371629536151886, 'accepted': True}, {'source_station_id': '63', 'alpha': 0.3, 'source_query_loss': 0.13722223043441772, 'proxy_loss': 0.11692386865615845, 'gain': 0.001377210021018982, 'accepted': True}]
  target_aware_selective_fed[target=62] epoch=50/1000 self_proxy_loss=0.028795670717954636 aggregate_proxy_loss=0.028377680107951164 accepted_sources=['59'] source_diagnostics=[{'source_station_id': '59', 'alpha': 0.3, 'source_query_loss': 0.07066594809293747, 'proxy_loss': 0.028377680107951164, 'gain': 0.0004179906100034714, 'accepted': True}, {'source_station_id': '60', 'alpha': 0.1, 'source_query_loss': 0.186750128865242, 'proxy_loss': 0.028950754553079605, 'gain': -0.00015508383512496948, 'accepted': False}, {'source_station_id': '63', 'alpha': 0.1, 'source_query_loss': 0.09496166557073593, 'proxy_loss': 0.028840044513344765, 'gain': -4.437379539012909e-05, 'accepted': False}]
  target_aware_selective_fed[target=62] epoch=100/1000 self_proxy_loss=0.029294559732079506 aggregate_proxy_loss=0.028806980699300766 accepted_sources=['59'] source_diagnostics=[{'source_station_id': '59', 'alpha': 0.3, 'source_query_loss': 0.059539176523685455, 'proxy_loss': 0.028806980699300766, 'gain': 0.00048757903277873993, 'accepted': True}, {'source_station_id': '60', 'alpha': 0.1, 'source_query_loss': 0.1580614596605301, 'proxy_loss': 0.029411405324935913, 'gain': -0.00011684559285640717, 'accepted': False}, {'source_station_id': '63', 'alpha': 0.1, 'source_query_loss': 0.14156417548656464, 'proxy_loss': 0.02933058887720108, 'gain': -3.60291451215744e-05, 'accepted': False}]
  target_aware_selective_fed[target=62] epoch=150/1000 self_proxy_loss=0.02627924457192421 aggregate_proxy_loss=0.026290288195014 accepted_sources=['59'] source_diagnostics=[{'source_station_id': '59', 'alpha': 0.1, 'source_query_loss': 0.06916586309671402, 'proxy_loss': 0.02626807615160942, 'gain': 1.1168420314788818e-05, 'accepted': True}, {'source_station_id': '60', 'alpha': 0.1, 'source_query_loss': 0.09768049418926239, 'proxy_loss': 0.026441451162099838, 'gain': -0.00016220659017562866, 'accepted': False}, {'source_station_id': '63', 'alpha': 0.1, 'source_query_loss': 0.16608008742332458, 'proxy_loss': 0.02643425390124321, 'gain': -0.00015500932931900024, 'accepted': False}]
  target_aware_selective_fed[target=62] epoch=200/1000 self_proxy_loss=0.02825472503900528 aggregate_proxy_loss=0.02825472503900528 accepted_sources=[] source_diagnostics=[{'source_station_id': '59', 'alpha': 0.1, 'source_query_loss': 0.2692747712135315, 'proxy_loss': 0.028445912525057793, 'gain': -0.00019118748605251312, 'accepted': False}, {'source_station_id': '60', 'alpha': 0.1, 'source_query_loss': 0.14533433318138123, 'proxy_loss': 0.028499605134129524, 'gain': -0.0002448800951242447, 'accepted': False}, {'source_station_id': '63', 'alpha': 0.1, 'source_query_loss': 0.10461954772472382, 'proxy_loss': 0.028404340147972107, 'gain': -0.0001496151089668274, 'accepted': False}]
  收敛检测[target_aware_selective_fed_meta:target_aware_selective_fed_meta_station62]: 首次达到收敛条件 @ epoch 243 (best_epoch=143, best_loss=0.022550, final_loss=0.027933)
  target_aware_selective_fed[target=62] epoch=250/1000 self_proxy_loss=0.025850066915154457 aggregate_proxy_loss=0.025852994993329048 accepted_sources=['59'] source_diagnostics=[{'source_station_id': '59', 'alpha': 0.1, 'source_query_loss': 0.09963089972734451, 'proxy_loss': 0.02584254927933216, 'gain': 7.517635822296143e-06, 'accepted': True}, {'source_station_id': '60', 'alpha': 0.1, 'source_query_loss': 0.10056976228952408, 'proxy_loss': 0.025999968871474266, 'gain': -0.00014990195631980896, 'accepted': False}, {'source_station_id': '63', 'alpha': 0.1, 'source_query_loss': 0.07505379617214203, 'proxy_loss': 0.025999123230576515, 'gain': -0.0001490563154220581, 'accepted': False}]
  target_aware_selective_fed[target=62] epoch=300/1000 self_proxy_loss=0.02515426091849804 aggregate_proxy_loss=0.02467598021030426 accepted_sources=['59'] source_diagnostics=[{'source_station_id': '59', 'alpha': 0.3, 'source_query_loss': 0.05804235115647316, 'proxy_loss': 0.02467598021030426, 'gain': 0.000478280708193779, 'accepted': True}, {'source_station_id': '60', 'alpha': 0.3, 'source_query_loss': 0.0390440858900547, 'proxy_loss': 0.024922026321291924, 'gain': 0.00023223459720611572, 'accepted': True}, {'source_station_id': '63', 'alpha': 0.1, 'source_query_loss': 0.15165865421295166, 'proxy_loss': 0.025311298668384552, 'gain': -0.00015703774988651276, 'accepted': False}]
  target_aware_selective_fed[target=62] epoch=350/1000 self_proxy_loss=0.028230980038642883 aggregate_proxy_loss=0.028230980038642883 accepted_sources=[] source_diagnostics=[{'source_station_id': '59', 'alpha': 0.1, 'source_query_loss': 0.20973585546016693, 'proxy_loss': 0.02846064232289791, 'gain': -0.00022966228425502777, 'accepted': False}, {'source_station_id': '60', 'alpha': 0.1, 'source_query_loss': 0.10001745074987411, 'proxy_loss': 0.028276586905121803, 'gain': -4.560686647891998e-05, 'accepted': False}, {'source_station_id': '63', 'alpha': 0.1, 'source_query_loss': 0.08674676716327667, 'proxy_loss': 0.02842380665242672, 'gain': -0.00019282661378383636, 'accepted': False}]
  收敛检测[target_aware_selective_fed_meta:target_aware_selective_fed_meta_station62]: 首次达到收敛条件 @ epoch 385 (best_epoch=285, best_loss=0.021668, final_loss=0.026605)
  target_aware_selective_fed[target=62] epoch=400/1000 self_proxy_loss=0.02598922699689865 aggregate_proxy_loss=0.02598922699689865 accepted_sources=[] source_diagnostics=[{'source_station_id': '59', 'alpha': 0.1, 'source_query_loss': 0.16093352437019348, 'proxy_loss': 0.026150844991207123, 'gain': -0.00016161799430847168, 'accepted': False}, {'source_station_id': '60', 'alpha': 0.2, 'source_query_loss': 0.10344671458005905, 'proxy_loss': 0.025993306189775467, 'gain': -4.079192876815796e-06, 'accepted': False}, {'source_station_id': '63', 'alpha': 0.1, 'source_query_loss': 0.10114973038434982, 'proxy_loss': 0.026063520461320877, 'gain': -7.429346442222595e-05, 'accepted': False}]
  target_aware_selective_fed[target=62] epoch=450/1000 self_proxy_loss=0.028403649106621742 aggregate_proxy_loss=0.028053563088178635 accepted_sources=['59'] source_diagnostics=[{'source_station_id': '59', 'alpha': 0.3, 'source_query_loss': 0.07825279980897903, 'proxy_loss': 0.028053563088178635, 'gain': 0.0003500860184431076, 'accepted': True}, {'source_station_id': '60', 'alpha': 0.1, 'source_query_loss': 0.06845131516456604, 'proxy_loss': 0.02839823067188263, 'gain': 5.418434739112854e-06, 'accepted': True}, {'source_station_id': '63', 'alpha': 0.1, 'source_query_loss': 0.10632582753896713, 'proxy_loss': 0.028421731665730476, 'gain': -1.808255910873413e-05, 'accepted': False}]
  target_aware_selective_fed[target=62] epoch=500/1000 self_proxy_loss=0.025856751948595047 aggregate_proxy_loss=0.02540000155568123 accepted_sources=['59'] source_diagnostics=[{'source_station_id': '59', 'alpha': 0.3, 'source_query_loss': 0.08265572041273117, 'proxy_loss': 0.02540000155568123, 'gain': 0.00045675039291381836, 'accepted': True}, {'source_station_id': '60', 'alpha': 0.1, 'source_query_loss': 0.10854584723711014, 'proxy_loss': 0.02601456455886364, 'gain': -0.00015781261026859283, 'accepted': False}, {'source_station_id': '63', 'alpha': 0.2, 'source_query_loss': 0.1370730698108673, 'proxy_loss': 0.025842303410172462, 'gain': 1.4448538422584534e-05, 'accepted': True}]
  target_aware_selective_fed[target=62] epoch=550/1000 self_proxy_loss=0.026854651048779488 aggregate_proxy_loss=0.026324259117245674 accepted_sources=['59'] source_diagnostics=[{'source_station_id': '59', 'alpha': 0.3, 'source_query_loss': 0.05381958186626434, 'proxy_loss': 0.026324259117245674, 'gain': 0.0005303919315338135, 'accepted': True}, {'source_station_id': '60', 'alpha': 0.1, 'source_query_loss': 0.19654367864131927, 'proxy_loss': 0.02703549899160862, 'gain': -0.00018084794282913208, 'accepted': False}, {'source_station_id': '63', 'alpha': 0.1, 'source_query_loss': 0.192178875207901, 'proxy_loss': 0.02700708620250225, 'gain': -0.00015243515372276306, 'accepted': False}]
  target_aware_selective_fed[target=62] epoch=600/1000 self_proxy_loss=0.02581683360040188 aggregate_proxy_loss=0.02581683360040188 accepted_sources=[] source_diagnostics=[{'source_station_id': '59', 'alpha': 0.1, 'source_query_loss': 0.08841371536254883, 'proxy_loss': 0.025995146483182907, 'gain': -0.00017831288278102875, 'accepted': False}, {'source_station_id': '60', 'alpha': 0.1, 'source_query_loss': 0.16875609755516052, 'proxy_loss': 0.025999953970313072, 'gain': -0.00018312036991119385, 'accepted': False}, {'source_station_id': '63', 'alpha': 0.1, 'source_query_loss': 0.0864780843257904, 'proxy_loss': 0.025872984901070595, 'gain': -5.615130066871643e-05, 'accepted': False}]
  target_aware_selective_fed[target=62] epoch=650/1000 self_proxy_loss=0.023288358002901077 aggregate_proxy_loss=0.023288358002901077 accepted_sources=[] source_diagnostics=[{'source_station_id': '59', 'alpha': 0.1, 'source_query_loss': 0.06540320068597794, 'proxy_loss': 0.023349285125732422, 'gain': -6.0927122831344604e-05, 'accepted': False}, {'source_station_id': '60', 'alpha': 0.1, 'source_query_loss': 0.09667128324508667, 'proxy_loss': 0.02343697100877762, 'gain': -0.00014861300587654114, 'accepted': False}, {'source_station_id': '63', 'alpha': 0.1, 'source_query_loss': 0.13868819177150726, 'proxy_loss': 0.02344716154038906, 'gain': -0.0001588035374879837, 'accepted': False}]
  target_aware_selective_fed[target=62] epoch=700/1000 self_proxy_loss=0.02818460389971733 aggregate_proxy_loss=0.027752317488193512 accepted_sources=['59'] source_diagnostics=[{'source_station_id': '59', 'alpha': 0.3, 'source_query_loss': 0.07436006516218185, 'proxy_loss': 0.027752317488193512, 'gain': 0.00043228641152381897, 'accepted': True}, {'source_station_id': '60', 'alpha': 0.1, 'source_query_loss': 0.21044529974460602, 'proxy_loss': 0.02839169278740883, 'gain': -0.0002070888876914978, 'accepted': False}, {'source_station_id': '63', 'alpha': 0.1, 'source_query_loss': 0.1704217791557312, 'proxy_loss': 0.028217649087309837, 'gain': -3.304518759250641e-05, 'accepted': False}]
  target_aware_selective_fed[target=62] epoch=750/1000 self_proxy_loss=0.024317773059010506 aggregate_proxy_loss=0.024317773059010506 accepted_sources=[] source_diagnostics=[{'source_station_id': '59', 'alpha': 0.1, 'source_query_loss': 0.08388937264680862, 'proxy_loss': 0.02447683736681938, 'gain': -0.00015906430780887604, 'accepted': False}, {'source_station_id': '60', 'alpha': 0.1, 'source_query_loss': 0.14397433400154114, 'proxy_loss': 0.024489086121320724, 'gain': -0.0001713130623102188, 'accepted': False}, {'source_station_id': '63', 'alpha': 0.1, 'source_query_loss': 0.09632594883441925, 'proxy_loss': 0.024453740566968918, 'gain': -0.00013596750795841217, 'accepted': False}]
  target_aware_selective_fed[target=62] epoch=800/1000 self_proxy_loss=0.026306727901101112 aggregate_proxy_loss=0.026306727901101112 accepted_sources=[] source_diagnostics=[{'source_station_id': '59', 'alpha': 0.1, 'source_query_loss': 0.17798563838005066, 'proxy_loss': 0.026484226807951927, 'gain': -0.00017749890685081482, 'accepted': False}, {'source_station_id': '60', 'alpha': 0.1, 'source_query_loss': 0.12873893976211548, 'proxy_loss': 0.026484446600079536, 'gain': -0.00017771869897842407, 'accepted': False}, {'source_station_id': '63', 'alpha': 0.1, 'source_query_loss': 0.1534545123577118, 'proxy_loss': 0.02648770995438099, 'gain': -0.0001809820532798767, 'accepted': False}]
  target_aware_selective_fed[target=62] epoch=850/1000 self_proxy_loss=0.02519076317548752 aggregate_proxy_loss=0.024771997705101967 accepted_sources=['60'] source_diagnostics=[{'source_station_id': '59', 'alpha': 0.1, 'source_query_loss': 0.10992597043514252, 'proxy_loss': 0.025353120639920235, 'gain': -0.00016235746443271637, 'accepted': False}, {'source_station_id': '60', 'alpha': 0.3, 'source_query_loss': 0.053691815584897995, 'proxy_loss': 0.024771997705101967, 'gain': 0.00041876547038555145, 'accepted': True}, {'source_station_id': '63', 'alpha': 0.1, 'source_query_loss': 0.0830005556344986, 'proxy_loss': 0.025175973773002625, 'gain': 1.4789402484893799e-05, 'accepted': True}]
  target_aware_selective_fed[target=62] epoch=900/1000 self_proxy_loss=0.02735385298728943 aggregate_proxy_loss=0.02690299041569233 accepted_sources=['59'] source_diagnostics=[{'source_station_id': '59', 'alpha': 0.3, 'source_query_loss': 0.0753154382109642, 'proxy_loss': 0.02690299041569233, 'gain': 0.0004508625715970993, 'accepted': True}, {'source_station_id': '60', 'alpha': 0.2, 'source_query_loss': 0.15378066897392273, 'proxy_loss': 0.02735867165029049, 'gain': -4.818663001060486e-06, 'accepted': False}, {'source_station_id': '63', 'alpha': 0.1, 'source_query_loss': 0.12109021842479706, 'proxy_loss': 0.027580076828598976, 'gain': -0.00022622384130954742, 'accepted': False}]
  target_aware_selective_fed[target=62] epoch=950/1000 self_proxy_loss=0.02292538806796074 aggregate_proxy_loss=0.02292538806796074 accepted_sources=[] source_diagnostics=[{'source_station_id': '59', 'alpha': 0.1, 'source_query_loss': 0.3118450343608856, 'proxy_loss': 0.02307269535958767, 'gain': -0.00014730729162693024, 'accepted': False}, {'source_station_id': '60', 'alpha': 0.1, 'source_query_loss': 0.1386200189590454, 'proxy_loss': 0.02305368334054947, 'gain': -0.00012829527258872986, 'accepted': False}, {'source_station_id': '63', 'alpha': 0.1, 'source_query_loss': 0.17964805662631989, 'proxy_loss': 0.023087842389941216, 'gain': -0.00016245432198047638, 'accepted': False}]
  收敛检测[target_aware_selective_fed_meta:target_aware_selective_fed_meta_station62]: 首次达到收敛条件 @ epoch 971 (best_epoch=871, best_loss=0.020912, final_loss=0.025605)
  target_aware_selective_fed[target=62] epoch=1000/1000 self_proxy_loss=0.028125949203968048 aggregate_proxy_loss=0.027605626732110977 accepted_sources=['59'] source_diagnostics=[{'source_station_id': '59', 'alpha': 0.3, 'source_query_loss': 0.0911293551325798, 'proxy_loss': 0.027605626732110977, 'gain': 0.0005203224718570709, 'accepted': True}, {'source_station_id': '60', 'alpha': 0.1, 'source_query_loss': 0.06718319654464722, 'proxy_loss': 0.028158197179436684, 'gain': -3.224797546863556e-05, 'accepted': False}, {'source_station_id': '63', 'alpha': 0.1, 'source_query_loss': 0.18044696748256683, 'proxy_loss': 0.028294723480939865, 'gain': -0.00016877427697181702, 'accepted': False}]
  收敛检测[target_aware_selective_fed_meta:target_aware_selective_fed_meta_station62]: 已收敛 @ epoch 971 (best_epoch=871, best_loss=0.020912, final_loss=0.027606)
✓ Target-Aware Selective Fed Meta完成: artifacts/high_wind_spring_noft_four_client/pilot-1k-target-aware-selective-fed/models/model_fore_train_task_query_target_aware_selective_fed_meta_station62.pth

======================================================================
开始Target-Aware Selective Fed Meta: target station 63
  alpha_grid=[0.1, 0.2, 0.3], top_k=1, gain_margin=0.0
======================================================================
  target_proxy_windows=11 (normal_highwind_cap=8)
  target_aware_selective_fed[target=63] epoch=1/1000 self_proxy_loss=0.08883096277713776 aggregate_proxy_loss=0.08762580156326294 accepted_sources=['60'] source_diagnostics=[{'source_station_id': '59', 'alpha': 0.3, 'source_query_loss': 0.11544273048639297, 'proxy_loss': 0.08768640458583832, 'gain': 0.0011445581912994385, 'accepted': True}, {'source_station_id': '60', 'alpha': 0.3, 'source_query_loss': 0.11521227657794952, 'proxy_loss': 0.08762580156326294, 'gain': 0.001205161213874817, 'accepted': True}, {'source_station_id': '62', 'alpha': 0.3, 'source_query_loss': 0.12036745995283127, 'proxy_loss': 0.08768492192029953, 'gain': 0.0011460408568382263, 'accepted': True}]
  target_aware_selective_fed[target=63] epoch=2/1000 self_proxy_loss=0.08388898521661758 aggregate_proxy_loss=0.08278695493936539 accepted_sources=['62'] source_diagnostics=[{'source_station_id': '59', 'alpha': 0.3, 'source_query_loss': 0.11709599941968918, 'proxy_loss': 0.08279941976070404, 'gain': 0.0010895654559135437, 'accepted': True}, {'source_station_id': '60', 'alpha': 0.3, 'source_query_loss': 0.12460508942604065, 'proxy_loss': 0.08386155217885971, 'gain': 2.7433037757873535e-05, 'accepted': True}, {'source_station_id': '62', 'alpha': 0.3, 'source_query_loss': 0.12248407304286957, 'proxy_loss': 0.08278695493936539, 'gain': 0.0011020302772521973, 'accepted': True}]
  target_aware_selective_fed[target=63] epoch=3/1000 self_proxy_loss=0.07922826707363129 aggregate_proxy_loss=0.07813710719347 accepted_sources=['62'] source_diagnostics=[{'source_station_id': '59', 'alpha': 0.1, 'source_query_loss': 0.13157176971435547, 'proxy_loss': 0.07951415330171585, 'gain': -0.0002858862280845642, 'accepted': False}, {'source_station_id': '60', 'alpha': 0.1, 'source_query_loss': 0.13762037456035614, 'proxy_loss': 0.07950825989246368, 'gain': -0.00027999281883239746, 'accepted': False}, {'source_station_id': '62', 'alpha': 0.3, 'source_query_loss': 0.11205172538757324, 'proxy_loss': 0.07813710719347, 'gain': 0.0010911598801612854, 'accepted': True}]
  target_aware_selective_fed[target=63] epoch=4/1000 self_proxy_loss=0.07475828379392624 aggregate_proxy_loss=0.07372075319290161 accepted_sources=['62'] source_diagnostics=[{'source_station_id': '59', 'alpha': 0.3, 'source_query_loss': 0.1263841688632965, 'proxy_loss': 0.073734812438488, 'gain': 0.0010234713554382324, 'accepted': True}, {'source_station_id': '60', 'alpha': 0.3, 'source_query_loss': 0.09828191250562668, 'proxy_loss': 0.07470940798521042, 'gain': 4.887580871582031e-05, 'accepted': True}, {'source_station_id': '62', 'alpha': 0.3, 'source_query_loss': 0.14984728395938873, 'proxy_loss': 0.07372075319290161, 'gain': 0.0010375306010246277, 'accepted': True}]
  target_aware_selective_fed[target=63] epoch=5/1000 self_proxy_loss=0.07048175483942032 aggregate_proxy_loss=0.06947299093008041 accepted_sources=['62'] source_diagnostics=[{'source_station_id': '59', 'alpha': 0.3, 'source_query_loss': 0.1092362180352211, 'proxy_loss': 0.06949912011623383, 'gain': 0.000982634723186493, 'accepted': True}, {'source_station_id': '60', 'alpha': 0.3, 'source_query_loss': 0.1144796684384346, 'proxy_loss': 0.0694979652762413, 'gain': 0.0009837895631790161, 'accepted': True}, {'source_station_id': '62', 'alpha': 0.3, 'source_query_loss': 0.09051916003227234, 'proxy_loss': 0.06947299093008041, 'gain': 0.0010087639093399048, 'accepted': True}]
  target_aware_selective_fed[target=63] epoch=6/1000 self_proxy_loss=0.06773639470338821 aggregate_proxy_loss=0.06677380949258804 accepted_sources=['62'] source_diagnostics=[{'source_station_id': '59', 'alpha': 0.3, 'source_query_loss': 0.09822798520326614, 'proxy_loss': 0.06677490472793579, 'gain': 0.0009614899754524231, 'accepted': True}, {'source_station_id': '60', 'alpha': 0.3, 'source_query_loss': 0.12184379994869232, 'proxy_loss': 0.0668090358376503, 'gain': 0.000927358865737915, 'accepted': True}, {'source_station_id': '62', 'alpha': 0.3, 'source_query_loss': 0.09927751123905182, 'proxy_loss': 0.06677380949258804, 'gain': 0.0009625852108001709, 'accepted': True}]
  target_aware_selective_fed[target=63] epoch=7/1000 self_proxy_loss=0.06380756199359894 aggregate_proxy_loss=0.06294538825750351 accepted_sources=['59'] source_diagnostics=[{'source_station_id': '59', 'alpha': 0.3, 'source_query_loss': 0.09669562429189682, 'proxy_loss': 0.06294538825750351, 'gain': 0.0008621737360954285, 'accepted': True}, {'source_station_id': '60', 'alpha': 0.3, 'source_query_loss': 0.10853274911642075, 'proxy_loss': 0.06300856173038483, 'gain': 0.0007990002632141113, 'accepted': True}, {'source_station_id': '62', 'alpha': 0.3, 'source_query_loss': 0.10718560963869095, 'proxy_loss': 0.06298775970935822, 'gain': 0.0008198022842407227, 'accepted': True}]
  target_aware_selective_fed[target=63] epoch=8/1000 self_proxy_loss=0.060211654752492905 aggregate_proxy_loss=0.0592372827231884 accepted_sources=['60'] source_diagnostics=[{'source_station_id': '59', 'alpha': 0.3, 'source_query_loss': 0.09416237473487854, 'proxy_loss': 0.05925380438566208, 'gain': 0.0009578503668308258, 'accepted': True}, {'source_station_id': '60', 'alpha': 0.3, 'source_query_loss': 0.08163366466760635, 'proxy_loss': 0.0592372827231884, 'gain': 0.0009743720293045044, 'accepted': True}, {'source_station_id': '62', 'alpha': 0.3, 'source_query_loss': 0.0989348441362381, 'proxy_loss': 0.059264615178108215, 'gain': 0.0009470395743846893, 'accepted': True}]
  target_aware_selective_fed[target=63] epoch=9/1000 self_proxy_loss=0.05905967950820923 aggregate_proxy_loss=0.05814320594072342 accepted_sources=['60'] source_diagnostics=[{'source_station_id': '59', 'alpha': 0.3, 'source_query_loss': 0.11220020055770874, 'proxy_loss': 0.05815696343779564, 'gain': 0.0009027160704135895, 'accepted': True}, {'source_station_id': '60', 'alpha': 0.3, 'source_query_loss': 0.0767352506518364, 'proxy_loss': 0.05814320594072342, 'gain': 0.0009164735674858093, 'accepted': True}, {'source_station_id': '62', 'alpha': 0.1, 'source_query_loss': 0.14122280478477478, 'proxy_loss': 0.05924531817436218, 'gain': -0.0001856386661529541, 'accepted': False}]
  target_aware_selective_fed[target=63] epoch=10/1000 self_proxy_loss=0.05820196866989136 aggregate_proxy_loss=0.05731336027383804 accepted_sources=['59'] source_diagnostics=[{'source_station_id': '59', 'alpha': 0.3, 'source_query_loss': 0.1188524067401886, 'proxy_loss': 0.05731336027383804, 'gain': 0.0008886083960533142, 'accepted': True}, {'source_station_id': '60', 'alpha': 0.1, 'source_query_loss': 0.1181459128856659, 'proxy_loss': 0.0585368350148201, 'gain': -0.00033486634492874146, 'accepted': False}, {'source_station_id': '62', 'alpha': 0.1, 'source_query_loss': 0.16921597719192505, 'proxy_loss': 0.05848264694213867, 'gain': -0.00028067827224731445, 'accepted': False}]
  target_aware_selective_fed[target=63] epoch=50/1000 self_proxy_loss=0.03462257236242294 aggregate_proxy_loss=0.03413097932934761 accepted_sources=['59'] source_diagnostics=[{'source_station_id': '59', 'alpha': 0.3, 'source_query_loss': 0.059341493993997574, 'proxy_loss': 0.03413097932934761, 'gain': 0.0004915930330753326, 'accepted': True}, {'source_station_id': '60', 'alpha': 0.3, 'source_query_loss': 0.06199769303202629, 'proxy_loss': 0.034152936190366745, 'gain': 0.0004696361720561981, 'accepted': True}, {'source_station_id': '62', 'alpha': 0.3, 'source_query_loss': 0.06491424888372421, 'proxy_loss': 0.03419783338904381, 'gain': 0.00042473897337913513, 'accepted': True}]
  target_aware_selective_fed[target=63] epoch=100/1000 self_proxy_loss=0.03285171464085579 aggregate_proxy_loss=0.0328780859708786 accepted_sources=['60'] source_diagnostics=[{'source_station_id': '59', 'alpha': 0.1, 'source_query_loss': 0.25803273916244507, 'proxy_loss': 0.03296905383467674, 'gain': -0.00011733919382095337, 'accepted': False}, {'source_station_id': '60', 'alpha': 0.1, 'source_query_loss': 0.1066553145647049, 'proxy_loss': 0.03284130617976189, 'gain': 1.0408461093902588e-05, 'accepted': True}, {'source_station_id': '62', 'alpha': 0.1, 'source_query_loss': 0.20892111957073212, 'proxy_loss': 0.03295545652508736, 'gain': -0.00010374188423156738, 'accepted': False}]
  target_aware_selective_fed[target=63] epoch=150/1000 self_proxy_loss=0.034071728587150574 aggregate_proxy_loss=0.0340510718524456 accepted_sources=['59'] source_diagnostics=[{'source_station_id': '59', 'alpha': 0.3, 'source_query_loss': 0.04197894036769867, 'proxy_loss': 0.0340510718524456, 'gain': 2.0656734704971313e-05, 'accepted': True}, {'source_station_id': '60', 'alpha': 0.1, 'source_query_loss': 0.09095989167690277, 'proxy_loss': 0.03420090302824974, 'gain': -0.00012917444109916687, 'accepted': False}, {'source_station_id': '62', 'alpha': 0.1, 'source_query_loss': 0.22370903193950653, 'proxy_loss': 0.03420231491327286, 'gain': -0.00013058632612228394, 'accepted': False}]
  收敛检测[target_aware_selective_fed_meta:target_aware_selective_fed_meta_station63]: 首次达到收敛条件 @ epoch 197 (best_epoch=97, best_loss=0.031532, final_loss=0.034163)
  target_aware_selective_fed[target=63] epoch=200/1000 self_proxy_loss=0.03557233884930611 aggregate_proxy_loss=0.035143982619047165 accepted_sources=['62'] source_diagnostics=[{'source_station_id': '59', 'alpha': 0.3, 'source_query_loss': 0.06703516840934753, 'proxy_loss': 0.03518916666507721, 'gain': 0.0003831721842288971, 'accepted': True}, {'source_station_id': '60', 'alpha': 0.1, 'source_query_loss': 0.09628484398126602, 'proxy_loss': 0.03573189675807953, 'gain': -0.00015955790877342224, 'accepted': False}, {'source_station_id': '62', 'alpha': 0.3, 'source_query_loss': 0.07480185478925705, 'proxy_loss': 0.035143982619047165, 'gain': 0.00042835623025894165, 'accepted': True}]
  target_aware_selective_fed[target=63] epoch=250/1000 self_proxy_loss=0.036949630826711655 aggregate_proxy_loss=0.036949630826711655 accepted_sources=[] source_diagnostics=[{'source_station_id': '59', 'alpha': 0.1, 'source_query_loss': 0.2360202521085739, 'proxy_loss': 0.037165429443120956, 'gain': -0.00021579861640930176, 'accepted': False}, {'source_station_id': '60', 'alpha': 0.2, 'source_query_loss': 0.12312006950378418, 'proxy_loss': 0.03696233034133911, 'gain': -1.2699514627456665e-05, 'accepted': False}, {'source_station_id': '62', 'alpha': 0.1, 'source_query_loss': 0.1794738620519638, 'proxy_loss': 0.03713807836174965, 'gain': -0.00018844753503799438, 'accepted': False}]
  target_aware_selective_fed[target=63] epoch=300/1000 self_proxy_loss=0.03427654877305031 aggregate_proxy_loss=0.034275297075510025 accepted_sources=['59'] source_diagnostics=[{'source_station_id': '59', 'alpha': 0.1, 'source_query_loss': 0.045677948743104935, 'proxy_loss': 0.03427273780107498, 'gain': 3.810971975326538e-06, 'accepted': True}, {'source_station_id': '60', 'alpha': 0.1, 'source_query_loss': 0.10620621591806412, 'proxy_loss': 0.03435229882597923, 'gain': -7.575005292892456e-05, 'accepted': False}, {'source_station_id': '62', 'alpha': 0.1, 'source_query_loss': 0.20906251668930054, 'proxy_loss': 0.03442704305052757, 'gain': -0.0001504942774772644, 'accepted': False}]
  target_aware_selective_fed[target=63] epoch=350/1000 self_proxy_loss=0.034909918904304504 aggregate_proxy_loss=0.03448692709207535 accepted_sources=['62'] source_diagnostics=[{'source_station_id': '59', 'alpha': 0.3, 'source_query_loss': 0.09020140767097473, 'proxy_loss': 0.03450138494372368, 'gain': 0.0004085339605808258, 'accepted': True}, {'source_station_id': '60', 'alpha': 0.1, 'source_query_loss': 0.0926709845662117, 'proxy_loss': 0.03505293279886246, 'gain': -0.00014301389455795288, 'accepted': False}, {'source_station_id': '62', 'alpha': 0.3, 'source_query_loss': 0.08576672524213791, 'proxy_loss': 0.03448692709207535, 'gain': 0.0004229918122291565, 'accepted': True}]
  target_aware_selective_fed[target=63] epoch=400/1000 self_proxy_loss=0.03581756725907326 aggregate_proxy_loss=0.03537817299365997 accepted_sources=['62'] source_diagnostics=[{'source_station_id': '59', 'alpha': 0.3, 'source_query_loss': 0.07264824956655502, 'proxy_loss': 0.035394325852394104, 'gain': 0.00042324140667915344, 'accepted': True}, {'source_station_id': '60', 'alpha': 0.1, 'source_query_loss': 0.12852069735527039, 'proxy_loss': 0.035762470215559006, 'gain': 5.509704351425171e-05, 'accepted': True}, {'source_station_id': '62', 'alpha': 0.3, 'source_query_loss': 0.0760030597448349, 'proxy_loss': 0.03537817299365997, 'gain': 0.0004393942654132843, 'accepted': True}]
  target_aware_selective_fed[target=63] epoch=450/1000 self_proxy_loss=0.03583209961652756 aggregate_proxy_loss=0.03533177077770233 accepted_sources=['62'] source_diagnostics=[{'source_station_id': '59', 'alpha': 0.3, 'source_query_loss': 0.09189359843730927, 'proxy_loss': 0.03535452112555504, 'gain': 0.0004775784909725189, 'accepted': True}, {'source_station_id': '60', 'alpha': 0.3, 'source_query_loss': 0.04987677186727524, 'proxy_loss': 0.035366758704185486, 'gain': 0.00046534091234207153, 'accepted': True}, {'source_station_id': '62', 'alpha': 0.3, 'source_query_loss': 0.08252912014722824, 'proxy_loss': 0.03533177077770233, 'gain': 0.0005003288388252258, 'accepted': True}]
  target_aware_selective_fed[target=63] epoch=500/1000 self_proxy_loss=0.03243348002433777 aggregate_proxy_loss=0.032047808170318604 accepted_sources=['60'] source_diagnostics=[{'source_station_id': '59', 'alpha': 0.3, 'source_query_loss': 0.09021730720996857, 'proxy_loss': 0.03208405151963234, 'gain': 0.0003494285047054291, 'accepted': True}, {'source_station_id': '60', 'alpha': 0.3, 'source_query_loss': 0.06417323648929596, 'proxy_loss': 0.032047808170318604, 'gain': 0.00038567185401916504, 'accepted': True}, {'source_station_id': '62', 'alpha': 0.3, 'source_query_loss': 0.10316835343837738, 'proxy_loss': 0.03217388689517975, 'gain': 0.00025959312915802, 'accepted': True}]
  target_aware_selective_fed[target=63] epoch=550/1000 self_proxy_loss=0.03239792585372925 aggregate_proxy_loss=0.03239027410745621 accepted_sources=['59'] source_diagnostics=[{'source_station_id': '59', 'alpha': 0.2, 'source_query_loss': 0.05593815818428993, 'proxy_loss': 0.03238437697291374, 'gain': 1.3548880815505981e-05, 'accepted': True}, {'source_station_id': '60', 'alpha': 0.1, 'source_query_loss': 0.20332522690296173, 'proxy_loss': 0.03252653032541275, 'gain': -0.0001286044716835022, 'accepted': False}, {'source_station_id': '62', 'alpha': 0.3, 'source_query_loss': 0.10913542658090591, 'proxy_loss': 0.0324094258248806, 'gain': -1.1499971151351929e-05, 'accepted': False}]
  target_aware_selective_fed[target=63] epoch=600/1000 self_proxy_loss=0.0379897840321064 aggregate_proxy_loss=0.03746815025806427 accepted_sources=['62'] source_diagnostics=[{'source_station_id': '59', 'alpha': 0.1, 'source_query_loss': 0.14591768383979797, 'proxy_loss': 0.038143057376146317, 'gain': -0.000153273344039917, 'accepted': False}, {'source_station_id': '60', 'alpha': 0.1, 'source_query_loss': 0.08823753893375397, 'proxy_loss': 0.03802189603447914, 'gain': -3.21120023727417e-05, 'accepted': False}, {'source_station_id': '62', 'alpha': 0.3, 'source_query_loss': 0.11514729261398315, 'proxy_loss': 0.03746815025806427, 'gain': 0.0005216337740421295, 'accepted': True}]
  target_aware_selective_fed[target=63] epoch=650/1000 self_proxy_loss=0.03257204219698906 aggregate_proxy_loss=0.032570209354162216 accepted_sources=['60'] source_diagnostics=[{'source_station_id': '59', 'alpha': 0.1, 'source_query_loss': 0.19793766736984253, 'proxy_loss': 0.03271616995334625, 'gain': -0.000144127756357193, 'accepted': False}, {'source_station_id': '60', 'alpha': 0.3, 'source_query_loss': 0.0716257318854332, 'proxy_loss': 0.032570209354162216, 'gain': 1.8328428268432617e-06, 'accepted': True}, {'source_station_id': '62', 'alpha': 0.1, 'source_query_loss': 0.17564129829406738, 'proxy_loss': 0.03270585089921951, 'gain': -0.0001338087022304535, 'accepted': False}]
  收敛检测[target_aware_selective_fed_meta:target_aware_selective_fed_meta_station63]: 首次达到收敛条件 @ epoch 662 (best_epoch=562, best_loss=0.029062, final_loss=0.034057)
  target_aware_selective_fed[target=63] epoch=700/1000 self_proxy_loss=0.03152170777320862 aggregate_proxy_loss=0.031356874853372574 accepted_sources=['62'] source_diagnostics=[{'source_station_id': '59', 'alpha': 0.2, 'source_query_loss': 0.10752349346876144, 'proxy_loss': 0.03149666637182236, 'gain': 2.5041401386260986e-05, 'accepted': True}, {'source_station_id': '60', 'alpha': 0.1, 'source_query_loss': 0.19447438418865204, 'proxy_loss': 0.03165912628173828, 'gain': -0.00013741850852966309, 'accepted': False}, {'source_station_id': '62', 'alpha': 0.3, 'source_query_loss': 0.08860640972852707, 'proxy_loss': 0.031356874853372574, 'gain': 0.0001648329198360443, 'accepted': True}]
  target_aware_selective_fed[target=63] epoch=750/1000 self_proxy_loss=0.03308705613017082 aggregate_proxy_loss=0.03267836943268776 accepted_sources=['60'] source_diagnostics=[{'source_station_id': '59', 'alpha': 0.3, 'source_query_loss': 0.08816399425268173, 'proxy_loss': 0.03272765129804611, 'gain': 0.0003594048321247101, 'accepted': True}, {'source_station_id': '60', 'alpha': 0.3, 'source_query_loss': 0.07888668775558472, 'proxy_loss': 0.03267836943268776, 'gain': 0.00040868669748306274, 'accepted': True}, {'source_station_id': '62', 'alpha': 0.3, 'source_query_loss': 0.10737883299589157, 'proxy_loss': 0.03303267061710358, 'gain': 5.4385513067245483e-05, 'accepted': True}]
  target_aware_selective_fed[target=63] epoch=800/1000 self_proxy_loss=0.03307025134563446 aggregate_proxy_loss=0.032636333256959915 accepted_sources=['62'] source_diagnostics=[{'source_station_id': '59', 'alpha': 0.3, 'source_query_loss': 0.08343982696533203, 'proxy_loss': 0.03267185762524605, 'gain': 0.0003983937203884125, 'accepted': True}, {'source_station_id': '60', 'alpha': 0.1, 'source_query_loss': 0.15723742544651031, 'proxy_loss': 0.033197659999132156, 'gain': -0.00012740865349769592, 'accepted': False}, {'source_station_id': '62', 'alpha': 0.3, 'source_query_loss': 0.0689941868185997, 'proxy_loss': 0.032636333256959915, 'gain': 0.0004339180886745453, 'accepted': True}]
  收敛检测[target_aware_selective_fed_meta:target_aware_selective_fed_meta_station63]: 首次达到收敛条件 @ epoch 820 (best_epoch=720, best_loss=0.028222, final_loss=0.034567)
  target_aware_selective_fed[target=63] epoch=850/1000 self_proxy_loss=0.03233255818486214 aggregate_proxy_loss=0.031963132321834564 accepted_sources=['60'] source_diagnostics=[{'source_station_id': '59', 'alpha': 0.1, 'source_query_loss': 0.15526244044303894, 'proxy_loss': 0.032430749386548996, 'gain': -9.819120168685913e-05, 'accepted': False}, {'source_station_id': '60', 'alpha': 0.3, 'source_query_loss': 0.08758389204740524, 'proxy_loss': 0.031963132321834564, 'gain': 0.00036942586302757263, 'accepted': True}, {'source_station_id': '62', 'alpha': 0.1, 'source_query_loss': 0.1484043151140213, 'proxy_loss': 0.03242763504385948, 'gain': -9.507685899734497e-05, 'accepted': False}]
  target_aware_selective_fed[target=63] epoch=900/1000 self_proxy_loss=0.0345497652888298 aggregate_proxy_loss=0.034127939492464066 accepted_sources=['62'] source_diagnostics=[{'source_station_id': '59', 'alpha': 0.2, 'source_query_loss': 0.10192395746707916, 'proxy_loss': 0.034545641392469406, 'gain': 4.123896360397339e-06, 'accepted': True}, {'source_station_id': '60', 'alpha': 0.1, 'source_query_loss': 0.20844526588916779, 'proxy_loss': 0.03471026569604874, 'gain': -0.0001605004072189331, 'accepted': False}, {'source_station_id': '62', 'alpha': 0.3, 'source_query_loss': 0.07588458806276321, 'proxy_loss': 0.034127939492464066, 'gain': 0.0004218257963657379, 'accepted': True}]
  target_aware_selective_fed[target=63] epoch=950/1000 self_proxy_loss=0.032164316624403 aggregate_proxy_loss=0.032164316624403 accepted_sources=[] source_diagnostics=[{'source_station_id': '59', 'alpha': 0.1, 'source_query_loss': 0.22095926105976105, 'proxy_loss': 0.032285675406455994, 'gain': -0.00012135878205299377, 'accepted': False}, {'source_station_id': '60', 'alpha': 0.1, 'source_query_loss': 0.11301205307245255, 'proxy_loss': 0.0322079062461853, 'gain': -4.3589621782302856e-05, 'accepted': False}, {'source_station_id': '62', 'alpha': 0.1, 'source_query_loss': 0.24501115083694458, 'proxy_loss': 0.03226068243384361, 'gain': -9.636580944061279e-05, 'accepted': False}]
  target_aware_selective_fed[target=63] epoch=1000/1000 self_proxy_loss=0.03448007255792618 aggregate_proxy_loss=0.03406446799635887 accepted_sources=['60'] source_diagnostics=[{'source_station_id': '59', 'alpha': 0.3, 'source_query_loss': 0.07011641561985016, 'proxy_loss': 0.034092724323272705, 'gain': 0.0003873482346534729, 'accepted': True}, {'source_station_id': '60', 'alpha': 0.3, 'source_query_loss': 0.07765772193670273, 'proxy_loss': 0.03406446799635887, 'gain': 0.0004156045615673065, 'accepted': True}, {'source_station_id': '62', 'alpha': 0.3, 'source_query_loss': 0.06367791444063187, 'proxy_loss': 0.034076444804668427, 'gain': 0.00040362775325775146, 'accepted': True}]
  收敛检测[target_aware_selective_fed_meta:target_aware_selective_fed_meta_station63]: 已收敛 @ epoch 820 (best_epoch=720, best_loss=0.028222, final_loss=0.034064)
✓ Target-Aware Selective Fed Meta完成: artifacts/high_wind_spring_noft_four_client/pilot-1k-target-aware-selective-fed/models/model_fore_train_task_query_target_aware_selective_fed_meta_station63.pth
##################################################################——————————NoFT协议：跳过test_task_support/Few-shot适应——————————############################################################

✓ NoFT协议已跳过Few-shot/Local-FT/Extreme-FedAvg/Proposed-A兼容模型生成

======================================================================
生成所有场站的测试预测结果
======================================================================

场站 59 预测:
  ✓ 极端类别1(HighWind)（Pretrain/Local-Meta-NoFT/Target-Aware Pretrain/Target-Aware Meta-NoFT/Target-Aware Selective Fed-Meta-NoFT）

场站 60 预测:
  ✓ 极端类别1(HighWind)（Pretrain/Local-Meta-NoFT/Target-Aware Pretrain/Target-Aware Meta-NoFT/Target-Aware Selective Fed-Meta-NoFT）

场站 62 预测:
  ✓ 极端类别1(HighWind)（Pretrain/Local-Meta-NoFT/Target-Aware Pretrain/Target-Aware Meta-NoFT/Target-Aware Selective Fed-Meta-NoFT）

场站 63 预测:
  ✓ 极端类别1(HighWind)（Pretrain/Local-Meta-NoFT/Target-Aware Pretrain/Target-Aware Meta-NoFT/Target-Aware Selective Fed-Meta-NoFT）

保存所有场站测试结果...
✓ 已保存: artifacts/high_wind_spring_noft_four_client/pilot-1k-target-aware-selective-fed/all_stations_test_results.mat
✓ 收敛检测报告已保存: artifacts/high_wind_spring_noft_four_client/pilot-1k-target-aware-selective-fed/training_convergence_report.json

======================================================================
✓✓✓ 训练和测试全部完成！
NoFT协议未生成个性化微调模型
======================================================================
