======================================================================
联邦模式：加载3个场站数据（58/59/60）
======================================================================
  加载 58wf_4_train.mat...
  加载 59wf_4_train.mat...
  加载 60wf_4_train.mat...

======================================================================
准备所有场站的完整数据（元训练+极端天气+测试集）
======================================================================

准备联邦客户端数据（常规天气）...
  处理场站 58...
    shape: (1, 16550, 5) → (1, 16550, 1)
  处理场站 59...
    shape: (1, 16732, 5) → (1, 16732, 1)
  处理场站 60...
    shape: (1, 16693, 5) → (1, 16693, 1)
  总数据量: 49975 样本

准备所有场站的元训练和测试数据（3场站一视同仁）...

  场站 58:
    测试集2023: (730, 12, 1)
    聚类类别: 10类
    极端天气: 4类

  场站 59:
    测试集2023: (730, 12, 1)
    聚类类别: 10类
    极端天气: 4类

  场站 60:
    测试集2023: (730, 12, 1)
    聚类类别: 10类
    极端天气: 4类

✓ 所有场站数据准备完成！
#########################################################################——————————本地预训练（Local Pre-train）——————————############################################################
场站数量: 3, 场站: 58, 59, 60

======================================================================
开始本地预训练: station 58
======================================================================
2.3849096298217773
[station 58] [Epoch 99/500] [loss_mse: 0.105680] 
4.742422342300415
[station 58] [Epoch 199/500] [loss_mse: 0.055434] 
7.170496225357056
[station 58] [Epoch 299/500] [loss_mse: 0.048227] 
9.383723020553589
[station 58] [Epoch 399/500] [loss_mse: 0.043453] 
11.621657609939575
[station 58] [Epoch 499/500] [loss_mse: 0.042127] 
✓ 本地预训练完成: model_fore_pre_station58_local.pth

======================================================================
开始本地预训练: station 59
======================================================================
2.2293708324432373
[station 59] [Epoch 99/500] [loss_mse: 0.147796] 
4.645570755004883
[station 59] [Epoch 199/500] [loss_mse: 0.057349] 
7.09440016746521
[station 59] [Epoch 299/500] [loss_mse: 0.048672] 
9.467485189437866
[station 59] [Epoch 399/500] [loss_mse: 0.043805] 
11.816083669662476
[station 59] [Epoch 499/500] [loss_mse: 0.041765] 
✓ 本地预训练完成: model_fore_pre_station59_local.pth

======================================================================
开始本地预训练: station 60
======================================================================
2.405062198638916
[station 60] [Epoch 99/500] [loss_mse: 0.161544] 
4.78283953666687
[station 60] [Epoch 199/500] [loss_mse: 0.063907] 
7.211941957473755
[station 60] [Epoch 299/500] [loss_mse: 0.055656] 
9.748857498168945
[station 60] [Epoch 399/500] [loss_mse: 0.053340] 
12.249376773834229
[station 60] [Epoch 499/500] [loss_mse: 0.050703] 
✓ 本地预训练完成: model_fore_pre_station60_local.pth

======================================================================
开始本地元训练: station 58
======================================================================

======================================================================
开始元训练: local_meta_station58
  use_cdrm=True, train_all_params=False, disable_lwp=False
  tasks_per_epoch=5, task_pool=10 (1 stations: 58)
======================================================================
[##################################################################——local_meta_station58:train_task_support_Epoch 0/500——############################################################]
[##################################################################——local_meta_station58:train_task_query_Epoch 0/500——############################################################]
[##################################################################——local_meta_station58:train_task_support_Epoch 1/500——############################################################]
[##################################################################——local_meta_station58:train_task_query_Epoch 1/500——############################################################]
[##################################################################——local_meta_station58:train_task_support_Epoch 2/500——############################################################]
[##################################################################——local_meta_station58:train_task_query_Epoch 2/500——############################################################]
[##################################################################——local_meta_station58:train_task_support_Epoch 3/500——############################################################]
[##################################################################——local_meta_station58:train_task_query_Epoch 3/500——############################################################]
[##################################################################——local_meta_station58:train_task_support_Epoch 4/500——############################################################]
[##################################################################——local_meta_station58:train_task_query_Epoch 4/500——############################################################]
[##################################################################——local_meta_station58:train_task_support_Epoch 5/500——############################################################]
[##################################################################——local_meta_station58:train_task_query_Epoch 5/500——############################################################]
[##################################################################——local_meta_station58:train_task_support_Epoch 6/500——############################################################]
[##################################################################——local_meta_station58:train_task_query_Epoch 6/500——############################################################]
[##################################################################——local_meta_station58:train_task_support_Epoch 7/500——############################################################]
[##################################################################——local_meta_station58:train_task_query_Epoch 7/500——############################################################]
[##################################################################——local_meta_station58:train_task_support_Epoch 8/500——############################################################]
[##################################################################——local_meta_station58:train_task_query_Epoch 8/500——############################################################]
[##################################################################——local_meta_station58:train_task_support_Epoch 9/500——############################################################]
[##################################################################——local_meta_station58:train_task_query_Epoch 9/500——############################################################]
[##################################################################——local_meta_station58:train_task_support_Epoch 10/500——############################################################]
[##################################################################——local_meta_station58:train_task_query_Epoch 10/500——############################################################]
[##################################################################——local_meta_station58:train_task_support_Epoch 11/500——############################################################]
[##################################################################——local_meta_station58:train_task_query_Epoch 11/500——############################################################]
[##################################################################——local_meta_station58:train_task_support_Epoch 12/500——############################################################]
[##################################################################——local_meta_station58:train_task_query_Epoch 12/500——############################################################]
[##################################################################——local_meta_station58:train_task_support_Epoch 13/500——############################################################]
[##################################################################——local_meta_station58:train_task_query_Epoch 13/500——############################################################]
[##################################################################——local_meta_station58:train_task_support_Epoch 14/500——############################################################]
[##################################################################——local_meta_station58:train_task_query_Epoch 14/500——############################################################]
[##################################################################——local_meta_station58:train_task_support_Epoch 15/500——############################################################]
[##################################################################——local_meta_station58:train_task_query_Epoch 15/500——############################################################]
[##################################################################——local_meta_station58:train_task_support_Epoch 16/500——############################################################]
[##################################################################——local_meta_station58:train_task_query_Epoch 16/500——############################################################]
[##################################################################——local_meta_station58:train_task_support_Epoch 17/500——############################################################]
[##################################################################——local_meta_station58:train_task_query_Epoch 17/500——############################################################]
[##################################################################——local_meta_station58:train_task_support_Epoch 18/500——############################################################]
[##################################################################——local_meta_station58:train_task_query_Epoch 18/500——############################################################]
[##################################################################——local_meta_station58:train_task_support_Epoch 19/500——############################################################]
[##################################################################——local_meta_station58:train_task_query_Epoch 19/500——############################################################]
[##################################################################——local_meta_station58:train_task_support_Epoch 20/500——############################################################]
[##################################################################——local_meta_station58:train_task_query_Epoch 20/500——############################################################]
[##################################################################——local_meta_station58:train_task_support_Epoch 21/500——############################################################]
[##################################################################——local_meta_station58:train_task_query_Epoch 21/500——############################################################]
[##################################################################——local_meta_station58:train_task_support_Epoch 22/500——############################################################]
[##################################################################——local_meta_station58:train_task_query_Epoch 22/500——############################################################]
[##################################################################——local_meta_station58:train_task_support_Epoch 23/500——############################################################]
[##################################################################——local_meta_station58:train_task_query_Epoch 23/500——############################################################]
[##################################################################——local_meta_station58:train_task_support_Epoch 24/500——############################################################]
[##################################################################——local_meta_station58:train_task_query_Epoch 24/500——############################################################]
[##################################################################——local_meta_station58:train_task_support_Epoch 25/500——############################################################]
[##################################################################——local_meta_station58:train_task_query_Epoch 25/500——############################################################]
[##################################################################——local_meta_station58:train_task_support_Epoch 26/500——############################################################]
[##################################################################——local_meta_station58:train_task_query_Epoch 26/500——############################################################]
[##################################################################——local_meta_station58:train_task_support_Epoch 27/500——############################################################]
[##################################################################——local_meta_station58:train_task_query_Epoch 27/500——############################################################]
[##################################################################——local_meta_station58:train_task_support_Epoch 28/500——############################################################]
[##################################################################——local_meta_station58:train_task_query_Epoch 28/500——############################################################]
[##################################################################——local_meta_station58:train_task_support_Epoch 29/500——############################################################]
[##################################################################——local_meta_station58:train_task_query_Epoch 29/500——############################################################]
[##################################################################——local_meta_station58:train_task_support_Epoch 30/500——############################################################]
[##################################################################——local_meta_station58:train_task_query_Epoch 30/500——############################################################]
[##################################################################——local_meta_station58:train_task_support_Epoch 31/500——############################################################]
[##################################################################——local_meta_station58:train_task_query_Epoch 31/500——############################################################]
[##################################################################——local_meta_station58:train_task_support_Epoch 32/500——############################################################]
[##################################################################——local_meta_station58:train_task_query_Epoch 32/500——############################################################]
[##################################################################——local_meta_station58:train_task_support_Epoch 33/500——############################################################]
[##################################################################——local_meta_station58:train_task_query_Epoch 33/500——############################################################]
[##################################################################——local_meta_station58:train_task_support_Epoch 34/500——############################################################]
[##################################################################——local_meta_station58:train_task_query_Epoch 34/500——############################################################]
[##################################################################——local_meta_station58:train_task_support_Epoch 35/500——############################################################]
[##################################################################——local_meta_station58:train_task_query_Epoch 35/500——############################################################]
[##################################################################——local_meta_station58:train_task_support_Epoch 36/500——############################################################]
[##################################################################——local_meta_station58:train_task_query_Epoch 36/500——############################################################]
[##################################################################——local_meta_station58:train_task_support_Epoch 37/500——############################################################]
[##################################################################——local_meta_station58:train_task_query_Epoch 37/500——############################################################]
[##################################################################——local_meta_station58:train_task_support_Epoch 38/500——############################################################]
[##################################################################——local_meta_station58:train_task_query_Epoch 38/500——############################################################]
[##################################################################——local_meta_station58:train_task_support_Epoch 39/500——############################################################]
[##################################################################——local_meta_station58:train_task_query_Epoch 39/500——############################################################]
[##################################################################——local_meta_station58:train_task_support_Epoch 40/500——############################################################]
[##################################################################——local_meta_station58:train_task_query_Epoch 40/500——############################################################]
[##################################################################——local_meta_station58:train_task_support_Epoch 41/500——############################################################]
[##################################################################——local_meta_station58:train_task_query_Epoch 41/500——############################################################]
[##################################################################——local_meta_station58:train_task_support_Epoch 42/500——############################################################]
[##################################################################——local_meta_station58:train_task_query_Epoch 42/500——############################################################]
[##################################################################——local_meta_station58:train_task_support_Epoch 43/500——############################################################]
[##################################################################——local_meta_station58:train_task_query_Epoch 43/500——############################################################]
[##################################################################——local_meta_station58:train_task_support_Epoch 44/500——############################################################]
[##################################################################——local_meta_station58:train_task_query_Epoch 44/500——############################################################]
[##################################################################——local_meta_station58:train_task_support_Epoch 45/500——############################################################]
[##################################################################——local_meta_station58:train_task_query_Epoch 45/500——############################################################]
[##################################################################——local_meta_station58:train_task_support_Epoch 46/500——############################################################]
[##################################################################——local_meta_station58:train_task_query_Epoch 46/500——############################################################]
[##################################################################——local_meta_station58:train_task_support_Epoch 47/500——############################################################]
[##################################################################——local_meta_station58:train_task_query_Epoch 47/500——############################################################]
[##################################################################——local_meta_station58:train_task_support_Epoch 48/500——############################################################]
[##################################################################——local_meta_station58:train_task_query_Epoch 48/500——############################################################]
[##################################################################——local_meta_station58:train_task_support_Epoch 49/500——############################################################]
[##################################################################——local_meta_station58:train_task_query_Epoch 49/500——############################################################]
[##################################################################——local_meta_station58:train_task_support_Epoch 50/500——############################################################]
[##################################################################——local_meta_station58:train_task_query_Epoch 50/500——############################################################]
[##################################################################——local_meta_station58:train_task_support_Epoch 51/500——############################################################]
[##################################################################——local_meta_station58:train_task_query_Epoch 51/500——############################################################]
[##################################################################——local_meta_station58:train_task_support_Epoch 52/500——############################################################]
[##################################################################——local_meta_station58:train_task_query_Epoch 52/500——############################################################]
[##################################################################——local_meta_station58:train_task_support_Epoch 53/500——############################################################]
[##################################################################——local_meta_station58:train_task_query_Epoch 53/500——############################################################]
[##################################################################——local_meta_station58:train_task_support_Epoch 54/500——############################################################]
[##################################################################——local_meta_station58:train_task_query_Epoch 54/500——############################################################]
[##################################################################——local_meta_station58:train_task_support_Epoch 55/500——############################################################]
[##################################################################——local_meta_station58:train_task_query_Epoch 55/500——############################################################]
[##################################################################——local_meta_station58:train_task_support_Epoch 56/500——############################################################]
[##################################################################——local_meta_station58:train_task_query_Epoch 56/500——############################################################]
[##################################################################——local_meta_station58:train_task_support_Epoch 57/500——############################################################]
[##################################################################——local_meta_station58:train_task_query_Epoch 57/500——############################################################]
[##################################################################——local_meta_station58:train_task_support_Epoch 58/500——############################################################]
[##################################################################——local_meta_station58:train_task_query_Epoch 58/500——############################################################]
[##################################################################——local_meta_station58:train_task_support_Epoch 59/500——############################################################]
[##################################################################——local_meta_station58:train_task_query_Epoch 59/500——############################################################]
[##################################################################——local_meta_station58:train_task_support_Epoch 60/500——############################################################]
[##################################################################——local_meta_station58:train_task_query_Epoch 60/500——############################################################]
[##################################################################——local_meta_station58:train_task_support_Epoch 61/500——############################################################]
[##################################################################——local_meta_station58:train_task_query_Epoch 61/500——############################################################]
[##################################################################——local_meta_station58:train_task_support_Epoch 62/500——############################################################]
[##################################################################——local_meta_station58:train_task_query_Epoch 62/500——############################################################]
[##################################################################——local_meta_station58:train_task_support_Epoch 63/500——############################################################]
[##################################################################——local_meta_station58:train_task_query_Epoch 63/500——############################################################]
[##################################################################——local_meta_station58:train_task_support_Epoch 64/500——############################################################]
[##################################################################——local_meta_station58:train_task_query_Epoch 64/500——############################################################]
[##################################################################——local_meta_station58:train_task_support_Epoch 65/500——############################################################]
[##################################################################——local_meta_station58:train_task_query_Epoch 65/500——############################################################]
[##################################################################——local_meta_station58:train_task_support_Epoch 66/500——############################################################]
[##################################################################——local_meta_station58:train_task_query_Epoch 66/500——############################################################]
[##################################################################——local_meta_station58:train_task_support_Epoch 67/500——############################################################]
[##################################################################——local_meta_station58:train_task_query_Epoch 67/500——############################################################]
[##################################################################——local_meta_station58:train_task_support_Epoch 68/500——############################################################]
[##################################################################——local_meta_station58:train_task_query_Epoch 68/500——############################################################]
[##################################################################——local_meta_station58:train_task_support_Epoch 69/500——############################################################]
[##################################################################——local_meta_station58:train_task_query_Epoch 69/500——############################################################]
[##################################################################——local_meta_station58:train_task_support_Epoch 70/500——############################################################]
[##################################################################——local_meta_station58:train_task_query_Epoch 70/500——############################################################]
[##################################################################——local_meta_station58:train_task_support_Epoch 71/500——############################################################]
[##################################################################——local_meta_station58:train_task_query_Epoch 71/500——############################################################]
[##################################################################——local_meta_station58:train_task_support_Epoch 72/500——############################################################]
[##################################################################——local_meta_station58:train_task_query_Epoch 72/500——############################################################]
[##################################################################——local_meta_station58:train_task_support_Epoch 73/500——############################################################]
[##################################################################——local_meta_station58:train_task_query_Epoch 73/500——############################################################]
[##################################################################——local_meta_station58:train_task_support_Epoch 74/500——############################################################]
[##################################################################——local_meta_station58:train_task_query_Epoch 74/500——############################################################]
[##################################################################——local_meta_station58:train_task_support_Epoch 75/500——############################################################]
[##################################################################——local_meta_station58:train_task_query_Epoch 75/500——############################################################]
[##################################################################——local_meta_station58:train_task_support_Epoch 76/500——############################################################]
[##################################################################——local_meta_station58:train_task_query_Epoch 76/500——############################################################]
[##################################################################——local_meta_station58:train_task_support_Epoch 77/500——############################################################]
[##################################################################——local_meta_station58:train_task_query_Epoch 77/500——############################################################]
[##################################################################——local_meta_station58:train_task_support_Epoch 78/500——############################################################]
[##################################################################——local_meta_station58:train_task_query_Epoch 78/500——############################################################]
[##################################################################——local_meta_station58:train_task_support_Epoch 79/500——############################################################]
[##################################################################——local_meta_station58:train_task_query_Epoch 79/500——############################################################]
[##################################################################——local_meta_station58:train_task_support_Epoch 80/500——############################################################]
[##################################################################——local_meta_station58:train_task_query_Epoch 80/500——############################################################]
[##################################################################——local_meta_station58:train_task_support_Epoch 81/500——############################################################]
[##################################################################——local_meta_station58:train_task_query_Epoch 81/500——############################################################]
[##################################################################——local_meta_station58:train_task_support_Epoch 82/500——############################################################]
[##################################################################——local_meta_station58:train_task_query_Epoch 82/500——############################################################]
[##################################################################——local_meta_station58:train_task_support_Epoch 83/500——############################################################]
[##################################################################——local_meta_station58:train_task_query_Epoch 83/500——############################################################]
[##################################################################——local_meta_station58:train_task_support_Epoch 84/500——############################################################]
[##################################################################——local_meta_station58:train_task_query_Epoch 84/500——############################################################]
[##################################################################——local_meta_station58:train_task_support_Epoch 85/500——############################################################]
[##################################################################——local_meta_station58:train_task_query_Epoch 85/500——############################################################]
[##################################################################——local_meta_station58:train_task_support_Epoch 86/500——############################################################]
[##################################################################——local_meta_station58:train_task_query_Epoch 86/500——############################################################]
[##################################################################——local_meta_station58:train_task_support_Epoch 87/500——############################################################]
[##################################################################——local_meta_station58:train_task_query_Epoch 87/500——############################################################]
[##################################################################——local_meta_station58:train_task_support_Epoch 88/500——############################################################]
[##################################################################——local_meta_station58:train_task_query_Epoch 88/500——############################################################]
[##################################################################——local_meta_station58:train_task_support_Epoch 89/500——############################################################]
[##################################################################——local_meta_station58:train_task_query_Epoch 89/500——############################################################]
[##################################################################——local_meta_station58:train_task_support_Epoch 90/500——############################################################]
[##################################################################——local_meta_station58:train_task_query_Epoch 90/500——############################################################]
[##################################################################——local_meta_station58:train_task_support_Epoch 91/500——############################################################]
[##################################################################——local_meta_station58:train_task_query_Epoch 91/500——############################################################]
[##################################################################——local_meta_station58:train_task_support_Epoch 92/500——############################################################]
[##################################################################——local_meta_station58:train_task_query_Epoch 92/500——############################################################]
[##################################################################——local_meta_station58:train_task_support_Epoch 93/500——############################################################]
[##################################################################——local_meta_station58:train_task_query_Epoch 93/500——############################################################]
[##################################################################——local_meta_station58:train_task_support_Epoch 94/500——############################################################]
[##################################################################——local_meta_station58:train_task_query_Epoch 94/500——############################################################]
[##################################################################——local_meta_station58:train_task_support_Epoch 95/500——############################################################]
[##################################################################——local_meta_station58:train_task_query_Epoch 95/500——############################################################]
[##################################################################——local_meta_station58:train_task_support_Epoch 96/500——############################################################]
[##################################################################——local_meta_station58:train_task_query_Epoch 96/500——############################################################]
[##################################################################——local_meta_station58:train_task_support_Epoch 97/500——############################################################]
[##################################################################——local_meta_station58:train_task_query_Epoch 97/500——############################################################]
[##################################################################——local_meta_station58:train_task_support_Epoch 98/500——############################################################]
[##################################################################——local_meta_station58:train_task_query_Epoch 98/500——############################################################]
[##################################################################——local_meta_station58:train_task_support_Epoch 99/500——############################################################]
[##################################################################——local_meta_station58:train_task_query_Epoch 99/500——############################################################]
[##################################################################——local_meta_station58:train_task_support_Epoch 100/500——############################################################]
[##################################################################——local_meta_station58:train_task_query_Epoch 100/500——############################################################]
[##################################################################——local_meta_station58:train_task_support_Epoch 101/500——############################################################]
[##################################################################——local_meta_station58:train_task_query_Epoch 101/500——############################################################]
[##################################################################——local_meta_station58:train_task_support_Epoch 102/500——############################################################]
[##################################################################——local_meta_station58:train_task_query_Epoch 102/500——############################################################]
[##################################################################——local_meta_station58:train_task_support_Epoch 103/500——############################################################]
[##################################################################——local_meta_station58:train_task_query_Epoch 103/500——############################################################]
[##################################################################——local_meta_station58:train_task_support_Epoch 104/500——############################################################]
[##################################################################——local_meta_station58:train_task_query_Epoch 104/500——############################################################]
[##################################################################——local_meta_station58:train_task_support_Epoch 105/500——############################################################]
[##################################################################——local_meta_station58:train_task_query_Epoch 105/500——############################################################]
[##################################################################——local_meta_station58:train_task_support_Epoch 106/500——############################################################]
[##################################################################——local_meta_station58:train_task_query_Epoch 106/500——############################################################]
[##################################################################——local_meta_station58:train_task_support_Epoch 107/500——############################################################]
[##################################################################——local_meta_station58:train_task_query_Epoch 107/500——############################################################]
[##################################################################——local_meta_station58:train_task_support_Epoch 108/500——############################################################]
[##################################################################——local_meta_station58:train_task_query_Epoch 108/500——############################################################]
[##################################################################——local_meta_station58:train_task_support_Epoch 109/500——############################################################]
[##################################################################——local_meta_station58:train_task_query_Epoch 109/500——############################################################]
[##################################################################——local_meta_station58:train_task_support_Epoch 110/500——############################################################]
[##################################################################——local_meta_station58:train_task_query_Epoch 110/500——############################################################]
[##################################################################——local_meta_station58:train_task_support_Epoch 111/500——############################################################]
[##################################################################——local_meta_station58:train_task_query_Epoch 111/500——############################################################]
[##################################################################——local_meta_station58:train_task_support_Epoch 112/500——############################################################]
[##################################################################——local_meta_station58:train_task_query_Epoch 112/500——############################################################]
[##################################################################——local_meta_station58:train_task_support_Epoch 113/500——############################################################]
[##################################################################——local_meta_station58:train_task_query_Epoch 113/500——############################################################]
[##################################################################——local_meta_station58:train_task_support_Epoch 114/500——############################################################]
[##################################################################——local_meta_station58:train_task_query_Epoch 114/500——############################################################]
[##################################################################——local_meta_station58:train_task_support_Epoch 115/500——############################################################]
[##################################################################——local_meta_station58:train_task_query_Epoch 115/500——############################################################]
[##################################################################——local_meta_station58:train_task_support_Epoch 116/500——############################################################]
[##################################################################——local_meta_station58:train_task_query_Epoch 116/500——############################################################]
[##################################################################——local_meta_station58:train_task_support_Epoch 117/500——############################################################]
[##################################################################——local_meta_station58:train_task_query_Epoch 117/500——############################################################]
[##################################################################——local_meta_station58:train_task_support_Epoch 118/500——############################################################]
[##################################################################——local_meta_station58:train_task_query_Epoch 118/500——############################################################]
[##################################################################——local_meta_station58:train_task_support_Epoch 119/500——############################################################]
[##################################################################——local_meta_station58:train_task_query_Epoch 119/500——############################################################]
[##################################################################——local_meta_station58:train_task_support_Epoch 120/500——############################################################]
[##################################################################——local_meta_station58:train_task_query_Epoch 120/500——############################################################]
[##################################################################——local_meta_station58:train_task_support_Epoch 121/500——############################################################]
[##################################################################——local_meta_station58:train_task_query_Epoch 121/500——############################################################]
[##################################################################——local_meta_station58:train_task_support_Epoch 122/500——############################################################]
[##################################################################——local_meta_station58:train_task_query_Epoch 122/500——############################################################]
[##################################################################——local_meta_station58:train_task_support_Epoch 123/500——############################################################]
[##################################################################——local_meta_station58:train_task_query_Epoch 123/500——############################################################]
[##################################################################——local_meta_station58:train_task_support_Epoch 124/500——############################################################]
[##################################################################——local_meta_station58:train_task_query_Epoch 124/500——############################################################]
[##################################################################——local_meta_station58:train_task_support_Epoch 125/500——############################################################]
[##################################################################——local_meta_station58:train_task_query_Epoch 125/500——############################################################]
[##################################################################——local_meta_station58:train_task_support_Epoch 126/500——############################################################]
[##################################################################——local_meta_station58:train_task_query_Epoch 126/500——############################################################]
[##################################################################——local_meta_station58:train_task_support_Epoch 127/500——############################################################]
[##################################################################——local_meta_station58:train_task_query_Epoch 127/500——############################################################]
[##################################################################——local_meta_station58:train_task_support_Epoch 128/500——############################################################]
[##################################################################——local_meta_station58:train_task_query_Epoch 128/500——############################################################]
[##################################################################——local_meta_station58:train_task_support_Epoch 129/500——############################################################]
[##################################################################——local_meta_station58:train_task_query_Epoch 129/500——############################################################]
[##################################################################——local_meta_station58:train_task_support_Epoch 130/500——############################################################]
[##################################################################——local_meta_station58:train_task_query_Epoch 130/500——############################################################]
[##################################################################——local_meta_station58:train_task_support_Epoch 131/500——############################################################]
[##################################################################——local_meta_station58:train_task_query_Epoch 131/500——############################################################]
[##################################################################——local_meta_station58:train_task_support_Epoch 132/500——############################################################]
[##################################################################——local_meta_station58:train_task_query_Epoch 132/500——############################################################]
[##################################################################——local_meta_station58:train_task_support_Epoch 133/500——############################################################]
[##################################################################——local_meta_station58:train_task_query_Epoch 133/500——############################################################]
[##################################################################——local_meta_station58:train_task_support_Epoch 134/500——############################################################]
[##################################################################——local_meta_station58:train_task_query_Epoch 134/500——############################################################]
[##################################################################——local_meta_station58:train_task_support_Epoch 135/500——############################################################]
[##################################################################——local_meta_station58:train_task_query_Epoch 135/500——############################################################]
[##################################################################——local_meta_station58:train_task_support_Epoch 136/500——############################################################]
[##################################################################——local_meta_station58:train_task_query_Epoch 136/500——############################################################]
[##################################################################——local_meta_station58:train_task_support_Epoch 137/500——############################################################]
[##################################################################——local_meta_station58:train_task_query_Epoch 137/500——############################################################]
[##################################################################——local_meta_station58:train_task_support_Epoch 138/500——############################################################]
[##################################################################——local_meta_station58:train_task_query_Epoch 138/500——############################################################]
[##################################################################——local_meta_station58:train_task_support_Epoch 139/500——############################################################]
[##################################################################——local_meta_station58:train_task_query_Epoch 139/500——############################################################]
[##################################################################——local_meta_station58:train_task_support_Epoch 140/500——############################################################]
[##################################################################——local_meta_station58:train_task_query_Epoch 140/500——############################################################]
[##################################################################——local_meta_station58:train_task_support_Epoch 141/500——############################################################]
[##################################################################——local_meta_station58:train_task_query_Epoch 141/500——############################################################]
[##################################################################——local_meta_station58:train_task_support_Epoch 142/500——############################################################]
[##################################################################——local_meta_station58:train_task_query_Epoch 142/500——############################################################]
[##################################################################——local_meta_station58:train_task_support_Epoch 143/500——############################################################]
[##################################################################——local_meta_station58:train_task_query_Epoch 143/500——############################################################]
[##################################################################——local_meta_station58:train_task_support_Epoch 144/500——############################################################]
[##################################################################——local_meta_station58:train_task_query_Epoch 144/500——############################################################]
[##################################################################——local_meta_station58:train_task_support_Epoch 145/500——############################################################]
[##################################################################——local_meta_station58:train_task_query_Epoch 145/500——############################################################]
[##################################################################——local_meta_station58:train_task_support_Epoch 146/500——############################################################]
[##################################################################——local_meta_station58:train_task_query_Epoch 146/500——############################################################]
[##################################################################——local_meta_station58:train_task_support_Epoch 147/500——############################################################]
[##################################################################——local_meta_station58:train_task_query_Epoch 147/500——############################################################]
[##################################################################——local_meta_station58:train_task_support_Epoch 148/500——############################################################]
[##################################################################——local_meta_station58:train_task_query_Epoch 148/500——############################################################]
[##################################################################——local_meta_station58:train_task_support_Epoch 149/500——############################################################]
[##################################################################——local_meta_station58:train_task_query_Epoch 149/500——############################################################]
[##################################################################——local_meta_station58:train_task_support_Epoch 150/500——############################################################]
[##################################################################——local_meta_station58:train_task_query_Epoch 150/500——############################################################]
[##################################################################——local_meta_station58:train_task_support_Epoch 151/500——############################################################]
[##################################################################——local_meta_station58:train_task_query_Epoch 151/500——############################################################]
[##################################################################——local_meta_station58:train_task_support_Epoch 152/500——############################################################]
[##################################################################——local_meta_station58:train_task_query_Epoch 152/500——############################################################]
[##################################################################——local_meta_station58:train_task_support_Epoch 153/500——############################################################]
[##################################################################——local_meta_station58:train_task_query_Epoch 153/500——############################################################]
[##################################################################——local_meta_station58:train_task_support_Epoch 154/500——############################################################]
[##################################################################——local_meta_station58:train_task_query_Epoch 154/500——############################################################]
[##################################################################——local_meta_station58:train_task_support_Epoch 155/500——############################################################]
[##################################################################——local_meta_station58:train_task_query_Epoch 155/500——############################################################]
[##################################################################——local_meta_station58:train_task_support_Epoch 156/500——############################################################]
[##################################################################——local_meta_station58:train_task_query_Epoch 156/500——############################################################]
[##################################################################——local_meta_station58:train_task_support_Epoch 157/500——############################################################]
[##################################################################——local_meta_station58:train_task_query_Epoch 157/500——############################################################]
[##################################################################——local_meta_station58:train_task_support_Epoch 158/500——############################################################]
[##################################################################——local_meta_station58:train_task_query_Epoch 158/500——############################################################]
[##################################################################——local_meta_station58:train_task_support_Epoch 159/500——############################################################]
[##################################################################——local_meta_station58:train_task_query_Epoch 159/500——############################################################]
[##################################################################——local_meta_station58:train_task_support_Epoch 160/500——############################################################]
[##################################################################——local_meta_station58:train_task_query_Epoch 160/500——############################################################]
[##################################################################——local_meta_station58:train_task_support_Epoch 161/500——############################################################]
[##################################################################——local_meta_station58:train_task_query_Epoch 161/500——############################################################]
[##################################################################——local_meta_station58:train_task_support_Epoch 162/500——############################################################]
[##################################################################——local_meta_station58:train_task_query_Epoch 162/500——############################################################]
[##################################################################——local_meta_station58:train_task_support_Epoch 163/500——############################################################]
[##################################################################——local_meta_station58:train_task_query_Epoch 163/500——############################################################]
[##################################################################——local_meta_station58:train_task_support_Epoch 164/500——############################################################]
[##################################################################——local_meta_station58:train_task_query_Epoch 164/500——############################################################]
[##################################################################——local_meta_station58:train_task_support_Epoch 165/500——############################################################]
[##################################################################——local_meta_station58:train_task_query_Epoch 165/500——############################################################]
[##################################################################——local_meta_station58:train_task_support_Epoch 166/500——############################################################]
[##################################################################——local_meta_station58:train_task_query_Epoch 166/500——############################################################]
[##################################################################——local_meta_station58:train_task_support_Epoch 167/500——############################################################]
[##################################################################——local_meta_station58:train_task_query_Epoch 167/500——############################################################]
[##################################################################——local_meta_station58:train_task_support_Epoch 168/500——############################################################]
[##################################################################——local_meta_station58:train_task_query_Epoch 168/500——############################################################]
[##################################################################——local_meta_station58:train_task_support_Epoch 169/500——############################################################]
[##################################################################——local_meta_station58:train_task_query_Epoch 169/500——############################################################]
[##################################################################——local_meta_station58:train_task_support_Epoch 170/500——############################################################]
[##################################################################——local_meta_station58:train_task_query_Epoch 170/500——############################################################]
[##################################################################——local_meta_station58:train_task_support_Epoch 171/500——############################################################]
[##################################################################——local_meta_station58:train_task_query_Epoch 171/500——############################################################]
[##################################################################——local_meta_station58:train_task_support_Epoch 172/500——############################################################]
[##################################################################——local_meta_station58:train_task_query_Epoch 172/500——############################################################]
[##################################################################——local_meta_station58:train_task_support_Epoch 173/500——############################################################]
[##################################################################——local_meta_station58:train_task_query_Epoch 173/500——############################################################]
[##################################################################——local_meta_station58:train_task_support_Epoch 174/500——############################################################]
[##################################################################——local_meta_station58:train_task_query_Epoch 174/500——############################################################]
[##################################################################——local_meta_station58:train_task_support_Epoch 175/500——############################################################]
[##################################################################——local_meta_station58:train_task_query_Epoch 175/500——############################################################]
[##################################################################——local_meta_station58:train_task_support_Epoch 176/500——############################################################]
[##################################################################——local_meta_station58:train_task_query_Epoch 176/500——############################################################]
[##################################################################——local_meta_station58:train_task_support_Epoch 177/500——############################################################]
[##################################################################——local_meta_station58:train_task_query_Epoch 177/500——############################################################]
[##################################################################——local_meta_station58:train_task_support_Epoch 178/500——############################################################]
[##################################################################——local_meta_station58:train_task_query_Epoch 178/500——############################################################]
[##################################################################——local_meta_station58:train_task_support_Epoch 179/500——############################################################]
[##################################################################——local_meta_station58:train_task_query_Epoch 179/500——############################################################]
[##################################################################——local_meta_station58:train_task_support_Epoch 180/500——############################################################]
[##################################################################——local_meta_station58:train_task_query_Epoch 180/500——############################################################]
[##################################################################——local_meta_station58:train_task_support_Epoch 181/500——############################################################]
[##################################################################——local_meta_station58:train_task_query_Epoch 181/500——############################################################]
[##################################################################——local_meta_station58:train_task_support_Epoch 182/500——############################################################]
[##################################################################——local_meta_station58:train_task_query_Epoch 182/500——############################################################]
[##################################################################——local_meta_station58:train_task_support_Epoch 183/500——############################################################]
[##################################################################——local_meta_station58:train_task_query_Epoch 183/500——############################################################]
[##################################################################——local_meta_station58:train_task_support_Epoch 184/500——############################################################]
[##################################################################——local_meta_station58:train_task_query_Epoch 184/500——############################################################]
[##################################################################——local_meta_station58:train_task_support_Epoch 185/500——############################################################]
[##################################################################——local_meta_station58:train_task_query_Epoch 185/500——############################################################]
[##################################################################——local_meta_station58:train_task_support_Epoch 186/500——############################################################]
[##################################################################——local_meta_station58:train_task_query_Epoch 186/500——############################################################]
[##################################################################——local_meta_station58:train_task_support_Epoch 187/500——############################################################]
[##################################################################——local_meta_station58:train_task_query_Epoch 187/500——############################################################]
[##################################################################——local_meta_station58:train_task_support_Epoch 188/500——############################################################]
[##################################################################——local_meta_station58:train_task_query_Epoch 188/500——############################################################]
[##################################################################——local_meta_station58:train_task_support_Epoch 189/500——############################################################]
[##################################################################——local_meta_station58:train_task_query_Epoch 189/500——############################################################]
[##################################################################——local_meta_station58:train_task_support_Epoch 190/500——############################################################]
[##################################################################——local_meta_station58:train_task_query_Epoch 190/500——############################################################]
[##################################################################——local_meta_station58:train_task_support_Epoch 191/500——############################################################]
[##################################################################——local_meta_station58:train_task_query_Epoch 191/500——############################################################]
[##################################################################——local_meta_station58:train_task_support_Epoch 192/500——############################################################]
[##################################################################——local_meta_station58:train_task_query_Epoch 192/500——############################################################]
[##################################################################——local_meta_station58:train_task_support_Epoch 193/500——############################################################]
[##################################################################——local_meta_station58:train_task_query_Epoch 193/500——############################################################]
[##################################################################——local_meta_station58:train_task_support_Epoch 194/500——############################################################]
[##################################################################——local_meta_station58:train_task_query_Epoch 194/500——############################################################]
[##################################################################——local_meta_station58:train_task_support_Epoch 195/500——############################################################]
[##################################################################——local_meta_station58:train_task_query_Epoch 195/500——############################################################]
[##################################################################——local_meta_station58:train_task_support_Epoch 196/500——############################################################]
[##################################################################——local_meta_station58:train_task_query_Epoch 196/500——############################################################]
[##################################################################——local_meta_station58:train_task_support_Epoch 197/500——############################################################]
[##################################################################——local_meta_station58:train_task_query_Epoch 197/500——############################################################]
[##################################################################——local_meta_station58:train_task_support_Epoch 198/500——############################################################]
[##################################################################——local_meta_station58:train_task_query_Epoch 198/500——############################################################]
[##################################################################——local_meta_station58:train_task_support_Epoch 199/500——############################################################]
[##################################################################——local_meta_station58:train_task_query_Epoch 199/500——############################################################]
[##################################################################——local_meta_station58:train_task_support_Epoch 200/500——############################################################]
[##################################################################——local_meta_station58:train_task_query_Epoch 200/500——############################################################]
[##################################################################——local_meta_station58:train_task_support_Epoch 201/500——############################################################]
[##################################################################——local_meta_station58:train_task_query_Epoch 201/500——############################################################]
[##################################################################——local_meta_station58:train_task_support_Epoch 202/500——############################################################]
[##################################################################——local_meta_station58:train_task_query_Epoch 202/500——############################################################]
[##################################################################——local_meta_station58:train_task_support_Epoch 203/500——############################################################]
[##################################################################——local_meta_station58:train_task_query_Epoch 203/500——############################################################]
[##################################################################——local_meta_station58:train_task_support_Epoch 204/500——############################################################]
[##################################################################——local_meta_station58:train_task_query_Epoch 204/500——############################################################]
[##################################################################——local_meta_station58:train_task_support_Epoch 205/500——############################################################]
[##################################################################——local_meta_station58:train_task_query_Epoch 205/500——############################################################]
[##################################################################——local_meta_station58:train_task_support_Epoch 206/500——############################################################]
[##################################################################——local_meta_station58:train_task_query_Epoch 206/500——############################################################]
[##################################################################——local_meta_station58:train_task_support_Epoch 207/500——############################################################]
[##################################################################——local_meta_station58:train_task_query_Epoch 207/500——############################################################]
[##################################################################——local_meta_station58:train_task_support_Epoch 208/500——############################################################]
[##################################################################——local_meta_station58:train_task_query_Epoch 208/500——############################################################]
[##################################################################——local_meta_station58:train_task_support_Epoch 209/500——############################################################]
[##################################################################——local_meta_station58:train_task_query_Epoch 209/500——############################################################]
[##################################################################——local_meta_station58:train_task_support_Epoch 210/500——############################################################]
[##################################################################——local_meta_station58:train_task_query_Epoch 210/500——############################################################]
[##################################################################——local_meta_station58:train_task_support_Epoch 211/500——############################################################]
[##################################################################——local_meta_station58:train_task_query_Epoch 211/500——############################################################]
[##################################################################——local_meta_station58:train_task_support_Epoch 212/500——############################################################]
[##################################################################——local_meta_station58:train_task_query_Epoch 212/500——############################################################]
[##################################################################——local_meta_station58:train_task_support_Epoch 213/500——############################################################]
[##################################################################——local_meta_station58:train_task_query_Epoch 213/500——############################################################]
[##################################################################——local_meta_station58:train_task_support_Epoch 214/500——############################################################]
[##################################################################——local_meta_station58:train_task_query_Epoch 214/500——############################################################]
[##################################################################——local_meta_station58:train_task_support_Epoch 215/500——############################################################]
[##################################################################——local_meta_station58:train_task_query_Epoch 215/500——############################################################]
[##################################################################——local_meta_station58:train_task_support_Epoch 216/500——############################################################]
[##################################################################——local_meta_station58:train_task_query_Epoch 216/500——############################################################]
[##################################################################——local_meta_station58:train_task_support_Epoch 217/500——############################################################]
[##################################################################——local_meta_station58:train_task_query_Epoch 217/500——############################################################]
[##################################################################——local_meta_station58:train_task_support_Epoch 218/500——############################################################]
[##################################################################——local_meta_station58:train_task_query_Epoch 218/500——############################################################]
[##################################################################——local_meta_station58:train_task_support_Epoch 219/500——############################################################]
[##################################################################——local_meta_station58:train_task_query_Epoch 219/500——############################################################]
[##################################################################——local_meta_station58:train_task_support_Epoch 220/500——############################################################]
[##################################################################——local_meta_station58:train_task_query_Epoch 220/500——############################################################]
[##################################################################——local_meta_station58:train_task_support_Epoch 221/500——############################################################]
[##################################################################——local_meta_station58:train_task_query_Epoch 221/500——############################################################]
[##################################################################——local_meta_station58:train_task_support_Epoch 222/500——############################################################]
[##################################################################——local_meta_station58:train_task_query_Epoch 222/500——############################################################]
[##################################################################——local_meta_station58:train_task_support_Epoch 223/500——############################################################]
[##################################################################——local_meta_station58:train_task_query_Epoch 223/500——############################################################]
[##################################################################——local_meta_station58:train_task_support_Epoch 224/500——############################################################]
[##################################################################——local_meta_station58:train_task_query_Epoch 224/500——############################################################]
[##################################################################——local_meta_station58:train_task_support_Epoch 225/500——############################################################]
[##################################################################——local_meta_station58:train_task_query_Epoch 225/500——############################################################]
[##################################################################——local_meta_station58:train_task_support_Epoch 226/500——############################################################]
[##################################################################——local_meta_station58:train_task_query_Epoch 226/500——############################################################]
[##################################################################——local_meta_station58:train_task_support_Epoch 227/500——############################################################]
[##################################################################——local_meta_station58:train_task_query_Epoch 227/500——############################################################]
[##################################################################——local_meta_station58:train_task_support_Epoch 228/500——############################################################]
[##################################################################——local_meta_station58:train_task_query_Epoch 228/500——############################################################]
[##################################################################——local_meta_station58:train_task_support_Epoch 229/500——############################################################]
[##################################################################——local_meta_station58:train_task_query_Epoch 229/500——############################################################]
[##################################################################——local_meta_station58:train_task_support_Epoch 230/500——############################################################]
[##################################################################——local_meta_station58:train_task_query_Epoch 230/500——############################################################]
[##################################################################——local_meta_station58:train_task_support_Epoch 231/500——############################################################]
[##################################################################——local_meta_station58:train_task_query_Epoch 231/500——############################################################]
[##################################################################——local_meta_station58:train_task_support_Epoch 232/500——############################################################]
[##################################################################——local_meta_station58:train_task_query_Epoch 232/500——############################################################]
[##################################################################——local_meta_station58:train_task_support_Epoch 233/500——############################################################]
[##################################################################——local_meta_station58:train_task_query_Epoch 233/500——############################################################]
[##################################################################——local_meta_station58:train_task_support_Epoch 234/500——############################################################]
[##################################################################——local_meta_station58:train_task_query_Epoch 234/500——############################################################]
[##################################################################——local_meta_station58:train_task_support_Epoch 235/500——############################################################]
[##################################################################——local_meta_station58:train_task_query_Epoch 235/500——############################################################]
[##################################################################——local_meta_station58:train_task_support_Epoch 236/500——############################################################]
[##################################################################——local_meta_station58:train_task_query_Epoch 236/500——############################################################]
[##################################################################——local_meta_station58:train_task_support_Epoch 237/500——############################################################]
[##################################################################——local_meta_station58:train_task_query_Epoch 237/500——############################################################]
[##################################################################——local_meta_station58:train_task_support_Epoch 238/500——############################################################]
[##################################################################——local_meta_station58:train_task_query_Epoch 238/500——############################################################]
[##################################################################——local_meta_station58:train_task_support_Epoch 239/500——############################################################]
[##################################################################——local_meta_station58:train_task_query_Epoch 239/500——############################################################]
[##################################################################——local_meta_station58:train_task_support_Epoch 240/500——############################################################]
[##################################################################——local_meta_station58:train_task_query_Epoch 240/500——############################################################]
[##################################################################——local_meta_station58:train_task_support_Epoch 241/500——############################################################]
[##################################################################——local_meta_station58:train_task_query_Epoch 241/500——############################################################]
[##################################################################——local_meta_station58:train_task_support_Epoch 242/500——############################################################]
[##################################################################——local_meta_station58:train_task_query_Epoch 242/500——############################################################]
[##################################################################——local_meta_station58:train_task_support_Epoch 243/500——############################################################]
[##################################################################——local_meta_station58:train_task_query_Epoch 243/500——############################################################]
[##################################################################——local_meta_station58:train_task_support_Epoch 244/500——############################################################]
[##################################################################——local_meta_station58:train_task_query_Epoch 244/500——############################################################]
[##################################################################——local_meta_station58:train_task_support_Epoch 245/500——############################################################]
[##################################################################——local_meta_station58:train_task_query_Epoch 245/500——############################################################]
[##################################################################——local_meta_station58:train_task_support_Epoch 246/500——############################################################]
[##################################################################——local_meta_station58:train_task_query_Epoch 246/500——############################################################]
[##################################################################——local_meta_station58:train_task_support_Epoch 247/500——############################################################]
[##################################################################——local_meta_station58:train_task_query_Epoch 247/500——############################################################]
[##################################################################——local_meta_station58:train_task_support_Epoch 248/500——############################################################]
[##################################################################——local_meta_station58:train_task_query_Epoch 248/500——############################################################]
[##################################################################——local_meta_station58:train_task_support_Epoch 249/500——############################################################]
[##################################################################——local_meta_station58:train_task_query_Epoch 249/500——############################################################]
[##################################################################——local_meta_station58:train_task_support_Epoch 250/500——############################################################]
[##################################################################——local_meta_station58:train_task_query_Epoch 250/500——############################################################]
[##################################################################——local_meta_station58:train_task_support_Epoch 251/500——############################################################]
[##################################################################——local_meta_station58:train_task_query_Epoch 251/500——############################################################]
[##################################################################——local_meta_station58:train_task_support_Epoch 252/500——############################################################]
[##################################################################——local_meta_station58:train_task_query_Epoch 252/500——############################################################]
[##################################################################——local_meta_station58:train_task_support_Epoch 253/500——############################################################]
[##################################################################——local_meta_station58:train_task_query_Epoch 253/500——############################################################]
[##################################################################——local_meta_station58:train_task_support_Epoch 254/500——############################################################]
[##################################################################——local_meta_station58:train_task_query_Epoch 254/500——############################################################]
[##################################################################——local_meta_station58:train_task_support_Epoch 255/500——############################################################]
[##################################################################——local_meta_station58:train_task_query_Epoch 255/500——############################################################]
[##################################################################——local_meta_station58:train_task_support_Epoch 256/500——############################################################]
[##################################################################——local_meta_station58:train_task_query_Epoch 256/500——############################################################]
[##################################################################——local_meta_station58:train_task_support_Epoch 257/500——############################################################]
[##################################################################——local_meta_station58:train_task_query_Epoch 257/500——############################################################]
[##################################################################——local_meta_station58:train_task_support_Epoch 258/500——############################################################]
[##################################################################——local_meta_station58:train_task_query_Epoch 258/500——############################################################]
[##################################################################——local_meta_station58:train_task_support_Epoch 259/500——############################################################]
[##################################################################——local_meta_station58:train_task_query_Epoch 259/500——############################################################]
[##################################################################——local_meta_station58:train_task_support_Epoch 260/500——############################################################]
[##################################################################——local_meta_station58:train_task_query_Epoch 260/500——############################################################]
[##################################################################——local_meta_station58:train_task_support_Epoch 261/500——############################################################]
[##################################################################——local_meta_station58:train_task_query_Epoch 261/500——############################################################]
[##################################################################——local_meta_station58:train_task_support_Epoch 262/500——############################################################]
[##################################################################——local_meta_station58:train_task_query_Epoch 262/500——############################################################]
[##################################################################——local_meta_station58:train_task_support_Epoch 263/500——############################################################]
[##################################################################——local_meta_station58:train_task_query_Epoch 263/500——############################################################]
[##################################################################——local_meta_station58:train_task_support_Epoch 264/500——############################################################]
[##################################################################——local_meta_station58:train_task_query_Epoch 264/500——############################################################]
[##################################################################——local_meta_station58:train_task_support_Epoch 265/500——############################################################]
[##################################################################——local_meta_station58:train_task_query_Epoch 265/500——############################################################]
[##################################################################——local_meta_station58:train_task_support_Epoch 266/500——############################################################]
[##################################################################——local_meta_station58:train_task_query_Epoch 266/500——############################################################]
[##################################################################——local_meta_station58:train_task_support_Epoch 267/500——############################################################]
[##################################################################——local_meta_station58:train_task_query_Epoch 267/500——############################################################]
[##################################################################——local_meta_station58:train_task_support_Epoch 268/500——############################################################]
[##################################################################——local_meta_station58:train_task_query_Epoch 268/500——############################################################]
[##################################################################——local_meta_station58:train_task_support_Epoch 269/500——############################################################]
[##################################################################——local_meta_station58:train_task_query_Epoch 269/500——############################################################]
[##################################################################——local_meta_station58:train_task_support_Epoch 270/500——############################################################]
[##################################################################——local_meta_station58:train_task_query_Epoch 270/500——############################################################]
[##################################################################——local_meta_station58:train_task_support_Epoch 271/500——############################################################]
[##################################################################——local_meta_station58:train_task_query_Epoch 271/500——############################################################]
[##################################################################——local_meta_station58:train_task_support_Epoch 272/500——############################################################]
[##################################################################——local_meta_station58:train_task_query_Epoch 272/500——############################################################]
[##################################################################——local_meta_station58:train_task_support_Epoch 273/500——############################################################]
[##################################################################——local_meta_station58:train_task_query_Epoch 273/500——############################################################]
[##################################################################——local_meta_station58:train_task_support_Epoch 274/500——############################################################]
[##################################################################——local_meta_station58:train_task_query_Epoch 274/500——############################################################]
[##################################################################——local_meta_station58:train_task_support_Epoch 275/500——############################################################]
[##################################################################——local_meta_station58:train_task_query_Epoch 275/500——############################################################]
[##################################################################——local_meta_station58:train_task_support_Epoch 276/500——############################################################]
[##################################################################——local_meta_station58:train_task_query_Epoch 276/500——############################################################]
[##################################################################——local_meta_station58:train_task_support_Epoch 277/500——############################################################]
[##################################################################——local_meta_station58:train_task_query_Epoch 277/500——############################################################]
[##################################################################——local_meta_station58:train_task_support_Epoch 278/500——############################################################]
[##################################################################——local_meta_station58:train_task_query_Epoch 278/500——############################################################]
[##################################################################——local_meta_station58:train_task_support_Epoch 279/500——############################################################]
[##################################################################——local_meta_station58:train_task_query_Epoch 279/500——############################################################]
[##################################################################——local_meta_station58:train_task_support_Epoch 280/500——############################################################]
[##################################################################——local_meta_station58:train_task_query_Epoch 280/500——############################################################]
[##################################################################——local_meta_station58:train_task_support_Epoch 281/500——############################################################]
[##################################################################——local_meta_station58:train_task_query_Epoch 281/500——############################################################]
[##################################################################——local_meta_station58:train_task_support_Epoch 282/500——############################################################]
[##################################################################——local_meta_station58:train_task_query_Epoch 282/500——############################################################]
[##################################################################——local_meta_station58:train_task_support_Epoch 283/500——############################################################]
[##################################################################——local_meta_station58:train_task_query_Epoch 283/500——############################################################]
[##################################################################——local_meta_station58:train_task_support_Epoch 284/500——############################################################]
[##################################################################——local_meta_station58:train_task_query_Epoch 284/500——############################################################]
[##################################################################——local_meta_station58:train_task_support_Epoch 285/500——############################################################]
[##################################################################——local_meta_station58:train_task_query_Epoch 285/500——############################################################]
[##################################################################——local_meta_station58:train_task_support_Epoch 286/500——############################################################]
[##################################################################——local_meta_station58:train_task_query_Epoch 286/500——############################################################]
[##################################################################——local_meta_station58:train_task_support_Epoch 287/500——############################################################]
[##################################################################——local_meta_station58:train_task_query_Epoch 287/500——############################################################]
[##################################################################——local_meta_station58:train_task_support_Epoch 288/500——############################################################]
[##################################################################——local_meta_station58:train_task_query_Epoch 288/500——############################################################]
[##################################################################——local_meta_station58:train_task_support_Epoch 289/500——############################################################]
[##################################################################——local_meta_station58:train_task_query_Epoch 289/500——############################################################]
[##################################################################——local_meta_station58:train_task_support_Epoch 290/500——############################################################]
[##################################################################——local_meta_station58:train_task_query_Epoch 290/500——############################################################]
[##################################################################——local_meta_station58:train_task_support_Epoch 291/500——############################################################]
[##################################################################——local_meta_station58:train_task_query_Epoch 291/500——############################################################]
[##################################################################——local_meta_station58:train_task_support_Epoch 292/500——############################################################]
[##################################################################——local_meta_station58:train_task_query_Epoch 292/500——############################################################]
[##################################################################——local_meta_station58:train_task_support_Epoch 293/500——############################################################]
[##################################################################——local_meta_station58:train_task_query_Epoch 293/500——############################################################]
[##################################################################——local_meta_station58:train_task_support_Epoch 294/500——############################################################]
[##################################################################——local_meta_station58:train_task_query_Epoch 294/500——############################################################]
[##################################################################——local_meta_station58:train_task_support_Epoch 295/500——############################################################]
[##################################################################——local_meta_station58:train_task_query_Epoch 295/500——############################################################]
[##################################################################——local_meta_station58:train_task_support_Epoch 296/500——############################################################]
[##################################################################——local_meta_station58:train_task_query_Epoch 296/500——############################################################]
[##################################################################——local_meta_station58:train_task_support_Epoch 297/500——############################################################]
[##################################################################——local_meta_station58:train_task_query_Epoch 297/500——############################################################]
[##################################################################——local_meta_station58:train_task_support_Epoch 298/500——############################################################]
[##################################################################——local_meta_station58:train_task_query_Epoch 298/500——############################################################]
[##################################################################——local_meta_station58:train_task_support_Epoch 299/500——############################################################]
[##################################################################——local_meta_station58:train_task_query_Epoch 299/500——############################################################]
[##################################################################——local_meta_station58:train_task_support_Epoch 300/500——############################################################]
[##################################################################——local_meta_station58:train_task_query_Epoch 300/500——############################################################]
[##################################################################——local_meta_station58:train_task_support_Epoch 301/500——############################################################]
[##################################################################——local_meta_station58:train_task_query_Epoch 301/500——############################################################]
[##################################################################——local_meta_station58:train_task_support_Epoch 302/500——############################################################]
[##################################################################——local_meta_station58:train_task_query_Epoch 302/500——############################################################]
[##################################################################——local_meta_station58:train_task_support_Epoch 303/500——############################################################]
[##################################################################——local_meta_station58:train_task_query_Epoch 303/500——############################################################]
[##################################################################——local_meta_station58:train_task_support_Epoch 304/500——############################################################]
[##################################################################——local_meta_station58:train_task_query_Epoch 304/500——############################################################]
[##################################################################——local_meta_station58:train_task_support_Epoch 305/500——############################################################]
[##################################################################——local_meta_station58:train_task_query_Epoch 305/500——############################################################]
[##################################################################——local_meta_station58:train_task_support_Epoch 306/500——############################################################]
[##################################################################——local_meta_station58:train_task_query_Epoch 306/500——############################################################]
[##################################################################——local_meta_station58:train_task_support_Epoch 307/500——############################################################]
[##################################################################——local_meta_station58:train_task_query_Epoch 307/500——############################################################]
[##################################################################——local_meta_station58:train_task_support_Epoch 308/500——############################################################]
[##################################################################——local_meta_station58:train_task_query_Epoch 308/500——############################################################]
[##################################################################——local_meta_station58:train_task_support_Epoch 309/500——############################################################]
[##################################################################——local_meta_station58:train_task_query_Epoch 309/500——############################################################]
[##################################################################——local_meta_station58:train_task_support_Epoch 310/500——############################################################]
[##################################################################——local_meta_station58:train_task_query_Epoch 310/500——############################################################]
[##################################################################——local_meta_station58:train_task_support_Epoch 311/500——############################################################]
[##################################################################——local_meta_station58:train_task_query_Epoch 311/500——############################################################]
[##################################################################——local_meta_station58:train_task_support_Epoch 312/500——############################################################]
[##################################################################——local_meta_station58:train_task_query_Epoch 312/500——############################################################]
[##################################################################——local_meta_station58:train_task_support_Epoch 313/500——############################################################]
[##################################################################——local_meta_station58:train_task_query_Epoch 313/500——############################################################]
[##################################################################——local_meta_station58:train_task_support_Epoch 314/500——############################################################]
[##################################################################——local_meta_station58:train_task_query_Epoch 314/500——############################################################]
[##################################################################——local_meta_station58:train_task_support_Epoch 315/500——############################################################]
[##################################################################——local_meta_station58:train_task_query_Epoch 315/500——############################################################]
[##################################################################——local_meta_station58:train_task_support_Epoch 316/500——############################################################]
[##################################################################——local_meta_station58:train_task_query_Epoch 316/500——############################################################]
[##################################################################——local_meta_station58:train_task_support_Epoch 317/500——############################################################]
[##################################################################——local_meta_station58:train_task_query_Epoch 317/500——############################################################]
[##################################################################——local_meta_station58:train_task_support_Epoch 318/500——############################################################]
[##################################################################——local_meta_station58:train_task_query_Epoch 318/500——############################################################]
[##################################################################——local_meta_station58:train_task_support_Epoch 319/500——############################################################]
[##################################################################——local_meta_station58:train_task_query_Epoch 319/500——############################################################]
[##################################################################——local_meta_station58:train_task_support_Epoch 320/500——############################################################]
[##################################################################——local_meta_station58:train_task_query_Epoch 320/500——############################################################]
[##################################################################——local_meta_station58:train_task_support_Epoch 321/500——############################################################]
[##################################################################——local_meta_station58:train_task_query_Epoch 321/500——############################################################]
[##################################################################——local_meta_station58:train_task_support_Epoch 322/500——############################################################]
[##################################################################——local_meta_station58:train_task_query_Epoch 322/500——############################################################]
[##################################################################——local_meta_station58:train_task_support_Epoch 323/500——############################################################]
[##################################################################——local_meta_station58:train_task_query_Epoch 323/500——############################################################]
[##################################################################——local_meta_station58:train_task_support_Epoch 324/500——############################################################]
[##################################################################——local_meta_station58:train_task_query_Epoch 324/500——############################################################]
[##################################################################——local_meta_station58:train_task_support_Epoch 325/500——############################################################]
[##################################################################——local_meta_station58:train_task_query_Epoch 325/500——############################################################]
[##################################################################——local_meta_station58:train_task_support_Epoch 326/500——############################################################]
[##################################################################——local_meta_station58:train_task_query_Epoch 326/500——############################################################]
[##################################################################——local_meta_station58:train_task_support_Epoch 327/500——############################################################]
[##################################################################——local_meta_station58:train_task_query_Epoch 327/500——############################################################]
[##################################################################——local_meta_station58:train_task_support_Epoch 328/500——############################################################]
[##################################################################——local_meta_station58:train_task_query_Epoch 328/500——############################################################]
[##################################################################——local_meta_station58:train_task_support_Epoch 329/500——############################################################]
[##################################################################——local_meta_station58:train_task_query_Epoch 329/500——############################################################]
[##################################################################——local_meta_station58:train_task_support_Epoch 330/500——############################################################]
[##################################################################——local_meta_station58:train_task_query_Epoch 330/500——############################################################]
[##################################################################——local_meta_station58:train_task_support_Epoch 331/500——############################################################]
[##################################################################——local_meta_station58:train_task_query_Epoch 331/500——############################################################]
[##################################################################——local_meta_station58:train_task_support_Epoch 332/500——############################################################]
[##################################################################——local_meta_station58:train_task_query_Epoch 332/500——############################################################]
[##################################################################——local_meta_station58:train_task_support_Epoch 333/500——############################################################]
[##################################################################——local_meta_station58:train_task_query_Epoch 333/500——############################################################]
[##################################################################——local_meta_station58:train_task_support_Epoch 334/500——############################################################]
[##################################################################——local_meta_station58:train_task_query_Epoch 334/500——############################################################]
[##################################################################——local_meta_station58:train_task_support_Epoch 335/500——############################################################]
[##################################################################——local_meta_station58:train_task_query_Epoch 335/500——############################################################]
[##################################################################——local_meta_station58:train_task_support_Epoch 336/500——############################################################]
[##################################################################——local_meta_station58:train_task_query_Epoch 336/500——############################################################]
[##################################################################——local_meta_station58:train_task_support_Epoch 337/500——############################################################]
[##################################################################——local_meta_station58:train_task_query_Epoch 337/500——############################################################]
[##################################################################——local_meta_station58:train_task_support_Epoch 338/500——############################################################]
[##################################################################——local_meta_station58:train_task_query_Epoch 338/500——############################################################]
[##################################################################——local_meta_station58:train_task_support_Epoch 339/500——############################################################]
[##################################################################——local_meta_station58:train_task_query_Epoch 339/500——############################################################]
[##################################################################——local_meta_station58:train_task_support_Epoch 340/500——############################################################]
[##################################################################——local_meta_station58:train_task_query_Epoch 340/500——############################################################]
[##################################################################——local_meta_station58:train_task_support_Epoch 341/500——############################################################]
[##################################################################——local_meta_station58:train_task_query_Epoch 341/500——############################################################]
[##################################################################——local_meta_station58:train_task_support_Epoch 342/500——############################################################]
[##################################################################——local_meta_station58:train_task_query_Epoch 342/500——############################################################]
[##################################################################——local_meta_station58:train_task_support_Epoch 343/500——############################################################]
[##################################################################——local_meta_station58:train_task_query_Epoch 343/500——############################################################]
[##################################################################——local_meta_station58:train_task_support_Epoch 344/500——############################################################]
[##################################################################——local_meta_station58:train_task_query_Epoch 344/500——############################################################]
[##################################################################——local_meta_station58:train_task_support_Epoch 345/500——############################################################]
[##################################################################——local_meta_station58:train_task_query_Epoch 345/500——############################################################]
[##################################################################——local_meta_station58:train_task_support_Epoch 346/500——############################################################]
[##################################################################——local_meta_station58:train_task_query_Epoch 346/500——############################################################]
[##################################################################——local_meta_station58:train_task_support_Epoch 347/500——############################################################]
[##################################################################——local_meta_station58:train_task_query_Epoch 347/500——############################################################]
[##################################################################——local_meta_station58:train_task_support_Epoch 348/500——############################################################]
[##################################################################——local_meta_station58:train_task_query_Epoch 348/500——############################################################]
[##################################################################——local_meta_station58:train_task_support_Epoch 349/500——############################################################]
[##################################################################——local_meta_station58:train_task_query_Epoch 349/500——############################################################]
[##################################################################——local_meta_station58:train_task_support_Epoch 350/500——############################################################]
[##################################################################——local_meta_station58:train_task_query_Epoch 350/500——############################################################]
[##################################################################——local_meta_station58:train_task_support_Epoch 351/500——############################################################]
[##################################################################——local_meta_station58:train_task_query_Epoch 351/500——############################################################]
[##################################################################——local_meta_station58:train_task_support_Epoch 352/500——############################################################]
[##################################################################——local_meta_station58:train_task_query_Epoch 352/500——############################################################]
[##################################################################——local_meta_station58:train_task_support_Epoch 353/500——############################################################]
[##################################################################——local_meta_station58:train_task_query_Epoch 353/500——############################################################]
[##################################################################——local_meta_station58:train_task_support_Epoch 354/500——############################################################]
[##################################################################——local_meta_station58:train_task_query_Epoch 354/500——############################################################]
[##################################################################——local_meta_station58:train_task_support_Epoch 355/500——############################################################]
[##################################################################——local_meta_station58:train_task_query_Epoch 355/500——############################################################]
[##################################################################——local_meta_station58:train_task_support_Epoch 356/500——############################################################]
[##################################################################——local_meta_station58:train_task_query_Epoch 356/500——############################################################]
[##################################################################——local_meta_station58:train_task_support_Epoch 357/500——############################################################]
[##################################################################——local_meta_station58:train_task_query_Epoch 357/500——############################################################]
[##################################################################——local_meta_station58:train_task_support_Epoch 358/500——############################################################]
[##################################################################——local_meta_station58:train_task_query_Epoch 358/500——############################################################]
[##################################################################——local_meta_station58:train_task_support_Epoch 359/500——############################################################]
[##################################################################——local_meta_station58:train_task_query_Epoch 359/500——############################################################]
[##################################################################——local_meta_station58:train_task_support_Epoch 360/500——############################################################]
[##################################################################——local_meta_station58:train_task_query_Epoch 360/500——############################################################]
[##################################################################——local_meta_station58:train_task_support_Epoch 361/500——############################################################]
[##################################################################——local_meta_station58:train_task_query_Epoch 361/500——############################################################]
[##################################################################——local_meta_station58:train_task_support_Epoch 362/500——############################################################]
[##################################################################——local_meta_station58:train_task_query_Epoch 362/500——############################################################]
[##################################################################——local_meta_station58:train_task_support_Epoch 363/500——############################################################]
[##################################################################——local_meta_station58:train_task_query_Epoch 363/500——############################################################]
[##################################################################——local_meta_station58:train_task_support_Epoch 364/500——############################################################]
[##################################################################——local_meta_station58:train_task_query_Epoch 364/500——############################################################]
[##################################################################——local_meta_station58:train_task_support_Epoch 365/500——############################################################]
[##################################################################——local_meta_station58:train_task_query_Epoch 365/500——############################################################]
[##################################################################——local_meta_station58:train_task_support_Epoch 366/500——############################################################]
[##################################################################——local_meta_station58:train_task_query_Epoch 366/500——############################################################]
[##################################################################——local_meta_station58:train_task_support_Epoch 367/500——############################################################]
[##################################################################——local_meta_station58:train_task_query_Epoch 367/500——############################################################]
[##################################################################——local_meta_station58:train_task_support_Epoch 368/500——############################################################]
[##################################################################——local_meta_station58:train_task_query_Epoch 368/500——############################################################]
[##################################################################——local_meta_station58:train_task_support_Epoch 369/500——############################################################]
[##################################################################——local_meta_station58:train_task_query_Epoch 369/500——############################################################]
[##################################################################——local_meta_station58:train_task_support_Epoch 370/500——############################################################]
[##################################################################——local_meta_station58:train_task_query_Epoch 370/500——############################################################]
[##################################################################——local_meta_station58:train_task_support_Epoch 371/500——############################################################]
[##################################################################——local_meta_station58:train_task_query_Epoch 371/500——############################################################]
[##################################################################——local_meta_station58:train_task_support_Epoch 372/500——############################################################]
[##################################################################——local_meta_station58:train_task_query_Epoch 372/500——############################################################]
[##################################################################——local_meta_station58:train_task_support_Epoch 373/500——############################################################]
[##################################################################——local_meta_station58:train_task_query_Epoch 373/500——############################################################]
[##################################################################——local_meta_station58:train_task_support_Epoch 374/500——############################################################]
[##################################################################——local_meta_station58:train_task_query_Epoch 374/500——############################################################]
[##################################################################——local_meta_station58:train_task_support_Epoch 375/500——############################################################]
[##################################################################——local_meta_station58:train_task_query_Epoch 375/500——############################################################]
[##################################################################——local_meta_station58:train_task_support_Epoch 376/500——############################################################]
[##################################################################——local_meta_station58:train_task_query_Epoch 376/500——############################################################]
[##################################################################——local_meta_station58:train_task_support_Epoch 377/500——############################################################]
[##################################################################——local_meta_station58:train_task_query_Epoch 377/500——############################################################]
[##################################################################——local_meta_station58:train_task_support_Epoch 378/500——############################################################]
[##################################################################——local_meta_station58:train_task_query_Epoch 378/500——############################################################]
[##################################################################——local_meta_station58:train_task_support_Epoch 379/500——############################################################]
[##################################################################——local_meta_station58:train_task_query_Epoch 379/500——############################################################]
[##################################################################——local_meta_station58:train_task_support_Epoch 380/500——############################################################]
[##################################################################——local_meta_station58:train_task_query_Epoch 380/500——############################################################]
[##################################################################——local_meta_station58:train_task_support_Epoch 381/500——############################################################]
[##################################################################——local_meta_station58:train_task_query_Epoch 381/500——############################################################]
[##################################################################——local_meta_station58:train_task_support_Epoch 382/500——############################################################]
[##################################################################——local_meta_station58:train_task_query_Epoch 382/500——############################################################]
[##################################################################——local_meta_station58:train_task_support_Epoch 383/500——############################################################]
[##################################################################——local_meta_station58:train_task_query_Epoch 383/500——############################################################]
[##################################################################——local_meta_station58:train_task_support_Epoch 384/500——############################################################]
[##################################################################——local_meta_station58:train_task_query_Epoch 384/500——############################################################]
[##################################################################——local_meta_station58:train_task_support_Epoch 385/500——############################################################]
[##################################################################——local_meta_station58:train_task_query_Epoch 385/500——############################################################]
[##################################################################——local_meta_station58:train_task_support_Epoch 386/500——############################################################]
[##################################################################——local_meta_station58:train_task_query_Epoch 386/500——############################################################]
[##################################################################——local_meta_station58:train_task_support_Epoch 387/500——############################################################]
[##################################################################——local_meta_station58:train_task_query_Epoch 387/500——############################################################]
[##################################################################——local_meta_station58:train_task_support_Epoch 388/500——############################################################]
[##################################################################——local_meta_station58:train_task_query_Epoch 388/500——############################################################]
[##################################################################——local_meta_station58:train_task_support_Epoch 389/500——############################################################]
[##################################################################——local_meta_station58:train_task_query_Epoch 389/500——############################################################]
[##################################################################——local_meta_station58:train_task_support_Epoch 390/500——############################################################]
[##################################################################——local_meta_station58:train_task_query_Epoch 390/500——############################################################]
[##################################################################——local_meta_station58:train_task_support_Epoch 391/500——############################################################]
[##################################################################——local_meta_station58:train_task_query_Epoch 391/500——############################################################]
[##################################################################——local_meta_station58:train_task_support_Epoch 392/500——############################################################]
[##################################################################——local_meta_station58:train_task_query_Epoch 392/500——############################################################]
[##################################################################——local_meta_station58:train_task_support_Epoch 393/500——############################################################]
[##################################################################——local_meta_station58:train_task_query_Epoch 393/500——############################################################]
[##################################################################——local_meta_station58:train_task_support_Epoch 394/500——############################################################]
[##################################################################——local_meta_station58:train_task_query_Epoch 394/500——############################################################]
[##################################################################——local_meta_station58:train_task_support_Epoch 395/500——############################################################]
[##################################################################——local_meta_station58:train_task_query_Epoch 395/500——############################################################]
[##################################################################——local_meta_station58:train_task_support_Epoch 396/500——############################################################]
[##################################################################——local_meta_station58:train_task_query_Epoch 396/500——############################################################]
[##################################################################——local_meta_station58:train_task_support_Epoch 397/500——############################################################]
[##################################################################——local_meta_station58:train_task_query_Epoch 397/500——############################################################]
[##################################################################——local_meta_station58:train_task_support_Epoch 398/500——############################################################]
[##################################################################——local_meta_station58:train_task_query_Epoch 398/500——############################################################]
[##################################################################——local_meta_station58:train_task_support_Epoch 399/500——############################################################]
[##################################################################——local_meta_station58:train_task_query_Epoch 399/500——############################################################]
[##################################################################——local_meta_station58:train_task_support_Epoch 400/500——############################################################]
[##################################################################——local_meta_station58:train_task_query_Epoch 400/500——############################################################]
[##################################################################——local_meta_station58:train_task_support_Epoch 401/500——############################################################]
[##################################################################——local_meta_station58:train_task_query_Epoch 401/500——############################################################]
[##################################################################——local_meta_station58:train_task_support_Epoch 402/500——############################################################]
[##################################################################——local_meta_station58:train_task_query_Epoch 402/500——############################################################]
[##################################################################——local_meta_station58:train_task_support_Epoch 403/500——############################################################]
[##################################################################——local_meta_station58:train_task_query_Epoch 403/500——############################################################]
[##################################################################——local_meta_station58:train_task_support_Epoch 404/500——############################################################]
[##################################################################——local_meta_station58:train_task_query_Epoch 404/500——############################################################]
[##################################################################——local_meta_station58:train_task_support_Epoch 405/500——############################################################]
[##################################################################——local_meta_station58:train_task_query_Epoch 405/500——############################################################]
[##################################################################——local_meta_station58:train_task_support_Epoch 406/500——############################################################]
[##################################################################——local_meta_station58:train_task_query_Epoch 406/500——############################################################]
[##################################################################——local_meta_station58:train_task_support_Epoch 407/500——############################################################]
[##################################################################——local_meta_station58:train_task_query_Epoch 407/500——############################################################]
[##################################################################——local_meta_station58:train_task_support_Epoch 408/500——############################################################]
[##################################################################——local_meta_station58:train_task_query_Epoch 408/500——############################################################]
[##################################################################——local_meta_station58:train_task_support_Epoch 409/500——############################################################]
[##################################################################——local_meta_station58:train_task_query_Epoch 409/500——############################################################]
[##################################################################——local_meta_station58:train_task_support_Epoch 410/500——############################################################]
[##################################################################——local_meta_station58:train_task_query_Epoch 410/500——############################################################]
[##################################################################——local_meta_station58:train_task_support_Epoch 411/500——############################################################]
[##################################################################——local_meta_station58:train_task_query_Epoch 411/500——############################################################]
[##################################################################——local_meta_station58:train_task_support_Epoch 412/500——############################################################]
[##################################################################——local_meta_station58:train_task_query_Epoch 412/500——############################################################]
[##################################################################——local_meta_station58:train_task_support_Epoch 413/500——############################################################]
[##################################################################——local_meta_station58:train_task_query_Epoch 413/500——############################################################]
[##################################################################——local_meta_station58:train_task_support_Epoch 414/500——############################################################]
[##################################################################——local_meta_station58:train_task_query_Epoch 414/500——############################################################]
[##################################################################——local_meta_station58:train_task_support_Epoch 415/500——############################################################]
[##################################################################——local_meta_station58:train_task_query_Epoch 415/500——############################################################]
[##################################################################——local_meta_station58:train_task_support_Epoch 416/500——############################################################]
[##################################################################——local_meta_station58:train_task_query_Epoch 416/500——############################################################]
[##################################################################——local_meta_station58:train_task_support_Epoch 417/500——############################################################]
[##################################################################——local_meta_station58:train_task_query_Epoch 417/500——############################################################]
[##################################################################——local_meta_station58:train_task_support_Epoch 418/500——############################################################]
[##################################################################——local_meta_station58:train_task_query_Epoch 418/500——############################################################]
[##################################################################——local_meta_station58:train_task_support_Epoch 419/500——############################################################]
[##################################################################——local_meta_station58:train_task_query_Epoch 419/500——############################################################]
[##################################################################——local_meta_station58:train_task_support_Epoch 420/500——############################################################]
[##################################################################——local_meta_station58:train_task_query_Epoch 420/500——############################################################]
[##################################################################——local_meta_station58:train_task_support_Epoch 421/500——############################################################]
[##################################################################——local_meta_station58:train_task_query_Epoch 421/500——############################################################]
[##################################################################——local_meta_station58:train_task_support_Epoch 422/500——############################################################]
[##################################################################——local_meta_station58:train_task_query_Epoch 422/500——############################################################]
[##################################################################——local_meta_station58:train_task_support_Epoch 423/500——############################################################]
[##################################################################——local_meta_station58:train_task_query_Epoch 423/500——############################################################]
[##################################################################——local_meta_station58:train_task_support_Epoch 424/500——############################################################]
[##################################################################——local_meta_station58:train_task_query_Epoch 424/500——############################################################]
[##################################################################——local_meta_station58:train_task_support_Epoch 425/500——############################################################]
[##################################################################——local_meta_station58:train_task_query_Epoch 425/500——############################################################]
[##################################################################——local_meta_station58:train_task_support_Epoch 426/500——############################################################]
[##################################################################——local_meta_station58:train_task_query_Epoch 426/500——############################################################]
[##################################################################——local_meta_station58:train_task_support_Epoch 427/500——############################################################]
[##################################################################——local_meta_station58:train_task_query_Epoch 427/500——############################################################]
[##################################################################——local_meta_station58:train_task_support_Epoch 428/500——############################################################]
[##################################################################——local_meta_station58:train_task_query_Epoch 428/500——############################################################]
[##################################################################——local_meta_station58:train_task_support_Epoch 429/500——############################################################]
[##################################################################——local_meta_station58:train_task_query_Epoch 429/500——############################################################]
[##################################################################——local_meta_station58:train_task_support_Epoch 430/500——############################################################]
[##################################################################——local_meta_station58:train_task_query_Epoch 430/500——############################################################]
[##################################################################——local_meta_station58:train_task_support_Epoch 431/500——############################################################]
[##################################################################——local_meta_station58:train_task_query_Epoch 431/500——############################################################]
[##################################################################——local_meta_station58:train_task_support_Epoch 432/500——############################################################]
[##################################################################——local_meta_station58:train_task_query_Epoch 432/500——############################################################]
[##################################################################——local_meta_station58:train_task_support_Epoch 433/500——############################################################]
[##################################################################——local_meta_station58:train_task_query_Epoch 433/500——############################################################]
[##################################################################——local_meta_station58:train_task_support_Epoch 434/500——############################################################]
[##################################################################——local_meta_station58:train_task_query_Epoch 434/500——############################################################]
[##################################################################——local_meta_station58:train_task_support_Epoch 435/500——############################################################]
[##################################################################——local_meta_station58:train_task_query_Epoch 435/500——############################################################]
[##################################################################——local_meta_station58:train_task_support_Epoch 436/500——############################################################]
[##################################################################——local_meta_station58:train_task_query_Epoch 436/500——############################################################]
[##################################################################——local_meta_station58:train_task_support_Epoch 437/500——############################################################]
[##################################################################——local_meta_station58:train_task_query_Epoch 437/500——############################################################]
[##################################################################——local_meta_station58:train_task_support_Epoch 438/500——############################################################]
[##################################################################——local_meta_station58:train_task_query_Epoch 438/500——############################################################]
[##################################################################——local_meta_station58:train_task_support_Epoch 439/500——############################################################]
[##################################################################——local_meta_station58:train_task_query_Epoch 439/500——############################################################]
[##################################################################——local_meta_station58:train_task_support_Epoch 440/500——############################################################]
[##################################################################——local_meta_station58:train_task_query_Epoch 440/500——############################################################]
[##################################################################——local_meta_station58:train_task_support_Epoch 441/500——############################################################]
[##################################################################——local_meta_station58:train_task_query_Epoch 441/500——############################################################]
[##################################################################——local_meta_station58:train_task_support_Epoch 442/500——############################################################]
[##################################################################——local_meta_station58:train_task_query_Epoch 442/500——############################################################]
[##################################################################——local_meta_station58:train_task_support_Epoch 443/500——############################################################]
[##################################################################——local_meta_station58:train_task_query_Epoch 443/500——############################################################]
[##################################################################——local_meta_station58:train_task_support_Epoch 444/500——############################################################]
[##################################################################——local_meta_station58:train_task_query_Epoch 444/500——############################################################]
[##################################################################——local_meta_station58:train_task_support_Epoch 445/500——############################################################]
[##################################################################——local_meta_station58:train_task_query_Epoch 445/500——############################################################]
[##################################################################——local_meta_station58:train_task_support_Epoch 446/500——############################################################]
[##################################################################——local_meta_station58:train_task_query_Epoch 446/500——############################################################]
[##################################################################——local_meta_station58:train_task_support_Epoch 447/500——############################################################]
[##################################################################——local_meta_station58:train_task_query_Epoch 447/500——############################################################]
[##################################################################——local_meta_station58:train_task_support_Epoch 448/500——############################################################]
[##################################################################——local_meta_station58:train_task_query_Epoch 448/500——############################################################]
[##################################################################——local_meta_station58:train_task_support_Epoch 449/500——############################################################]
[##################################################################——local_meta_station58:train_task_query_Epoch 449/500——############################################################]
[##################################################################——local_meta_station58:train_task_support_Epoch 450/500——############################################################]
[##################################################################——local_meta_station58:train_task_query_Epoch 450/500——############################################################]
[##################################################################——local_meta_station58:train_task_support_Epoch 451/500——############################################################]
[##################################################################——local_meta_station58:train_task_query_Epoch 451/500——############################################################]
[##################################################################——local_meta_station58:train_task_support_Epoch 452/500——############################################################]
[##################################################################——local_meta_station58:train_task_query_Epoch 452/500——############################################################]
[##################################################################——local_meta_station58:train_task_support_Epoch 453/500——############################################################]
[##################################################################——local_meta_station58:train_task_query_Epoch 453/500——############################################################]
[##################################################################——local_meta_station58:train_task_support_Epoch 454/500——############################################################]
[##################################################################——local_meta_station58:train_task_query_Epoch 454/500——############################################################]
[##################################################################——local_meta_station58:train_task_support_Epoch 455/500——############################################################]
[##################################################################——local_meta_station58:train_task_query_Epoch 455/500——############################################################]
[##################################################################——local_meta_station58:train_task_support_Epoch 456/500——############################################################]
[##################################################################——local_meta_station58:train_task_query_Epoch 456/500——############################################################]
[##################################################################——local_meta_station58:train_task_support_Epoch 457/500——############################################################]
[##################################################################——local_meta_station58:train_task_query_Epoch 457/500——############################################################]
[##################################################################——local_meta_station58:train_task_support_Epoch 458/500——############################################################]
[##################################################################——local_meta_station58:train_task_query_Epoch 458/500——############################################################]
[##################################################################——local_meta_station58:train_task_support_Epoch 459/500——############################################################]
[##################################################################——local_meta_station58:train_task_query_Epoch 459/500——############################################################]
[##################################################################——local_meta_station58:train_task_support_Epoch 460/500——############################################################]
[##################################################################——local_meta_station58:train_task_query_Epoch 460/500——############################################################]
[##################################################################——local_meta_station58:train_task_support_Epoch 461/500——############################################################]
[##################################################################——local_meta_station58:train_task_query_Epoch 461/500——############################################################]
[##################################################################——local_meta_station58:train_task_support_Epoch 462/500——############################################################]
[##################################################################——local_meta_station58:train_task_query_Epoch 462/500——############################################################]
[##################################################################——local_meta_station58:train_task_support_Epoch 463/500——############################################################]
[##################################################################——local_meta_station58:train_task_query_Epoch 463/500——############################################################]
[##################################################################——local_meta_station58:train_task_support_Epoch 464/500——############################################################]
[##################################################################——local_meta_station58:train_task_query_Epoch 464/500——############################################################]
[##################################################################——local_meta_station58:train_task_support_Epoch 465/500——############################################################]
[##################################################################——local_meta_station58:train_task_query_Epoch 465/500——############################################################]
[##################################################################——local_meta_station58:train_task_support_Epoch 466/500——############################################################]
[##################################################################——local_meta_station58:train_task_query_Epoch 466/500——############################################################]
[##################################################################——local_meta_station58:train_task_support_Epoch 467/500——############################################################]
[##################################################################——local_meta_station58:train_task_query_Epoch 467/500——############################################################]
[##################################################################——local_meta_station58:train_task_support_Epoch 468/500——############################################################]
[##################################################################——local_meta_station58:train_task_query_Epoch 468/500——############################################################]
[##################################################################——local_meta_station58:train_task_support_Epoch 469/500——############################################################]
[##################################################################——local_meta_station58:train_task_query_Epoch 469/500——############################################################]
[##################################################################——local_meta_station58:train_task_support_Epoch 470/500——############################################################]
[##################################################################——local_meta_station58:train_task_query_Epoch 470/500——############################################################]
[##################################################################——local_meta_station58:train_task_support_Epoch 471/500——############################################################]
[##################################################################——local_meta_station58:train_task_query_Epoch 471/500——############################################################]
[##################################################################——local_meta_station58:train_task_support_Epoch 472/500——############################################################]
[##################################################################——local_meta_station58:train_task_query_Epoch 472/500——############################################################]
[##################################################################——local_meta_station58:train_task_support_Epoch 473/500——############################################################]
[##################################################################——local_meta_station58:train_task_query_Epoch 473/500——############################################################]
[##################################################################——local_meta_station58:train_task_support_Epoch 474/500——############################################################]
[##################################################################——local_meta_station58:train_task_query_Epoch 474/500——############################################################]
[##################################################################——local_meta_station58:train_task_support_Epoch 475/500——############################################################]
[##################################################################——local_meta_station58:train_task_query_Epoch 475/500——############################################################]
[##################################################################——local_meta_station58:train_task_support_Epoch 476/500——############################################################]
[##################################################################——local_meta_station58:train_task_query_Epoch 476/500——############################################################]
[##################################################################——local_meta_station58:train_task_support_Epoch 477/500——############################################################]
[##################################################################——local_meta_station58:train_task_query_Epoch 477/500——############################################################]
[##################################################################——local_meta_station58:train_task_support_Epoch 478/500——############################################################]
[##################################################################——local_meta_station58:train_task_query_Epoch 478/500——############################################################]
[##################################################################——local_meta_station58:train_task_support_Epoch 479/500——############################################################]
[##################################################################——local_meta_station58:train_task_query_Epoch 479/500——############################################################]
[##################################################################——local_meta_station58:train_task_support_Epoch 480/500——############################################################]
[##################################################################——local_meta_station58:train_task_query_Epoch 480/500——############################################################]
[##################################################################——local_meta_station58:train_task_support_Epoch 481/500——############################################################]
[##################################################################——local_meta_station58:train_task_query_Epoch 481/500——############################################################]
[##################################################################——local_meta_station58:train_task_support_Epoch 482/500——############################################################]
[##################################################################——local_meta_station58:train_task_query_Epoch 482/500——############################################################]
[##################################################################——local_meta_station58:train_task_support_Epoch 483/500——############################################################]
[##################################################################——local_meta_station58:train_task_query_Epoch 483/500——############################################################]
[##################################################################——local_meta_station58:train_task_support_Epoch 484/500——############################################################]
[##################################################################——local_meta_station58:train_task_query_Epoch 484/500——############################################################]
[##################################################################——local_meta_station58:train_task_support_Epoch 485/500——############################################################]
[##################################################################——local_meta_station58:train_task_query_Epoch 485/500——############################################################]
[##################################################################——local_meta_station58:train_task_support_Epoch 486/500——############################################################]
[##################################################################——local_meta_station58:train_task_query_Epoch 486/500——############################################################]
[##################################################################——local_meta_station58:train_task_support_Epoch 487/500——############################################################]
[##################################################################——local_meta_station58:train_task_query_Epoch 487/500——############################################################]
[##################################################################——local_meta_station58:train_task_support_Epoch 488/500——############################################################]
[##################################################################——local_meta_station58:train_task_query_Epoch 488/500——############################################################]
[##################################################################——local_meta_station58:train_task_support_Epoch 489/500——############################################################]
[##################################################################——local_meta_station58:train_task_query_Epoch 489/500——############################################################]
[##################################################################——local_meta_station58:train_task_support_Epoch 490/500——############################################################]
[##################################################################——local_meta_station58:train_task_query_Epoch 490/500——############################################################]
[##################################################################——local_meta_station58:train_task_support_Epoch 491/500——############################################################]
[##################################################################——local_meta_station58:train_task_query_Epoch 491/500——############################################################]
[##################################################################——local_meta_station58:train_task_support_Epoch 492/500——############################################################]
[##################################################################——local_meta_station58:train_task_query_Epoch 492/500——############################################################]
[##################################################################——local_meta_station58:train_task_support_Epoch 493/500——############################################################]
[##################################################################——local_meta_station58:train_task_query_Epoch 493/500——############################################################]
[##################################################################——local_meta_station58:train_task_support_Epoch 494/500——############################################################]
[##################################################################——local_meta_station58:train_task_query_Epoch 494/500——############################################################]
[##################################################################——local_meta_station58:train_task_support_Epoch 495/500——############################################################]
[##################################################################——local_meta_station58:train_task_query_Epoch 495/500——############################################################]
[##################################################################——local_meta_station58:train_task_support_Epoch 496/500——############################################################]
[##################################################################——local_meta_station58:train_task_query_Epoch 496/500——############################################################]
[##################################################################——local_meta_station58:train_task_support_Epoch 497/500——############################################################]
[##################################################################——local_meta_station58:train_task_query_Epoch 497/500——############################################################]
[##################################################################——local_meta_station58:train_task_support_Epoch 498/500——############################################################]
[##################################################################——local_meta_station58:train_task_query_Epoch 498/500——############################################################]
[##################################################################——local_meta_station58:train_task_support_Epoch 499/500——############################################################]
[##################################################################——local_meta_station58:train_task_query_Epoch 499/500——############################################################]
✓ 元训练完成: model_fore_train_task_query_local_meta_station58.pth

======================================================================
开始本地元训练: station 59
======================================================================

======================================================================
开始元训练: local_meta_station59
  use_cdrm=True, train_all_params=False, disable_lwp=False
  tasks_per_epoch=5, task_pool=10 (1 stations: 59)
======================================================================
[##################################################################——local_meta_station59:train_task_support_Epoch 0/500——############################################################]
[##################################################################——local_meta_station59:train_task_query_Epoch 0/500——############################################################]
[##################################################################——local_meta_station59:train_task_support_Epoch 1/500——############################################################]
[##################################################################——local_meta_station59:train_task_query_Epoch 1/500——############################################################]
[##################################################################——local_meta_station59:train_task_support_Epoch 2/500——############################################################]
[##################################################################——local_meta_station59:train_task_query_Epoch 2/500——############################################################]
[##################################################################——local_meta_station59:train_task_support_Epoch 3/500——############################################################]
[##################################################################——local_meta_station59:train_task_query_Epoch 3/500——############################################################]
[##################################################################——local_meta_station59:train_task_support_Epoch 4/500——############################################################]
[##################################################################——local_meta_station59:train_task_query_Epoch 4/500——############################################################]
[##################################################################——local_meta_station59:train_task_support_Epoch 5/500——############################################################]
[##################################################################——local_meta_station59:train_task_query_Epoch 5/500——############################################################]
[##################################################################——local_meta_station59:train_task_support_Epoch 6/500——############################################################]
[##################################################################——local_meta_station59:train_task_query_Epoch 6/500——############################################################]
[##################################################################——local_meta_station59:train_task_support_Epoch 7/500——############################################################]
[##################################################################——local_meta_station59:train_task_query_Epoch 7/500——############################################################]
[##################################################################——local_meta_station59:train_task_support_Epoch 8/500——############################################################]
[##################################################################——local_meta_station59:train_task_query_Epoch 8/500——############################################################]
[##################################################################——local_meta_station59:train_task_support_Epoch 9/500——############################################################]
[##################################################################——local_meta_station59:train_task_query_Epoch 9/500——############################################################]
[##################################################################——local_meta_station59:train_task_support_Epoch 10/500——############################################################]
[##################################################################——local_meta_station59:train_task_query_Epoch 10/500——############################################################]
[##################################################################——local_meta_station59:train_task_support_Epoch 11/500——############################################################]
[##################################################################——local_meta_station59:train_task_query_Epoch 11/500——############################################################]
[##################################################################——local_meta_station59:train_task_support_Epoch 12/500——############################################################]
[##################################################################——local_meta_station59:train_task_query_Epoch 12/500——############################################################]
[##################################################################——local_meta_station59:train_task_support_Epoch 13/500——############################################################]
[##################################################################——local_meta_station59:train_task_query_Epoch 13/500——############################################################]
[##################################################################——local_meta_station59:train_task_support_Epoch 14/500——############################################################]
[##################################################################——local_meta_station59:train_task_query_Epoch 14/500——############################################################]
[##################################################################——local_meta_station59:train_task_support_Epoch 15/500——############################################################]
[##################################################################——local_meta_station59:train_task_query_Epoch 15/500——############################################################]
[##################################################################——local_meta_station59:train_task_support_Epoch 16/500——############################################################]
[##################################################################——local_meta_station59:train_task_query_Epoch 16/500——############################################################]
[##################################################################——local_meta_station59:train_task_support_Epoch 17/500——############################################################]
[##################################################################——local_meta_station59:train_task_query_Epoch 17/500——############################################################]
[##################################################################——local_meta_station59:train_task_support_Epoch 18/500——############################################################]
[##################################################################——local_meta_station59:train_task_query_Epoch 18/500——############################################################]
[##################################################################——local_meta_station59:train_task_support_Epoch 19/500——############################################################]
[##################################################################——local_meta_station59:train_task_query_Epoch 19/500——############################################################]
[##################################################################——local_meta_station59:train_task_support_Epoch 20/500——############################################################]
[##################################################################——local_meta_station59:train_task_query_Epoch 20/500——############################################################]
[##################################################################——local_meta_station59:train_task_support_Epoch 21/500——############################################################]
[##################################################################——local_meta_station59:train_task_query_Epoch 21/500——############################################################]
[##################################################################——local_meta_station59:train_task_support_Epoch 22/500——############################################################]
[##################################################################——local_meta_station59:train_task_query_Epoch 22/500——############################################################]
[##################################################################——local_meta_station59:train_task_support_Epoch 23/500——############################################################]
[##################################################################——local_meta_station59:train_task_query_Epoch 23/500——############################################################]
[##################################################################——local_meta_station59:train_task_support_Epoch 24/500——############################################################]
[##################################################################——local_meta_station59:train_task_query_Epoch 24/500——############################################################]
[##################################################################——local_meta_station59:train_task_support_Epoch 25/500——############################################################]
[##################################################################——local_meta_station59:train_task_query_Epoch 25/500——############################################################]
[##################################################################——local_meta_station59:train_task_support_Epoch 26/500——############################################################]
[##################################################################——local_meta_station59:train_task_query_Epoch 26/500——############################################################]
[##################################################################——local_meta_station59:train_task_support_Epoch 27/500——############################################################]
[##################################################################——local_meta_station59:train_task_query_Epoch 27/500——############################################################]
[##################################################################——local_meta_station59:train_task_support_Epoch 28/500——############################################################]
[##################################################################——local_meta_station59:train_task_query_Epoch 28/500——############################################################]
[##################################################################——local_meta_station59:train_task_support_Epoch 29/500——############################################################]
[##################################################################——local_meta_station59:train_task_query_Epoch 29/500——############################################################]
[##################################################################——local_meta_station59:train_task_support_Epoch 30/500——############################################################]
[##################################################################——local_meta_station59:train_task_query_Epoch 30/500——############################################################]
[##################################################################——local_meta_station59:train_task_support_Epoch 31/500——############################################################]
[##################################################################——local_meta_station59:train_task_query_Epoch 31/500——############################################################]
[##################################################################——local_meta_station59:train_task_support_Epoch 32/500——############################################################]
[##################################################################——local_meta_station59:train_task_query_Epoch 32/500——############################################################]
[##################################################################——local_meta_station59:train_task_support_Epoch 33/500——############################################################]
[##################################################################——local_meta_station59:train_task_query_Epoch 33/500——############################################################]
[##################################################################——local_meta_station59:train_task_support_Epoch 34/500——############################################################]
[##################################################################——local_meta_station59:train_task_query_Epoch 34/500——############################################################]
[##################################################################——local_meta_station59:train_task_support_Epoch 35/500——############################################################]
[##################################################################——local_meta_station59:train_task_query_Epoch 35/500——############################################################]
[##################################################################——local_meta_station59:train_task_support_Epoch 36/500——############################################################]
[##################################################################——local_meta_station59:train_task_query_Epoch 36/500——############################################################]
[##################################################################——local_meta_station59:train_task_support_Epoch 37/500——############################################################]
[##################################################################——local_meta_station59:train_task_query_Epoch 37/500——############################################################]
[##################################################################——local_meta_station59:train_task_support_Epoch 38/500——############################################################]
[##################################################################——local_meta_station59:train_task_query_Epoch 38/500——############################################################]
[##################################################################——local_meta_station59:train_task_support_Epoch 39/500——############################################################]
[##################################################################——local_meta_station59:train_task_query_Epoch 39/500——############################################################]
[##################################################################——local_meta_station59:train_task_support_Epoch 40/500——############################################################]
[##################################################################——local_meta_station59:train_task_query_Epoch 40/500——############################################################]
[##################################################################——local_meta_station59:train_task_support_Epoch 41/500——############################################################]
[##################################################################——local_meta_station59:train_task_query_Epoch 41/500——############################################################]
[##################################################################——local_meta_station59:train_task_support_Epoch 42/500——############################################################]
[##################################################################——local_meta_station59:train_task_query_Epoch 42/500——############################################################]
[##################################################################——local_meta_station59:train_task_support_Epoch 43/500——############################################################]
[##################################################################——local_meta_station59:train_task_query_Epoch 43/500——############################################################]
[##################################################################——local_meta_station59:train_task_support_Epoch 44/500——############################################################]
[##################################################################——local_meta_station59:train_task_query_Epoch 44/500——############################################################]
[##################################################################——local_meta_station59:train_task_support_Epoch 45/500——############################################################]
[##################################################################——local_meta_station59:train_task_query_Epoch 45/500——############################################################]
[##################################################################——local_meta_station59:train_task_support_Epoch 46/500——############################################################]
[##################################################################——local_meta_station59:train_task_query_Epoch 46/500——############################################################]
[##################################################################——local_meta_station59:train_task_support_Epoch 47/500——############################################################]
[##################################################################——local_meta_station59:train_task_query_Epoch 47/500——############################################################]
[##################################################################——local_meta_station59:train_task_support_Epoch 48/500——############################################################]
[##################################################################——local_meta_station59:train_task_query_Epoch 48/500——############################################################]
[##################################################################——local_meta_station59:train_task_support_Epoch 49/500——############################################################]
[##################################################################——local_meta_station59:train_task_query_Epoch 49/500——############################################################]
[##################################################################——local_meta_station59:train_task_support_Epoch 50/500——############################################################]
[##################################################################——local_meta_station59:train_task_query_Epoch 50/500——############################################################]
[##################################################################——local_meta_station59:train_task_support_Epoch 51/500——############################################################]
[##################################################################——local_meta_station59:train_task_query_Epoch 51/500——############################################################]
[##################################################################——local_meta_station59:train_task_support_Epoch 52/500——############################################################]
[##################################################################——local_meta_station59:train_task_query_Epoch 52/500——############################################################]
[##################################################################——local_meta_station59:train_task_support_Epoch 53/500——############################################################]
[##################################################################——local_meta_station59:train_task_query_Epoch 53/500——############################################################]
[##################################################################——local_meta_station59:train_task_support_Epoch 54/500——############################################################]
[##################################################################——local_meta_station59:train_task_query_Epoch 54/500——############################################################]
[##################################################################——local_meta_station59:train_task_support_Epoch 55/500——############################################################]
[##################################################################——local_meta_station59:train_task_query_Epoch 55/500——############################################################]
[##################################################################——local_meta_station59:train_task_support_Epoch 56/500——############################################################]
[##################################################################——local_meta_station59:train_task_query_Epoch 56/500——############################################################]
[##################################################################——local_meta_station59:train_task_support_Epoch 57/500——############################################################]
[##################################################################——local_meta_station59:train_task_query_Epoch 57/500——############################################################]
[##################################################################——local_meta_station59:train_task_support_Epoch 58/500——############################################################]
[##################################################################——local_meta_station59:train_task_query_Epoch 58/500——############################################################]
[##################################################################——local_meta_station59:train_task_support_Epoch 59/500——############################################################]
[##################################################################——local_meta_station59:train_task_query_Epoch 59/500——############################################################]
[##################################################################——local_meta_station59:train_task_support_Epoch 60/500——############################################################]
[##################################################################——local_meta_station59:train_task_query_Epoch 60/500——############################################################]
[##################################################################——local_meta_station59:train_task_support_Epoch 61/500——############################################################]
[##################################################################——local_meta_station59:train_task_query_Epoch 61/500——############################################################]
[##################################################################——local_meta_station59:train_task_support_Epoch 62/500——############################################################]
[##################################################################——local_meta_station59:train_task_query_Epoch 62/500——############################################################]
[##################################################################——local_meta_station59:train_task_support_Epoch 63/500——############################################################]
[##################################################################——local_meta_station59:train_task_query_Epoch 63/500——############################################################]
[##################################################################——local_meta_station59:train_task_support_Epoch 64/500——############################################################]
[##################################################################——local_meta_station59:train_task_query_Epoch 64/500——############################################################]
[##################################################################——local_meta_station59:train_task_support_Epoch 65/500——############################################################]
[##################################################################——local_meta_station59:train_task_query_Epoch 65/500——############################################################]
[##################################################################——local_meta_station59:train_task_support_Epoch 66/500——############################################################]
[##################################################################——local_meta_station59:train_task_query_Epoch 66/500——############################################################]
[##################################################################——local_meta_station59:train_task_support_Epoch 67/500——############################################################]
[##################################################################——local_meta_station59:train_task_query_Epoch 67/500——############################################################]
[##################################################################——local_meta_station59:train_task_support_Epoch 68/500——############################################################]
[##################################################################——local_meta_station59:train_task_query_Epoch 68/500——############################################################]
[##################################################################——local_meta_station59:train_task_support_Epoch 69/500——############################################################]
[##################################################################——local_meta_station59:train_task_query_Epoch 69/500——############################################################]
[##################################################################——local_meta_station59:train_task_support_Epoch 70/500——############################################################]
[##################################################################——local_meta_station59:train_task_query_Epoch 70/500——############################################################]
[##################################################################——local_meta_station59:train_task_support_Epoch 71/500——############################################################]
[##################################################################——local_meta_station59:train_task_query_Epoch 71/500——############################################################]
[##################################################################——local_meta_station59:train_task_support_Epoch 72/500——############################################################]
[##################################################################——local_meta_station59:train_task_query_Epoch 72/500——############################################################]
[##################################################################——local_meta_station59:train_task_support_Epoch 73/500——############################################################]
[##################################################################——local_meta_station59:train_task_query_Epoch 73/500——############################################################]
[##################################################################——local_meta_station59:train_task_support_Epoch 74/500——############################################################]
[##################################################################——local_meta_station59:train_task_query_Epoch 74/500——############################################################]
[##################################################################——local_meta_station59:train_task_support_Epoch 75/500——############################################################]
[##################################################################——local_meta_station59:train_task_query_Epoch 75/500——############################################################]
[##################################################################——local_meta_station59:train_task_support_Epoch 76/500——############################################################]
[##################################################################——local_meta_station59:train_task_query_Epoch 76/500——############################################################]
[##################################################################——local_meta_station59:train_task_support_Epoch 77/500——############################################################]
[##################################################################——local_meta_station59:train_task_query_Epoch 77/500——############################################################]
[##################################################################——local_meta_station59:train_task_support_Epoch 78/500——############################################################]
[##################################################################——local_meta_station59:train_task_query_Epoch 78/500——############################################################]
[##################################################################——local_meta_station59:train_task_support_Epoch 79/500——############################################################]
[##################################################################——local_meta_station59:train_task_query_Epoch 79/500——############################################################]
[##################################################################——local_meta_station59:train_task_support_Epoch 80/500——############################################################]
[##################################################################——local_meta_station59:train_task_query_Epoch 80/500——############################################################]
[##################################################################——local_meta_station59:train_task_support_Epoch 81/500——############################################################]
[##################################################################——local_meta_station59:train_task_query_Epoch 81/500——############################################################]
[##################################################################——local_meta_station59:train_task_support_Epoch 82/500——############################################################]
[##################################################################——local_meta_station59:train_task_query_Epoch 82/500——############################################################]
[##################################################################——local_meta_station59:train_task_support_Epoch 83/500——############################################################]
[##################################################################——local_meta_station59:train_task_query_Epoch 83/500——############################################################]
[##################################################################——local_meta_station59:train_task_support_Epoch 84/500——############################################################]
[##################################################################——local_meta_station59:train_task_query_Epoch 84/500——############################################################]
[##################################################################——local_meta_station59:train_task_support_Epoch 85/500——############################################################]
[##################################################################——local_meta_station59:train_task_query_Epoch 85/500——############################################################]
[##################################################################——local_meta_station59:train_task_support_Epoch 86/500——############################################################]
[##################################################################——local_meta_station59:train_task_query_Epoch 86/500——############################################################]
[##################################################################——local_meta_station59:train_task_support_Epoch 87/500——############################################################]
[##################################################################——local_meta_station59:train_task_query_Epoch 87/500——############################################################]
[##################################################################——local_meta_station59:train_task_support_Epoch 88/500——############################################################]
[##################################################################——local_meta_station59:train_task_query_Epoch 88/500——############################################################]
[##################################################################——local_meta_station59:train_task_support_Epoch 89/500——############################################################]
[##################################################################——local_meta_station59:train_task_query_Epoch 89/500——############################################################]
[##################################################################——local_meta_station59:train_task_support_Epoch 90/500——############################################################]
[##################################################################——local_meta_station59:train_task_query_Epoch 90/500——############################################################]
[##################################################################——local_meta_station59:train_task_support_Epoch 91/500——############################################################]
[##################################################################——local_meta_station59:train_task_query_Epoch 91/500——############################################################]
[##################################################################——local_meta_station59:train_task_support_Epoch 92/500——############################################################]
[##################################################################——local_meta_station59:train_task_query_Epoch 92/500——############################################################]
[##################################################################——local_meta_station59:train_task_support_Epoch 93/500——############################################################]
[##################################################################——local_meta_station59:train_task_query_Epoch 93/500——############################################################]
[##################################################################——local_meta_station59:train_task_support_Epoch 94/500——############################################################]
[##################################################################——local_meta_station59:train_task_query_Epoch 94/500——############################################################]
[##################################################################——local_meta_station59:train_task_support_Epoch 95/500——############################################################]
[##################################################################——local_meta_station59:train_task_query_Epoch 95/500——############################################################]
[##################################################################——local_meta_station59:train_task_support_Epoch 96/500——############################################################]
[##################################################################——local_meta_station59:train_task_query_Epoch 96/500——############################################################]
[##################################################################——local_meta_station59:train_task_support_Epoch 97/500——############################################################]
[##################################################################——local_meta_station59:train_task_query_Epoch 97/500——############################################################]
[##################################################################——local_meta_station59:train_task_support_Epoch 98/500——############################################################]
[##################################################################——local_meta_station59:train_task_query_Epoch 98/500——############################################################]
[##################################################################——local_meta_station59:train_task_support_Epoch 99/500——############################################################]
[##################################################################——local_meta_station59:train_task_query_Epoch 99/500——############################################################]
[##################################################################——local_meta_station59:train_task_support_Epoch 100/500——############################################################]
[##################################################################——local_meta_station59:train_task_query_Epoch 100/500——############################################################]
[##################################################################——local_meta_station59:train_task_support_Epoch 101/500——############################################################]
[##################################################################——local_meta_station59:train_task_query_Epoch 101/500——############################################################]
[##################################################################——local_meta_station59:train_task_support_Epoch 102/500——############################################################]
[##################################################################——local_meta_station59:train_task_query_Epoch 102/500——############################################################]
[##################################################################——local_meta_station59:train_task_support_Epoch 103/500——############################################################]
[##################################################################——local_meta_station59:train_task_query_Epoch 103/500——############################################################]
[##################################################################——local_meta_station59:train_task_support_Epoch 104/500——############################################################]
[##################################################################——local_meta_station59:train_task_query_Epoch 104/500——############################################################]
[##################################################################——local_meta_station59:train_task_support_Epoch 105/500——############################################################]
[##################################################################——local_meta_station59:train_task_query_Epoch 105/500——############################################################]
[##################################################################——local_meta_station59:train_task_support_Epoch 106/500——############################################################]
[##################################################################——local_meta_station59:train_task_query_Epoch 106/500——############################################################]
[##################################################################——local_meta_station59:train_task_support_Epoch 107/500——############################################################]
[##################################################################——local_meta_station59:train_task_query_Epoch 107/500——############################################################]
[##################################################################——local_meta_station59:train_task_support_Epoch 108/500——############################################################]
[##################################################################——local_meta_station59:train_task_query_Epoch 108/500——############################################################]
[##################################################################——local_meta_station59:train_task_support_Epoch 109/500——############################################################]
[##################################################################——local_meta_station59:train_task_query_Epoch 109/500——############################################################]
[##################################################################——local_meta_station59:train_task_support_Epoch 110/500——############################################################]
[##################################################################——local_meta_station59:train_task_query_Epoch 110/500——############################################################]
[##################################################################——local_meta_station59:train_task_support_Epoch 111/500——############################################################]
[##################################################################——local_meta_station59:train_task_query_Epoch 111/500——############################################################]
[##################################################################——local_meta_station59:train_task_support_Epoch 112/500——############################################################]
[##################################################################——local_meta_station59:train_task_query_Epoch 112/500——############################################################]
[##################################################################——local_meta_station59:train_task_support_Epoch 113/500——############################################################]
[##################################################################——local_meta_station59:train_task_query_Epoch 113/500——############################################################]
[##################################################################——local_meta_station59:train_task_support_Epoch 114/500——############################################################]
[##################################################################——local_meta_station59:train_task_query_Epoch 114/500——############################################################]
[##################################################################——local_meta_station59:train_task_support_Epoch 115/500——############################################################]
[##################################################################——local_meta_station59:train_task_query_Epoch 115/500——############################################################]
[##################################################################——local_meta_station59:train_task_support_Epoch 116/500——############################################################]
[##################################################################——local_meta_station59:train_task_query_Epoch 116/500——############################################################]
[##################################################################——local_meta_station59:train_task_support_Epoch 117/500——############################################################]
[##################################################################——local_meta_station59:train_task_query_Epoch 117/500——############################################################]
[##################################################################——local_meta_station59:train_task_support_Epoch 118/500——############################################################]
[##################################################################——local_meta_station59:train_task_query_Epoch 118/500——############################################################]
[##################################################################——local_meta_station59:train_task_support_Epoch 119/500——############################################################]
[##################################################################——local_meta_station59:train_task_query_Epoch 119/500——############################################################]
[##################################################################——local_meta_station59:train_task_support_Epoch 120/500——############################################################]
[##################################################################——local_meta_station59:train_task_query_Epoch 120/500——############################################################]
[##################################################################——local_meta_station59:train_task_support_Epoch 121/500——############################################################]
[##################################################################——local_meta_station59:train_task_query_Epoch 121/500——############################################################]
[##################################################################——local_meta_station59:train_task_support_Epoch 122/500——############################################################]
[##################################################################——local_meta_station59:train_task_query_Epoch 122/500——############################################################]
[##################################################################——local_meta_station59:train_task_support_Epoch 123/500——############################################################]
[##################################################################——local_meta_station59:train_task_query_Epoch 123/500——############################################################]
[##################################################################——local_meta_station59:train_task_support_Epoch 124/500——############################################################]
[##################################################################——local_meta_station59:train_task_query_Epoch 124/500——############################################################]
[##################################################################——local_meta_station59:train_task_support_Epoch 125/500——############################################################]
[##################################################################——local_meta_station59:train_task_query_Epoch 125/500——############################################################]
[##################################################################——local_meta_station59:train_task_support_Epoch 126/500——############################################################]
[##################################################################——local_meta_station59:train_task_query_Epoch 126/500——############################################################]
[##################################################################——local_meta_station59:train_task_support_Epoch 127/500——############################################################]
[##################################################################——local_meta_station59:train_task_query_Epoch 127/500——############################################################]
[##################################################################——local_meta_station59:train_task_support_Epoch 128/500——############################################################]
[##################################################################——local_meta_station59:train_task_query_Epoch 128/500——############################################################]
[##################################################################——local_meta_station59:train_task_support_Epoch 129/500——############################################################]
[##################################################################——local_meta_station59:train_task_query_Epoch 129/500——############################################################]
[##################################################################——local_meta_station59:train_task_support_Epoch 130/500——############################################################]
[##################################################################——local_meta_station59:train_task_query_Epoch 130/500——############################################################]
[##################################################################——local_meta_station59:train_task_support_Epoch 131/500——############################################################]
[##################################################################——local_meta_station59:train_task_query_Epoch 131/500——############################################################]
[##################################################################——local_meta_station59:train_task_support_Epoch 132/500——############################################################]
[##################################################################——local_meta_station59:train_task_query_Epoch 132/500——############################################################]
[##################################################################——local_meta_station59:train_task_support_Epoch 133/500——############################################################]
[##################################################################——local_meta_station59:train_task_query_Epoch 133/500——############################################################]
[##################################################################——local_meta_station59:train_task_support_Epoch 134/500——############################################################]
[##################################################################——local_meta_station59:train_task_query_Epoch 134/500——############################################################]
[##################################################################——local_meta_station59:train_task_support_Epoch 135/500——############################################################]
[##################################################################——local_meta_station59:train_task_query_Epoch 135/500——############################################################]
[##################################################################——local_meta_station59:train_task_support_Epoch 136/500——############################################################]
[##################################################################——local_meta_station59:train_task_query_Epoch 136/500——############################################################]
[##################################################################——local_meta_station59:train_task_support_Epoch 137/500——############################################################]
[##################################################################——local_meta_station59:train_task_query_Epoch 137/500——############################################################]
[##################################################################——local_meta_station59:train_task_support_Epoch 138/500——############################################################]
[##################################################################——local_meta_station59:train_task_query_Epoch 138/500——############################################################]
[##################################################################——local_meta_station59:train_task_support_Epoch 139/500——############################################################]
[##################################################################——local_meta_station59:train_task_query_Epoch 139/500——############################################################]
[##################################################################——local_meta_station59:train_task_support_Epoch 140/500——############################################################]
[##################################################################——local_meta_station59:train_task_query_Epoch 140/500——############################################################]
[##################################################################——local_meta_station59:train_task_support_Epoch 141/500——############################################################]
[##################################################################——local_meta_station59:train_task_query_Epoch 141/500——############################################################]
[##################################################################——local_meta_station59:train_task_support_Epoch 142/500——############################################################]
[##################################################################——local_meta_station59:train_task_query_Epoch 142/500——############################################################]
[##################################################################——local_meta_station59:train_task_support_Epoch 143/500——############################################################]
[##################################################################——local_meta_station59:train_task_query_Epoch 143/500——############################################################]
[##################################################################——local_meta_station59:train_task_support_Epoch 144/500——############################################################]
[##################################################################——local_meta_station59:train_task_query_Epoch 144/500——############################################################]
[##################################################################——local_meta_station59:train_task_support_Epoch 145/500——############################################################]
[##################################################################——local_meta_station59:train_task_query_Epoch 145/500——############################################################]
[##################################################################——local_meta_station59:train_task_support_Epoch 146/500——############################################################]
[##################################################################——local_meta_station59:train_task_query_Epoch 146/500——############################################################]
[##################################################################——local_meta_station59:train_task_support_Epoch 147/500——############################################################]
[##################################################################——local_meta_station59:train_task_query_Epoch 147/500——############################################################]
[##################################################################——local_meta_station59:train_task_support_Epoch 148/500——############################################################]
[##################################################################——local_meta_station59:train_task_query_Epoch 148/500——############################################################]
[##################################################################——local_meta_station59:train_task_support_Epoch 149/500——############################################################]
[##################################################################——local_meta_station59:train_task_query_Epoch 149/500——############################################################]
[##################################################################——local_meta_station59:train_task_support_Epoch 150/500——############################################################]
[##################################################################——local_meta_station59:train_task_query_Epoch 150/500——############################################################]
[##################################################################——local_meta_station59:train_task_support_Epoch 151/500——############################################################]
[##################################################################——local_meta_station59:train_task_query_Epoch 151/500——############################################################]
[##################################################################——local_meta_station59:train_task_support_Epoch 152/500——############################################################]
[##################################################################——local_meta_station59:train_task_query_Epoch 152/500——############################################################]
[##################################################################——local_meta_station59:train_task_support_Epoch 153/500——############################################################]
[##################################################################——local_meta_station59:train_task_query_Epoch 153/500——############################################################]
[##################################################################——local_meta_station59:train_task_support_Epoch 154/500——############################################################]
[##################################################################——local_meta_station59:train_task_query_Epoch 154/500——############################################################]
[##################################################################——local_meta_station59:train_task_support_Epoch 155/500——############################################################]
[##################################################################——local_meta_station59:train_task_query_Epoch 155/500——############################################################]
[##################################################################——local_meta_station59:train_task_support_Epoch 156/500——############################################################]
[##################################################################——local_meta_station59:train_task_query_Epoch 156/500——############################################################]
[##################################################################——local_meta_station59:train_task_support_Epoch 157/500——############################################################]
[##################################################################——local_meta_station59:train_task_query_Epoch 157/500——############################################################]
[##################################################################——local_meta_station59:train_task_support_Epoch 158/500——############################################################]
[##################################################################——local_meta_station59:train_task_query_Epoch 158/500——############################################################]
[##################################################################——local_meta_station59:train_task_support_Epoch 159/500——############################################################]
[##################################################################——local_meta_station59:train_task_query_Epoch 159/500——############################################################]
[##################################################################——local_meta_station59:train_task_support_Epoch 160/500——############################################################]
[##################################################################——local_meta_station59:train_task_query_Epoch 160/500——############################################################]
[##################################################################——local_meta_station59:train_task_support_Epoch 161/500——############################################################]
[##################################################################——local_meta_station59:train_task_query_Epoch 161/500——############################################################]
[##################################################################——local_meta_station59:train_task_support_Epoch 162/500——############################################################]
[##################################################################——local_meta_station59:train_task_query_Epoch 162/500——############################################################]
[##################################################################——local_meta_station59:train_task_support_Epoch 163/500——############################################################]
[##################################################################——local_meta_station59:train_task_query_Epoch 163/500——############################################################]
[##################################################################——local_meta_station59:train_task_support_Epoch 164/500——############################################################]
[##################################################################——local_meta_station59:train_task_query_Epoch 164/500——############################################################]
[##################################################################——local_meta_station59:train_task_support_Epoch 165/500——############################################################]
[##################################################################——local_meta_station59:train_task_query_Epoch 165/500——############################################################]
[##################################################################——local_meta_station59:train_task_support_Epoch 166/500——############################################################]
[##################################################################——local_meta_station59:train_task_query_Epoch 166/500——############################################################]
[##################################################################——local_meta_station59:train_task_support_Epoch 167/500——############################################################]
[##################################################################——local_meta_station59:train_task_query_Epoch 167/500——############################################################]
[##################################################################——local_meta_station59:train_task_support_Epoch 168/500——############################################################]
[##################################################################——local_meta_station59:train_task_query_Epoch 168/500——############################################################]
[##################################################################——local_meta_station59:train_task_support_Epoch 169/500——############################################################]
[##################################################################——local_meta_station59:train_task_query_Epoch 169/500——############################################################]
[##################################################################——local_meta_station59:train_task_support_Epoch 170/500——############################################################]
[##################################################################——local_meta_station59:train_task_query_Epoch 170/500——############################################################]
[##################################################################——local_meta_station59:train_task_support_Epoch 171/500——############################################################]
[##################################################################——local_meta_station59:train_task_query_Epoch 171/500——############################################################]
[##################################################################——local_meta_station59:train_task_support_Epoch 172/500——############################################################]
[##################################################################——local_meta_station59:train_task_query_Epoch 172/500——############################################################]
[##################################################################——local_meta_station59:train_task_support_Epoch 173/500——############################################################]
[##################################################################——local_meta_station59:train_task_query_Epoch 173/500——############################################################]
[##################################################################——local_meta_station59:train_task_support_Epoch 174/500——############################################################]
[##################################################################——local_meta_station59:train_task_query_Epoch 174/500——############################################################]
[##################################################################——local_meta_station59:train_task_support_Epoch 175/500——############################################################]
[##################################################################——local_meta_station59:train_task_query_Epoch 175/500——############################################################]
[##################################################################——local_meta_station59:train_task_support_Epoch 176/500——############################################################]
[##################################################################——local_meta_station59:train_task_query_Epoch 176/500——############################################################]
[##################################################################——local_meta_station59:train_task_support_Epoch 177/500——############################################################]
[##################################################################——local_meta_station59:train_task_query_Epoch 177/500——############################################################]
[##################################################################——local_meta_station59:train_task_support_Epoch 178/500——############################################################]
[##################################################################——local_meta_station59:train_task_query_Epoch 178/500——############################################################]
[##################################################################——local_meta_station59:train_task_support_Epoch 179/500——############################################################]
[##################################################################——local_meta_station59:train_task_query_Epoch 179/500——############################################################]
[##################################################################——local_meta_station59:train_task_support_Epoch 180/500——############################################################]
[##################################################################——local_meta_station59:train_task_query_Epoch 180/500——############################################################]
[##################################################################——local_meta_station59:train_task_support_Epoch 181/500——############################################################]
[##################################################################——local_meta_station59:train_task_query_Epoch 181/500——############################################################]
[##################################################################——local_meta_station59:train_task_support_Epoch 182/500——############################################################]
[##################################################################——local_meta_station59:train_task_query_Epoch 182/500——############################################################]
[##################################################################——local_meta_station59:train_task_support_Epoch 183/500——############################################################]
[##################################################################——local_meta_station59:train_task_query_Epoch 183/500——############################################################]
[##################################################################——local_meta_station59:train_task_support_Epoch 184/500——############################################################]
[##################################################################——local_meta_station59:train_task_query_Epoch 184/500——############################################################]
[##################################################################——local_meta_station59:train_task_support_Epoch 185/500——############################################################]
[##################################################################——local_meta_station59:train_task_query_Epoch 185/500——############################################################]
[##################################################################——local_meta_station59:train_task_support_Epoch 186/500——############################################################]
[##################################################################——local_meta_station59:train_task_query_Epoch 186/500——############################################################]
[##################################################################——local_meta_station59:train_task_support_Epoch 187/500——############################################################]
[##################################################################——local_meta_station59:train_task_query_Epoch 187/500——############################################################]
[##################################################################——local_meta_station59:train_task_support_Epoch 188/500——############################################################]
[##################################################################——local_meta_station59:train_task_query_Epoch 188/500——############################################################]
[##################################################################——local_meta_station59:train_task_support_Epoch 189/500——############################################################]
[##################################################################——local_meta_station59:train_task_query_Epoch 189/500——############################################################]
[##################################################################——local_meta_station59:train_task_support_Epoch 190/500——############################################################]
[##################################################################——local_meta_station59:train_task_query_Epoch 190/500——############################################################]
[##################################################################——local_meta_station59:train_task_support_Epoch 191/500——############################################################]
[##################################################################——local_meta_station59:train_task_query_Epoch 191/500——############################################################]
[##################################################################——local_meta_station59:train_task_support_Epoch 192/500——############################################################]
[##################################################################——local_meta_station59:train_task_query_Epoch 192/500——############################################################]
[##################################################################——local_meta_station59:train_task_support_Epoch 193/500——############################################################]
[##################################################################——local_meta_station59:train_task_query_Epoch 193/500——############################################################]
[##################################################################——local_meta_station59:train_task_support_Epoch 194/500——############################################################]
[##################################################################——local_meta_station59:train_task_query_Epoch 194/500——############################################################]
[##################################################################——local_meta_station59:train_task_support_Epoch 195/500——############################################################]
[##################################################################——local_meta_station59:train_task_query_Epoch 195/500——############################################################]
[##################################################################——local_meta_station59:train_task_support_Epoch 196/500——############################################################]
[##################################################################——local_meta_station59:train_task_query_Epoch 196/500——############################################################]
[##################################################################——local_meta_station59:train_task_support_Epoch 197/500——############################################################]
[##################################################################——local_meta_station59:train_task_query_Epoch 197/500——############################################################]
[##################################################################——local_meta_station59:train_task_support_Epoch 198/500——############################################################]
[##################################################################——local_meta_station59:train_task_query_Epoch 198/500——############################################################]
[##################################################################——local_meta_station59:train_task_support_Epoch 199/500——############################################################]
[##################################################################——local_meta_station59:train_task_query_Epoch 199/500——############################################################]
[##################################################################——local_meta_station59:train_task_support_Epoch 200/500——############################################################]
[##################################################################——local_meta_station59:train_task_query_Epoch 200/500——############################################################]
[##################################################################——local_meta_station59:train_task_support_Epoch 201/500——############################################################]
[##################################################################——local_meta_station59:train_task_query_Epoch 201/500——############################################################]
[##################################################################——local_meta_station59:train_task_support_Epoch 202/500——############################################################]
[##################################################################——local_meta_station59:train_task_query_Epoch 202/500——############################################################]
[##################################################################——local_meta_station59:train_task_support_Epoch 203/500——############################################################]
[##################################################################——local_meta_station59:train_task_query_Epoch 203/500——############################################################]
[##################################################################——local_meta_station59:train_task_support_Epoch 204/500——############################################################]
[##################################################################——local_meta_station59:train_task_query_Epoch 204/500——############################################################]
[##################################################################——local_meta_station59:train_task_support_Epoch 205/500——############################################################]
[##################################################################——local_meta_station59:train_task_query_Epoch 205/500——############################################################]
[##################################################################——local_meta_station59:train_task_support_Epoch 206/500——############################################################]
[##################################################################——local_meta_station59:train_task_query_Epoch 206/500——############################################################]
[##################################################################——local_meta_station59:train_task_support_Epoch 207/500——############################################################]
[##################################################################——local_meta_station59:train_task_query_Epoch 207/500——############################################################]
[##################################################################——local_meta_station59:train_task_support_Epoch 208/500——############################################################]
[##################################################################——local_meta_station59:train_task_query_Epoch 208/500——############################################################]
[##################################################################——local_meta_station59:train_task_support_Epoch 209/500——############################################################]
[##################################################################——local_meta_station59:train_task_query_Epoch 209/500——############################################################]
[##################################################################——local_meta_station59:train_task_support_Epoch 210/500——############################################################]
[##################################################################——local_meta_station59:train_task_query_Epoch 210/500——############################################################]
[##################################################################——local_meta_station59:train_task_support_Epoch 211/500——############################################################]
[##################################################################——local_meta_station59:train_task_query_Epoch 211/500——############################################################]
[##################################################################——local_meta_station59:train_task_support_Epoch 212/500——############################################################]
[##################################################################——local_meta_station59:train_task_query_Epoch 212/500——############################################################]
[##################################################################——local_meta_station59:train_task_support_Epoch 213/500——############################################################]
[##################################################################——local_meta_station59:train_task_query_Epoch 213/500——############################################################]
[##################################################################——local_meta_station59:train_task_support_Epoch 214/500——############################################################]
[##################################################################——local_meta_station59:train_task_query_Epoch 214/500——############################################################]
[##################################################################——local_meta_station59:train_task_support_Epoch 215/500——############################################################]
[##################################################################——local_meta_station59:train_task_query_Epoch 215/500——############################################################]
[##################################################################——local_meta_station59:train_task_support_Epoch 216/500——############################################################]
[##################################################################——local_meta_station59:train_task_query_Epoch 216/500——############################################################]
[##################################################################——local_meta_station59:train_task_support_Epoch 217/500——############################################################]
[##################################################################——local_meta_station59:train_task_query_Epoch 217/500——############################################################]
[##################################################################——local_meta_station59:train_task_support_Epoch 218/500——############################################################]
[##################################################################——local_meta_station59:train_task_query_Epoch 218/500——############################################################]
[##################################################################——local_meta_station59:train_task_support_Epoch 219/500——############################################################]
[##################################################################——local_meta_station59:train_task_query_Epoch 219/500——############################################################]
[##################################################################——local_meta_station59:train_task_support_Epoch 220/500——############################################################]
[##################################################################——local_meta_station59:train_task_query_Epoch 220/500——############################################################]
[##################################################################——local_meta_station59:train_task_support_Epoch 221/500——############################################################]
[##################################################################——local_meta_station59:train_task_query_Epoch 221/500——############################################################]
[##################################################################——local_meta_station59:train_task_support_Epoch 222/500——############################################################]
[##################################################################——local_meta_station59:train_task_query_Epoch 222/500——############################################################]
[##################################################################——local_meta_station59:train_task_support_Epoch 223/500——############################################################]
[##################################################################——local_meta_station59:train_task_query_Epoch 223/500——############################################################]
[##################################################################——local_meta_station59:train_task_support_Epoch 224/500——############################################################]
[##################################################################——local_meta_station59:train_task_query_Epoch 224/500——############################################################]
[##################################################################——local_meta_station59:train_task_support_Epoch 225/500——############################################################]
[##################################################################——local_meta_station59:train_task_query_Epoch 225/500——############################################################]
[##################################################################——local_meta_station59:train_task_support_Epoch 226/500——############################################################]
[##################################################################——local_meta_station59:train_task_query_Epoch 226/500——############################################################]
[##################################################################——local_meta_station59:train_task_support_Epoch 227/500——############################################################]
[##################################################################——local_meta_station59:train_task_query_Epoch 227/500——############################################################]
[##################################################################——local_meta_station59:train_task_support_Epoch 228/500——############################################################]
[##################################################################——local_meta_station59:train_task_query_Epoch 228/500——############################################################]
[##################################################################——local_meta_station59:train_task_support_Epoch 229/500——############################################################]
[##################################################################——local_meta_station59:train_task_query_Epoch 229/500——############################################################]
[##################################################################——local_meta_station59:train_task_support_Epoch 230/500——############################################################]
[##################################################################——local_meta_station59:train_task_query_Epoch 230/500——############################################################]
[##################################################################——local_meta_station59:train_task_support_Epoch 231/500——############################################################]
[##################################################################——local_meta_station59:train_task_query_Epoch 231/500——############################################################]
[##################################################################——local_meta_station59:train_task_support_Epoch 232/500——############################################################]
[##################################################################——local_meta_station59:train_task_query_Epoch 232/500——############################################################]
[##################################################################——local_meta_station59:train_task_support_Epoch 233/500——############################################################]
[##################################################################——local_meta_station59:train_task_query_Epoch 233/500——############################################################]
[##################################################################——local_meta_station59:train_task_support_Epoch 234/500——############################################################]
[##################################################################——local_meta_station59:train_task_query_Epoch 234/500——############################################################]
[##################################################################——local_meta_station59:train_task_support_Epoch 235/500——############################################################]
[##################################################################——local_meta_station59:train_task_query_Epoch 235/500——############################################################]
[##################################################################——local_meta_station59:train_task_support_Epoch 236/500——############################################################]
[##################################################################——local_meta_station59:train_task_query_Epoch 236/500——############################################################]
[##################################################################——local_meta_station59:train_task_support_Epoch 237/500——############################################################]
[##################################################################——local_meta_station59:train_task_query_Epoch 237/500——############################################################]
[##################################################################——local_meta_station59:train_task_support_Epoch 238/500——############################################################]
[##################################################################——local_meta_station59:train_task_query_Epoch 238/500——############################################################]
[##################################################################——local_meta_station59:train_task_support_Epoch 239/500——############################################################]
[##################################################################——local_meta_station59:train_task_query_Epoch 239/500——############################################################]
[##################################################################——local_meta_station59:train_task_support_Epoch 240/500——############################################################]
[##################################################################——local_meta_station59:train_task_query_Epoch 240/500——############################################################]
[##################################################################——local_meta_station59:train_task_support_Epoch 241/500——############################################################]
[##################################################################——local_meta_station59:train_task_query_Epoch 241/500——############################################################]
[##################################################################——local_meta_station59:train_task_support_Epoch 242/500——############################################################]
[##################################################################——local_meta_station59:train_task_query_Epoch 242/500——############################################################]
[##################################################################——local_meta_station59:train_task_support_Epoch 243/500——############################################################]
[##################################################################——local_meta_station59:train_task_query_Epoch 243/500——############################################################]
[##################################################################——local_meta_station59:train_task_support_Epoch 244/500——############################################################]
[##################################################################——local_meta_station59:train_task_query_Epoch 244/500——############################################################]
[##################################################################——local_meta_station59:train_task_support_Epoch 245/500——############################################################]
[##################################################################——local_meta_station59:train_task_query_Epoch 245/500——############################################################]
[##################################################################——local_meta_station59:train_task_support_Epoch 246/500——############################################################]
[##################################################################——local_meta_station59:train_task_query_Epoch 246/500——############################################################]
[##################################################################——local_meta_station59:train_task_support_Epoch 247/500——############################################################]
[##################################################################——local_meta_station59:train_task_query_Epoch 247/500——############################################################]
[##################################################################——local_meta_station59:train_task_support_Epoch 248/500——############################################################]
[##################################################################——local_meta_station59:train_task_query_Epoch 248/500——############################################################]
[##################################################################——local_meta_station59:train_task_support_Epoch 249/500——############################################################]
[##################################################################——local_meta_station59:train_task_query_Epoch 249/500——############################################################]
[##################################################################——local_meta_station59:train_task_support_Epoch 250/500——############################################################]
[##################################################################——local_meta_station59:train_task_query_Epoch 250/500——############################################################]
[##################################################################——local_meta_station59:train_task_support_Epoch 251/500——############################################################]
[##################################################################——local_meta_station59:train_task_query_Epoch 251/500——############################################################]
[##################################################################——local_meta_station59:train_task_support_Epoch 252/500——############################################################]
[##################################################################——local_meta_station59:train_task_query_Epoch 252/500——############################################################]
[##################################################################——local_meta_station59:train_task_support_Epoch 253/500——############################################################]
[##################################################################——local_meta_station59:train_task_query_Epoch 253/500——############################################################]
[##################################################################——local_meta_station59:train_task_support_Epoch 254/500——############################################################]
[##################################################################——local_meta_station59:train_task_query_Epoch 254/500——############################################################]
[##################################################################——local_meta_station59:train_task_support_Epoch 255/500——############################################################]
[##################################################################——local_meta_station59:train_task_query_Epoch 255/500——############################################################]
[##################################################################——local_meta_station59:train_task_support_Epoch 256/500——############################################################]
[##################################################################——local_meta_station59:train_task_query_Epoch 256/500——############################################################]
[##################################################################——local_meta_station59:train_task_support_Epoch 257/500——############################################################]
[##################################################################——local_meta_station59:train_task_query_Epoch 257/500——############################################################]
[##################################################################——local_meta_station59:train_task_support_Epoch 258/500——############################################################]
[##################################################################——local_meta_station59:train_task_query_Epoch 258/500——############################################################]
[##################################################################——local_meta_station59:train_task_support_Epoch 259/500——############################################################]
[##################################################################——local_meta_station59:train_task_query_Epoch 259/500——############################################################]
[##################################################################——local_meta_station59:train_task_support_Epoch 260/500——############################################################]
[##################################################################——local_meta_station59:train_task_query_Epoch 260/500——############################################################]
[##################################################################——local_meta_station59:train_task_support_Epoch 261/500——############################################################]
[##################################################################——local_meta_station59:train_task_query_Epoch 261/500——############################################################]
[##################################################################——local_meta_station59:train_task_support_Epoch 262/500——############################################################]
[##################################################################——local_meta_station59:train_task_query_Epoch 262/500——############################################################]
[##################################################################——local_meta_station59:train_task_support_Epoch 263/500——############################################################]
[##################################################################——local_meta_station59:train_task_query_Epoch 263/500——############################################################]
[##################################################################——local_meta_station59:train_task_support_Epoch 264/500——############################################################]
[##################################################################——local_meta_station59:train_task_query_Epoch 264/500——############################################################]
[##################################################################——local_meta_station59:train_task_support_Epoch 265/500——############################################################]
[##################################################################——local_meta_station59:train_task_query_Epoch 265/500——############################################################]
[##################################################################——local_meta_station59:train_task_support_Epoch 266/500——############################################################]
[##################################################################——local_meta_station59:train_task_query_Epoch 266/500——############################################################]
[##################################################################——local_meta_station59:train_task_support_Epoch 267/500——############################################################]
[##################################################################——local_meta_station59:train_task_query_Epoch 267/500——############################################################]
[##################################################################——local_meta_station59:train_task_support_Epoch 268/500——############################################################]
[##################################################################——local_meta_station59:train_task_query_Epoch 268/500——############################################################]
[##################################################################——local_meta_station59:train_task_support_Epoch 269/500——############################################################]
[##################################################################——local_meta_station59:train_task_query_Epoch 269/500——############################################################]
[##################################################################——local_meta_station59:train_task_support_Epoch 270/500——############################################################]
[##################################################################——local_meta_station59:train_task_query_Epoch 270/500——############################################################]
[##################################################################——local_meta_station59:train_task_support_Epoch 271/500——############################################################]
[##################################################################——local_meta_station59:train_task_query_Epoch 271/500——############################################################]
[##################################################################——local_meta_station59:train_task_support_Epoch 272/500——############################################################]
[##################################################################——local_meta_station59:train_task_query_Epoch 272/500——############################################################]
[##################################################################——local_meta_station59:train_task_support_Epoch 273/500——############################################################]
[##################################################################——local_meta_station59:train_task_query_Epoch 273/500——############################################################]
[##################################################################——local_meta_station59:train_task_support_Epoch 274/500——############################################################]
[##################################################################——local_meta_station59:train_task_query_Epoch 274/500——############################################################]
[##################################################################——local_meta_station59:train_task_support_Epoch 275/500——############################################################]
[##################################################################——local_meta_station59:train_task_query_Epoch 275/500——############################################################]
[##################################################################——local_meta_station59:train_task_support_Epoch 276/500——############################################################]
[##################################################################——local_meta_station59:train_task_query_Epoch 276/500——############################################################]
[##################################################################——local_meta_station59:train_task_support_Epoch 277/500——############################################################]
[##################################################################——local_meta_station59:train_task_query_Epoch 277/500——############################################################]
[##################################################################——local_meta_station59:train_task_support_Epoch 278/500——############################################################]
[##################################################################——local_meta_station59:train_task_query_Epoch 278/500——############################################################]
[##################################################################——local_meta_station59:train_task_support_Epoch 279/500——############################################################]
[##################################################################——local_meta_station59:train_task_query_Epoch 279/500——############################################################]
[##################################################################——local_meta_station59:train_task_support_Epoch 280/500——############################################################]
[##################################################################——local_meta_station59:train_task_query_Epoch 280/500——############################################################]
[##################################################################——local_meta_station59:train_task_support_Epoch 281/500——############################################################]
[##################################################################——local_meta_station59:train_task_query_Epoch 281/500——############################################################]
[##################################################################——local_meta_station59:train_task_support_Epoch 282/500——############################################################]
[##################################################################——local_meta_station59:train_task_query_Epoch 282/500——############################################################]
[##################################################################——local_meta_station59:train_task_support_Epoch 283/500——############################################################]
[##################################################################——local_meta_station59:train_task_query_Epoch 283/500——############################################################]
[##################################################################——local_meta_station59:train_task_support_Epoch 284/500——############################################################]
[##################################################################——local_meta_station59:train_task_query_Epoch 284/500——############################################################]
[##################################################################——local_meta_station59:train_task_support_Epoch 285/500——############################################################]
[##################################################################——local_meta_station59:train_task_query_Epoch 285/500——############################################################]
[##################################################################——local_meta_station59:train_task_support_Epoch 286/500——############################################################]
[##################################################################——local_meta_station59:train_task_query_Epoch 286/500——############################################################]
[##################################################################——local_meta_station59:train_task_support_Epoch 287/500——############################################################]
[##################################################################——local_meta_station59:train_task_query_Epoch 287/500——############################################################]
[##################################################################——local_meta_station59:train_task_support_Epoch 288/500——############################################################]
[##################################################################——local_meta_station59:train_task_query_Epoch 288/500——############################################################]
[##################################################################——local_meta_station59:train_task_support_Epoch 289/500——############################################################]
[##################################################################——local_meta_station59:train_task_query_Epoch 289/500——############################################################]
[##################################################################——local_meta_station59:train_task_support_Epoch 290/500——############################################################]
[##################################################################——local_meta_station59:train_task_query_Epoch 290/500——############################################################]
[##################################################################——local_meta_station59:train_task_support_Epoch 291/500——############################################################]
[##################################################################——local_meta_station59:train_task_query_Epoch 291/500——############################################################]
[##################################################################——local_meta_station59:train_task_support_Epoch 292/500——############################################################]
[##################################################################——local_meta_station59:train_task_query_Epoch 292/500——############################################################]
[##################################################################——local_meta_station59:train_task_support_Epoch 293/500——############################################################]
[##################################################################——local_meta_station59:train_task_query_Epoch 293/500——############################################################]
[##################################################################——local_meta_station59:train_task_support_Epoch 294/500——############################################################]
[##################################################################——local_meta_station59:train_task_query_Epoch 294/500——############################################################]
[##################################################################——local_meta_station59:train_task_support_Epoch 295/500——############################################################]
[##################################################################——local_meta_station59:train_task_query_Epoch 295/500——############################################################]
[##################################################################——local_meta_station59:train_task_support_Epoch 296/500——############################################################]
[##################################################################——local_meta_station59:train_task_query_Epoch 296/500——############################################################]
[##################################################################——local_meta_station59:train_task_support_Epoch 297/500——############################################################]
[##################################################################——local_meta_station59:train_task_query_Epoch 297/500——############################################################]
[##################################################################——local_meta_station59:train_task_support_Epoch 298/500——############################################################]
[##################################################################——local_meta_station59:train_task_query_Epoch 298/500——############################################################]
[##################################################################——local_meta_station59:train_task_support_Epoch 299/500——############################################################]
[##################################################################——local_meta_station59:train_task_query_Epoch 299/500——############################################################]
[##################################################################——local_meta_station59:train_task_support_Epoch 300/500——############################################################]
[##################################################################——local_meta_station59:train_task_query_Epoch 300/500——############################################################]
[##################################################################——local_meta_station59:train_task_support_Epoch 301/500——############################################################]
[##################################################################——local_meta_station59:train_task_query_Epoch 301/500——############################################################]
[##################################################################——local_meta_station59:train_task_support_Epoch 302/500——############################################################]
[##################################################################——local_meta_station59:train_task_query_Epoch 302/500——############################################################]
[##################################################################——local_meta_station59:train_task_support_Epoch 303/500——############################################################]
[##################################################################——local_meta_station59:train_task_query_Epoch 303/500——############################################################]
[##################################################################——local_meta_station59:train_task_support_Epoch 304/500——############################################################]
[##################################################################——local_meta_station59:train_task_query_Epoch 304/500——############################################################]
[##################################################################——local_meta_station59:train_task_support_Epoch 305/500——############################################################]
[##################################################################——local_meta_station59:train_task_query_Epoch 305/500——############################################################]
[##################################################################——local_meta_station59:train_task_support_Epoch 306/500——############################################################]
[##################################################################——local_meta_station59:train_task_query_Epoch 306/500——############################################################]
[##################################################################——local_meta_station59:train_task_support_Epoch 307/500——############################################################]
[##################################################################——local_meta_station59:train_task_query_Epoch 307/500——############################################################]
[##################################################################——local_meta_station59:train_task_support_Epoch 308/500——############################################################]
[##################################################################——local_meta_station59:train_task_query_Epoch 308/500——############################################################]
[##################################################################——local_meta_station59:train_task_support_Epoch 309/500——############################################################]
[##################################################################——local_meta_station59:train_task_query_Epoch 309/500——############################################################]
[##################################################################——local_meta_station59:train_task_support_Epoch 310/500——############################################################]
[##################################################################——local_meta_station59:train_task_query_Epoch 310/500——############################################################]
[##################################################################——local_meta_station59:train_task_support_Epoch 311/500——############################################################]
[##################################################################——local_meta_station59:train_task_query_Epoch 311/500——############################################################]
[##################################################################——local_meta_station59:train_task_support_Epoch 312/500——############################################################]
[##################################################################——local_meta_station59:train_task_query_Epoch 312/500——############################################################]
[##################################################################——local_meta_station59:train_task_support_Epoch 313/500——############################################################]
[##################################################################——local_meta_station59:train_task_query_Epoch 313/500——############################################################]
[##################################################################——local_meta_station59:train_task_support_Epoch 314/500——############################################################]
[##################################################################——local_meta_station59:train_task_query_Epoch 314/500——############################################################]
[##################################################################——local_meta_station59:train_task_support_Epoch 315/500——############################################################]
[##################################################################——local_meta_station59:train_task_query_Epoch 315/500——############################################################]
[##################################################################——local_meta_station59:train_task_support_Epoch 316/500——############################################################]
[##################################################################——local_meta_station59:train_task_query_Epoch 316/500——############################################################]
[##################################################################——local_meta_station59:train_task_support_Epoch 317/500——############################################################]
[##################################################################——local_meta_station59:train_task_query_Epoch 317/500——############################################################]
[##################################################################——local_meta_station59:train_task_support_Epoch 318/500——############################################################]
[##################################################################——local_meta_station59:train_task_query_Epoch 318/500——############################################################]
[##################################################################——local_meta_station59:train_task_support_Epoch 319/500——############################################################]
[##################################################################——local_meta_station59:train_task_query_Epoch 319/500——############################################################]
[##################################################################——local_meta_station59:train_task_support_Epoch 320/500——############################################################]
[##################################################################——local_meta_station59:train_task_query_Epoch 320/500——############################################################]
[##################################################################——local_meta_station59:train_task_support_Epoch 321/500——############################################################]
[##################################################################——local_meta_station59:train_task_query_Epoch 321/500——############################################################]
[##################################################################——local_meta_station59:train_task_support_Epoch 322/500——############################################################]
[##################################################################——local_meta_station59:train_task_query_Epoch 322/500——############################################################]
[##################################################################——local_meta_station59:train_task_support_Epoch 323/500——############################################################]
[##################################################################——local_meta_station59:train_task_query_Epoch 323/500——############################################################]
[##################################################################——local_meta_station59:train_task_support_Epoch 324/500——############################################################]
[##################################################################——local_meta_station59:train_task_query_Epoch 324/500——############################################################]
[##################################################################——local_meta_station59:train_task_support_Epoch 325/500——############################################################]
[##################################################################——local_meta_station59:train_task_query_Epoch 325/500——############################################################]
[##################################################################——local_meta_station59:train_task_support_Epoch 326/500——############################################################]
[##################################################################——local_meta_station59:train_task_query_Epoch 326/500——############################################################]
[##################################################################——local_meta_station59:train_task_support_Epoch 327/500——############################################################]
[##################################################################——local_meta_station59:train_task_query_Epoch 327/500——############################################################]
[##################################################################——local_meta_station59:train_task_support_Epoch 328/500——############################################################]
[##################################################################——local_meta_station59:train_task_query_Epoch 328/500——############################################################]
[##################################################################——local_meta_station59:train_task_support_Epoch 329/500——############################################################]
[##################################################################——local_meta_station59:train_task_query_Epoch 329/500——############################################################]
[##################################################################——local_meta_station59:train_task_support_Epoch 330/500——############################################################]
[##################################################################——local_meta_station59:train_task_query_Epoch 330/500——############################################################]
[##################################################################——local_meta_station59:train_task_support_Epoch 331/500——############################################################]
[##################################################################——local_meta_station59:train_task_query_Epoch 331/500——############################################################]
[##################################################################——local_meta_station59:train_task_support_Epoch 332/500——############################################################]
[##################################################################——local_meta_station59:train_task_query_Epoch 332/500——############################################################]
[##################################################################——local_meta_station59:train_task_support_Epoch 333/500——############################################################]
[##################################################################——local_meta_station59:train_task_query_Epoch 333/500——############################################################]
[##################################################################——local_meta_station59:train_task_support_Epoch 334/500——############################################################]
[##################################################################——local_meta_station59:train_task_query_Epoch 334/500——############################################################]
[##################################################################——local_meta_station59:train_task_support_Epoch 335/500——############################################################]
[##################################################################——local_meta_station59:train_task_query_Epoch 335/500——############################################################]
[##################################################################——local_meta_station59:train_task_support_Epoch 336/500——############################################################]
[##################################################################——local_meta_station59:train_task_query_Epoch 336/500——############################################################]
[##################################################################——local_meta_station59:train_task_support_Epoch 337/500——############################################################]
[##################################################################——local_meta_station59:train_task_query_Epoch 337/500——############################################################]
[##################################################################——local_meta_station59:train_task_support_Epoch 338/500——############################################################]
[##################################################################——local_meta_station59:train_task_query_Epoch 338/500——############################################################]
[##################################################################——local_meta_station59:train_task_support_Epoch 339/500——############################################################]
[##################################################################——local_meta_station59:train_task_query_Epoch 339/500——############################################################]
[##################################################################——local_meta_station59:train_task_support_Epoch 340/500——############################################################]
[##################################################################——local_meta_station59:train_task_query_Epoch 340/500——############################################################]
[##################################################################——local_meta_station59:train_task_support_Epoch 341/500——############################################################]
[##################################################################——local_meta_station59:train_task_query_Epoch 341/500——############################################################]
[##################################################################——local_meta_station59:train_task_support_Epoch 342/500——############################################################]
[##################################################################——local_meta_station59:train_task_query_Epoch 342/500——############################################################]
[##################################################################——local_meta_station59:train_task_support_Epoch 343/500——############################################################]
[##################################################################——local_meta_station59:train_task_query_Epoch 343/500——############################################################]
[##################################################################——local_meta_station59:train_task_support_Epoch 344/500——############################################################]
[##################################################################——local_meta_station59:train_task_query_Epoch 344/500——############################################################]
[##################################################################——local_meta_station59:train_task_support_Epoch 345/500——############################################################]
[##################################################################——local_meta_station59:train_task_query_Epoch 345/500——############################################################]
[##################################################################——local_meta_station59:train_task_support_Epoch 346/500——############################################################]
[##################################################################——local_meta_station59:train_task_query_Epoch 346/500——############################################################]
[##################################################################——local_meta_station59:train_task_support_Epoch 347/500——############################################################]
[##################################################################——local_meta_station59:train_task_query_Epoch 347/500——############################################################]
[##################################################################——local_meta_station59:train_task_support_Epoch 348/500——############################################################]
[##################################################################——local_meta_station59:train_task_query_Epoch 348/500——############################################################]
[##################################################################——local_meta_station59:train_task_support_Epoch 349/500——############################################################]
[##################################################################——local_meta_station59:train_task_query_Epoch 349/500——############################################################]
[##################################################################——local_meta_station59:train_task_support_Epoch 350/500——############################################################]
[##################################################################——local_meta_station59:train_task_query_Epoch 350/500——############################################################]
[##################################################################——local_meta_station59:train_task_support_Epoch 351/500——############################################################]
[##################################################################——local_meta_station59:train_task_query_Epoch 351/500——############################################################]
[##################################################################——local_meta_station59:train_task_support_Epoch 352/500——############################################################]
[##################################################################——local_meta_station59:train_task_query_Epoch 352/500——############################################################]
[##################################################################——local_meta_station59:train_task_support_Epoch 353/500——############################################################]
[##################################################################——local_meta_station59:train_task_query_Epoch 353/500——############################################################]
[##################################################################——local_meta_station59:train_task_support_Epoch 354/500——############################################################]
[##################################################################——local_meta_station59:train_task_query_Epoch 354/500——############################################################]
[##################################################################——local_meta_station59:train_task_support_Epoch 355/500——############################################################]
[##################################################################——local_meta_station59:train_task_query_Epoch 355/500——############################################################]
[##################################################################——local_meta_station59:train_task_support_Epoch 356/500——############################################################]
[##################################################################——local_meta_station59:train_task_query_Epoch 356/500——############################################################]
[##################################################################——local_meta_station59:train_task_support_Epoch 357/500——############################################################]
[##################################################################——local_meta_station59:train_task_query_Epoch 357/500——############################################################]
[##################################################################——local_meta_station59:train_task_support_Epoch 358/500——############################################################]
[##################################################################——local_meta_station59:train_task_query_Epoch 358/500——############################################################]
[##################################################################——local_meta_station59:train_task_support_Epoch 359/500——############################################################]
[##################################################################——local_meta_station59:train_task_query_Epoch 359/500——############################################################]
[##################################################################——local_meta_station59:train_task_support_Epoch 360/500——############################################################]
[##################################################################——local_meta_station59:train_task_query_Epoch 360/500——############################################################]
[##################################################################——local_meta_station59:train_task_support_Epoch 361/500——############################################################]
[##################################################################——local_meta_station59:train_task_query_Epoch 361/500——############################################################]
[##################################################################——local_meta_station59:train_task_support_Epoch 362/500——############################################################]
[##################################################################——local_meta_station59:train_task_query_Epoch 362/500——############################################################]
[##################################################################——local_meta_station59:train_task_support_Epoch 363/500——############################################################]
[##################################################################——local_meta_station59:train_task_query_Epoch 363/500——############################################################]
[##################################################################——local_meta_station59:train_task_support_Epoch 364/500——############################################################]
[##################################################################——local_meta_station59:train_task_query_Epoch 364/500——############################################################]
[##################################################################——local_meta_station59:train_task_support_Epoch 365/500——############################################################]
[##################################################################——local_meta_station59:train_task_query_Epoch 365/500——############################################################]
[##################################################################——local_meta_station59:train_task_support_Epoch 366/500——############################################################]
[##################################################################——local_meta_station59:train_task_query_Epoch 366/500——############################################################]
[##################################################################——local_meta_station59:train_task_support_Epoch 367/500——############################################################]
[##################################################################——local_meta_station59:train_task_query_Epoch 367/500——############################################################]
[##################################################################——local_meta_station59:train_task_support_Epoch 368/500——############################################################]
[##################################################################——local_meta_station59:train_task_query_Epoch 368/500——############################################################]
[##################################################################——local_meta_station59:train_task_support_Epoch 369/500——############################################################]
[##################################################################——local_meta_station59:train_task_query_Epoch 369/500——############################################################]
[##################################################################——local_meta_station59:train_task_support_Epoch 370/500——############################################################]
[##################################################################——local_meta_station59:train_task_query_Epoch 370/500——############################################################]
[##################################################################——local_meta_station59:train_task_support_Epoch 371/500——############################################################]
[##################################################################——local_meta_station59:train_task_query_Epoch 371/500——############################################################]
[##################################################################——local_meta_station59:train_task_support_Epoch 372/500——############################################################]
[##################################################################——local_meta_station59:train_task_query_Epoch 372/500——############################################################]
[##################################################################——local_meta_station59:train_task_support_Epoch 373/500——############################################################]
[##################################################################——local_meta_station59:train_task_query_Epoch 373/500——############################################################]
[##################################################################——local_meta_station59:train_task_support_Epoch 374/500——############################################################]
[##################################################################——local_meta_station59:train_task_query_Epoch 374/500——############################################################]
[##################################################################——local_meta_station59:train_task_support_Epoch 375/500——############################################################]
[##################################################################——local_meta_station59:train_task_query_Epoch 375/500——############################################################]
[##################################################################——local_meta_station59:train_task_support_Epoch 376/500——############################################################]
[##################################################################——local_meta_station59:train_task_query_Epoch 376/500——############################################################]
[##################################################################——local_meta_station59:train_task_support_Epoch 377/500——############################################################]
[##################################################################——local_meta_station59:train_task_query_Epoch 377/500——############################################################]
[##################################################################——local_meta_station59:train_task_support_Epoch 378/500——############################################################]
[##################################################################——local_meta_station59:train_task_query_Epoch 378/500——############################################################]
[##################################################################——local_meta_station59:train_task_support_Epoch 379/500——############################################################]
[##################################################################——local_meta_station59:train_task_query_Epoch 379/500——############################################################]
[##################################################################——local_meta_station59:train_task_support_Epoch 380/500——############################################################]
[##################################################################——local_meta_station59:train_task_query_Epoch 380/500——############################################################]
[##################################################################——local_meta_station59:train_task_support_Epoch 381/500——############################################################]
[##################################################################——local_meta_station59:train_task_query_Epoch 381/500——############################################################]
[##################################################################——local_meta_station59:train_task_support_Epoch 382/500——############################################################]
[##################################################################——local_meta_station59:train_task_query_Epoch 382/500——############################################################]
[##################################################################——local_meta_station59:train_task_support_Epoch 383/500——############################################################]
[##################################################################——local_meta_station59:train_task_query_Epoch 383/500——############################################################]
[##################################################################——local_meta_station59:train_task_support_Epoch 384/500——############################################################]
[##################################################################——local_meta_station59:train_task_query_Epoch 384/500——############################################################]
[##################################################################——local_meta_station59:train_task_support_Epoch 385/500——############################################################]
[##################################################################——local_meta_station59:train_task_query_Epoch 385/500——############################################################]
[##################################################################——local_meta_station59:train_task_support_Epoch 386/500——############################################################]
[##################################################################——local_meta_station59:train_task_query_Epoch 386/500——############################################################]
[##################################################################——local_meta_station59:train_task_support_Epoch 387/500——############################################################]
[##################################################################——local_meta_station59:train_task_query_Epoch 387/500——############################################################]
[##################################################################——local_meta_station59:train_task_support_Epoch 388/500——############################################################]
[##################################################################——local_meta_station59:train_task_query_Epoch 388/500——############################################################]
[##################################################################——local_meta_station59:train_task_support_Epoch 389/500——############################################################]
[##################################################################——local_meta_station59:train_task_query_Epoch 389/500——############################################################]
[##################################################################——local_meta_station59:train_task_support_Epoch 390/500——############################################################]
[##################################################################——local_meta_station59:train_task_query_Epoch 390/500——############################################################]
[##################################################################——local_meta_station59:train_task_support_Epoch 391/500——############################################################]
[##################################################################——local_meta_station59:train_task_query_Epoch 391/500——############################################################]
[##################################################################——local_meta_station59:train_task_support_Epoch 392/500——############################################################]
[##################################################################——local_meta_station59:train_task_query_Epoch 392/500——############################################################]
[##################################################################——local_meta_station59:train_task_support_Epoch 393/500——############################################################]
[##################################################################——local_meta_station59:train_task_query_Epoch 393/500——############################################################]
[##################################################################——local_meta_station59:train_task_support_Epoch 394/500——############################################################]
[##################################################################——local_meta_station59:train_task_query_Epoch 394/500——############################################################]
[##################################################################——local_meta_station59:train_task_support_Epoch 395/500——############################################################]
[##################################################################——local_meta_station59:train_task_query_Epoch 395/500——############################################################]
[##################################################################——local_meta_station59:train_task_support_Epoch 396/500——############################################################]
[##################################################################——local_meta_station59:train_task_query_Epoch 396/500——############################################################]
[##################################################################——local_meta_station59:train_task_support_Epoch 397/500——############################################################]
[##################################################################——local_meta_station59:train_task_query_Epoch 397/500——############################################################]
[##################################################################——local_meta_station59:train_task_support_Epoch 398/500——############################################################]
[##################################################################——local_meta_station59:train_task_query_Epoch 398/500——############################################################]
[##################################################################——local_meta_station59:train_task_support_Epoch 399/500——############################################################]
[##################################################################——local_meta_station59:train_task_query_Epoch 399/500——############################################################]
[##################################################################——local_meta_station59:train_task_support_Epoch 400/500——############################################################]
[##################################################################——local_meta_station59:train_task_query_Epoch 400/500——############################################################]
[##################################################################——local_meta_station59:train_task_support_Epoch 401/500——############################################################]
[##################################################################——local_meta_station59:train_task_query_Epoch 401/500——############################################################]
[##################################################################——local_meta_station59:train_task_support_Epoch 402/500——############################################################]
[##################################################################——local_meta_station59:train_task_query_Epoch 402/500——############################################################]
[##################################################################——local_meta_station59:train_task_support_Epoch 403/500——############################################################]
[##################################################################——local_meta_station59:train_task_query_Epoch 403/500——############################################################]
[##################################################################——local_meta_station59:train_task_support_Epoch 404/500——############################################################]
[##################################################################——local_meta_station59:train_task_query_Epoch 404/500——############################################################]
[##################################################################——local_meta_station59:train_task_support_Epoch 405/500——############################################################]
[##################################################################——local_meta_station59:train_task_query_Epoch 405/500——############################################################]
[##################################################################——local_meta_station59:train_task_support_Epoch 406/500——############################################################]
[##################################################################——local_meta_station59:train_task_query_Epoch 406/500——############################################################]
[##################################################################——local_meta_station59:train_task_support_Epoch 407/500——############################################################]
[##################################################################——local_meta_station59:train_task_query_Epoch 407/500——############################################################]
[##################################################################——local_meta_station59:train_task_support_Epoch 408/500——############################################################]
[##################################################################——local_meta_station59:train_task_query_Epoch 408/500——############################################################]
[##################################################################——local_meta_station59:train_task_support_Epoch 409/500——############################################################]
[##################################################################——local_meta_station59:train_task_query_Epoch 409/500——############################################################]
[##################################################################——local_meta_station59:train_task_support_Epoch 410/500——############################################################]
[##################################################################——local_meta_station59:train_task_query_Epoch 410/500——############################################################]
[##################################################################——local_meta_station59:train_task_support_Epoch 411/500——############################################################]
[##################################################################——local_meta_station59:train_task_query_Epoch 411/500——############################################################]
[##################################################################——local_meta_station59:train_task_support_Epoch 412/500——############################################################]
[##################################################################——local_meta_station59:train_task_query_Epoch 412/500——############################################################]
[##################################################################——local_meta_station59:train_task_support_Epoch 413/500——############################################################]
[##################################################################——local_meta_station59:train_task_query_Epoch 413/500——############################################################]
[##################################################################——local_meta_station59:train_task_support_Epoch 414/500——############################################################]
[##################################################################——local_meta_station59:train_task_query_Epoch 414/500——############################################################]
[##################################################################——local_meta_station59:train_task_support_Epoch 415/500——############################################################]
[##################################################################——local_meta_station59:train_task_query_Epoch 415/500——############################################################]
[##################################################################——local_meta_station59:train_task_support_Epoch 416/500——############################################################]
[##################################################################——local_meta_station59:train_task_query_Epoch 416/500——############################################################]
[##################################################################——local_meta_station59:train_task_support_Epoch 417/500——############################################################]
[##################################################################——local_meta_station59:train_task_query_Epoch 417/500——############################################################]
[##################################################################——local_meta_station59:train_task_support_Epoch 418/500——############################################################]
[##################################################################——local_meta_station59:train_task_query_Epoch 418/500——############################################################]
[##################################################################——local_meta_station59:train_task_support_Epoch 419/500——############################################################]
[##################################################################——local_meta_station59:train_task_query_Epoch 419/500——############################################################]
[##################################################################——local_meta_station59:train_task_support_Epoch 420/500——############################################################]
[##################################################################——local_meta_station59:train_task_query_Epoch 420/500——############################################################]
[##################################################################——local_meta_station59:train_task_support_Epoch 421/500——############################################################]
[##################################################################——local_meta_station59:train_task_query_Epoch 421/500——############################################################]
[##################################################################——local_meta_station59:train_task_support_Epoch 422/500——############################################################]
[##################################################################——local_meta_station59:train_task_query_Epoch 422/500——############################################################]
[##################################################################——local_meta_station59:train_task_support_Epoch 423/500——############################################################]
[##################################################################——local_meta_station59:train_task_query_Epoch 423/500——############################################################]
[##################################################################——local_meta_station59:train_task_support_Epoch 424/500——############################################################]
[##################################################################——local_meta_station59:train_task_query_Epoch 424/500——############################################################]
[##################################################################——local_meta_station59:train_task_support_Epoch 425/500——############################################################]
[##################################################################——local_meta_station59:train_task_query_Epoch 425/500——############################################################]
[##################################################################——local_meta_station59:train_task_support_Epoch 426/500——############################################################]
[##################################################################——local_meta_station59:train_task_query_Epoch 426/500——############################################################]
[##################################################################——local_meta_station59:train_task_support_Epoch 427/500——############################################################]
[##################################################################——local_meta_station59:train_task_query_Epoch 427/500——############################################################]
[##################################################################——local_meta_station59:train_task_support_Epoch 428/500——############################################################]
[##################################################################——local_meta_station59:train_task_query_Epoch 428/500——############################################################]
[##################################################################——local_meta_station59:train_task_support_Epoch 429/500——############################################################]
[##################################################################——local_meta_station59:train_task_query_Epoch 429/500——############################################################]
[##################################################################——local_meta_station59:train_task_support_Epoch 430/500——############################################################]
[##################################################################——local_meta_station59:train_task_query_Epoch 430/500——############################################################]
[##################################################################——local_meta_station59:train_task_support_Epoch 431/500——############################################################]
[##################################################################——local_meta_station59:train_task_query_Epoch 431/500——############################################################]
[##################################################################——local_meta_station59:train_task_support_Epoch 432/500——############################################################]
[##################################################################——local_meta_station59:train_task_query_Epoch 432/500——############################################################]
[##################################################################——local_meta_station59:train_task_support_Epoch 433/500——############################################################]
[##################################################################——local_meta_station59:train_task_query_Epoch 433/500——############################################################]
[##################################################################——local_meta_station59:train_task_support_Epoch 434/500——############################################################]
[##################################################################——local_meta_station59:train_task_query_Epoch 434/500——############################################################]
[##################################################################——local_meta_station59:train_task_support_Epoch 435/500——############################################################]
[##################################################################——local_meta_station59:train_task_query_Epoch 435/500——############################################################]
[##################################################################——local_meta_station59:train_task_support_Epoch 436/500——############################################################]
[##################################################################——local_meta_station59:train_task_query_Epoch 436/500——############################################################]
[##################################################################——local_meta_station59:train_task_support_Epoch 437/500——############################################################]
[##################################################################——local_meta_station59:train_task_query_Epoch 437/500——############################################################]
[##################################################################——local_meta_station59:train_task_support_Epoch 438/500——############################################################]
[##################################################################——local_meta_station59:train_task_query_Epoch 438/500——############################################################]
[##################################################################——local_meta_station59:train_task_support_Epoch 439/500——############################################################]
[##################################################################——local_meta_station59:train_task_query_Epoch 439/500——############################################################]
[##################################################################——local_meta_station59:train_task_support_Epoch 440/500——############################################################]
[##################################################################——local_meta_station59:train_task_query_Epoch 440/500——############################################################]
[##################################################################——local_meta_station59:train_task_support_Epoch 441/500——############################################################]
[##################################################################——local_meta_station59:train_task_query_Epoch 441/500——############################################################]
[##################################################################——local_meta_station59:train_task_support_Epoch 442/500——############################################################]
[##################################################################——local_meta_station59:train_task_query_Epoch 442/500——############################################################]
[##################################################################——local_meta_station59:train_task_support_Epoch 443/500——############################################################]
[##################################################################——local_meta_station59:train_task_query_Epoch 443/500——############################################################]
[##################################################################——local_meta_station59:train_task_support_Epoch 444/500——############################################################]
[##################################################################——local_meta_station59:train_task_query_Epoch 444/500——############################################################]
[##################################################################——local_meta_station59:train_task_support_Epoch 445/500——############################################################]
[##################################################################——local_meta_station59:train_task_query_Epoch 445/500——############################################################]
[##################################################################——local_meta_station59:train_task_support_Epoch 446/500——############################################################]
[##################################################################——local_meta_station59:train_task_query_Epoch 446/500——############################################################]
[##################################################################——local_meta_station59:train_task_support_Epoch 447/500——############################################################]
[##################################################################——local_meta_station59:train_task_query_Epoch 447/500——############################################################]
[##################################################################——local_meta_station59:train_task_support_Epoch 448/500——############################################################]
[##################################################################——local_meta_station59:train_task_query_Epoch 448/500——############################################################]
[##################################################################——local_meta_station59:train_task_support_Epoch 449/500——############################################################]
[##################################################################——local_meta_station59:train_task_query_Epoch 449/500——############################################################]
[##################################################################——local_meta_station59:train_task_support_Epoch 450/500——############################################################]
[##################################################################——local_meta_station59:train_task_query_Epoch 450/500——############################################################]
[##################################################################——local_meta_station59:train_task_support_Epoch 451/500——############################################################]
[##################################################################——local_meta_station59:train_task_query_Epoch 451/500——############################################################]
[##################################################################——local_meta_station59:train_task_support_Epoch 452/500——############################################################]
[##################################################################——local_meta_station59:train_task_query_Epoch 452/500——############################################################]
[##################################################################——local_meta_station59:train_task_support_Epoch 453/500——############################################################]
[##################################################################——local_meta_station59:train_task_query_Epoch 453/500——############################################################]
[##################################################################——local_meta_station59:train_task_support_Epoch 454/500——############################################################]
[##################################################################——local_meta_station59:train_task_query_Epoch 454/500——############################################################]
[##################################################################——local_meta_station59:train_task_support_Epoch 455/500——############################################################]
[##################################################################——local_meta_station59:train_task_query_Epoch 455/500——############################################################]
[##################################################################——local_meta_station59:train_task_support_Epoch 456/500——############################################################]
[##################################################################——local_meta_station59:train_task_query_Epoch 456/500——############################################################]
[##################################################################——local_meta_station59:train_task_support_Epoch 457/500——############################################################]
[##################################################################——local_meta_station59:train_task_query_Epoch 457/500——############################################################]
[##################################################################——local_meta_station59:train_task_support_Epoch 458/500——############################################################]
[##################################################################——local_meta_station59:train_task_query_Epoch 458/500——############################################################]
[##################################################################——local_meta_station59:train_task_support_Epoch 459/500——############################################################]
[##################################################################——local_meta_station59:train_task_query_Epoch 459/500——############################################################]
[##################################################################——local_meta_station59:train_task_support_Epoch 460/500——############################################################]
[##################################################################——local_meta_station59:train_task_query_Epoch 460/500——############################################################]
[##################################################################——local_meta_station59:train_task_support_Epoch 461/500——############################################################]
[##################################################################——local_meta_station59:train_task_query_Epoch 461/500——############################################################]
[##################################################################——local_meta_station59:train_task_support_Epoch 462/500——############################################################]
[##################################################################——local_meta_station59:train_task_query_Epoch 462/500——############################################################]
[##################################################################——local_meta_station59:train_task_support_Epoch 463/500——############################################################]
[##################################################################——local_meta_station59:train_task_query_Epoch 463/500——############################################################]
[##################################################################——local_meta_station59:train_task_support_Epoch 464/500——############################################################]
[##################################################################——local_meta_station59:train_task_query_Epoch 464/500——############################################################]
[##################################################################——local_meta_station59:train_task_support_Epoch 465/500——############################################################]
[##################################################################——local_meta_station59:train_task_query_Epoch 465/500——############################################################]
[##################################################################——local_meta_station59:train_task_support_Epoch 466/500——############################################################]
[##################################################################——local_meta_station59:train_task_query_Epoch 466/500——############################################################]
[##################################################################——local_meta_station59:train_task_support_Epoch 467/500——############################################################]
[##################################################################——local_meta_station59:train_task_query_Epoch 467/500——############################################################]
[##################################################################——local_meta_station59:train_task_support_Epoch 468/500——############################################################]
[##################################################################——local_meta_station59:train_task_query_Epoch 468/500——############################################################]
[##################################################################——local_meta_station59:train_task_support_Epoch 469/500——############################################################]
[##################################################################——local_meta_station59:train_task_query_Epoch 469/500——############################################################]
[##################################################################——local_meta_station59:train_task_support_Epoch 470/500——############################################################]
[##################################################################——local_meta_station59:train_task_query_Epoch 470/500——############################################################]
[##################################################################——local_meta_station59:train_task_support_Epoch 471/500——############################################################]
[##################################################################——local_meta_station59:train_task_query_Epoch 471/500——############################################################]
[##################################################################——local_meta_station59:train_task_support_Epoch 472/500——############################################################]
[##################################################################——local_meta_station59:train_task_query_Epoch 472/500——############################################################]
[##################################################################——local_meta_station59:train_task_support_Epoch 473/500——############################################################]
[##################################################################——local_meta_station59:train_task_query_Epoch 473/500——############################################################]
[##################################################################——local_meta_station59:train_task_support_Epoch 474/500——############################################################]
[##################################################################——local_meta_station59:train_task_query_Epoch 474/500——############################################################]
[##################################################################——local_meta_station59:train_task_support_Epoch 475/500——############################################################]
[##################################################################——local_meta_station59:train_task_query_Epoch 475/500——############################################################]
[##################################################################——local_meta_station59:train_task_support_Epoch 476/500——############################################################]
[##################################################################——local_meta_station59:train_task_query_Epoch 476/500——############################################################]
[##################################################################——local_meta_station59:train_task_support_Epoch 477/500——############################################################]
[##################################################################——local_meta_station59:train_task_query_Epoch 477/500——############################################################]
[##################################################################——local_meta_station59:train_task_support_Epoch 478/500——############################################################]
[##################################################################——local_meta_station59:train_task_query_Epoch 478/500——############################################################]
[##################################################################——local_meta_station59:train_task_support_Epoch 479/500——############################################################]
[##################################################################——local_meta_station59:train_task_query_Epoch 479/500——############################################################]
[##################################################################——local_meta_station59:train_task_support_Epoch 480/500——############################################################]
[##################################################################——local_meta_station59:train_task_query_Epoch 480/500——############################################################]
[##################################################################——local_meta_station59:train_task_support_Epoch 481/500——############################################################]
[##################################################################——local_meta_station59:train_task_query_Epoch 481/500——############################################################]
[##################################################################——local_meta_station59:train_task_support_Epoch 482/500——############################################################]
[##################################################################——local_meta_station59:train_task_query_Epoch 482/500——############################################################]
[##################################################################——local_meta_station59:train_task_support_Epoch 483/500——############################################################]
[##################################################################——local_meta_station59:train_task_query_Epoch 483/500——############################################################]
[##################################################################——local_meta_station59:train_task_support_Epoch 484/500——############################################################]
[##################################################################——local_meta_station59:train_task_query_Epoch 484/500——############################################################]
[##################################################################——local_meta_station59:train_task_support_Epoch 485/500——############################################################]
[##################################################################——local_meta_station59:train_task_query_Epoch 485/500——############################################################]
[##################################################################——local_meta_station59:train_task_support_Epoch 486/500——############################################################]
[##################################################################——local_meta_station59:train_task_query_Epoch 486/500——############################################################]
[##################################################################——local_meta_station59:train_task_support_Epoch 487/500——############################################################]
[##################################################################——local_meta_station59:train_task_query_Epoch 487/500——############################################################]
[##################################################################——local_meta_station59:train_task_support_Epoch 488/500——############################################################]
[##################################################################——local_meta_station59:train_task_query_Epoch 488/500——############################################################]
[##################################################################——local_meta_station59:train_task_support_Epoch 489/500——############################################################]
[##################################################################——local_meta_station59:train_task_query_Epoch 489/500——############################################################]
[##################################################################——local_meta_station59:train_task_support_Epoch 490/500——############################################################]
[##################################################################——local_meta_station59:train_task_query_Epoch 490/500——############################################################]
[##################################################################——local_meta_station59:train_task_support_Epoch 491/500——############################################################]
[##################################################################——local_meta_station59:train_task_query_Epoch 491/500——############################################################]
[##################################################################——local_meta_station59:train_task_support_Epoch 492/500——############################################################]
[##################################################################——local_meta_station59:train_task_query_Epoch 492/500——############################################################]
[##################################################################——local_meta_station59:train_task_support_Epoch 493/500——############################################################]
[##################################################################——local_meta_station59:train_task_query_Epoch 493/500——############################################################]
[##################################################################——local_meta_station59:train_task_support_Epoch 494/500——############################################################]
[##################################################################——local_meta_station59:train_task_query_Epoch 494/500——############################################################]
[##################################################################——local_meta_station59:train_task_support_Epoch 495/500——############################################################]
[##################################################################——local_meta_station59:train_task_query_Epoch 495/500——############################################################]
[##################################################################——local_meta_station59:train_task_support_Epoch 496/500——############################################################]
[##################################################################——local_meta_station59:train_task_query_Epoch 496/500——############################################################]
[##################################################################——local_meta_station59:train_task_support_Epoch 497/500——############################################################]
[##################################################################——local_meta_station59:train_task_query_Epoch 497/500——############################################################]
[##################################################################——local_meta_station59:train_task_support_Epoch 498/500——############################################################]
[##################################################################——local_meta_station59:train_task_query_Epoch 498/500——############################################################]
[##################################################################——local_meta_station59:train_task_support_Epoch 499/500——############################################################]
[##################################################################——local_meta_station59:train_task_query_Epoch 499/500——############################################################]
✓ 元训练完成: model_fore_train_task_query_local_meta_station59.pth

======================================================================
开始本地元训练: station 60
======================================================================

======================================================================
开始元训练: local_meta_station60
  use_cdrm=True, train_all_params=False, disable_lwp=False
  tasks_per_epoch=5, task_pool=10 (1 stations: 60)
======================================================================
[##################################################################——local_meta_station60:train_task_support_Epoch 0/500——############################################################]
[##################################################################——local_meta_station60:train_task_query_Epoch 0/500——############################################################]
[##################################################################——local_meta_station60:train_task_support_Epoch 1/500——############################################################]
[##################################################################——local_meta_station60:train_task_query_Epoch 1/500——############################################################]
[##################################################################——local_meta_station60:train_task_support_Epoch 2/500——############################################################]
[##################################################################——local_meta_station60:train_task_query_Epoch 2/500——############################################################]
[##################################################################——local_meta_station60:train_task_support_Epoch 3/500——############################################################]
[##################################################################——local_meta_station60:train_task_query_Epoch 3/500——############################################################]
[##################################################################——local_meta_station60:train_task_support_Epoch 4/500——############################################################]
[##################################################################——local_meta_station60:train_task_query_Epoch 4/500——############################################################]
[##################################################################——local_meta_station60:train_task_support_Epoch 5/500——############################################################]
[##################################################################——local_meta_station60:train_task_query_Epoch 5/500——############################################################]
[##################################################################——local_meta_station60:train_task_support_Epoch 6/500——############################################################]
[##################################################################——local_meta_station60:train_task_query_Epoch 6/500——############################################################]
[##################################################################——local_meta_station60:train_task_support_Epoch 7/500——############################################################]
[##################################################################——local_meta_station60:train_task_query_Epoch 7/500——############################################################]
[##################################################################——local_meta_station60:train_task_support_Epoch 8/500——############################################################]
[##################################################################——local_meta_station60:train_task_query_Epoch 8/500——############################################################]
[##################################################################——local_meta_station60:train_task_support_Epoch 9/500——############################################################]
[##################################################################——local_meta_station60:train_task_query_Epoch 9/500——############################################################]
[##################################################################——local_meta_station60:train_task_support_Epoch 10/500——############################################################]
[##################################################################——local_meta_station60:train_task_query_Epoch 10/500——############################################################]
[##################################################################——local_meta_station60:train_task_support_Epoch 11/500——############################################################]
[##################################################################——local_meta_station60:train_task_query_Epoch 11/500——############################################################]
[##################################################################——local_meta_station60:train_task_support_Epoch 12/500——############################################################]
[##################################################################——local_meta_station60:train_task_query_Epoch 12/500——############################################################]
[##################################################################——local_meta_station60:train_task_support_Epoch 13/500——############################################################]
[##################################################################——local_meta_station60:train_task_query_Epoch 13/500——############################################################]
[##################################################################——local_meta_station60:train_task_support_Epoch 14/500——############################################################]
[##################################################################——local_meta_station60:train_task_query_Epoch 14/500——############################################################]
[##################################################################——local_meta_station60:train_task_support_Epoch 15/500——############################################################]
[##################################################################——local_meta_station60:train_task_query_Epoch 15/500——############################################################]
[##################################################################——local_meta_station60:train_task_support_Epoch 16/500——############################################################]
[##################################################################——local_meta_station60:train_task_query_Epoch 16/500——############################################################]
[##################################################################——local_meta_station60:train_task_support_Epoch 17/500——############################################################]
[##################################################################——local_meta_station60:train_task_query_Epoch 17/500——############################################################]
[##################################################################——local_meta_station60:train_task_support_Epoch 18/500——############################################################]
[##################################################################——local_meta_station60:train_task_query_Epoch 18/500——############################################################]
[##################################################################——local_meta_station60:train_task_support_Epoch 19/500——############################################################]
[##################################################################——local_meta_station60:train_task_query_Epoch 19/500——############################################################]
[##################################################################——local_meta_station60:train_task_support_Epoch 20/500——############################################################]
[##################################################################——local_meta_station60:train_task_query_Epoch 20/500——############################################################]
[##################################################################——local_meta_station60:train_task_support_Epoch 21/500——############################################################]
[##################################################################——local_meta_station60:train_task_query_Epoch 21/500——############################################################]
[##################################################################——local_meta_station60:train_task_support_Epoch 22/500——############################################################]
[##################################################################——local_meta_station60:train_task_query_Epoch 22/500——############################################################]
[##################################################################——local_meta_station60:train_task_support_Epoch 23/500——############################################################]
[##################################################################——local_meta_station60:train_task_query_Epoch 23/500——############################################################]
[##################################################################——local_meta_station60:train_task_support_Epoch 24/500——############################################################]
[##################################################################——local_meta_station60:train_task_query_Epoch 24/500——############################################################]
[##################################################################——local_meta_station60:train_task_support_Epoch 25/500——############################################################]
[##################################################################——local_meta_station60:train_task_query_Epoch 25/500——############################################################]
[##################################################################——local_meta_station60:train_task_support_Epoch 26/500——############################################################]
[##################################################################——local_meta_station60:train_task_query_Epoch 26/500——############################################################]
[##################################################################——local_meta_station60:train_task_support_Epoch 27/500——############################################################]
[##################################################################——local_meta_station60:train_task_query_Epoch 27/500——############################################################]
[##################################################################——local_meta_station60:train_task_support_Epoch 28/500——############################################################]
[##################################################################——local_meta_station60:train_task_query_Epoch 28/500——############################################################]
[##################################################################——local_meta_station60:train_task_support_Epoch 29/500——############################################################]
[##################################################################——local_meta_station60:train_task_query_Epoch 29/500——############################################################]
[##################################################################——local_meta_station60:train_task_support_Epoch 30/500——############################################################]
[##################################################################——local_meta_station60:train_task_query_Epoch 30/500——############################################################]
[##################################################################——local_meta_station60:train_task_support_Epoch 31/500——############################################################]
[##################################################################——local_meta_station60:train_task_query_Epoch 31/500——############################################################]
[##################################################################——local_meta_station60:train_task_support_Epoch 32/500——############################################################]
[##################################################################——local_meta_station60:train_task_query_Epoch 32/500——############################################################]
[##################################################################——local_meta_station60:train_task_support_Epoch 33/500——############################################################]
[##################################################################——local_meta_station60:train_task_query_Epoch 33/500——############################################################]
[##################################################################——local_meta_station60:train_task_support_Epoch 34/500——############################################################]
[##################################################################——local_meta_station60:train_task_query_Epoch 34/500——############################################################]
[##################################################################——local_meta_station60:train_task_support_Epoch 35/500——############################################################]
[##################################################################——local_meta_station60:train_task_query_Epoch 35/500——############################################################]
[##################################################################——local_meta_station60:train_task_support_Epoch 36/500——############################################################]
[##################################################################——local_meta_station60:train_task_query_Epoch 36/500——############################################################]
[##################################################################——local_meta_station60:train_task_support_Epoch 37/500——############################################################]
[##################################################################——local_meta_station60:train_task_query_Epoch 37/500——############################################################]
[##################################################################——local_meta_station60:train_task_support_Epoch 38/500——############################################################]
[##################################################################——local_meta_station60:train_task_query_Epoch 38/500——############################################################]
[##################################################################——local_meta_station60:train_task_support_Epoch 39/500——############################################################]
[##################################################################——local_meta_station60:train_task_query_Epoch 39/500——############################################################]
[##################################################################——local_meta_station60:train_task_support_Epoch 40/500——############################################################]
[##################################################################——local_meta_station60:train_task_query_Epoch 40/500——############################################################]
[##################################################################——local_meta_station60:train_task_support_Epoch 41/500——############################################################]
[##################################################################——local_meta_station60:train_task_query_Epoch 41/500——############################################################]
[##################################################################——local_meta_station60:train_task_support_Epoch 42/500——############################################################]
[##################################################################——local_meta_station60:train_task_query_Epoch 42/500——############################################################]
[##################################################################——local_meta_station60:train_task_support_Epoch 43/500——############################################################]
[##################################################################——local_meta_station60:train_task_query_Epoch 43/500——############################################################]
[##################################################################——local_meta_station60:train_task_support_Epoch 44/500——############################################################]
[##################################################################——local_meta_station60:train_task_query_Epoch 44/500——############################################################]
[##################################################################——local_meta_station60:train_task_support_Epoch 45/500——############################################################]
[##################################################################——local_meta_station60:train_task_query_Epoch 45/500——############################################################]
[##################################################################——local_meta_station60:train_task_support_Epoch 46/500——############################################################]
[##################################################################——local_meta_station60:train_task_query_Epoch 46/500——############################################################]
[##################################################################——local_meta_station60:train_task_support_Epoch 47/500——############################################################]
[##################################################################——local_meta_station60:train_task_query_Epoch 47/500——############################################################]
[##################################################################——local_meta_station60:train_task_support_Epoch 48/500——############################################################]
[##################################################################——local_meta_station60:train_task_query_Epoch 48/500——############################################################]
[##################################################################——local_meta_station60:train_task_support_Epoch 49/500——############################################################]
[##################################################################——local_meta_station60:train_task_query_Epoch 49/500——############################################################]
[##################################################################——local_meta_station60:train_task_support_Epoch 50/500——############################################################]
[##################################################################——local_meta_station60:train_task_query_Epoch 50/500——############################################################]
[##################################################################——local_meta_station60:train_task_support_Epoch 51/500——############################################################]
[##################################################################——local_meta_station60:train_task_query_Epoch 51/500——############################################################]
[##################################################################——local_meta_station60:train_task_support_Epoch 52/500——############################################################]
[##################################################################——local_meta_station60:train_task_query_Epoch 52/500——############################################################]
[##################################################################——local_meta_station60:train_task_support_Epoch 53/500——############################################################]
[##################################################################——local_meta_station60:train_task_query_Epoch 53/500——############################################################]
[##################################################################——local_meta_station60:train_task_support_Epoch 54/500——############################################################]
[##################################################################——local_meta_station60:train_task_query_Epoch 54/500——############################################################]
[##################################################################——local_meta_station60:train_task_support_Epoch 55/500——############################################################]
[##################################################################——local_meta_station60:train_task_query_Epoch 55/500——############################################################]
[##################################################################——local_meta_station60:train_task_support_Epoch 56/500——############################################################]
[##################################################################——local_meta_station60:train_task_query_Epoch 56/500——############################################################]
[##################################################################——local_meta_station60:train_task_support_Epoch 57/500——############################################################]
[##################################################################——local_meta_station60:train_task_query_Epoch 57/500——############################################################]
[##################################################################——local_meta_station60:train_task_support_Epoch 58/500——############################################################]
[##################################################################——local_meta_station60:train_task_query_Epoch 58/500——############################################################]
[##################################################################——local_meta_station60:train_task_support_Epoch 59/500——############################################################]
[##################################################################——local_meta_station60:train_task_query_Epoch 59/500——############################################################]
[##################################################################——local_meta_station60:train_task_support_Epoch 60/500——############################################################]
[##################################################################——local_meta_station60:train_task_query_Epoch 60/500——############################################################]
[##################################################################——local_meta_station60:train_task_support_Epoch 61/500——############################################################]
[##################################################################——local_meta_station60:train_task_query_Epoch 61/500——############################################################]
[##################################################################——local_meta_station60:train_task_support_Epoch 62/500——############################################################]
[##################################################################——local_meta_station60:train_task_query_Epoch 62/500——############################################################]
[##################################################################——local_meta_station60:train_task_support_Epoch 63/500——############################################################]
[##################################################################——local_meta_station60:train_task_query_Epoch 63/500——############################################################]
[##################################################################——local_meta_station60:train_task_support_Epoch 64/500——############################################################]
[##################################################################——local_meta_station60:train_task_query_Epoch 64/500——############################################################]
[##################################################################——local_meta_station60:train_task_support_Epoch 65/500——############################################################]
[##################################################################——local_meta_station60:train_task_query_Epoch 65/500——############################################################]
[##################################################################——local_meta_station60:train_task_support_Epoch 66/500——############################################################]
[##################################################################——local_meta_station60:train_task_query_Epoch 66/500——############################################################]
[##################################################################——local_meta_station60:train_task_support_Epoch 67/500——############################################################]
[##################################################################——local_meta_station60:train_task_query_Epoch 67/500——############################################################]
[##################################################################——local_meta_station60:train_task_support_Epoch 68/500——############################################################]
[##################################################################——local_meta_station60:train_task_query_Epoch 68/500——############################################################]
[##################################################################——local_meta_station60:train_task_support_Epoch 69/500——############################################################]
[##################################################################——local_meta_station60:train_task_query_Epoch 69/500——############################################################]
[##################################################################——local_meta_station60:train_task_support_Epoch 70/500——############################################################]
[##################################################################——local_meta_station60:train_task_query_Epoch 70/500——############################################################]
[##################################################################——local_meta_station60:train_task_support_Epoch 71/500——############################################################]
[##################################################################——local_meta_station60:train_task_query_Epoch 71/500——############################################################]
[##################################################################——local_meta_station60:train_task_support_Epoch 72/500——############################################################]
[##################################################################——local_meta_station60:train_task_query_Epoch 72/500——############################################################]
[##################################################################——local_meta_station60:train_task_support_Epoch 73/500——############################################################]
[##################################################################——local_meta_station60:train_task_query_Epoch 73/500——############################################################]
[##################################################################——local_meta_station60:train_task_support_Epoch 74/500——############################################################]
[##################################################################——local_meta_station60:train_task_query_Epoch 74/500——############################################################]
[##################################################################——local_meta_station60:train_task_support_Epoch 75/500——############################################################]
[##################################################################——local_meta_station60:train_task_query_Epoch 75/500——############################################################]
[##################################################################——local_meta_station60:train_task_support_Epoch 76/500——############################################################]
[##################################################################——local_meta_station60:train_task_query_Epoch 76/500——############################################################]
[##################################################################——local_meta_station60:train_task_support_Epoch 77/500——############################################################]
[##################################################################——local_meta_station60:train_task_query_Epoch 77/500——############################################################]
[##################################################################——local_meta_station60:train_task_support_Epoch 78/500——############################################################]
[##################################################################——local_meta_station60:train_task_query_Epoch 78/500——############################################################]
[##################################################################——local_meta_station60:train_task_support_Epoch 79/500——############################################################]
[##################################################################——local_meta_station60:train_task_query_Epoch 79/500——############################################################]
[##################################################################——local_meta_station60:train_task_support_Epoch 80/500——############################################################]
[##################################################################——local_meta_station60:train_task_query_Epoch 80/500——############################################################]
[##################################################################——local_meta_station60:train_task_support_Epoch 81/500——############################################################]
[##################################################################——local_meta_station60:train_task_query_Epoch 81/500——############################################################]
[##################################################################——local_meta_station60:train_task_support_Epoch 82/500——############################################################]
[##################################################################——local_meta_station60:train_task_query_Epoch 82/500——############################################################]
[##################################################################——local_meta_station60:train_task_support_Epoch 83/500——############################################################]
[##################################################################——local_meta_station60:train_task_query_Epoch 83/500——############################################################]
[##################################################################——local_meta_station60:train_task_support_Epoch 84/500——############################################################]
[##################################################################——local_meta_station60:train_task_query_Epoch 84/500——############################################################]
[##################################################################——local_meta_station60:train_task_support_Epoch 85/500——############################################################]
[##################################################################——local_meta_station60:train_task_query_Epoch 85/500——############################################################]
[##################################################################——local_meta_station60:train_task_support_Epoch 86/500——############################################################]
[##################################################################——local_meta_station60:train_task_query_Epoch 86/500——############################################################]
[##################################################################——local_meta_station60:train_task_support_Epoch 87/500——############################################################]
[##################################################################——local_meta_station60:train_task_query_Epoch 87/500——############################################################]
[##################################################################——local_meta_station60:train_task_support_Epoch 88/500——############################################################]
[##################################################################——local_meta_station60:train_task_query_Epoch 88/500——############################################################]
[##################################################################——local_meta_station60:train_task_support_Epoch 89/500——############################################################]
[##################################################################——local_meta_station60:train_task_query_Epoch 89/500——############################################################]
[##################################################################——local_meta_station60:train_task_support_Epoch 90/500——############################################################]
[##################################################################——local_meta_station60:train_task_query_Epoch 90/500——############################################################]
[##################################################################——local_meta_station60:train_task_support_Epoch 91/500——############################################################]
[##################################################################——local_meta_station60:train_task_query_Epoch 91/500——############################################################]
[##################################################################——local_meta_station60:train_task_support_Epoch 92/500——############################################################]
[##################################################################——local_meta_station60:train_task_query_Epoch 92/500——############################################################]
[##################################################################——local_meta_station60:train_task_support_Epoch 93/500——############################################################]
[##################################################################——local_meta_station60:train_task_query_Epoch 93/500——############################################################]
[##################################################################——local_meta_station60:train_task_support_Epoch 94/500——############################################################]
[##################################################################——local_meta_station60:train_task_query_Epoch 94/500——############################################################]
[##################################################################——local_meta_station60:train_task_support_Epoch 95/500——############################################################]
[##################################################################——local_meta_station60:train_task_query_Epoch 95/500——############################################################]
[##################################################################——local_meta_station60:train_task_support_Epoch 96/500——############################################################]
[##################################################################——local_meta_station60:train_task_query_Epoch 96/500——############################################################]
[##################################################################——local_meta_station60:train_task_support_Epoch 97/500——############################################################]
[##################################################################——local_meta_station60:train_task_query_Epoch 97/500——############################################################]
[##################################################################——local_meta_station60:train_task_support_Epoch 98/500——############################################################]
[##################################################################——local_meta_station60:train_task_query_Epoch 98/500——############################################################]
[##################################################################——local_meta_station60:train_task_support_Epoch 99/500——############################################################]
[##################################################################——local_meta_station60:train_task_query_Epoch 99/500——############################################################]
[##################################################################——local_meta_station60:train_task_support_Epoch 100/500——############################################################]
[##################################################################——local_meta_station60:train_task_query_Epoch 100/500——############################################################]
[##################################################################——local_meta_station60:train_task_support_Epoch 101/500——############################################################]
[##################################################################——local_meta_station60:train_task_query_Epoch 101/500——############################################################]
[##################################################################——local_meta_station60:train_task_support_Epoch 102/500——############################################################]
[##################################################################——local_meta_station60:train_task_query_Epoch 102/500——############################################################]
[##################################################################——local_meta_station60:train_task_support_Epoch 103/500——############################################################]
[##################################################################——local_meta_station60:train_task_query_Epoch 103/500——############################################################]
[##################################################################——local_meta_station60:train_task_support_Epoch 104/500——############################################################]
[##################################################################——local_meta_station60:train_task_query_Epoch 104/500——############################################################]
[##################################################################——local_meta_station60:train_task_support_Epoch 105/500——############################################################]
[##################################################################——local_meta_station60:train_task_query_Epoch 105/500——############################################################]
[##################################################################——local_meta_station60:train_task_support_Epoch 106/500——############################################################]
[##################################################################——local_meta_station60:train_task_query_Epoch 106/500——############################################################]
[##################################################################——local_meta_station60:train_task_support_Epoch 107/500——############################################################]
[##################################################################——local_meta_station60:train_task_query_Epoch 107/500——############################################################]
[##################################################################——local_meta_station60:train_task_support_Epoch 108/500——############################################################]
[##################################################################——local_meta_station60:train_task_query_Epoch 108/500——############################################################]
[##################################################################——local_meta_station60:train_task_support_Epoch 109/500——############################################################]
[##################################################################——local_meta_station60:train_task_query_Epoch 109/500——############################################################]
[##################################################################——local_meta_station60:train_task_support_Epoch 110/500——############################################################]
[##################################################################——local_meta_station60:train_task_query_Epoch 110/500——############################################################]
[##################################################################——local_meta_station60:train_task_support_Epoch 111/500——############################################################]
[##################################################################——local_meta_station60:train_task_query_Epoch 111/500——############################################################]
[##################################################################——local_meta_station60:train_task_support_Epoch 112/500——############################################################]
[##################################################################——local_meta_station60:train_task_query_Epoch 112/500——############################################################]
[##################################################################——local_meta_station60:train_task_support_Epoch 113/500——############################################################]
[##################################################################——local_meta_station60:train_task_query_Epoch 113/500——############################################################]
[##################################################################——local_meta_station60:train_task_support_Epoch 114/500——############################################################]
[##################################################################——local_meta_station60:train_task_query_Epoch 114/500——############################################################]
[##################################################################——local_meta_station60:train_task_support_Epoch 115/500——############################################################]
[##################################################################——local_meta_station60:train_task_query_Epoch 115/500——############################################################]
[##################################################################——local_meta_station60:train_task_support_Epoch 116/500——############################################################]
[##################################################################——local_meta_station60:train_task_query_Epoch 116/500——############################################################]
[##################################################################——local_meta_station60:train_task_support_Epoch 117/500——############################################################]
[##################################################################——local_meta_station60:train_task_query_Epoch 117/500——############################################################]
[##################################################################——local_meta_station60:train_task_support_Epoch 118/500——############################################################]
[##################################################################——local_meta_station60:train_task_query_Epoch 118/500——############################################################]
[##################################################################——local_meta_station60:train_task_support_Epoch 119/500——############################################################]
[##################################################################——local_meta_station60:train_task_query_Epoch 119/500——############################################################]
[##################################################################——local_meta_station60:train_task_support_Epoch 120/500——############################################################]
[##################################################################——local_meta_station60:train_task_query_Epoch 120/500——############################################################]
[##################################################################——local_meta_station60:train_task_support_Epoch 121/500——############################################################]
[##################################################################——local_meta_station60:train_task_query_Epoch 121/500——############################################################]
[##################################################################——local_meta_station60:train_task_support_Epoch 122/500——############################################################]
[##################################################################——local_meta_station60:train_task_query_Epoch 122/500——############################################################]
[##################################################################——local_meta_station60:train_task_support_Epoch 123/500——############################################################]
[##################################################################——local_meta_station60:train_task_query_Epoch 123/500——############################################################]
[##################################################################——local_meta_station60:train_task_support_Epoch 124/500——############################################################]
[##################################################################——local_meta_station60:train_task_query_Epoch 124/500——############################################################]
[##################################################################——local_meta_station60:train_task_support_Epoch 125/500——############################################################]
[##################################################################——local_meta_station60:train_task_query_Epoch 125/500——############################################################]
[##################################################################——local_meta_station60:train_task_support_Epoch 126/500——############################################################]
[##################################################################——local_meta_station60:train_task_query_Epoch 126/500——############################################################]
[##################################################################——local_meta_station60:train_task_support_Epoch 127/500——############################################################]
[##################################################################——local_meta_station60:train_task_query_Epoch 127/500——############################################################]
[##################################################################——local_meta_station60:train_task_support_Epoch 128/500——############################################################]
[##################################################################——local_meta_station60:train_task_query_Epoch 128/500——############################################################]
[##################################################################——local_meta_station60:train_task_support_Epoch 129/500——############################################################]
[##################################################################——local_meta_station60:train_task_query_Epoch 129/500——############################################################]
[##################################################################——local_meta_station60:train_task_support_Epoch 130/500——############################################################]
[##################################################################——local_meta_station60:train_task_query_Epoch 130/500——############################################################]
[##################################################################——local_meta_station60:train_task_support_Epoch 131/500——############################################################]
[##################################################################——local_meta_station60:train_task_query_Epoch 131/500——############################################################]
[##################################################################——local_meta_station60:train_task_support_Epoch 132/500——############################################################]
[##################################################################——local_meta_station60:train_task_query_Epoch 132/500——############################################################]
[##################################################################——local_meta_station60:train_task_support_Epoch 133/500——############################################################]
[##################################################################——local_meta_station60:train_task_query_Epoch 133/500——############################################################]
[##################################################################——local_meta_station60:train_task_support_Epoch 134/500——############################################################]
[##################################################################——local_meta_station60:train_task_query_Epoch 134/500——############################################################]
[##################################################################——local_meta_station60:train_task_support_Epoch 135/500——############################################################]
[##################################################################——local_meta_station60:train_task_query_Epoch 135/500——############################################################]
[##################################################################——local_meta_station60:train_task_support_Epoch 136/500——############################################################]
[##################################################################——local_meta_station60:train_task_query_Epoch 136/500——############################################################]
[##################################################################——local_meta_station60:train_task_support_Epoch 137/500——############################################################]
[##################################################################——local_meta_station60:train_task_query_Epoch 137/500——############################################################]
[##################################################################——local_meta_station60:train_task_support_Epoch 138/500——############################################################]
[##################################################################——local_meta_station60:train_task_query_Epoch 138/500——############################################################]
[##################################################################——local_meta_station60:train_task_support_Epoch 139/500——############################################################]
[##################################################################——local_meta_station60:train_task_query_Epoch 139/500——############################################################]
[##################################################################——local_meta_station60:train_task_support_Epoch 140/500——############################################################]
[##################################################################——local_meta_station60:train_task_query_Epoch 140/500——############################################################]
[##################################################################——local_meta_station60:train_task_support_Epoch 141/500——############################################################]
[##################################################################——local_meta_station60:train_task_query_Epoch 141/500——############################################################]
[##################################################################——local_meta_station60:train_task_support_Epoch 142/500——############################################################]
[##################################################################——local_meta_station60:train_task_query_Epoch 142/500——############################################################]
[##################################################################——local_meta_station60:train_task_support_Epoch 143/500——############################################################]
[##################################################################——local_meta_station60:train_task_query_Epoch 143/500——############################################################]
[##################################################################——local_meta_station60:train_task_support_Epoch 144/500——############################################################]
[##################################################################——local_meta_station60:train_task_query_Epoch 144/500——############################################################]
[##################################################################——local_meta_station60:train_task_support_Epoch 145/500——############################################################]
[##################################################################——local_meta_station60:train_task_query_Epoch 145/500——############################################################]
[##################################################################——local_meta_station60:train_task_support_Epoch 146/500——############################################################]
[##################################################################——local_meta_station60:train_task_query_Epoch 146/500——############################################################]
[##################################################################——local_meta_station60:train_task_support_Epoch 147/500——############################################################]
[##################################################################——local_meta_station60:train_task_query_Epoch 147/500——############################################################]
[##################################################################——local_meta_station60:train_task_support_Epoch 148/500——############################################################]
[##################################################################——local_meta_station60:train_task_query_Epoch 148/500——############################################################]
[##################################################################——local_meta_station60:train_task_support_Epoch 149/500——############################################################]
[##################################################################——local_meta_station60:train_task_query_Epoch 149/500——############################################################]
[##################################################################——local_meta_station60:train_task_support_Epoch 150/500——############################################################]
[##################################################################——local_meta_station60:train_task_query_Epoch 150/500——############################################################]
[##################################################################——local_meta_station60:train_task_support_Epoch 151/500——############################################################]
[##################################################################——local_meta_station60:train_task_query_Epoch 151/500——############################################################]
[##################################################################——local_meta_station60:train_task_support_Epoch 152/500——############################################################]
[##################################################################——local_meta_station60:train_task_query_Epoch 152/500——############################################################]
[##################################################################——local_meta_station60:train_task_support_Epoch 153/500——############################################################]
[##################################################################——local_meta_station60:train_task_query_Epoch 153/500——############################################################]
[##################################################################——local_meta_station60:train_task_support_Epoch 154/500——############################################################]
[##################################################################——local_meta_station60:train_task_query_Epoch 154/500——############################################################]
[##################################################################——local_meta_station60:train_task_support_Epoch 155/500——############################################################]
[##################################################################——local_meta_station60:train_task_query_Epoch 155/500——############################################################]
[##################################################################——local_meta_station60:train_task_support_Epoch 156/500——############################################################]
[##################################################################——local_meta_station60:train_task_query_Epoch 156/500——############################################################]
[##################################################################——local_meta_station60:train_task_support_Epoch 157/500——############################################################]
[##################################################################——local_meta_station60:train_task_query_Epoch 157/500——############################################################]
[##################################################################——local_meta_station60:train_task_support_Epoch 158/500——############################################################]
[##################################################################——local_meta_station60:train_task_query_Epoch 158/500——############################################################]
[##################################################################——local_meta_station60:train_task_support_Epoch 159/500——############################################################]
[##################################################################——local_meta_station60:train_task_query_Epoch 159/500——############################################################]
[##################################################################——local_meta_station60:train_task_support_Epoch 160/500——############################################################]
[##################################################################——local_meta_station60:train_task_query_Epoch 160/500——############################################################]
[##################################################################——local_meta_station60:train_task_support_Epoch 161/500——############################################################]
[##################################################################——local_meta_station60:train_task_query_Epoch 161/500——############################################################]
[##################################################################——local_meta_station60:train_task_support_Epoch 162/500——############################################################]
[##################################################################——local_meta_station60:train_task_query_Epoch 162/500——############################################################]
[##################################################################——local_meta_station60:train_task_support_Epoch 163/500——############################################################]
[##################################################################——local_meta_station60:train_task_query_Epoch 163/500——############################################################]
[##################################################################——local_meta_station60:train_task_support_Epoch 164/500——############################################################]
[##################################################################——local_meta_station60:train_task_query_Epoch 164/500——############################################################]
[##################################################################——local_meta_station60:train_task_support_Epoch 165/500——############################################################]
[##################################################################——local_meta_station60:train_task_query_Epoch 165/500——############################################################]
[##################################################################——local_meta_station60:train_task_support_Epoch 166/500——############################################################]
[##################################################################——local_meta_station60:train_task_query_Epoch 166/500——############################################################]
[##################################################################——local_meta_station60:train_task_support_Epoch 167/500——############################################################]
[##################################################################——local_meta_station60:train_task_query_Epoch 167/500——############################################################]
[##################################################################——local_meta_station60:train_task_support_Epoch 168/500——############################################################]
[##################################################################——local_meta_station60:train_task_query_Epoch 168/500——############################################################]
[##################################################################——local_meta_station60:train_task_support_Epoch 169/500——############################################################]
[##################################################################——local_meta_station60:train_task_query_Epoch 169/500——############################################################]
[##################################################################——local_meta_station60:train_task_support_Epoch 170/500——############################################################]
[##################################################################——local_meta_station60:train_task_query_Epoch 170/500——############################################################]
[##################################################################——local_meta_station60:train_task_support_Epoch 171/500——############################################################]
[##################################################################——local_meta_station60:train_task_query_Epoch 171/500——############################################################]
[##################################################################——local_meta_station60:train_task_support_Epoch 172/500——############################################################]
[##################################################################——local_meta_station60:train_task_query_Epoch 172/500——############################################################]
[##################################################################——local_meta_station60:train_task_support_Epoch 173/500——############################################################]
[##################################################################——local_meta_station60:train_task_query_Epoch 173/500——############################################################]
[##################################################################——local_meta_station60:train_task_support_Epoch 174/500——############################################################]
[##################################################################——local_meta_station60:train_task_query_Epoch 174/500——############################################################]
[##################################################################——local_meta_station60:train_task_support_Epoch 175/500——############################################################]
[##################################################################——local_meta_station60:train_task_query_Epoch 175/500——############################################################]
[##################################################################——local_meta_station60:train_task_support_Epoch 176/500——############################################################]
[##################################################################——local_meta_station60:train_task_query_Epoch 176/500——############################################################]
[##################################################################——local_meta_station60:train_task_support_Epoch 177/500——############################################################]
[##################################################################——local_meta_station60:train_task_query_Epoch 177/500——############################################################]
[##################################################################——local_meta_station60:train_task_support_Epoch 178/500——############################################################]
[##################################################################——local_meta_station60:train_task_query_Epoch 178/500——############################################################]
[##################################################################——local_meta_station60:train_task_support_Epoch 179/500——############################################################]
[##################################################################——local_meta_station60:train_task_query_Epoch 179/500——############################################################]
[##################################################################——local_meta_station60:train_task_support_Epoch 180/500——############################################################]
[##################################################################——local_meta_station60:train_task_query_Epoch 180/500——############################################################]
[##################################################################——local_meta_station60:train_task_support_Epoch 181/500——############################################################]
[##################################################################——local_meta_station60:train_task_query_Epoch 181/500——############################################################]
[##################################################################——local_meta_station60:train_task_support_Epoch 182/500——############################################################]
[##################################################################——local_meta_station60:train_task_query_Epoch 182/500——############################################################]
[##################################################################——local_meta_station60:train_task_support_Epoch 183/500——############################################################]
[##################################################################——local_meta_station60:train_task_query_Epoch 183/500——############################################################]
[##################################################################——local_meta_station60:train_task_support_Epoch 184/500——############################################################]
[##################################################################——local_meta_station60:train_task_query_Epoch 184/500——############################################################]
[##################################################################——local_meta_station60:train_task_support_Epoch 185/500——############################################################]
[##################################################################——local_meta_station60:train_task_query_Epoch 185/500——############################################################]
[##################################################################——local_meta_station60:train_task_support_Epoch 186/500——############################################################]
[##################################################################——local_meta_station60:train_task_query_Epoch 186/500——############################################################]
[##################################################################——local_meta_station60:train_task_support_Epoch 187/500——############################################################]
[##################################################################——local_meta_station60:train_task_query_Epoch 187/500——############################################################]
[##################################################################——local_meta_station60:train_task_support_Epoch 188/500——############################################################]
[##################################################################——local_meta_station60:train_task_query_Epoch 188/500——############################################################]
[##################################################################——local_meta_station60:train_task_support_Epoch 189/500——############################################################]
[##################################################################——local_meta_station60:train_task_query_Epoch 189/500——############################################################]
[##################################################################——local_meta_station60:train_task_support_Epoch 190/500——############################################################]
[##################################################################——local_meta_station60:train_task_query_Epoch 190/500——############################################################]
[##################################################################——local_meta_station60:train_task_support_Epoch 191/500——############################################################]
[##################################################################——local_meta_station60:train_task_query_Epoch 191/500——############################################################]
[##################################################################——local_meta_station60:train_task_support_Epoch 192/500——############################################################]
[##################################################################——local_meta_station60:train_task_query_Epoch 192/500——############################################################]
[##################################################################——local_meta_station60:train_task_support_Epoch 193/500——############################################################]
[##################################################################——local_meta_station60:train_task_query_Epoch 193/500——############################################################]
[##################################################################——local_meta_station60:train_task_support_Epoch 194/500——############################################################]
[##################################################################——local_meta_station60:train_task_query_Epoch 194/500——############################################################]
[##################################################################——local_meta_station60:train_task_support_Epoch 195/500——############################################################]
[##################################################################——local_meta_station60:train_task_query_Epoch 195/500——############################################################]
[##################################################################——local_meta_station60:train_task_support_Epoch 196/500——############################################################]
[##################################################################——local_meta_station60:train_task_query_Epoch 196/500——############################################################]
[##################################################################——local_meta_station60:train_task_support_Epoch 197/500——############################################################]
[##################################################################——local_meta_station60:train_task_query_Epoch 197/500——############################################################]
[##################################################################——local_meta_station60:train_task_support_Epoch 198/500——############################################################]
[##################################################################——local_meta_station60:train_task_query_Epoch 198/500——############################################################]
[##################################################################——local_meta_station60:train_task_support_Epoch 199/500——############################################################]
[##################################################################——local_meta_station60:train_task_query_Epoch 199/500——############################################################]
[##################################################################——local_meta_station60:train_task_support_Epoch 200/500——############################################################]
[##################################################################——local_meta_station60:train_task_query_Epoch 200/500——############################################################]
[##################################################################——local_meta_station60:train_task_support_Epoch 201/500——############################################################]
[##################################################################——local_meta_station60:train_task_query_Epoch 201/500——############################################################]
[##################################################################——local_meta_station60:train_task_support_Epoch 202/500——############################################################]
[##################################################################——local_meta_station60:train_task_query_Epoch 202/500——############################################################]
[##################################################################——local_meta_station60:train_task_support_Epoch 203/500——############################################################]
[##################################################################——local_meta_station60:train_task_query_Epoch 203/500——############################################################]
[##################################################################——local_meta_station60:train_task_support_Epoch 204/500——############################################################]
[##################################################################——local_meta_station60:train_task_query_Epoch 204/500——############################################################]
[##################################################################——local_meta_station60:train_task_support_Epoch 205/500——############################################################]
[##################################################################——local_meta_station60:train_task_query_Epoch 205/500——############################################################]
[##################################################################——local_meta_station60:train_task_support_Epoch 206/500——############################################################]
[##################################################################——local_meta_station60:train_task_query_Epoch 206/500——############################################################]
[##################################################################——local_meta_station60:train_task_support_Epoch 207/500——############################################################]
[##################################################################——local_meta_station60:train_task_query_Epoch 207/500——############################################################]
[##################################################################——local_meta_station60:train_task_support_Epoch 208/500——############################################################]
[##################################################################——local_meta_station60:train_task_query_Epoch 208/500——############################################################]
[##################################################################——local_meta_station60:train_task_support_Epoch 209/500——############################################################]
[##################################################################——local_meta_station60:train_task_query_Epoch 209/500——############################################################]
[##################################################################——local_meta_station60:train_task_support_Epoch 210/500——############################################################]
[##################################################################——local_meta_station60:train_task_query_Epoch 210/500——############################################################]
[##################################################################——local_meta_station60:train_task_support_Epoch 211/500——############################################################]
[##################################################################——local_meta_station60:train_task_query_Epoch 211/500——############################################################]
[##################################################################——local_meta_station60:train_task_support_Epoch 212/500——############################################################]
[##################################################################——local_meta_station60:train_task_query_Epoch 212/500——############################################################]
[##################################################################——local_meta_station60:train_task_support_Epoch 213/500——############################################################]
[##################################################################——local_meta_station60:train_task_query_Epoch 213/500——############################################################]
[##################################################################——local_meta_station60:train_task_support_Epoch 214/500——############################################################]
[##################################################################——local_meta_station60:train_task_query_Epoch 214/500——############################################################]
[##################################################################——local_meta_station60:train_task_support_Epoch 215/500——############################################################]
[##################################################################——local_meta_station60:train_task_query_Epoch 215/500——############################################################]
[##################################################################——local_meta_station60:train_task_support_Epoch 216/500——############################################################]
[##################################################################——local_meta_station60:train_task_query_Epoch 216/500——############################################################]
[##################################################################——local_meta_station60:train_task_support_Epoch 217/500——############################################################]
[##################################################################——local_meta_station60:train_task_query_Epoch 217/500——############################################################]
[##################################################################——local_meta_station60:train_task_support_Epoch 218/500——############################################################]
[##################################################################——local_meta_station60:train_task_query_Epoch 218/500——############################################################]
[##################################################################——local_meta_station60:train_task_support_Epoch 219/500——############################################################]
[##################################################################——local_meta_station60:train_task_query_Epoch 219/500——############################################################]
[##################################################################——local_meta_station60:train_task_support_Epoch 220/500——############################################################]
[##################################################################——local_meta_station60:train_task_query_Epoch 220/500——############################################################]
[##################################################################——local_meta_station60:train_task_support_Epoch 221/500——############################################################]
[##################################################################——local_meta_station60:train_task_query_Epoch 221/500——############################################################]
[##################################################################——local_meta_station60:train_task_support_Epoch 222/500——############################################################]
[##################################################################——local_meta_station60:train_task_query_Epoch 222/500——############################################################]
[##################################################################——local_meta_station60:train_task_support_Epoch 223/500——############################################################]
[##################################################################——local_meta_station60:train_task_query_Epoch 223/500——############################################################]
[##################################################################——local_meta_station60:train_task_support_Epoch 224/500——############################################################]
[##################################################################——local_meta_station60:train_task_query_Epoch 224/500——############################################################]
[##################################################################——local_meta_station60:train_task_support_Epoch 225/500——############################################################]
[##################################################################——local_meta_station60:train_task_query_Epoch 225/500——############################################################]
[##################################################################——local_meta_station60:train_task_support_Epoch 226/500——############################################################]
[##################################################################——local_meta_station60:train_task_query_Epoch 226/500——############################################################]
[##################################################################——local_meta_station60:train_task_support_Epoch 227/500——############################################################]
[##################################################################——local_meta_station60:train_task_query_Epoch 227/500——############################################################]
[##################################################################——local_meta_station60:train_task_support_Epoch 228/500——############################################################]
[##################################################################——local_meta_station60:train_task_query_Epoch 228/500——############################################################]
[##################################################################——local_meta_station60:train_task_support_Epoch 229/500——############################################################]
[##################################################################——local_meta_station60:train_task_query_Epoch 229/500——############################################################]
[##################################################################——local_meta_station60:train_task_support_Epoch 230/500——############################################################]
[##################################################################——local_meta_station60:train_task_query_Epoch 230/500——############################################################]
[##################################################################——local_meta_station60:train_task_support_Epoch 231/500——############################################################]
[##################################################################——local_meta_station60:train_task_query_Epoch 231/500——############################################################]
[##################################################################——local_meta_station60:train_task_support_Epoch 232/500——############################################################]
[##################################################################——local_meta_station60:train_task_query_Epoch 232/500——############################################################]
[##################################################################——local_meta_station60:train_task_support_Epoch 233/500——############################################################]
[##################################################################——local_meta_station60:train_task_query_Epoch 233/500——############################################################]
[##################################################################——local_meta_station60:train_task_support_Epoch 234/500——############################################################]
[##################################################################——local_meta_station60:train_task_query_Epoch 234/500——############################################################]
[##################################################################——local_meta_station60:train_task_support_Epoch 235/500——############################################################]
[##################################################################——local_meta_station60:train_task_query_Epoch 235/500——############################################################]
[##################################################################——local_meta_station60:train_task_support_Epoch 236/500——############################################################]
[##################################################################——local_meta_station60:train_task_query_Epoch 236/500——############################################################]
[##################################################################——local_meta_station60:train_task_support_Epoch 237/500——############################################################]
[##################################################################——local_meta_station60:train_task_query_Epoch 237/500——############################################################]
[##################################################################——local_meta_station60:train_task_support_Epoch 238/500——############################################################]
[##################################################################——local_meta_station60:train_task_query_Epoch 238/500——############################################################]
[##################################################################——local_meta_station60:train_task_support_Epoch 239/500——############################################################]
[##################################################################——local_meta_station60:train_task_query_Epoch 239/500——############################################################]
[##################################################################——local_meta_station60:train_task_support_Epoch 240/500——############################################################]
[##################################################################——local_meta_station60:train_task_query_Epoch 240/500——############################################################]
[##################################################################——local_meta_station60:train_task_support_Epoch 241/500——############################################################]
[##################################################################——local_meta_station60:train_task_query_Epoch 241/500——############################################################]
[##################################################################——local_meta_station60:train_task_support_Epoch 242/500——############################################################]
[##################################################################——local_meta_station60:train_task_query_Epoch 242/500——############################################################]
[##################################################################——local_meta_station60:train_task_support_Epoch 243/500——############################################################]
[##################################################################——local_meta_station60:train_task_query_Epoch 243/500——############################################################]
[##################################################################——local_meta_station60:train_task_support_Epoch 244/500——############################################################]
[##################################################################——local_meta_station60:train_task_query_Epoch 244/500——############################################################]
[##################################################################——local_meta_station60:train_task_support_Epoch 245/500——############################################################]
[##################################################################——local_meta_station60:train_task_query_Epoch 245/500——############################################################]
[##################################################################——local_meta_station60:train_task_support_Epoch 246/500——############################################################]
[##################################################################——local_meta_station60:train_task_query_Epoch 246/500——############################################################]
[##################################################################——local_meta_station60:train_task_support_Epoch 247/500——############################################################]
[##################################################################——local_meta_station60:train_task_query_Epoch 247/500——############################################################]
[##################################################################——local_meta_station60:train_task_support_Epoch 248/500——############################################################]
[##################################################################——local_meta_station60:train_task_query_Epoch 248/500——############################################################]
[##################################################################——local_meta_station60:train_task_support_Epoch 249/500——############################################################]
[##################################################################——local_meta_station60:train_task_query_Epoch 249/500——############################################################]
[##################################################################——local_meta_station60:train_task_support_Epoch 250/500——############################################################]
[##################################################################——local_meta_station60:train_task_query_Epoch 250/500——############################################################]
[##################################################################——local_meta_station60:train_task_support_Epoch 251/500——############################################################]
[##################################################################——local_meta_station60:train_task_query_Epoch 251/500——############################################################]
[##################################################################——local_meta_station60:train_task_support_Epoch 252/500——############################################################]
[##################################################################——local_meta_station60:train_task_query_Epoch 252/500——############################################################]
[##################################################################——local_meta_station60:train_task_support_Epoch 253/500——############################################################]
[##################################################################——local_meta_station60:train_task_query_Epoch 253/500——############################################################]
[##################################################################——local_meta_station60:train_task_support_Epoch 254/500——############################################################]
[##################################################################——local_meta_station60:train_task_query_Epoch 254/500——############################################################]
[##################################################################——local_meta_station60:train_task_support_Epoch 255/500——############################################################]
[##################################################################——local_meta_station60:train_task_query_Epoch 255/500——############################################################]
[##################################################################——local_meta_station60:train_task_support_Epoch 256/500——############################################################]
[##################################################################——local_meta_station60:train_task_query_Epoch 256/500——############################################################]
[##################################################################——local_meta_station60:train_task_support_Epoch 257/500——############################################################]
[##################################################################——local_meta_station60:train_task_query_Epoch 257/500——############################################################]
[##################################################################——local_meta_station60:train_task_support_Epoch 258/500——############################################################]
[##################################################################——local_meta_station60:train_task_query_Epoch 258/500——############################################################]
[##################################################################——local_meta_station60:train_task_support_Epoch 259/500——############################################################]
[##################################################################——local_meta_station60:train_task_query_Epoch 259/500——############################################################]
[##################################################################——local_meta_station60:train_task_support_Epoch 260/500——############################################################]
[##################################################################——local_meta_station60:train_task_query_Epoch 260/500——############################################################]
[##################################################################——local_meta_station60:train_task_support_Epoch 261/500——############################################################]
[##################################################################——local_meta_station60:train_task_query_Epoch 261/500——############################################################]
[##################################################################——local_meta_station60:train_task_support_Epoch 262/500——############################################################]
[##################################################################——local_meta_station60:train_task_query_Epoch 262/500——############################################################]
[##################################################################——local_meta_station60:train_task_support_Epoch 263/500——############################################################]
[##################################################################——local_meta_station60:train_task_query_Epoch 263/500——############################################################]
[##################################################################——local_meta_station60:train_task_support_Epoch 264/500——############################################################]
[##################################################################——local_meta_station60:train_task_query_Epoch 264/500——############################################################]
[##################################################################——local_meta_station60:train_task_support_Epoch 265/500——############################################################]
[##################################################################——local_meta_station60:train_task_query_Epoch 265/500——############################################################]
[##################################################################——local_meta_station60:train_task_support_Epoch 266/500——############################################################]
[##################################################################——local_meta_station60:train_task_query_Epoch 266/500——############################################################]
[##################################################################——local_meta_station60:train_task_support_Epoch 267/500——############################################################]
[##################################################################——local_meta_station60:train_task_query_Epoch 267/500——############################################################]
[##################################################################——local_meta_station60:train_task_support_Epoch 268/500——############################################################]
[##################################################################——local_meta_station60:train_task_query_Epoch 268/500——############################################################]
[##################################################################——local_meta_station60:train_task_support_Epoch 269/500——############################################################]
[##################################################################——local_meta_station60:train_task_query_Epoch 269/500——############################################################]
[##################################################################——local_meta_station60:train_task_support_Epoch 270/500——############################################################]
[##################################################################——local_meta_station60:train_task_query_Epoch 270/500——############################################################]
[##################################################################——local_meta_station60:train_task_support_Epoch 271/500——############################################################]
[##################################################################——local_meta_station60:train_task_query_Epoch 271/500——############################################################]
[##################################################################——local_meta_station60:train_task_support_Epoch 272/500——############################################################]
[##################################################################——local_meta_station60:train_task_query_Epoch 272/500——############################################################]
[##################################################################——local_meta_station60:train_task_support_Epoch 273/500——############################################################]
[##################################################################——local_meta_station60:train_task_query_Epoch 273/500——############################################################]
[##################################################################——local_meta_station60:train_task_support_Epoch 274/500——############################################################]
[##################################################################——local_meta_station60:train_task_query_Epoch 274/500——############################################################]
[##################################################################——local_meta_station60:train_task_support_Epoch 275/500——############################################################]
[##################################################################——local_meta_station60:train_task_query_Epoch 275/500——############################################################]
[##################################################################——local_meta_station60:train_task_support_Epoch 276/500——############################################################]
[##################################################################——local_meta_station60:train_task_query_Epoch 276/500——############################################################]
[##################################################################——local_meta_station60:train_task_support_Epoch 277/500——############################################################]
[##################################################################——local_meta_station60:train_task_query_Epoch 277/500——############################################################]
[##################################################################——local_meta_station60:train_task_support_Epoch 278/500——############################################################]
[##################################################################——local_meta_station60:train_task_query_Epoch 278/500——############################################################]
[##################################################################——local_meta_station60:train_task_support_Epoch 279/500——############################################################]
[##################################################################——local_meta_station60:train_task_query_Epoch 279/500——############################################################]
[##################################################################——local_meta_station60:train_task_support_Epoch 280/500——############################################################]
[##################################################################——local_meta_station60:train_task_query_Epoch 280/500——############################################################]
[##################################################################——local_meta_station60:train_task_support_Epoch 281/500——############################################################]
[##################################################################——local_meta_station60:train_task_query_Epoch 281/500——############################################################]
[##################################################################——local_meta_station60:train_task_support_Epoch 282/500——############################################################]
[##################################################################——local_meta_station60:train_task_query_Epoch 282/500——############################################################]
[##################################################################——local_meta_station60:train_task_support_Epoch 283/500——############################################################]
[##################################################################——local_meta_station60:train_task_query_Epoch 283/500——############################################################]
[##################################################################——local_meta_station60:train_task_support_Epoch 284/500——############################################################]
[##################################################################——local_meta_station60:train_task_query_Epoch 284/500——############################################################]
[##################################################################——local_meta_station60:train_task_support_Epoch 285/500——############################################################]
[##################################################################——local_meta_station60:train_task_query_Epoch 285/500——############################################################]
[##################################################################——local_meta_station60:train_task_support_Epoch 286/500——############################################################]
[##################################################################——local_meta_station60:train_task_query_Epoch 286/500——############################################################]
[##################################################################——local_meta_station60:train_task_support_Epoch 287/500——############################################################]
[##################################################################——local_meta_station60:train_task_query_Epoch 287/500——############################################################]
[##################################################################——local_meta_station60:train_task_support_Epoch 288/500——############################################################]
[##################################################################——local_meta_station60:train_task_query_Epoch 288/500——############################################################]
[##################################################################——local_meta_station60:train_task_support_Epoch 289/500——############################################################]
[##################################################################——local_meta_station60:train_task_query_Epoch 289/500——############################################################]
[##################################################################——local_meta_station60:train_task_support_Epoch 290/500——############################################################]
[##################################################################——local_meta_station60:train_task_query_Epoch 290/500——############################################################]
[##################################################################——local_meta_station60:train_task_support_Epoch 291/500——############################################################]
[##################################################################——local_meta_station60:train_task_query_Epoch 291/500——############################################################]
[##################################################################——local_meta_station60:train_task_support_Epoch 292/500——############################################################]
[##################################################################——local_meta_station60:train_task_query_Epoch 292/500——############################################################]
[##################################################################——local_meta_station60:train_task_support_Epoch 293/500——############################################################]
[##################################################################——local_meta_station60:train_task_query_Epoch 293/500——############################################################]
[##################################################################——local_meta_station60:train_task_support_Epoch 294/500——############################################################]
[##################################################################——local_meta_station60:train_task_query_Epoch 294/500——############################################################]
[##################################################################——local_meta_station60:train_task_support_Epoch 295/500——############################################################]
[##################################################################——local_meta_station60:train_task_query_Epoch 295/500——############################################################]
[##################################################################——local_meta_station60:train_task_support_Epoch 296/500——############################################################]
[##################################################################——local_meta_station60:train_task_query_Epoch 296/500——############################################################]
[##################################################################——local_meta_station60:train_task_support_Epoch 297/500——############################################################]
[##################################################################——local_meta_station60:train_task_query_Epoch 297/500——############################################################]
[##################################################################——local_meta_station60:train_task_support_Epoch 298/500——############################################################]
[##################################################################——local_meta_station60:train_task_query_Epoch 298/500——############################################################]
[##################################################################——local_meta_station60:train_task_support_Epoch 299/500——############################################################]
[##################################################################——local_meta_station60:train_task_query_Epoch 299/500——############################################################]
[##################################################################——local_meta_station60:train_task_support_Epoch 300/500——############################################################]
[##################################################################——local_meta_station60:train_task_query_Epoch 300/500——############################################################]
[##################################################################——local_meta_station60:train_task_support_Epoch 301/500——############################################################]
[##################################################################——local_meta_station60:train_task_query_Epoch 301/500——############################################################]
[##################################################################——local_meta_station60:train_task_support_Epoch 302/500——############################################################]
[##################################################################——local_meta_station60:train_task_query_Epoch 302/500——############################################################]
[##################################################################——local_meta_station60:train_task_support_Epoch 303/500——############################################################]
[##################################################################——local_meta_station60:train_task_query_Epoch 303/500——############################################################]
[##################################################################——local_meta_station60:train_task_support_Epoch 304/500——############################################################]
[##################################################################——local_meta_station60:train_task_query_Epoch 304/500——############################################################]
[##################################################################——local_meta_station60:train_task_support_Epoch 305/500——############################################################]
[##################################################################——local_meta_station60:train_task_query_Epoch 305/500——############################################################]
[##################################################################——local_meta_station60:train_task_support_Epoch 306/500——############################################################]
[##################################################################——local_meta_station60:train_task_query_Epoch 306/500——############################################################]
[##################################################################——local_meta_station60:train_task_support_Epoch 307/500——############################################################]
[##################################################################——local_meta_station60:train_task_query_Epoch 307/500——############################################################]
[##################################################################——local_meta_station60:train_task_support_Epoch 308/500——############################################################]
[##################################################################——local_meta_station60:train_task_query_Epoch 308/500——############################################################]
[##################################################################——local_meta_station60:train_task_support_Epoch 309/500——############################################################]
[##################################################################——local_meta_station60:train_task_query_Epoch 309/500——############################################################]
[##################################################################——local_meta_station60:train_task_support_Epoch 310/500——############################################################]
[##################################################################——local_meta_station60:train_task_query_Epoch 310/500——############################################################]
[##################################################################——local_meta_station60:train_task_support_Epoch 311/500——############################################################]
[##################################################################——local_meta_station60:train_task_query_Epoch 311/500——############################################################]
[##################################################################——local_meta_station60:train_task_support_Epoch 312/500——############################################################]
[##################################################################——local_meta_station60:train_task_query_Epoch 312/500——############################################################]
[##################################################################——local_meta_station60:train_task_support_Epoch 313/500——############################################################]
[##################################################################——local_meta_station60:train_task_query_Epoch 313/500——############################################################]
[##################################################################——local_meta_station60:train_task_support_Epoch 314/500——############################################################]
[##################################################################——local_meta_station60:train_task_query_Epoch 314/500——############################################################]
[##################################################################——local_meta_station60:train_task_support_Epoch 315/500——############################################################]
[##################################################################——local_meta_station60:train_task_query_Epoch 315/500——############################################################]
[##################################################################——local_meta_station60:train_task_support_Epoch 316/500——############################################################]
[##################################################################——local_meta_station60:train_task_query_Epoch 316/500——############################################################]
[##################################################################——local_meta_station60:train_task_support_Epoch 317/500——############################################################]
[##################################################################——local_meta_station60:train_task_query_Epoch 317/500——############################################################]
[##################################################################——local_meta_station60:train_task_support_Epoch 318/500——############################################################]
[##################################################################——local_meta_station60:train_task_query_Epoch 318/500——############################################################]
[##################################################################——local_meta_station60:train_task_support_Epoch 319/500——############################################################]
[##################################################################——local_meta_station60:train_task_query_Epoch 319/500——############################################################]
[##################################################################——local_meta_station60:train_task_support_Epoch 320/500——############################################################]
[##################################################################——local_meta_station60:train_task_query_Epoch 320/500——############################################################]
[##################################################################——local_meta_station60:train_task_support_Epoch 321/500——############################################################]
[##################################################################——local_meta_station60:train_task_query_Epoch 321/500——############################################################]
[##################################################################——local_meta_station60:train_task_support_Epoch 322/500——############################################################]
[##################################################################——local_meta_station60:train_task_query_Epoch 322/500——############################################################]
[##################################################################——local_meta_station60:train_task_support_Epoch 323/500——############################################################]
[##################################################################——local_meta_station60:train_task_query_Epoch 323/500——############################################################]
[##################################################################——local_meta_station60:train_task_support_Epoch 324/500——############################################################]
[##################################################################——local_meta_station60:train_task_query_Epoch 324/500——############################################################]
[##################################################################——local_meta_station60:train_task_support_Epoch 325/500——############################################################]
[##################################################################——local_meta_station60:train_task_query_Epoch 325/500——############################################################]
[##################################################################——local_meta_station60:train_task_support_Epoch 326/500——############################################################]
[##################################################################——local_meta_station60:train_task_query_Epoch 326/500——############################################################]
[##################################################################——local_meta_station60:train_task_support_Epoch 327/500——############################################################]
[##################################################################——local_meta_station60:train_task_query_Epoch 327/500——############################################################]
[##################################################################——local_meta_station60:train_task_support_Epoch 328/500——############################################################]
[##################################################################——local_meta_station60:train_task_query_Epoch 328/500——############################################################]
[##################################################################——local_meta_station60:train_task_support_Epoch 329/500——############################################################]
[##################################################################——local_meta_station60:train_task_query_Epoch 329/500——############################################################]
[##################################################################——local_meta_station60:train_task_support_Epoch 330/500——############################################################]
[##################################################################——local_meta_station60:train_task_query_Epoch 330/500——############################################################]
[##################################################################——local_meta_station60:train_task_support_Epoch 331/500——############################################################]
[##################################################################——local_meta_station60:train_task_query_Epoch 331/500——############################################################]
[##################################################################——local_meta_station60:train_task_support_Epoch 332/500——############################################################]
[##################################################################——local_meta_station60:train_task_query_Epoch 332/500——############################################################]
[##################################################################——local_meta_station60:train_task_support_Epoch 333/500——############################################################]
[##################################################################——local_meta_station60:train_task_query_Epoch 333/500——############################################################]
[##################################################################——local_meta_station60:train_task_support_Epoch 334/500——############################################################]
[##################################################################——local_meta_station60:train_task_query_Epoch 334/500——############################################################]
[##################################################################——local_meta_station60:train_task_support_Epoch 335/500——############################################################]
[##################################################################——local_meta_station60:train_task_query_Epoch 335/500——############################################################]
[##################################################################——local_meta_station60:train_task_support_Epoch 336/500——############################################################]
[##################################################################——local_meta_station60:train_task_query_Epoch 336/500——############################################################]
[##################################################################——local_meta_station60:train_task_support_Epoch 337/500——############################################################]
[##################################################################——local_meta_station60:train_task_query_Epoch 337/500——############################################################]
[##################################################################——local_meta_station60:train_task_support_Epoch 338/500——############################################################]
[##################################################################——local_meta_station60:train_task_query_Epoch 338/500——############################################################]
[##################################################################——local_meta_station60:train_task_support_Epoch 339/500——############################################################]
[##################################################################——local_meta_station60:train_task_query_Epoch 339/500——############################################################]
[##################################################################——local_meta_station60:train_task_support_Epoch 340/500——############################################################]
[##################################################################——local_meta_station60:train_task_query_Epoch 340/500——############################################################]
[##################################################################——local_meta_station60:train_task_support_Epoch 341/500——############################################################]
[##################################################################——local_meta_station60:train_task_query_Epoch 341/500——############################################################]
[##################################################################——local_meta_station60:train_task_support_Epoch 342/500——############################################################]
[##################################################################——local_meta_station60:train_task_query_Epoch 342/500——############################################################]
[##################################################################——local_meta_station60:train_task_support_Epoch 343/500——############################################################]
[##################################################################——local_meta_station60:train_task_query_Epoch 343/500——############################################################]
[##################################################################——local_meta_station60:train_task_support_Epoch 344/500——############################################################]
[##################################################################——local_meta_station60:train_task_query_Epoch 344/500——############################################################]
[##################################################################——local_meta_station60:train_task_support_Epoch 345/500——############################################################]
[##################################################################——local_meta_station60:train_task_query_Epoch 345/500——############################################################]
[##################################################################——local_meta_station60:train_task_support_Epoch 346/500——############################################################]
[##################################################################——local_meta_station60:train_task_query_Epoch 346/500——############################################################]
[##################################################################——local_meta_station60:train_task_support_Epoch 347/500——############################################################]
[##################################################################——local_meta_station60:train_task_query_Epoch 347/500——############################################################]
[##################################################################——local_meta_station60:train_task_support_Epoch 348/500——############################################################]
[##################################################################——local_meta_station60:train_task_query_Epoch 348/500——############################################################]
[##################################################################——local_meta_station60:train_task_support_Epoch 349/500——############################################################]
[##################################################################——local_meta_station60:train_task_query_Epoch 349/500——############################################################]
[##################################################################——local_meta_station60:train_task_support_Epoch 350/500——############################################################]
[##################################################################——local_meta_station60:train_task_query_Epoch 350/500——############################################################]
[##################################################################——local_meta_station60:train_task_support_Epoch 351/500——############################################################]
[##################################################################——local_meta_station60:train_task_query_Epoch 351/500——############################################################]
[##################################################################——local_meta_station60:train_task_support_Epoch 352/500——############################################################]
[##################################################################——local_meta_station60:train_task_query_Epoch 352/500——############################################################]
[##################################################################——local_meta_station60:train_task_support_Epoch 353/500——############################################################]
[##################################################################——local_meta_station60:train_task_query_Epoch 353/500——############################################################]
[##################################################################——local_meta_station60:train_task_support_Epoch 354/500——############################################################]
[##################################################################——local_meta_station60:train_task_query_Epoch 354/500——############################################################]
[##################################################################——local_meta_station60:train_task_support_Epoch 355/500——############################################################]
[##################################################################——local_meta_station60:train_task_query_Epoch 355/500——############################################################]
[##################################################################——local_meta_station60:train_task_support_Epoch 356/500——############################################################]
[##################################################################——local_meta_station60:train_task_query_Epoch 356/500——############################################################]
[##################################################################——local_meta_station60:train_task_support_Epoch 357/500——############################################################]
[##################################################################——local_meta_station60:train_task_query_Epoch 357/500——############################################################]
[##################################################################——local_meta_station60:train_task_support_Epoch 358/500——############################################################]
[##################################################################——local_meta_station60:train_task_query_Epoch 358/500——############################################################]
[##################################################################——local_meta_station60:train_task_support_Epoch 359/500——############################################################]
[##################################################################——local_meta_station60:train_task_query_Epoch 359/500——############################################################]
[##################################################################——local_meta_station60:train_task_support_Epoch 360/500——############################################################]
[##################################################################——local_meta_station60:train_task_query_Epoch 360/500——############################################################]
[##################################################################——local_meta_station60:train_task_support_Epoch 361/500——############################################################]
[##################################################################——local_meta_station60:train_task_query_Epoch 361/500——############################################################]
[##################################################################——local_meta_station60:train_task_support_Epoch 362/500——############################################################]
[##################################################################——local_meta_station60:train_task_query_Epoch 362/500——############################################################]
[##################################################################——local_meta_station60:train_task_support_Epoch 363/500——############################################################]
[##################################################################——local_meta_station60:train_task_query_Epoch 363/500——############################################################]
[##################################################################——local_meta_station60:train_task_support_Epoch 364/500——############################################################]
[##################################################################——local_meta_station60:train_task_query_Epoch 364/500——############################################################]
[##################################################################——local_meta_station60:train_task_support_Epoch 365/500——############################################################]
[##################################################################——local_meta_station60:train_task_query_Epoch 365/500——############################################################]
[##################################################################——local_meta_station60:train_task_support_Epoch 366/500——############################################################]
[##################################################################——local_meta_station60:train_task_query_Epoch 366/500——############################################################]
[##################################################################——local_meta_station60:train_task_support_Epoch 367/500——############################################################]
[##################################################################——local_meta_station60:train_task_query_Epoch 367/500——############################################################]
[##################################################################——local_meta_station60:train_task_support_Epoch 368/500——############################################################]
[##################################################################——local_meta_station60:train_task_query_Epoch 368/500——############################################################]
[##################################################################——local_meta_station60:train_task_support_Epoch 369/500——############################################################]
[##################################################################——local_meta_station60:train_task_query_Epoch 369/500——############################################################]
[##################################################################——local_meta_station60:train_task_support_Epoch 370/500——############################################################]
[##################################################################——local_meta_station60:train_task_query_Epoch 370/500——############################################################]
[##################################################################——local_meta_station60:train_task_support_Epoch 371/500——############################################################]
[##################################################################——local_meta_station60:train_task_query_Epoch 371/500——############################################################]
[##################################################################——local_meta_station60:train_task_support_Epoch 372/500——############################################################]
[##################################################################——local_meta_station60:train_task_query_Epoch 372/500——############################################################]
[##################################################################——local_meta_station60:train_task_support_Epoch 373/500——############################################################]
[##################################################################——local_meta_station60:train_task_query_Epoch 373/500——############################################################]
[##################################################################——local_meta_station60:train_task_support_Epoch 374/500——############################################################]
[##################################################################——local_meta_station60:train_task_query_Epoch 374/500——############################################################]
[##################################################################——local_meta_station60:train_task_support_Epoch 375/500——############################################################]
[##################################################################——local_meta_station60:train_task_query_Epoch 375/500——############################################################]
[##################################################################——local_meta_station60:train_task_support_Epoch 376/500——############################################################]
[##################################################################——local_meta_station60:train_task_query_Epoch 376/500——############################################################]
[##################################################################——local_meta_station60:train_task_support_Epoch 377/500——############################################################]
[##################################################################——local_meta_station60:train_task_query_Epoch 377/500——############################################################]
[##################################################################——local_meta_station60:train_task_support_Epoch 378/500——############################################################]
[##################################################################——local_meta_station60:train_task_query_Epoch 378/500——############################################################]
[##################################################################——local_meta_station60:train_task_support_Epoch 379/500——############################################################]
[##################################################################——local_meta_station60:train_task_query_Epoch 379/500——############################################################]
[##################################################################——local_meta_station60:train_task_support_Epoch 380/500——############################################################]
[##################################################################——local_meta_station60:train_task_query_Epoch 380/500——############################################################]
[##################################################################——local_meta_station60:train_task_support_Epoch 381/500——############################################################]
[##################################################################——local_meta_station60:train_task_query_Epoch 381/500——############################################################]
[##################################################################——local_meta_station60:train_task_support_Epoch 382/500——############################################################]
[##################################################################——local_meta_station60:train_task_query_Epoch 382/500——############################################################]
[##################################################################——local_meta_station60:train_task_support_Epoch 383/500——############################################################]
[##################################################################——local_meta_station60:train_task_query_Epoch 383/500——############################################################]
[##################################################################——local_meta_station60:train_task_support_Epoch 384/500——############################################################]
[##################################################################——local_meta_station60:train_task_query_Epoch 384/500——############################################################]
[##################################################################——local_meta_station60:train_task_support_Epoch 385/500——############################################################]
[##################################################################——local_meta_station60:train_task_query_Epoch 385/500——############################################################]
[##################################################################——local_meta_station60:train_task_support_Epoch 386/500——############################################################]
[##################################################################——local_meta_station60:train_task_query_Epoch 386/500——############################################################]
[##################################################################——local_meta_station60:train_task_support_Epoch 387/500——############################################################]
[##################################################################——local_meta_station60:train_task_query_Epoch 387/500——############################################################]
[##################################################################——local_meta_station60:train_task_support_Epoch 388/500——############################################################]
[##################################################################——local_meta_station60:train_task_query_Epoch 388/500——############################################################]
[##################################################################——local_meta_station60:train_task_support_Epoch 389/500——############################################################]
[##################################################################——local_meta_station60:train_task_query_Epoch 389/500——############################################################]
[##################################################################——local_meta_station60:train_task_support_Epoch 390/500——############################################################]
[##################################################################——local_meta_station60:train_task_query_Epoch 390/500——############################################################]
[##################################################################——local_meta_station60:train_task_support_Epoch 391/500——############################################################]
[##################################################################——local_meta_station60:train_task_query_Epoch 391/500——############################################################]
[##################################################################——local_meta_station60:train_task_support_Epoch 392/500——############################################################]
[##################################################################——local_meta_station60:train_task_query_Epoch 392/500——############################################################]
[##################################################################——local_meta_station60:train_task_support_Epoch 393/500——############################################################]
[##################################################################——local_meta_station60:train_task_query_Epoch 393/500——############################################################]
[##################################################################——local_meta_station60:train_task_support_Epoch 394/500——############################################################]
[##################################################################——local_meta_station60:train_task_query_Epoch 394/500——############################################################]
[##################################################################——local_meta_station60:train_task_support_Epoch 395/500——############################################################]
[##################################################################——local_meta_station60:train_task_query_Epoch 395/500——############################################################]
[##################################################################——local_meta_station60:train_task_support_Epoch 396/500——############################################################]
[##################################################################——local_meta_station60:train_task_query_Epoch 396/500——############################################################]
[##################################################################——local_meta_station60:train_task_support_Epoch 397/500——############################################################]
[##################################################################——local_meta_station60:train_task_query_Epoch 397/500——############################################################]
[##################################################################——local_meta_station60:train_task_support_Epoch 398/500——############################################################]
[##################################################################——local_meta_station60:train_task_query_Epoch 398/500——############################################################]
[##################################################################——local_meta_station60:train_task_support_Epoch 399/500——############################################################]
[##################################################################——local_meta_station60:train_task_query_Epoch 399/500——############################################################]
[##################################################################——local_meta_station60:train_task_support_Epoch 400/500——############################################################]
[##################################################################——local_meta_station60:train_task_query_Epoch 400/500——############################################################]
[##################################################################——local_meta_station60:train_task_support_Epoch 401/500——############################################################]
[##################################################################——local_meta_station60:train_task_query_Epoch 401/500——############################################################]
[##################################################################——local_meta_station60:train_task_support_Epoch 402/500——############################################################]
[##################################################################——local_meta_station60:train_task_query_Epoch 402/500——############################################################]
[##################################################################——local_meta_station60:train_task_support_Epoch 403/500——############################################################]
[##################################################################——local_meta_station60:train_task_query_Epoch 403/500——############################################################]
[##################################################################——local_meta_station60:train_task_support_Epoch 404/500——############################################################]
[##################################################################——local_meta_station60:train_task_query_Epoch 404/500——############################################################]
[##################################################################——local_meta_station60:train_task_support_Epoch 405/500——############################################################]
[##################################################################——local_meta_station60:train_task_query_Epoch 405/500——############################################################]
[##################################################################——local_meta_station60:train_task_support_Epoch 406/500——############################################################]
[##################################################################——local_meta_station60:train_task_query_Epoch 406/500——############################################################]
[##################################################################——local_meta_station60:train_task_support_Epoch 407/500——############################################################]
[##################################################################——local_meta_station60:train_task_query_Epoch 407/500——############################################################]
[##################################################################——local_meta_station60:train_task_support_Epoch 408/500——############################################################]
[##################################################################——local_meta_station60:train_task_query_Epoch 408/500——############################################################]
[##################################################################——local_meta_station60:train_task_support_Epoch 409/500——############################################################]
[##################################################################——local_meta_station60:train_task_query_Epoch 409/500——############################################################]
[##################################################################——local_meta_station60:train_task_support_Epoch 410/500——############################################################]
[##################################################################——local_meta_station60:train_task_query_Epoch 410/500——############################################################]
[##################################################################——local_meta_station60:train_task_support_Epoch 411/500——############################################################]
[##################################################################——local_meta_station60:train_task_query_Epoch 411/500——############################################################]
[##################################################################——local_meta_station60:train_task_support_Epoch 412/500——############################################################]
[##################################################################——local_meta_station60:train_task_query_Epoch 412/500——############################################################]
[##################################################################——local_meta_station60:train_task_support_Epoch 413/500——############################################################]
[##################################################################——local_meta_station60:train_task_query_Epoch 413/500——############################################################]
[##################################################################——local_meta_station60:train_task_support_Epoch 414/500——############################################################]
[##################################################################——local_meta_station60:train_task_query_Epoch 414/500——############################################################]
[##################################################################——local_meta_station60:train_task_support_Epoch 415/500——############################################################]
[##################################################################——local_meta_station60:train_task_query_Epoch 415/500——############################################################]
[##################################################################——local_meta_station60:train_task_support_Epoch 416/500——############################################################]
[##################################################################——local_meta_station60:train_task_query_Epoch 416/500——############################################################]
[##################################################################——local_meta_station60:train_task_support_Epoch 417/500——############################################################]
[##################################################################——local_meta_station60:train_task_query_Epoch 417/500——############################################################]
[##################################################################——local_meta_station60:train_task_support_Epoch 418/500——############################################################]
[##################################################################——local_meta_station60:train_task_query_Epoch 418/500——############################################################]
[##################################################################——local_meta_station60:train_task_support_Epoch 419/500——############################################################]
[##################################################################——local_meta_station60:train_task_query_Epoch 419/500——############################################################]
[##################################################################——local_meta_station60:train_task_support_Epoch 420/500——############################################################]
[##################################################################——local_meta_station60:train_task_query_Epoch 420/500——############################################################]
[##################################################################——local_meta_station60:train_task_support_Epoch 421/500——############################################################]
[##################################################################——local_meta_station60:train_task_query_Epoch 421/500——############################################################]
[##################################################################——local_meta_station60:train_task_support_Epoch 422/500——############################################################]
[##################################################################——local_meta_station60:train_task_query_Epoch 422/500——############################################################]
[##################################################################——local_meta_station60:train_task_support_Epoch 423/500——############################################################]
[##################################################################——local_meta_station60:train_task_query_Epoch 423/500——############################################################]
[##################################################################——local_meta_station60:train_task_support_Epoch 424/500——############################################################]
[##################################################################——local_meta_station60:train_task_query_Epoch 424/500——############################################################]
[##################################################################——local_meta_station60:train_task_support_Epoch 425/500——############################################################]
[##################################################################——local_meta_station60:train_task_query_Epoch 425/500——############################################################]
[##################################################################——local_meta_station60:train_task_support_Epoch 426/500——############################################################]
[##################################################################——local_meta_station60:train_task_query_Epoch 426/500——############################################################]
[##################################################################——local_meta_station60:train_task_support_Epoch 427/500——############################################################]
[##################################################################——local_meta_station60:train_task_query_Epoch 427/500——############################################################]
[##################################################################——local_meta_station60:train_task_support_Epoch 428/500——############################################################]
[##################################################################——local_meta_station60:train_task_query_Epoch 428/500——############################################################]
[##################################################################——local_meta_station60:train_task_support_Epoch 429/500——############################################################]
[##################################################################——local_meta_station60:train_task_query_Epoch 429/500——############################################################]
[##################################################################——local_meta_station60:train_task_support_Epoch 430/500——############################################################]
[##################################################################——local_meta_station60:train_task_query_Epoch 430/500——############################################################]
[##################################################################——local_meta_station60:train_task_support_Epoch 431/500——############################################################]
[##################################################################——local_meta_station60:train_task_query_Epoch 431/500——############################################################]
[##################################################################——local_meta_station60:train_task_support_Epoch 432/500——############################################################]
[##################################################################——local_meta_station60:train_task_query_Epoch 432/500——############################################################]
[##################################################################——local_meta_station60:train_task_support_Epoch 433/500——############################################################]
[##################################################################——local_meta_station60:train_task_query_Epoch 433/500——############################################################]
[##################################################################——local_meta_station60:train_task_support_Epoch 434/500——############################################################]
[##################################################################——local_meta_station60:train_task_query_Epoch 434/500——############################################################]
[##################################################################——local_meta_station60:train_task_support_Epoch 435/500——############################################################]
[##################################################################——local_meta_station60:train_task_query_Epoch 435/500——############################################################]
[##################################################################——local_meta_station60:train_task_support_Epoch 436/500——############################################################]
[##################################################################——local_meta_station60:train_task_query_Epoch 436/500——############################################################]
[##################################################################——local_meta_station60:train_task_support_Epoch 437/500——############################################################]
[##################################################################——local_meta_station60:train_task_query_Epoch 437/500——############################################################]
[##################################################################——local_meta_station60:train_task_support_Epoch 438/500——############################################################]
[##################################################################——local_meta_station60:train_task_query_Epoch 438/500——############################################################]
[##################################################################——local_meta_station60:train_task_support_Epoch 439/500——############################################################]
[##################################################################——local_meta_station60:train_task_query_Epoch 439/500——############################################################]
[##################################################################——local_meta_station60:train_task_support_Epoch 440/500——############################################################]
[##################################################################——local_meta_station60:train_task_query_Epoch 440/500——############################################################]
[##################################################################——local_meta_station60:train_task_support_Epoch 441/500——############################################################]
[##################################################################——local_meta_station60:train_task_query_Epoch 441/500——############################################################]
[##################################################################——local_meta_station60:train_task_support_Epoch 442/500——############################################################]
[##################################################################——local_meta_station60:train_task_query_Epoch 442/500——############################################################]
[##################################################################——local_meta_station60:train_task_support_Epoch 443/500——############################################################]
[##################################################################——local_meta_station60:train_task_query_Epoch 443/500——############################################################]
[##################################################################——local_meta_station60:train_task_support_Epoch 444/500——############################################################]
[##################################################################——local_meta_station60:train_task_query_Epoch 444/500——############################################################]
[##################################################################——local_meta_station60:train_task_support_Epoch 445/500——############################################################]
[##################################################################——local_meta_station60:train_task_query_Epoch 445/500——############################################################]
[##################################################################——local_meta_station60:train_task_support_Epoch 446/500——############################################################]
[##################################################################——local_meta_station60:train_task_query_Epoch 446/500——############################################################]
[##################################################################——local_meta_station60:train_task_support_Epoch 447/500——############################################################]
[##################################################################——local_meta_station60:train_task_query_Epoch 447/500——############################################################]
[##################################################################——local_meta_station60:train_task_support_Epoch 448/500——############################################################]
[##################################################################——local_meta_station60:train_task_query_Epoch 448/500——############################################################]
[##################################################################——local_meta_station60:train_task_support_Epoch 449/500——############################################################]
[##################################################################——local_meta_station60:train_task_query_Epoch 449/500——############################################################]
[##################################################################——local_meta_station60:train_task_support_Epoch 450/500——############################################################]
[##################################################################——local_meta_station60:train_task_query_Epoch 450/500——############################################################]
[##################################################################——local_meta_station60:train_task_support_Epoch 451/500——############################################################]
[##################################################################——local_meta_station60:train_task_query_Epoch 451/500——############################################################]
[##################################################################——local_meta_station60:train_task_support_Epoch 452/500——############################################################]
[##################################################################——local_meta_station60:train_task_query_Epoch 452/500——############################################################]
[##################################################################——local_meta_station60:train_task_support_Epoch 453/500——############################################################]
[##################################################################——local_meta_station60:train_task_query_Epoch 453/500——############################################################]
[##################################################################——local_meta_station60:train_task_support_Epoch 454/500——############################################################]
[##################################################################——local_meta_station60:train_task_query_Epoch 454/500——############################################################]
[##################################################################——local_meta_station60:train_task_support_Epoch 455/500——############################################################]
[##################################################################——local_meta_station60:train_task_query_Epoch 455/500——############################################################]
[##################################################################——local_meta_station60:train_task_support_Epoch 456/500——############################################################]
[##################################################################——local_meta_station60:train_task_query_Epoch 456/500——############################################################]
[##################################################################——local_meta_station60:train_task_support_Epoch 457/500——############################################################]
[##################################################################——local_meta_station60:train_task_query_Epoch 457/500——############################################################]
[##################################################################——local_meta_station60:train_task_support_Epoch 458/500——############################################################]
[##################################################################——local_meta_station60:train_task_query_Epoch 458/500——############################################################]
[##################################################################——local_meta_station60:train_task_support_Epoch 459/500——############################################################]
[##################################################################——local_meta_station60:train_task_query_Epoch 459/500——############################################################]
[##################################################################——local_meta_station60:train_task_support_Epoch 460/500——############################################################]
[##################################################################——local_meta_station60:train_task_query_Epoch 460/500——############################################################]
[##################################################################——local_meta_station60:train_task_support_Epoch 461/500——############################################################]
[##################################################################——local_meta_station60:train_task_query_Epoch 461/500——############################################################]
[##################################################################——local_meta_station60:train_task_support_Epoch 462/500——############################################################]
[##################################################################——local_meta_station60:train_task_query_Epoch 462/500——############################################################]
[##################################################################——local_meta_station60:train_task_support_Epoch 463/500——############################################################]
[##################################################################——local_meta_station60:train_task_query_Epoch 463/500——############################################################]
[##################################################################——local_meta_station60:train_task_support_Epoch 464/500——############################################################]
[##################################################################——local_meta_station60:train_task_query_Epoch 464/500——############################################################]
[##################################################################——local_meta_station60:train_task_support_Epoch 465/500——############################################################]
[##################################################################——local_meta_station60:train_task_query_Epoch 465/500——############################################################]
[##################################################################——local_meta_station60:train_task_support_Epoch 466/500——############################################################]
[##################################################################——local_meta_station60:train_task_query_Epoch 466/500——############################################################]
[##################################################################——local_meta_station60:train_task_support_Epoch 467/500——############################################################]
[##################################################################——local_meta_station60:train_task_query_Epoch 467/500——############################################################]
[##################################################################——local_meta_station60:train_task_support_Epoch 468/500——############################################################]
[##################################################################——local_meta_station60:train_task_query_Epoch 468/500——############################################################]
[##################################################################——local_meta_station60:train_task_support_Epoch 469/500——############################################################]
[##################################################################——local_meta_station60:train_task_query_Epoch 469/500——############################################################]
[##################################################################——local_meta_station60:train_task_support_Epoch 470/500——############################################################]
[##################################################################——local_meta_station60:train_task_query_Epoch 470/500——############################################################]
[##################################################################——local_meta_station60:train_task_support_Epoch 471/500——############################################################]
[##################################################################——local_meta_station60:train_task_query_Epoch 471/500——############################################################]
[##################################################################——local_meta_station60:train_task_support_Epoch 472/500——############################################################]
[##################################################################——local_meta_station60:train_task_query_Epoch 472/500——############################################################]
[##################################################################——local_meta_station60:train_task_support_Epoch 473/500——############################################################]
[##################################################################——local_meta_station60:train_task_query_Epoch 473/500——############################################################]
[##################################################################——local_meta_station60:train_task_support_Epoch 474/500——############################################################]
[##################################################################——local_meta_station60:train_task_query_Epoch 474/500——############################################################]
[##################################################################——local_meta_station60:train_task_support_Epoch 475/500——############################################################]
[##################################################################——local_meta_station60:train_task_query_Epoch 475/500——############################################################]
[##################################################################——local_meta_station60:train_task_support_Epoch 476/500——############################################################]
[##################################################################——local_meta_station60:train_task_query_Epoch 476/500——############################################################]
[##################################################################——local_meta_station60:train_task_support_Epoch 477/500——############################################################]
[##################################################################——local_meta_station60:train_task_query_Epoch 477/500——############################################################]
[##################################################################——local_meta_station60:train_task_support_Epoch 478/500——############################################################]
[##################################################################——local_meta_station60:train_task_query_Epoch 478/500——############################################################]
[##################################################################——local_meta_station60:train_task_support_Epoch 479/500——############################################################]
[##################################################################——local_meta_station60:train_task_query_Epoch 479/500——############################################################]
[##################################################################——local_meta_station60:train_task_support_Epoch 480/500——############################################################]
[##################################################################——local_meta_station60:train_task_query_Epoch 480/500——############################################################]
[##################################################################——local_meta_station60:train_task_support_Epoch 481/500——############################################################]
[##################################################################——local_meta_station60:train_task_query_Epoch 481/500——############################################################]
[##################################################################——local_meta_station60:train_task_support_Epoch 482/500——############################################################]
[##################################################################——local_meta_station60:train_task_query_Epoch 482/500——############################################################]
[##################################################################——local_meta_station60:train_task_support_Epoch 483/500——############################################################]
[##################################################################——local_meta_station60:train_task_query_Epoch 483/500——############################################################]
[##################################################################——local_meta_station60:train_task_support_Epoch 484/500——############################################################]
[##################################################################——local_meta_station60:train_task_query_Epoch 484/500——############################################################]
[##################################################################——local_meta_station60:train_task_support_Epoch 485/500——############################################################]
[##################################################################——local_meta_station60:train_task_query_Epoch 485/500——############################################################]
[##################################################################——local_meta_station60:train_task_support_Epoch 486/500——############################################################]
[##################################################################——local_meta_station60:train_task_query_Epoch 486/500——############################################################]
[##################################################################——local_meta_station60:train_task_support_Epoch 487/500——############################################################]
[##################################################################——local_meta_station60:train_task_query_Epoch 487/500——############################################################]
[##################################################################——local_meta_station60:train_task_support_Epoch 488/500——############################################################]
[##################################################################——local_meta_station60:train_task_query_Epoch 488/500——############################################################]
[##################################################################——local_meta_station60:train_task_support_Epoch 489/500——############################################################]
[##################################################################——local_meta_station60:train_task_query_Epoch 489/500——############################################################]
[##################################################################——local_meta_station60:train_task_support_Epoch 490/500——############################################################]
[##################################################################——local_meta_station60:train_task_query_Epoch 490/500——############################################################]
[##################################################################——local_meta_station60:train_task_support_Epoch 491/500——############################################################]
[##################################################################——local_meta_station60:train_task_query_Epoch 491/500——############################################################]
[##################################################################——local_meta_station60:train_task_support_Epoch 492/500——############################################################]
[##################################################################——local_meta_station60:train_task_query_Epoch 492/500——############################################################]
[##################################################################——local_meta_station60:train_task_support_Epoch 493/500——############################################################]
[##################################################################——local_meta_station60:train_task_query_Epoch 493/500——############################################################]
[##################################################################——local_meta_station60:train_task_support_Epoch 494/500——############################################################]
[##################################################################——local_meta_station60:train_task_query_Epoch 494/500——############################################################]
[##################################################################——local_meta_station60:train_task_support_Epoch 495/500——############################################################]
[##################################################################——local_meta_station60:train_task_query_Epoch 495/500——############################################################]
[##################################################################——local_meta_station60:train_task_support_Epoch 496/500——############################################################]
[##################################################################——local_meta_station60:train_task_query_Epoch 496/500——############################################################]
[##################################################################——local_meta_station60:train_task_support_Epoch 497/500——############################################################]
[##################################################################——local_meta_station60:train_task_query_Epoch 497/500——############################################################]
[##################################################################——local_meta_station60:train_task_support_Epoch 498/500——############################################################]
[##################################################################——local_meta_station60:train_task_query_Epoch 498/500——############################################################]
[##################################################################——local_meta_station60:train_task_support_Epoch 499/500——############################################################]
[##################################################################——local_meta_station60:train_task_query_Epoch 499/500——############################################################]
✓ 元训练完成: model_fore_train_task_query_local_meta_station60.pth
##################################################################——————————test_task_support（Few-shot适应：共36个模型）——————————############################################################

======================================================================
场站 58 的Few-shot适应
======================================================================

  极端天气类别 1:
    样本数: 18
    训练轮数: 10, few-shot loss=MSE
    adapt/val: 14 / 4
      [LMT] [Epoch 10/10] [loss_mse: 0.239084]
    ✓ 保存(LMT): ./model_fore_station58_extreme0.pth
    [screen] source_station=59 -> target_station=58, candidate=15, gated=12, effective=12
      [source59->target58] [Epoch 10/10] [loss_mse: 0.292455]
    [screen] source_station=60 -> target_station=58, candidate=13, gated=11, effective=11
      [source60->target58] [Epoch 10/10] [loss_mse: 0.347714]
      [Extreme-FedAvg:target_refine] [Epoch 5/5] [loss_mse: 0.223497]
    ✓ 保存(Extreme-FedAvg): model_fore_station58_extreme0_extreme_fedavg.pth weights={'58': 0.3333333333333333, '59': 0.3333333333333333, '60': 0.3333333333333333}
      [Proposed-A:target_refine] [Epoch 5/5] [loss_mse: 0.227620]
    ✓ 保存(Proposed-A): model_fore_station58_extreme0_proposed_a.pth weights={'58': 0.5, '59': 0.2417378896881631, '60': 0.2582621103118369}

  极端天气类别 2:
    样本数: 6
    训练轮数: 10, few-shot loss=MSE
    adapt/val: 4 / 2
      [LMT] [Epoch 10/10] [loss_mse: 0.049971]
    ✓ 保存(LMT): ./model_fore_station58_extreme1.pth
    [screen] source_station=59 -> target_station=58, candidate=12, gated=10, effective=6
      [source59->target58] [Epoch 10/10] [loss_mse: 0.019963]
    [screen] source_station=60 -> target_station=58, candidate=12, gated=10, effective=5
      [source60->target58] [Epoch 10/10] [loss_mse: 0.015863]
      [Extreme-FedAvg:target_refine] [Epoch 5/5] [loss_mse: 0.059947]
    ✓ 保存(Extreme-FedAvg): model_fore_station58_extreme1_extreme_fedavg.pth weights={'58': 0.3333333333333333, '59': 0.3333333333333333, '60': 0.3333333333333333}
      [Proposed-A:target_refine] [Epoch 5/5] [loss_mse: 0.054281]
    ✓ 保存(Proposed-A): model_fore_station58_extreme1_proposed_a.pth weights={'58': 0.5, '59': 0.2618594452740464, '60': 0.2381405547259536}

  极端天气类别 3:
    样本数: 6
    训练轮数: 10, few-shot loss=MSE
    adapt/val: 4 / 2
      [LMT] [Epoch 10/10] [loss_mse: 0.352600]
    ✓ 保存(LMT): ./model_fore_station58_extreme2.pth
    [screen] source_station=59 -> target_station=58, candidate=7, gated=6, effective=0
    [screen] source_station=60 -> target_station=58, candidate=6, gated=5, effective=1
      [source60->target58] [Epoch 10/10] [loss_mse: 0.040231]
      [Extreme-FedAvg:target_refine] [Epoch 5/5] [loss_mse: 0.369843]
    ✓ 保存(Extreme-FedAvg): model_fore_station58_extreme2_extreme_fedavg.pth weights={'58': 0.5, '60': 0.5}
      [Proposed-A:target_refine] [Epoch 5/5] [loss_mse: 0.364048]
    ✓ 保存(Proposed-A): model_fore_station58_extreme2_proposed_a.pth weights={'58': 0.5, '60': 0.5}

  极端天气类别 4:
    样本数: 50
    训练轮数: 10, few-shot loss=MSE
    adapt/val: 38 / 12
      [LMT] [Epoch 10/10] [loss_mse: 0.038484]
    ✓ 保存(LMT): ./model_fore_station58_extreme3.pth
    [screen] source_station=59 -> target_station=58, candidate=32, gated=26, effective=11
      [source59->target58] [Epoch 10/10] [loss_mse: 0.056798]
    [screen] source_station=60 -> target_station=58, candidate=38, gated=31, effective=12
      [source60->target58] [Epoch 10/10] [loss_mse: 0.117667]
      [Extreme-FedAvg:target_refine] [Epoch 5/5] [loss_mse: 0.048065]
    ✓ 保存(Extreme-FedAvg): model_fore_station58_extreme3_extreme_fedavg.pth weights={'58': 0.3333333333333333, '59': 0.3333333333333333, '60': 0.3333333333333333}
      [Proposed-A:target_refine] [Epoch 5/5] [loss_mse: 0.044047]
    ✓ 保存(Proposed-A): model_fore_station58_extreme3_proposed_a.pth weights={'58': 0.5, '59': 0.24507500700381654, '60': 0.2549249929961835}

======================================================================
场站 59 的Few-shot适应
======================================================================

  极端天气类别 1:
    样本数: 15
    训练轮数: 10, few-shot loss=MSE
    adapt/val: 11 / 4
      [LMT] [Epoch 10/10] [loss_mse: 0.258597]
    ✓ 保存(LMT): ./model_fore_station59_extreme0.pth
    [screen] source_station=58 -> target_station=59, candidate=18, gated=15, effective=9
      [source58->target59] [Epoch 10/10] [loss_mse: 0.240233]
    [screen] source_station=60 -> target_station=59, candidate=13, gated=11, effective=11
      [source60->target59] [Epoch 10/10] [loss_mse: 0.274191]
      [Extreme-FedAvg:target_refine] [Epoch 5/5] [loss_mse: 0.240658]
    ✓ 保存(Extreme-FedAvg): model_fore_station59_extreme0_extreme_fedavg.pth weights={'59': 0.3333333333333333, '58': 0.3333333333333333, '60': 0.3333333333333333}
      [Proposed-A:target_refine] [Epoch 5/5] [loss_mse: 0.239923]
    ✓ 保存(Proposed-A): model_fore_station59_extreme0_proposed_a.pth weights={'59': 0.5, '58': 0.22888055466112076, '60': 0.2711194453388793}

  极端天气类别 2:
    样本数: 12
    训练轮数: 10, few-shot loss=MSE
    adapt/val: 9 / 3
      [LMT] [Epoch 10/10] [loss_mse: 0.052203]
    ✓ 保存(LMT): ./model_fore_station59_extreme1.pth
    [screen] source_station=58 -> target_station=59, candidate=6, gated=5, effective=4
      [source58->target59] [Epoch 10/10] [loss_mse: 0.043667]
    [screen] source_station=60 -> target_station=59, candidate=12, gated=10, effective=7
      [source60->target59] [Epoch 10/10] [loss_mse: 0.028417]
      [Extreme-FedAvg:target_refine] [Epoch 5/5] [loss_mse: 0.042405]
    ✓ 保存(Extreme-FedAvg): model_fore_station59_extreme1_extreme_fedavg.pth weights={'59': 0.3333333333333333, '58': 0.3333333333333333, '60': 0.3333333333333333}
      [Proposed-A:target_refine] [Epoch 5/5] [loss_mse: 0.059355]
    ✓ 保存(Proposed-A): model_fore_station59_extreme1_proposed_a.pth weights={'59': 0.5, '58': 0.21476673871825055, '60': 0.2852332612817494}

  极端天气类别 3:
    样本数: 7
    训练轮数: 10, few-shot loss=MSE
    adapt/val: 5 / 2
      [LMT] [Epoch 10/10] [loss_mse: 0.269443]
    ✓ 保存(LMT): ./model_fore_station59_extreme2.pth
    [screen] source_station=58 -> target_station=59, candidate=6, gated=5, effective=3
      [source58->target59] [Epoch 10/10] [loss_mse: 0.218636]
    [screen] source_station=60 -> target_station=59, candidate=6, gated=5, effective=4
      [source60->target59] [Epoch 10/10] [loss_mse: 0.327039]
      [Extreme-FedAvg:target_refine] [Epoch 5/5] [loss_mse: 0.245212]
    ✓ 保存(Extreme-FedAvg): model_fore_station59_extreme2_extreme_fedavg.pth weights={'59': 0.3333333333333333, '58': 0.3333333333333333, '60': 0.3333333333333333}
      [Proposed-A:target_refine] [Epoch 5/5] [loss_mse: 0.246288]
    ✓ 保存(Proposed-A): model_fore_station59_extreme2_proposed_a.pth weights={'59': 0.5, '58': 0.23340048999854768, '60': 0.2665995100014523}

  极端天气类别 4:
    样本数: 32
    训练轮数: 10, few-shot loss=MSE
    adapt/val: 24 / 8
      [LMT] [Epoch 10/10] [loss_mse: 0.082698]
    ✓ 保存(LMT): ./model_fore_station59_extreme3.pth
    [screen] source_station=58 -> target_station=59, candidate=50, gated=40, effective=32
      [source58->target59] [Epoch 10/10] [loss_mse: 0.054521]
    [screen] source_station=60 -> target_station=59, candidate=38, gated=31, effective=22
      [source60->target59] [Epoch 10/10] [loss_mse: 0.047565]
      [Extreme-FedAvg:target_refine] [Epoch 5/5] [loss_mse: 0.082766]
    ✓ 保存(Extreme-FedAvg): model_fore_station59_extreme3_extreme_fedavg.pth weights={'59': 0.3333333333333333, '58': 0.3333333333333333, '60': 0.3333333333333333}
      [Proposed-A:target_refine] [Epoch 5/5] [loss_mse: 0.084685]
    ✓ 保存(Proposed-A): model_fore_station59_extreme3_proposed_a.pth weights={'59': 0.5, '58': 0.2625567122075945, '60': 0.23744328779240548}

======================================================================
场站 60 的Few-shot适应
======================================================================

  极端天气类别 1:
    样本数: 13
    训练轮数: 10, few-shot loss=MSE
    adapt/val: 10 / 3
      [LMT] [Epoch 10/10] [loss_mse: 0.235370]
    ✓ 保存(LMT): ./model_fore_station60_extreme0.pth
    [screen] source_station=58 -> target_station=60, candidate=18, gated=15, effective=9
      [source58->target60] [Epoch 10/10] [loss_mse: 0.206598]
    [screen] source_station=59 -> target_station=60, candidate=15, gated=12, effective=10
      [source59->target60] [Epoch 10/10] [loss_mse: 0.216538]
      [Extreme-FedAvg:target_refine] [Epoch 5/5] [loss_mse: 0.212012]
    ✓ 保存(Extreme-FedAvg): model_fore_station60_extreme0_extreme_fedavg.pth weights={'60': 0.3333333333333333, '58': 0.3333333333333333, '59': 0.3333333333333333}
      [Proposed-A:target_refine] [Epoch 5/5] [loss_mse: 0.220856]
    ✓ 保存(Proposed-A): model_fore_station60_extreme0_proposed_a.pth weights={'60': 0.5, '58': 0.24507624960505695, '59': 0.254923750394943}

  极端天气类别 2:
    样本数: 12
    训练轮数: 10, few-shot loss=MSE
    adapt/val: 9 / 3
      [LMT] [Epoch 10/10] [loss_mse: 0.076773]
    ✓ 保存(LMT): ./model_fore_station60_extreme1.pth
    [screen] source_station=58 -> target_station=60, candidate=6, gated=5, effective=4
      [source58->target60] [Epoch 10/10] [loss_mse: 0.057730]
    [screen] source_station=59 -> target_station=60, candidate=12, gated=10, effective=8
      [source59->target60] [Epoch 10/10] [loss_mse: 0.055801]
      [Extreme-FedAvg:target_refine] [Epoch 5/5] [loss_mse: 0.077313]
    ✓ 保存(Extreme-FedAvg): model_fore_station60_extreme1_extreme_fedavg.pth weights={'60': 0.3333333333333333, '58': 0.3333333333333333, '59': 0.3333333333333333}
      [Proposed-A:target_refine] [Epoch 5/5] [loss_mse: 0.080506]
    ✓ 保存(Proposed-A): model_fore_station60_extreme1_proposed_a.pth weights={'60': 0.5, '58': 0.20315042647105655, '59': 0.2968495735289434}

  极端天气类别 3:
    样本数: 6
    训练轮数: 10, few-shot loss=MSE
    adapt/val: 4 / 2
      [LMT] [Epoch 10/10] [loss_mse: 0.271194]
    ✓ 保存(LMT): ./model_fore_station60_extreme2.pth
    [screen] source_station=58 -> target_station=60, candidate=6, gated=5, effective=2
      [source58->target60] [Epoch 10/10] [loss_mse: 0.135304]
    [screen] source_station=59 -> target_station=60, candidate=7, gated=6, effective=0
      [Extreme-FedAvg:target_refine] [Epoch 5/5] [loss_mse: 0.292659]
    ✓ 保存(Extreme-FedAvg): model_fore_station60_extreme2_extreme_fedavg.pth weights={'60': 0.5, '58': 0.5}
      [Proposed-A:target_refine] [Epoch 5/5] [loss_mse: 0.294214]
    ✓ 保存(Proposed-A): model_fore_station60_extreme2_proposed_a.pth weights={'60': 0.5, '58': 0.5}

  极端天气类别 4:
    样本数: 38
    训练轮数: 10, few-shot loss=MSE
    adapt/val: 28 / 10
      [LMT] [Epoch 10/10] [loss_mse: 0.088512]
    ✓ 保存(LMT): ./model_fore_station60_extreme3.pth
    [screen] source_station=58 -> target_station=60, candidate=50, gated=40, effective=37
      [source58->target60] [Epoch 10/10] [loss_mse: 0.084960]
    [screen] source_station=59 -> target_station=60, candidate=32, gated=26, effective=21
      [source59->target60] [Epoch 10/10] [loss_mse: 0.065336]
      [Extreme-FedAvg:target_refine] [Epoch 5/5] [loss_mse: 0.075898]
    ✓ 保存(Extreme-FedAvg): model_fore_station60_extreme3_extreme_fedavg.pth weights={'60': 0.3333333333333333, '58': 0.3333333333333333, '59': 0.3333333333333333}
      [Proposed-A:target_refine] [Epoch 5/5] [loss_mse: 0.074922]
    ✓ 保存(Proposed-A): model_fore_station60_extreme3_proposed_a.pth weights={'60': 0.5, '58': 0.26685826574334987, '59': 0.23314173425665016}

✓ Few-shot训练完成，生成了 36 个个性化模型

======================================================================
生成所有场站的测试预测结果
======================================================================

场站 58 预测:
  ✓ 极端类别1（LMT/Extreme-FedAvg/Proposed-A）
  ✓ 极端类别2（LMT/Extreme-FedAvg/Proposed-A）
  ✓ 极端类别3（LMT/Extreme-FedAvg/Proposed-A）
  ✓ 极端类别4（LMT/Extreme-FedAvg/Proposed-A）

场站 59 预测:
  ✓ 极端类别1（LMT/Extreme-FedAvg/Proposed-A）
  ✓ 极端类别2（LMT/Extreme-FedAvg/Proposed-A）
  ✓ 极端类别3（LMT/Extreme-FedAvg/Proposed-A）
  ✓ 极端类别4（LMT/Extreme-FedAvg/Proposed-A）

场站 60 预测:
  ✓ 极端类别1（LMT/Extreme-FedAvg/Proposed-A）
  ✓ 极端类别2（LMT/Extreme-FedAvg/Proposed-A）
  ✓ 极端类别3（LMT/Extreme-FedAvg/Proposed-A）
  ✓ 极端类别4（LMT/Extreme-FedAvg/Proposed-A）

保存所有场站测试结果...
✓ 已保存: all_stations_test_results.mat

======================================================================
✓✓✓ 训练和测试全部完成！
生成的模型: 36个个性化模型（LMT/Extreme-FedAvg/Proposed-A）
======================================================================
