======================================================================
联邦模式：加载3个场站数据（58/59/60）
======================================================================
  加载 58wf_4_train.mat...
  加载 59wf_4_train.mat...
  加载 60wf_4_train.mat...

======================================================================
准备所有场站的完整数据（元训练+极端天气+测试集）
======================================================================

准备联邦客户端数据（常规天气）...
  处理场站 58...
    shape: (1, 16550, 5) → (1, 16550, 1)
  处理场站 59...
    shape: (1, 16732, 5) → (1, 16732, 1)
  处理场站 60...
    shape: (1, 16693, 5) → (1, 16693, 1)
  总数据量: 49975 样本

准备所有场站的元训练和测试数据（3场站一视同仁）...

  场站 58:
    测试集2023: (730, 12, 1)
    聚类类别: 10类
    极端天气: 4类

  场站 59:
    测试集2023: (730, 12, 1)
    聚类类别: 10类
    极端天气: 4类

  场站 60:
    测试集2023: (730, 12, 1)
    聚类类别: 10类
    极端天气: 4类

✓ 所有场站数据准备完成！
#########################################################################——————————本地预训练（Local Pre-train）——————————############################################################
场站数量: 3, 场站: 58, 59, 60

======================================================================
开始本地预训练: station 58
======================================================================
2.391822338104248
[station 58] [Epoch 99/2000] [loss_mse: 0.106329] 
4.75858473777771
[station 58] [Epoch 199/2000] [loss_mse: 0.055468] 
6.8878092765808105
[station 58] [Epoch 299/2000] [loss_mse: 0.048332] 
9.134786367416382
[station 58] [Epoch 399/2000] [loss_mse: 0.043473] 
11.511324405670166
[station 58] [Epoch 499/2000] [loss_mse: 0.042277] 
13.988908052444458
[station 58] [Epoch 599/2000] [loss_mse: 0.040412] 
16.238850116729736
[station 58] [Epoch 699/2000] [loss_mse: 0.039442] 
18.623295545578003
[station 58] [Epoch 799/2000] [loss_mse: 0.039481] 
21.052690982818604
[station 58] [Epoch 899/2000] [loss_mse: 0.038201] 
23.453712463378906
[station 58] [Epoch 999/2000] [loss_mse: 0.038129] 
25.85344672203064
[station 58] [Epoch 1099/2000] [loss_mse: 0.037115] 
28.135379552841187
[station 58] [Epoch 1199/2000] [loss_mse: 0.036693] 
30.521374940872192
[station 58] [Epoch 1299/2000] [loss_mse: 0.036401] 
32.90059804916382
[station 58] [Epoch 1399/2000] [loss_mse: 0.035908] 
35.28039836883545
[station 58] [Epoch 1499/2000] [loss_mse: 0.035928] 
37.649492025375366
[station 58] [Epoch 1599/2000] [loss_mse: 0.034843] 
40.11952996253967
[station 58] [Epoch 1699/2000] [loss_mse: 0.034518] 
42.50431752204895
[station 58] [Epoch 1799/2000] [loss_mse: 0.033479] 
44.97442102432251
[station 58] [Epoch 1899/2000] [loss_mse: 0.033164] 
47.3925621509552
[station 58] [Epoch 1999/2000] [loss_mse: 0.032588] 
✓ 本地预训练完成: model_fore_pre_station58_local.pth

======================================================================
开始本地预训练: station 59
======================================================================
2.547692060470581
[station 59] [Epoch 99/2000] [loss_mse: 0.147925] 
4.935381174087524
[station 59] [Epoch 199/2000] [loss_mse: 0.056383] 
7.458765983581543
[station 59] [Epoch 299/2000] [loss_mse: 0.049196] 
9.83827018737793
[station 59] [Epoch 399/2000] [loss_mse: 0.044332] 
12.137670516967773
[station 59] [Epoch 499/2000] [loss_mse: 0.042127] 
14.472994327545166
[station 59] [Epoch 599/2000] [loss_mse: 0.040084] 
16.71050763130188
[station 59] [Epoch 699/2000] [loss_mse: 0.038424] 
19.039355278015137
[station 59] [Epoch 799/2000] [loss_mse: 0.038035] 
21.49943709373474
[station 59] [Epoch 899/2000] [loss_mse: 0.037456] 
23.940181493759155
[station 59] [Epoch 999/2000] [loss_mse: 0.036769] 
26.479044437408447
[station 59] [Epoch 1099/2000] [loss_mse: 0.036048] 
29.003796339035034
[station 59] [Epoch 1199/2000] [loss_mse: 0.036055] 
31.410314321517944
[station 59] [Epoch 1299/2000] [loss_mse: 0.035229] 
33.78665375709534
[station 59] [Epoch 1399/2000] [loss_mse: 0.034577] 
36.15437579154968
[station 59] [Epoch 1499/2000] [loss_mse: 0.034677] 
38.350547790527344
[station 59] [Epoch 1599/2000] [loss_mse: 0.034143] 
40.64049315452576
[station 59] [Epoch 1699/2000] [loss_mse: 0.033776] 
42.95095467567444
[station 59] [Epoch 1799/2000] [loss_mse: 0.033630] 
45.328733682632446
[station 59] [Epoch 1899/2000] [loss_mse: 0.033737] 
47.74300217628479
[station 59] [Epoch 1999/2000] [loss_mse: 0.032889] 
✓ 本地预训练完成: model_fore_pre_station59_local.pth

======================================================================
开始本地预训练: station 60
======================================================================
2.4515202045440674
[station 60] [Epoch 99/2000] [loss_mse: 0.161144] 
5.037240266799927
[station 60] [Epoch 199/2000] [loss_mse: 0.066140] 
7.56459641456604
[station 60] [Epoch 299/2000] [loss_mse: 0.056656] 
9.922201871871948
[station 60] [Epoch 399/2000] [loss_mse: 0.052126] 
12.309828281402588
[station 60] [Epoch 499/2000] [loss_mse: 0.050419] 
14.767832279205322
[station 60] [Epoch 599/2000] [loss_mse: 0.047937] 
17.29394292831421
[station 60] [Epoch 699/2000] [loss_mse: 0.046871] 
19.738412618637085
[station 60] [Epoch 799/2000] [loss_mse: 0.045987] 
22.154619693756104
[station 60] [Epoch 899/2000] [loss_mse: 0.045515] 
24.607535123825073
[station 60] [Epoch 999/2000] [loss_mse: 0.045016] 
26.96001887321472
[station 60] [Epoch 1099/2000] [loss_mse: 0.043909] 
29.408801555633545
[station 60] [Epoch 1199/2000] [loss_mse: 0.043637] 
31.944129467010498
[station 60] [Epoch 1299/2000] [loss_mse: 0.042890] 
34.39777421951294
[station 60] [Epoch 1399/2000] [loss_mse: 0.042782] 
36.84851288795471
[station 60] [Epoch 1499/2000] [loss_mse: 0.042058] 
39.23325276374817
[station 60] [Epoch 1599/2000] [loss_mse: 0.041820] 
41.62490963935852
[station 60] [Epoch 1699/2000] [loss_mse: 0.041017] 
44.031136989593506
[station 60] [Epoch 1799/2000] [loss_mse: 0.040873] 
46.290735960006714
[station 60] [Epoch 1899/2000] [loss_mse: 0.041175] 
48.6299045085907
[station 60] [Epoch 1999/2000] [loss_mse: 0.040604] 
✓ 本地预训练完成: model_fore_pre_station60_local.pth

======================================================================
开始本地元训练: station 58
======================================================================

======================================================================
开始元训练: local_meta_station58
  use_cdrm=True, train_all_params=False, disable_lwp=False
  tasks_per_epoch=5, task_pool=10 (1 stations: 58)
======================================================================
[##################################################################——local_meta_station58:train_task_support_Epoch 0/2000——############################################################]
[##################################################################——local_meta_station58:train_task_query_Epoch 0/2000——############################################################]
[##################################################################——local_meta_station58:train_task_support_Epoch 1/2000——############################################################]
[##################################################################——local_meta_station58:train_task_query_Epoch 1/2000——############################################################]
[##################################################################——local_meta_station58:train_task_support_Epoch 2/2000——############################################################]
[##################################################################——local_meta_station58:train_task_query_Epoch 2/2000——############################################################]
[##################################################################——local_meta_station58:train_task_support_Epoch 3/2000——############################################################]
[##################################################################——local_meta_station58:train_task_query_Epoch 3/2000——############################################################]
[##################################################################——local_meta_station58:train_task_support_Epoch 4/2000——############################################################]
[##################################################################——local_meta_station58:train_task_query_Epoch 4/2000——############################################################]
[##################################################################——local_meta_station58:train_task_support_Epoch 5/2000——############################################################]
[##################################################################——local_meta_station58:train_task_query_Epoch 5/2000——############################################################]
[##################################################################——local_meta_station58:train_task_support_Epoch 6/2000——############################################################]
[##################################################################——local_meta_station58:train_task_query_Epoch 6/2000——############################################################]
[##################################################################——local_meta_station58:train_task_support_Epoch 7/2000——############################################################]
[##################################################################——local_meta_station58:train_task_query_Epoch 7/2000——############################################################]
[##################################################################——local_meta_station58:train_task_support_Epoch 8/2000——############################################################]
[##################################################################——local_meta_station58:train_task_query_Epoch 8/2000——############################################################]
[##################################################################——local_meta_station58:train_task_support_Epoch 9/2000——############################################################]
[##################################################################——local_meta_station58:train_task_query_Epoch 9/2000——############################################################]
[##################################################################——local_meta_station58:train_task_support_Epoch 10/2000——############################################################]
[##################################################################——local_meta_station58:train_task_query_Epoch 10/2000——############################################################]
[##################################################################——local_meta_station58:train_task_support_Epoch 11/2000——############################################################]
[##################################################################——local_meta_station58:train_task_query_Epoch 11/2000——############################################################]
[##################################################################——local_meta_station58:train_task_support_Epoch 12/2000——############################################################]
[##################################################################——local_meta_station58:train_task_query_Epoch 12/2000——############################################################]
[##################################################################——local_meta_station58:train_task_support_Epoch 13/2000——############################################################]
[##################################################################——local_meta_station58:train_task_query_Epoch 13/2000——############################################################]
[##################################################################——local_meta_station58:train_task_support_Epoch 14/2000——############################################################]
[##################################################################——local_meta_station58:train_task_query_Epoch 14/2000——############################################################]
[##################################################################——local_meta_station58:train_task_support_Epoch 15/2000——############################################################]
[##################################################################——local_meta_station58:train_task_query_Epoch 15/2000——############################################################]
[##################################################################——local_meta_station58:train_task_support_Epoch 16/2000——############################################################]
[##################################################################——local_meta_station58:train_task_query_Epoch 16/2000——############################################################]
[##################################################################——local_meta_station58:train_task_support_Epoch 17/2000——############################################################]
[##################################################################——local_meta_station58:train_task_query_Epoch 17/2000——############################################################]
[##################################################################——local_meta_station58:train_task_support_Epoch 18/2000——############################################################]
[##################################################################——local_meta_station58:train_task_query_Epoch 18/2000——############################################################]
[##################################################################——local_meta_station58:train_task_support_Epoch 19/2000——############################################################]
[##################################################################——local_meta_station58:train_task_query_Epoch 19/2000——############################################################]
[##################################################################——local_meta_station58:train_task_support_Epoch 20/2000——############################################################]
[##################################################################——local_meta_station58:train_task_query_Epoch 20/2000——############################################################]
[##################################################################——local_meta_station58:train_task_support_Epoch 21/2000——############################################################]
[##################################################################——local_meta_station58:train_task_query_Epoch 21/2000——############################################################]
[##################################################################——local_meta_station58:train_task_support_Epoch 22/2000——############################################################]
[##################################################################——local_meta_station58:train_task_query_Epoch 22/2000——############################################################]
[##################################################################——local_meta_station58:train_task_support_Epoch 23/2000——############################################################]
[##################################################################——local_meta_station58:train_task_query_Epoch 23/2000——############################################################]
[##################################################################——local_meta_station58:train_task_support_Epoch 24/2000——############################################################]
[##################################################################——local_meta_station58:train_task_query_Epoch 24/2000——############################################################]
[##################################################################——local_meta_station58:train_task_support_Epoch 25/2000——############################################################]
[##################################################################——local_meta_station58:train_task_query_Epoch 25/2000——############################################################]
[##################################################################——local_meta_station58:train_task_support_Epoch 26/2000——############################################################]
[##################################################################——local_meta_station58:train_task_query_Epoch 26/2000——############################################################]
[##################################################################——local_meta_station58:train_task_support_Epoch 27/2000——############################################################]
[##################################################################——local_meta_station58:train_task_query_Epoch 27/2000——############################################################]
[##################################################################——local_meta_station58:train_task_support_Epoch 28/2000——############################################################]
[##################################################################——local_meta_station58:train_task_query_Epoch 28/2000——############################################################]
[##################################################################——local_meta_station58:train_task_support_Epoch 29/2000——############################################################]
[##################################################################——local_meta_station58:train_task_query_Epoch 29/2000——############################################################]
[##################################################################——local_meta_station58:train_task_support_Epoch 30/2000——############################################################]
[##################################################################——local_meta_station58:train_task_query_Epoch 30/2000——############################################################]
[##################################################################——local_meta_station58:train_task_support_Epoch 31/2000——############################################################]
[##################################################################——local_meta_station58:train_task_query_Epoch 31/2000——############################################################]
[##################################################################——local_meta_station58:train_task_support_Epoch 32/2000——############################################################]
[##################################################################——local_meta_station58:train_task_query_Epoch 32/2000——############################################################]
[##################################################################——local_meta_station58:train_task_support_Epoch 33/2000——############################################################]
[##################################################################——local_meta_station58:train_task_query_Epoch 33/2000——############################################################]
[##################################################################——local_meta_station58:train_task_support_Epoch 34/2000——############################################################]
[##################################################################——local_meta_station58:train_task_query_Epoch 34/2000——############################################################]
[##################################################################——local_meta_station58:train_task_support_Epoch 35/2000——############################################################]
[##################################################################——local_meta_station58:train_task_query_Epoch 35/2000——############################################################]
[##################################################################——local_meta_station58:train_task_support_Epoch 36/2000——############################################################]
[##################################################################——local_meta_station58:train_task_query_Epoch 36/2000——############################################################]
[##################################################################——local_meta_station58:train_task_support_Epoch 37/2000——############################################################]
[##################################################################——local_meta_station58:train_task_query_Epoch 37/2000——############################################################]
[##################################################################——local_meta_station58:train_task_support_Epoch 38/2000——############################################################]
[##################################################################——local_meta_station58:train_task_query_Epoch 38/2000——############################################################]
[##################################################################——local_meta_station58:train_task_support_Epoch 39/2000——############################################################]
[##################################################################——local_meta_station58:train_task_query_Epoch 39/2000——############################################################]
[##################################################################——local_meta_station58:train_task_support_Epoch 40/2000——############################################################]
[##################################################################——local_meta_station58:train_task_query_Epoch 40/2000——############################################################]
[##################################################################——local_meta_station58:train_task_support_Epoch 41/2000——############################################################]
[##################################################################——local_meta_station58:train_task_query_Epoch 41/2000——############################################################]
[##################################################################——local_meta_station58:train_task_support_Epoch 42/2000——############################################################]
[##################################################################——local_meta_station58:train_task_query_Epoch 42/2000——############################################################]
[##################################################################——local_meta_station58:train_task_support_Epoch 43/2000——############################################################]
[##################################################################——local_meta_station58:train_task_query_Epoch 43/2000——############################################################]
[##################################################################——local_meta_station58:train_task_support_Epoch 44/2000——############################################################]
[##################################################################——local_meta_station58:train_task_query_Epoch 44/2000——############################################################]
[##################################################################——local_meta_station58:train_task_support_Epoch 45/2000——############################################################]
[##################################################################——local_meta_station58:train_task_query_Epoch 45/2000——############################################################]
[##################################################################——local_meta_station58:train_task_support_Epoch 46/2000——############################################################]
[##################################################################——local_meta_station58:train_task_query_Epoch 46/2000——############################################################]
[##################################################################——local_meta_station58:train_task_support_Epoch 47/2000——############################################################]
[##################################################################——local_meta_station58:train_task_query_Epoch 47/2000——############################################################]
[##################################################################——local_meta_station58:train_task_support_Epoch 48/2000——############################################################]
[##################################################################——local_meta_station58:train_task_query_Epoch 48/2000——############################################################]
[##################################################################——local_meta_station58:train_task_support_Epoch 49/2000——############################################################]
[##################################################################——local_meta_station58:train_task_query_Epoch 49/2000——############################################################]
[##################################################################——local_meta_station58:train_task_support_Epoch 50/2000——############################################################]
[##################################################################——local_meta_station58:train_task_query_Epoch 50/2000——############################################################]
[##################################################################——local_meta_station58:train_task_support_Epoch 51/2000——############################################################]
[##################################################################——local_meta_station58:train_task_query_Epoch 51/2000——############################################################]
[##################################################################——local_meta_station58:train_task_support_Epoch 52/2000——############################################################]
[##################################################################——local_meta_station58:train_task_query_Epoch 52/2000——############################################################]
[##################################################################——local_meta_station58:train_task_support_Epoch 53/2000——############################################################]
[##################################################################——local_meta_station58:train_task_query_Epoch 53/2000——############################################################]
[##################################################################——local_meta_station58:train_task_support_Epoch 54/2000——############################################################]
[##################################################################——local_meta_station58:train_task_query_Epoch 54/2000——############################################################]
[##################################################################——local_meta_station58:train_task_support_Epoch 55/2000——############################################################]
[##################################################################——local_meta_station58:train_task_query_Epoch 55/2000——############################################################]
[##################################################################——local_meta_station58:train_task_support_Epoch 56/2000——############################################################]
[##################################################################——local_meta_station58:train_task_query_Epoch 56/2000——############################################################]
[##################################################################——local_meta_station58:train_task_support_Epoch 57/2000——############################################################]
[##################################################################——local_meta_station58:train_task_query_Epoch 57/2000——############################################################]
[##################################################################——local_meta_station58:train_task_support_Epoch 58/2000——############################################################]
[##################################################################——local_meta_station58:train_task_query_Epoch 58/2000——############################################################]
[##################################################################——local_meta_station58:train_task_support_Epoch 59/2000——############################################################]
[##################################################################——local_meta_station58:train_task_query_Epoch 59/2000——############################################################]
[##################################################################——local_meta_station58:train_task_support_Epoch 60/2000——############################################################]
[##################################################################——local_meta_station58:train_task_query_Epoch 60/2000——############################################################]
[##################################################################——local_meta_station58:train_task_support_Epoch 61/2000——############################################################]
[##################################################################——local_meta_station58:train_task_query_Epoch 61/2000——############################################################]
[##################################################################——local_meta_station58:train_task_support_Epoch 62/2000——############################################################]
[##################################################################——local_meta_station58:train_task_query_Epoch 62/2000——############################################################]
[##################################################################——local_meta_station58:train_task_support_Epoch 63/2000——############################################################]
[##################################################################——local_meta_station58:train_task_query_Epoch 63/2000——############################################################]
[##################################################################——local_meta_station58:train_task_support_Epoch 64/2000——############################################################]
[##################################################################——local_meta_station58:train_task_query_Epoch 64/2000——############################################################]
[##################################################################——local_meta_station58:train_task_support_Epoch 65/2000——############################################################]
[##################################################################——local_meta_station58:train_task_query_Epoch 65/2000——############################################################]
[##################################################################——local_meta_station58:train_task_support_Epoch 66/2000——############################################################]
[##################################################################——local_meta_station58:train_task_query_Epoch 66/2000——############################################################]
[##################################################################——local_meta_station58:train_task_support_Epoch 67/2000——############################################################]
[##################################################################——local_meta_station58:train_task_query_Epoch 67/2000——############################################################]
[##################################################################——local_meta_station58:train_task_support_Epoch 68/2000——############################################################]
[##################################################################——local_meta_station58:train_task_query_Epoch 68/2000——############################################################]
[##################################################################——local_meta_station58:train_task_support_Epoch 69/2000——############################################################]
[##################################################################——local_meta_station58:train_task_query_Epoch 69/2000——############################################################]
[##################################################################——local_meta_station58:train_task_support_Epoch 70/2000——############################################################]
[##################################################################——local_meta_station58:train_task_query_Epoch 70/2000——############################################################]
[##################################################################——local_meta_station58:train_task_support_Epoch 71/2000——############################################################]
[##################################################################——local_meta_station58:train_task_query_Epoch 71/2000——############################################################]
[##################################################################——local_meta_station58:train_task_support_Epoch 72/2000——############################################################]
[##################################################################——local_meta_station58:train_task_query_Epoch 72/2000——############################################################]
[##################################################################——local_meta_station58:train_task_support_Epoch 73/2000——############################################################]
[##################################################################——local_meta_station58:train_task_query_Epoch 73/2000——############################################################]
[##################################################################——local_meta_station58:train_task_support_Epoch 74/2000——############################################################]
[##################################################################——local_meta_station58:train_task_query_Epoch 74/2000——############################################################]
[##################################################################——local_meta_station58:train_task_support_Epoch 75/2000——############################################################]
[##################################################################——local_meta_station58:train_task_query_Epoch 75/2000——############################################################]
[##################################################################——local_meta_station58:train_task_support_Epoch 76/2000——############################################################]
[##################################################################——local_meta_station58:train_task_query_Epoch 76/2000——############################################################]
[##################################################################——local_meta_station58:train_task_support_Epoch 77/2000——############################################################]
[##################################################################——local_meta_station58:train_task_query_Epoch 77/2000——############################################################]
[##################################################################——local_meta_station58:train_task_support_Epoch 78/2000——############################################################]
[##################################################################——local_meta_station58:train_task_query_Epoch 78/2000——############################################################]
[##################################################################——local_meta_station58:train_task_support_Epoch 79/2000——############################################################]
[##################################################################——local_meta_station58:train_task_query_Epoch 79/2000——############################################################]
[##################################################################——local_meta_station58:train_task_support_Epoch 80/2000——############################################################]
[##################################################################——local_meta_station58:train_task_query_Epoch 80/2000——############################################################]
[##################################################################——local_meta_station58:train_task_support_Epoch 81/2000——############################################################]
[##################################################################——local_meta_station58:train_task_query_Epoch 81/2000——############################################################]
[##################################################################——local_meta_station58:train_task_support_Epoch 82/2000——############################################################]
[##################################################################——local_meta_station58:train_task_query_Epoch 82/2000——############################################################]
[##################################################################——local_meta_station58:train_task_support_Epoch 83/2000——############################################################]
[##################################################################——local_meta_station58:train_task_query_Epoch 83/2000——############################################################]
[##################################################################——local_meta_station58:train_task_support_Epoch 84/2000——############################################################]
[##################################################################——local_meta_station58:train_task_query_Epoch 84/2000——############################################################]
[##################################################################——local_meta_station58:train_task_support_Epoch 85/2000——############################################################]
[##################################################################——local_meta_station58:train_task_query_Epoch 85/2000——############################################################]
[##################################################################——local_meta_station58:train_task_support_Epoch 86/2000——############################################################]
[##################################################################——local_meta_station58:train_task_query_Epoch 86/2000——############################################################]
[##################################################################——local_meta_station58:train_task_support_Epoch 87/2000——############################################################]
[##################################################################——local_meta_station58:train_task_query_Epoch 87/2000——############################################################]
[##################################################################——local_meta_station58:train_task_support_Epoch 88/2000——############################################################]
[##################################################################——local_meta_station58:train_task_query_Epoch 88/2000——############################################################]
[##################################################################——local_meta_station58:train_task_support_Epoch 89/2000——############################################################]
[##################################################################——local_meta_station58:train_task_query_Epoch 89/2000——############################################################]
[##################################################################——local_meta_station58:train_task_support_Epoch 90/2000——############################################################]
[##################################################################——local_meta_station58:train_task_query_Epoch 90/2000——############################################################]
[##################################################################——local_meta_station58:train_task_support_Epoch 91/2000——############################################################]
[##################################################################——local_meta_station58:train_task_query_Epoch 91/2000——############################################################]
[##################################################################——local_meta_station58:train_task_support_Epoch 92/2000——############################################################]
[##################################################################——local_meta_station58:train_task_query_Epoch 92/2000——############################################################]
[##################################################################——local_meta_station58:train_task_support_Epoch 93/2000——############################################################]
[##################################################################——local_meta_station58:train_task_query_Epoch 93/2000——############################################################]
[##################################################################——local_meta_station58:train_task_support_Epoch 94/2000——############################################################]
[##################################################################——local_meta_station58:train_task_query_Epoch 94/2000——############################################################]
[##################################################################——local_meta_station58:train_task_support_Epoch 95/2000——############################################################]
[##################################################################——local_meta_station58:train_task_query_Epoch 95/2000——############################################################]
[##################################################################——local_meta_station58:train_task_support_Epoch 96/2000——############################################################]
[##################################################################——local_meta_station58:train_task_query_Epoch 96/2000——############################################################]
[##################################################################——local_meta_station58:train_task_support_Epoch 97/2000——############################################################]
[##################################################################——local_meta_station58:train_task_query_Epoch 97/2000——############################################################]
[##################################################################——local_meta_station58:train_task_support_Epoch 98/2000——############################################################]
[##################################################################——local_meta_station58:train_task_query_Epoch 98/2000——############################################################]
[##################################################################——local_meta_station58:train_task_support_Epoch 99/2000——############################################################]
[##################################################################——local_meta_station58:train_task_query_Epoch 99/2000——############################################################]
[##################################################################——local_meta_station58:train_task_support_Epoch 100/2000——############################################################]
[##################################################################——local_meta_station58:train_task_query_Epoch 100/2000——############################################################]
[##################################################################——local_meta_station58:train_task_support_Epoch 101/2000——############################################################]
[##################################################################——local_meta_station58:train_task_query_Epoch 101/2000——############################################################]
[##################################################################——local_meta_station58:train_task_support_Epoch 102/2000——############################################################]
[##################################################################——local_meta_station58:train_task_query_Epoch 102/2000——############################################################]
[##################################################################——local_meta_station58:train_task_support_Epoch 103/2000——############################################################]
[##################################################################——local_meta_station58:train_task_query_Epoch 103/2000——############################################################]
[##################################################################——local_meta_station58:train_task_support_Epoch 104/2000——############################################################]
[##################################################################——local_meta_station58:train_task_query_Epoch 104/2000——############################################################]
[##################################################################——local_meta_station58:train_task_support_Epoch 105/2000——############################################################]
[##################################################################——local_meta_station58:train_task_query_Epoch 105/2000——############################################################]
[##################################################################——local_meta_station58:train_task_support_Epoch 106/2000——############################################################]
[##################################################################——local_meta_station58:train_task_query_Epoch 106/2000——############################################################]
[##################################################################——local_meta_station58:train_task_support_Epoch 107/2000——############################################################]
[##################################################################——local_meta_station58:train_task_query_Epoch 107/2000——############################################################]
[##################################################################——local_meta_station58:train_task_support_Epoch 108/2000——############################################################]
[##################################################################——local_meta_station58:train_task_query_Epoch 108/2000——############################################################]
[##################################################################——local_meta_station58:train_task_support_Epoch 109/2000——############################################################]
[##################################################################——local_meta_station58:train_task_query_Epoch 109/2000——############################################################]
[##################################################################——local_meta_station58:train_task_support_Epoch 110/2000——############################################################]
[##################################################################——local_meta_station58:train_task_query_Epoch 110/2000——############################################################]
[##################################################################——local_meta_station58:train_task_support_Epoch 111/2000——############################################################]
[##################################################################——local_meta_station58:train_task_query_Epoch 111/2000——############################################################]
[##################################################################——local_meta_station58:train_task_support_Epoch 112/2000——############################################################]
[##################################################################——local_meta_station58:train_task_query_Epoch 112/2000——############################################################]
[##################################################################——local_meta_station58:train_task_support_Epoch 113/2000——############################################################]
[##################################################################——local_meta_station58:train_task_query_Epoch 113/2000——############################################################]
[##################################################################——local_meta_station58:train_task_support_Epoch 114/2000——############################################################]
[##################################################################——local_meta_station58:train_task_query_Epoch 114/2000——############################################################]
[##################################################################——local_meta_station58:train_task_support_Epoch 115/2000——############################################################]
[##################################################################——local_meta_station58:train_task_query_Epoch 115/2000——############################################################]
[##################################################################——local_meta_station58:train_task_support_Epoch 116/2000——############################################################]
[##################################################################——local_meta_station58:train_task_query_Epoch 116/2000——############################################################]
[##################################################################——local_meta_station58:train_task_support_Epoch 117/2000——############################################################]
[##################################################################——local_meta_station58:train_task_query_Epoch 117/2000——############################################################]
[##################################################################——local_meta_station58:train_task_support_Epoch 118/2000——############################################################]
[##################################################################——local_meta_station58:train_task_query_Epoch 118/2000——############################################################]
[##################################################################——local_meta_station58:train_task_support_Epoch 119/2000——############################################################]
[##################################################################——local_meta_station58:train_task_query_Epoch 119/2000——############################################################]
[##################################################################——local_meta_station58:train_task_support_Epoch 120/2000——############################################################]
[##################################################################——local_meta_station58:train_task_query_Epoch 120/2000——############################################################]
[##################################################################——local_meta_station58:train_task_support_Epoch 121/2000——############################################################]
[##################################################################——local_meta_station58:train_task_query_Epoch 121/2000——############################################################]
[##################################################################——local_meta_station58:train_task_support_Epoch 122/2000——############################################################]
[##################################################################——local_meta_station58:train_task_query_Epoch 122/2000——############################################################]
[##################################################################——local_meta_station58:train_task_support_Epoch 123/2000——############################################################]
[##################################################################——local_meta_station58:train_task_query_Epoch 123/2000——############################################################]
[##################################################################——local_meta_station58:train_task_support_Epoch 124/2000——############################################################]
[##################################################################——local_meta_station58:train_task_query_Epoch 124/2000——############################################################]
[##################################################################——local_meta_station58:train_task_support_Epoch 125/2000——############################################################]
[##################################################################——local_meta_station58:train_task_query_Epoch 125/2000——############################################################]
[##################################################################——local_meta_station58:train_task_support_Epoch 126/2000——############################################################]
[##################################################################——local_meta_station58:train_task_query_Epoch 126/2000——############################################################]
[##################################################################——local_meta_station58:train_task_support_Epoch 127/2000——############################################################]
[##################################################################——local_meta_station58:train_task_query_Epoch 127/2000——############################################################]
[##################################################################——local_meta_station58:train_task_support_Epoch 128/2000——############################################################]
[##################################################################——local_meta_station58:train_task_query_Epoch 128/2000——############################################################]
[##################################################################——local_meta_station58:train_task_support_Epoch 129/2000——############################################################]
[##################################################################——local_meta_station58:train_task_query_Epoch 129/2000——############################################################]
[##################################################################——local_meta_station58:train_task_support_Epoch 130/2000——############################################################]
[##################################################################——local_meta_station58:train_task_query_Epoch 130/2000——############################################################]
[##################################################################——local_meta_station58:train_task_support_Epoch 131/2000——############################################################]
[##################################################################——local_meta_station58:train_task_query_Epoch 131/2000——############################################################]
[##################################################################——local_meta_station58:train_task_support_Epoch 132/2000——############################################################]
[##################################################################——local_meta_station58:train_task_query_Epoch 132/2000——############################################################]
[##################################################################——local_meta_station58:train_task_support_Epoch 133/2000——############################################################]
[##################################################################——local_meta_station58:train_task_query_Epoch 133/2000——############################################################]
[##################################################################——local_meta_station58:train_task_support_Epoch 134/2000——############################################################]
[##################################################################——local_meta_station58:train_task_query_Epoch 134/2000——############################################################]
[##################################################################——local_meta_station58:train_task_support_Epoch 135/2000——############################################################]
[##################################################################——local_meta_station58:train_task_query_Epoch 135/2000——############################################################]
[##################################################################——local_meta_station58:train_task_support_Epoch 136/2000——############################################################]
[##################################################################——local_meta_station58:train_task_query_Epoch 136/2000——############################################################]
[##################################################################——local_meta_station58:train_task_support_Epoch 137/2000——############################################################]
[##################################################################——local_meta_station58:train_task_query_Epoch 137/2000——############################################################]
[##################################################################——local_meta_station58:train_task_support_Epoch 138/2000——############################################################]
[##################################################################——local_meta_station58:train_task_query_Epoch 138/2000——############################################################]
[##################################################################——local_meta_station58:train_task_support_Epoch 139/2000——############################################################]
[##################################################################——local_meta_station58:train_task_query_Epoch 139/2000——############################################################]
[##################################################################——local_meta_station58:train_task_support_Epoch 140/2000——############################################################]
[##################################################################——local_meta_station58:train_task_query_Epoch 140/2000——############################################################]
[##################################################################——local_meta_station58:train_task_support_Epoch 141/2000——############################################################]
[##################################################################——local_meta_station58:train_task_query_Epoch 141/2000——############################################################]
[##################################################################——local_meta_station58:train_task_support_Epoch 142/2000——############################################################]
[##################################################################——local_meta_station58:train_task_query_Epoch 142/2000——############################################################]
[##################################################################——local_meta_station58:train_task_support_Epoch 143/2000——############################################################]
[##################################################################——local_meta_station58:train_task_query_Epoch 143/2000——############################################################]
[##################################################################——local_meta_station58:train_task_support_Epoch 144/2000——############################################################]
[##################################################################——local_meta_station58:train_task_query_Epoch 144/2000——############################################################]
[##################################################################——local_meta_station58:train_task_support_Epoch 145/2000——############################################################]
[##################################################################——local_meta_station58:train_task_query_Epoch 145/2000——############################################################]
[##################################################################——local_meta_station58:train_task_support_Epoch 146/2000——############################################################]
[##################################################################——local_meta_station58:train_task_query_Epoch 146/2000——############################################################]
[##################################################################——local_meta_station58:train_task_support_Epoch 147/2000——############################################################]
[##################################################################——local_meta_station58:train_task_query_Epoch 147/2000——############################################################]
[##################################################################——local_meta_station58:train_task_support_Epoch 148/2000——############################################################]
[##################################################################——local_meta_station58:train_task_query_Epoch 148/2000——############################################################]
[##################################################################——local_meta_station58:train_task_support_Epoch 149/2000——############################################################]
[##################################################################——local_meta_station58:train_task_query_Epoch 149/2000——############################################################]
[##################################################################——local_meta_station58:train_task_support_Epoch 150/2000——############################################################]
[##################################################################——local_meta_station58:train_task_query_Epoch 150/2000——############################################################]
[##################################################################——local_meta_station58:train_task_support_Epoch 151/2000——############################################################]
[##################################################################——local_meta_station58:train_task_query_Epoch 151/2000——############################################################]
[##################################################################——local_meta_station58:train_task_support_Epoch 152/2000——############################################################]
[##################################################################——local_meta_station58:train_task_query_Epoch 152/2000——############################################################]
[##################################################################——local_meta_station58:train_task_support_Epoch 153/2000——############################################################]
[##################################################################——local_meta_station58:train_task_query_Epoch 153/2000——############################################################]
[##################################################################——local_meta_station58:train_task_support_Epoch 154/2000——############################################################]
[##################################################################——local_meta_station58:train_task_query_Epoch 154/2000——############################################################]
[##################################################################——local_meta_station58:train_task_support_Epoch 155/2000——############################################################]
[##################################################################——local_meta_station58:train_task_query_Epoch 155/2000——############################################################]
[##################################################################——local_meta_station58:train_task_support_Epoch 156/2000——############################################################]
[##################################################################——local_meta_station58:train_task_query_Epoch 156/2000——############################################################]
[##################################################################——local_meta_station58:train_task_support_Epoch 157/2000——############################################################]
[##################################################################——local_meta_station58:train_task_query_Epoch 157/2000——############################################################]
[##################################################################——local_meta_station58:train_task_support_Epoch 158/2000——############################################################]
[##################################################################——local_meta_station58:train_task_query_Epoch 158/2000——############################################################]
[##################################################################——local_meta_station58:train_task_support_Epoch 159/2000——############################################################]
[##################################################################——local_meta_station58:train_task_query_Epoch 159/2000——############################################################]
[##################################################################——local_meta_station58:train_task_support_Epoch 160/2000——############################################################]
[##################################################################——local_meta_station58:train_task_query_Epoch 160/2000——############################################################]
[##################################################################——local_meta_station58:train_task_support_Epoch 161/2000——############################################################]
[##################################################################——local_meta_station58:train_task_query_Epoch 161/2000——############################################################]
[##################################################################——local_meta_station58:train_task_support_Epoch 162/2000——############################################################]
[##################################################################——local_meta_station58:train_task_query_Epoch 162/2000——############################################################]
[##################################################################——local_meta_station58:train_task_support_Epoch 163/2000——############################################################]
[##################################################################——local_meta_station58:train_task_query_Epoch 163/2000——############################################################]
[##################################################################——local_meta_station58:train_task_support_Epoch 164/2000——############################################################]
[##################################################################——local_meta_station58:train_task_query_Epoch 164/2000——############################################################]
[##################################################################——local_meta_station58:train_task_support_Epoch 165/2000——############################################################]
[##################################################################——local_meta_station58:train_task_query_Epoch 165/2000——############################################################]
[##################################################################——local_meta_station58:train_task_support_Epoch 166/2000——############################################################]
[##################################################################——local_meta_station58:train_task_query_Epoch 166/2000——############################################################]
[##################################################################——local_meta_station58:train_task_support_Epoch 167/2000——############################################################]
[##################################################################——local_meta_station58:train_task_query_Epoch 167/2000——############################################################]
[##################################################################——local_meta_station58:train_task_support_Epoch 168/2000——############################################################]
[##################################################################——local_meta_station58:train_task_query_Epoch 168/2000——############################################################]
[##################################################################——local_meta_station58:train_task_support_Epoch 169/2000——############################################################]
[##################################################################——local_meta_station58:train_task_query_Epoch 169/2000——############################################################]
[##################################################################——local_meta_station58:train_task_support_Epoch 170/2000——############################################################]
[##################################################################——local_meta_station58:train_task_query_Epoch 170/2000——############################################################]
[##################################################################——local_meta_station58:train_task_support_Epoch 171/2000——############################################################]
[##################################################################——local_meta_station58:train_task_query_Epoch 171/2000——############################################################]
[##################################################################——local_meta_station58:train_task_support_Epoch 172/2000——############################################################]
[##################################################################——local_meta_station58:train_task_query_Epoch 172/2000——############################################################]
[##################################################################——local_meta_station58:train_task_support_Epoch 173/2000——############################################################]
[##################################################################——local_meta_station58:train_task_query_Epoch 173/2000——############################################################]
[##################################################################——local_meta_station58:train_task_support_Epoch 174/2000——############################################################]
[##################################################################——local_meta_station58:train_task_query_Epoch 174/2000——############################################################]
[##################################################################——local_meta_station58:train_task_support_Epoch 175/2000——############################################################]
[##################################################################——local_meta_station58:train_task_query_Epoch 175/2000——############################################################]
[##################################################################——local_meta_station58:train_task_support_Epoch 176/2000——############################################################]
[##################################################################——local_meta_station58:train_task_query_Epoch 176/2000——############################################################]
[##################################################################——local_meta_station58:train_task_support_Epoch 177/2000——############################################################]
[##################################################################——local_meta_station58:train_task_query_Epoch 177/2000——############################################################]
[##################################################################——local_meta_station58:train_task_support_Epoch 178/2000——############################################################]
[##################################################################——local_meta_station58:train_task_query_Epoch 178/2000——############################################################]
[##################################################################——local_meta_station58:train_task_support_Epoch 179/2000——############################################################]
[##################################################################——local_meta_station58:train_task_query_Epoch 179/2000——############################################################]
[##################################################################——local_meta_station58:train_task_support_Epoch 180/2000——############################################################]
[##################################################################——local_meta_station58:train_task_query_Epoch 180/2000——############################################################]
[##################################################################——local_meta_station58:train_task_support_Epoch 181/2000——############################################################]
[##################################################################——local_meta_station58:train_task_query_Epoch 181/2000——############################################################]
[##################################################################——local_meta_station58:train_task_support_Epoch 182/2000——############################################################]
[##################################################################——local_meta_station58:train_task_query_Epoch 182/2000——############################################################]
[##################################################################——local_meta_station58:train_task_support_Epoch 183/2000——############################################################]
[##################################################################——local_meta_station58:train_task_query_Epoch 183/2000——############################################################]
[##################################################################——local_meta_station58:train_task_support_Epoch 184/2000——############################################################]
[##################################################################——local_meta_station58:train_task_query_Epoch 184/2000——############################################################]
[##################################################################——local_meta_station58:train_task_support_Epoch 185/2000——############################################################]
[##################################################################——local_meta_station58:train_task_query_Epoch 185/2000——############################################################]
[##################################################################——local_meta_station58:train_task_support_Epoch 186/2000——############################################################]
[##################################################################——local_meta_station58:train_task_query_Epoch 186/2000——############################################################]
[##################################################################——local_meta_station58:train_task_support_Epoch 187/2000——############################################################]
[##################################################################——local_meta_station58:train_task_query_Epoch 187/2000——############################################################]
[##################################################################——local_meta_station58:train_task_support_Epoch 188/2000——############################################################]
[##################################################################——local_meta_station58:train_task_query_Epoch 188/2000——############################################################]
[##################################################################——local_meta_station58:train_task_support_Epoch 189/2000——############################################################]
[##################################################################——local_meta_station58:train_task_query_Epoch 189/2000——############################################################]
[##################################################################——local_meta_station58:train_task_support_Epoch 190/2000——############################################################]
[##################################################################——local_meta_station58:train_task_query_Epoch 190/2000——############################################################]
[##################################################################——local_meta_station58:train_task_support_Epoch 191/2000——############################################################]
[##################################################################——local_meta_station58:train_task_query_Epoch 191/2000——############################################################]
[##################################################################——local_meta_station58:train_task_support_Epoch 192/2000——############################################################]
[##################################################################——local_meta_station58:train_task_query_Epoch 192/2000——############################################################]
[##################################################################——local_meta_station58:train_task_support_Epoch 193/2000——############################################################]
[##################################################################——local_meta_station58:train_task_query_Epoch 193/2000——############################################################]
[##################################################################——local_meta_station58:train_task_support_Epoch 194/2000——############################################################]
[##################################################################——local_meta_station58:train_task_query_Epoch 194/2000——############################################################]
[##################################################################——local_meta_station58:train_task_support_Epoch 195/2000——############################################################]
[##################################################################——local_meta_station58:train_task_query_Epoch 195/2000——############################################################]
[##################################################################——local_meta_station58:train_task_support_Epoch 196/2000——############################################################]
[##################################################################——local_meta_station58:train_task_query_Epoch 196/2000——############################################################]
[##################################################################——local_meta_station58:train_task_support_Epoch 197/2000——############################################################]
[##################################################################——local_meta_station58:train_task_query_Epoch 197/2000——############################################################]
[##################################################################——local_meta_station58:train_task_support_Epoch 198/2000——############################################################]
[##################################################################——local_meta_station58:train_task_query_Epoch 198/2000——############################################################]
[##################################################################——local_meta_station58:train_task_support_Epoch 199/2000——############################################################]
[##################################################################——local_meta_station58:train_task_query_Epoch 199/2000——############################################################]
[##################################################################——local_meta_station58:train_task_support_Epoch 200/2000——############################################################]
[##################################################################——local_meta_station58:train_task_query_Epoch 200/2000——############################################################]
[##################################################################——local_meta_station58:train_task_support_Epoch 201/2000——############################################################]
[##################################################################——local_meta_station58:train_task_query_Epoch 201/2000——############################################################]
[##################################################################——local_meta_station58:train_task_support_Epoch 202/2000——############################################################]
[##################################################################——local_meta_station58:train_task_query_Epoch 202/2000——############################################################]
[##################################################################——local_meta_station58:train_task_support_Epoch 203/2000——############################################################]
[##################################################################——local_meta_station58:train_task_query_Epoch 203/2000——############################################################]
[##################################################################——local_meta_station58:train_task_support_Epoch 204/2000——############################################################]
[##################################################################——local_meta_station58:train_task_query_Epoch 204/2000——############################################################]
[##################################################################——local_meta_station58:train_task_support_Epoch 205/2000——############################################################]
[##################################################################——local_meta_station58:train_task_query_Epoch 205/2000——############################################################]
[##################################################################——local_meta_station58:train_task_support_Epoch 206/2000——############################################################]
[##################################################################——local_meta_station58:train_task_query_Epoch 206/2000——############################################################]
[##################################################################——local_meta_station58:train_task_support_Epoch 207/2000——############################################################]
[##################################################################——local_meta_station58:train_task_query_Epoch 207/2000——############################################################]
[##################################################################——local_meta_station58:train_task_support_Epoch 208/2000——############################################################]
[##################################################################——local_meta_station58:train_task_query_Epoch 208/2000——############################################################]
[##################################################################——local_meta_station58:train_task_support_Epoch 209/2000——############################################################]
[##################################################################——local_meta_station58:train_task_query_Epoch 209/2000——############################################################]
[##################################################################——local_meta_station58:train_task_support_Epoch 210/2000——############################################################]
[##################################################################——local_meta_station58:train_task_query_Epoch 210/2000——############################################################]
[##################################################################——local_meta_station58:train_task_support_Epoch 211/2000——############################################################]
[##################################################################——local_meta_station58:train_task_query_Epoch 211/2000——############################################################]
[##################################################################——local_meta_station58:train_task_support_Epoch 212/2000——############################################################]
[##################################################################——local_meta_station58:train_task_query_Epoch 212/2000——############################################################]
[##################################################################——local_meta_station58:train_task_support_Epoch 213/2000——############################################################]
[##################################################################——local_meta_station58:train_task_query_Epoch 213/2000——############################################################]
[##################################################################——local_meta_station58:train_task_support_Epoch 214/2000——############################################################]
[##################################################################——local_meta_station58:train_task_query_Epoch 214/2000——############################################################]
[##################################################################——local_meta_station58:train_task_support_Epoch 215/2000——############################################################]
[##################################################################——local_meta_station58:train_task_query_Epoch 215/2000——############################################################]
[##################################################################——local_meta_station58:train_task_support_Epoch 216/2000——############################################################]
[##################################################################——local_meta_station58:train_task_query_Epoch 216/2000——############################################################]
[##################################################################——local_meta_station58:train_task_support_Epoch 217/2000——############################################################]
[##################################################################——local_meta_station58:train_task_query_Epoch 217/2000——############################################################]
[##################################################################——local_meta_station58:train_task_support_Epoch 218/2000——############################################################]
[##################################################################——local_meta_station58:train_task_query_Epoch 218/2000——############################################################]
[##################################################################——local_meta_station58:train_task_support_Epoch 219/2000——############################################################]
[##################################################################——local_meta_station58:train_task_query_Epoch 219/2000——############################################################]
[##################################################################——local_meta_station58:train_task_support_Epoch 220/2000——############################################################]
[##################################################################——local_meta_station58:train_task_query_Epoch 220/2000——############################################################]
[##################################################################——local_meta_station58:train_task_support_Epoch 221/2000——############################################################]
[##################################################################——local_meta_station58:train_task_query_Epoch 221/2000——############################################################]
[##################################################################——local_meta_station58:train_task_support_Epoch 222/2000——############################################################]
[##################################################################——local_meta_station58:train_task_query_Epoch 222/2000——############################################################]
[##################################################################——local_meta_station58:train_task_support_Epoch 223/2000——############################################################]
[##################################################################——local_meta_station58:train_task_query_Epoch 223/2000——############################################################]
[##################################################################——local_meta_station58:train_task_support_Epoch 224/2000——############################################################]
[##################################################################——local_meta_station58:train_task_query_Epoch 224/2000——############################################################]
[##################################################################——local_meta_station58:train_task_support_Epoch 225/2000——############################################################]
[##################################################################——local_meta_station58:train_task_query_Epoch 225/2000——############################################################]
[##################################################################——local_meta_station58:train_task_support_Epoch 226/2000——############################################################]
[##################################################################——local_meta_station58:train_task_query_Epoch 226/2000——############################################################]
[##################################################################——local_meta_station58:train_task_support_Epoch 227/2000——############################################################]
[##################################################################——local_meta_station58:train_task_query_Epoch 227/2000——############################################################]
[##################################################################——local_meta_station58:train_task_support_Epoch 228/2000——############################################################]
[##################################################################——local_meta_station58:train_task_query_Epoch 228/2000——############################################################]
[##################################################################——local_meta_station58:train_task_support_Epoch 229/2000——############################################################]
[##################################################################——local_meta_station58:train_task_query_Epoch 229/2000——############################################################]
[##################################################################——local_meta_station58:train_task_support_Epoch 230/2000——############################################################]
[##################################################################——local_meta_station58:train_task_query_Epoch 230/2000——############################################################]
[##################################################################——local_meta_station58:train_task_support_Epoch 231/2000——############################################################]
[##################################################################——local_meta_station58:train_task_query_Epoch 231/2000——############################################################]
[##################################################################——local_meta_station58:train_task_support_Epoch 232/2000——############################################################]
[##################################################################——local_meta_station58:train_task_query_Epoch 232/2000——############################################################]
[##################################################################——local_meta_station58:train_task_support_Epoch 233/2000——############################################################]
[##################################################################——local_meta_station58:train_task_query_Epoch 233/2000——############################################################]
[##################################################################——local_meta_station58:train_task_support_Epoch 234/2000——############################################################]
[##################################################################——local_meta_station58:train_task_query_Epoch 234/2000——############################################################]
[##################################################################——local_meta_station58:train_task_support_Epoch 235/2000——############################################################]
[##################################################################——local_meta_station58:train_task_query_Epoch 235/2000——############################################################]
[##################################################################——local_meta_station58:train_task_support_Epoch 236/2000——############################################################]
[##################################################################——local_meta_station58:train_task_query_Epoch 236/2000——############################################################]
[##################################################################——local_meta_station58:train_task_support_Epoch 237/2000——############################################################]
[##################################################################——local_meta_station58:train_task_query_Epoch 237/2000——############################################################]
[##################################################################——local_meta_station58:train_task_support_Epoch 238/2000——############################################################]
[##################################################################——local_meta_station58:train_task_query_Epoch 238/2000——############################################################]
[##################################################################——local_meta_station58:train_task_support_Epoch 239/2000——############################################################]
[##################################################################——local_meta_station58:train_task_query_Epoch 239/2000——############################################################]
[##################################################################——local_meta_station58:train_task_support_Epoch 240/2000——############################################################]
[##################################################################——local_meta_station58:train_task_query_Epoch 240/2000——############################################################]
[##################################################################——local_meta_station58:train_task_support_Epoch 241/2000——############################################################]
[##################################################################——local_meta_station58:train_task_query_Epoch 241/2000——############################################################]
[##################################################################——local_meta_station58:train_task_support_Epoch 242/2000——############################################################]
[##################################################################——local_meta_station58:train_task_query_Epoch 242/2000——############################################################]
[##################################################################——local_meta_station58:train_task_support_Epoch 243/2000——############################################################]
[##################################################################——local_meta_station58:train_task_query_Epoch 243/2000——############################################################]
[##################################################################——local_meta_station58:train_task_support_Epoch 244/2000——############################################################]
[##################################################################——local_meta_station58:train_task_query_Epoch 244/2000——############################################################]
[##################################################################——local_meta_station58:train_task_support_Epoch 245/2000——############################################################]
[##################################################################——local_meta_station58:train_task_query_Epoch 245/2000——############################################################]
[##################################################################——local_meta_station58:train_task_support_Epoch 246/2000——############################################################]
[##################################################################——local_meta_station58:train_task_query_Epoch 246/2000——############################################################]
[##################################################################——local_meta_station58:train_task_support_Epoch 247/2000——############################################################]
[##################################################################——local_meta_station58:train_task_query_Epoch 247/2000——############################################################]
[##################################################################——local_meta_station58:train_task_support_Epoch 248/2000——############################################################]
[##################################################################——local_meta_station58:train_task_query_Epoch 248/2000——############################################################]
[##################################################################——local_meta_station58:train_task_support_Epoch 249/2000——############################################################]
[##################################################################——local_meta_station58:train_task_query_Epoch 249/2000——############################################################]
[##################################################################——local_meta_station58:train_task_support_Epoch 250/2000——############################################################]
[##################################################################——local_meta_station58:train_task_query_Epoch 250/2000——############################################################]
[##################################################################——local_meta_station58:train_task_support_Epoch 251/2000——############################################################]
[##################################################################——local_meta_station58:train_task_query_Epoch 251/2000——############################################################]
[##################################################################——local_meta_station58:train_task_support_Epoch 252/2000——############################################################]
[##################################################################——local_meta_station58:train_task_query_Epoch 252/2000——############################################################]
[##################################################################——local_meta_station58:train_task_support_Epoch 253/2000——############################################################]
[##################################################################——local_meta_station58:train_task_query_Epoch 253/2000——############################################################]
[##################################################################——local_meta_station58:train_task_support_Epoch 254/2000——############################################################]
[##################################################################——local_meta_station58:train_task_query_Epoch 254/2000——############################################################]
[##################################################################——local_meta_station58:train_task_support_Epoch 255/2000——############################################################]
[##################################################################——local_meta_station58:train_task_query_Epoch 255/2000——############################################################]
[##################################################################——local_meta_station58:train_task_support_Epoch 256/2000——############################################################]
[##################################################################——local_meta_station58:train_task_query_Epoch 256/2000——############################################################]
[##################################################################——local_meta_station58:train_task_support_Epoch 257/2000——############################################################]
[##################################################################——local_meta_station58:train_task_query_Epoch 257/2000——############################################################]
[##################################################################——local_meta_station58:train_task_support_Epoch 258/2000——############################################################]
[##################################################################——local_meta_station58:train_task_query_Epoch 258/2000——############################################################]
[##################################################################——local_meta_station58:train_task_support_Epoch 259/2000——############################################################]
[##################################################################——local_meta_station58:train_task_query_Epoch 259/2000——############################################################]
[##################################################################——local_meta_station58:train_task_support_Epoch 260/2000——############################################################]
[##################################################################——local_meta_station58:train_task_query_Epoch 260/2000——############################################################]
[##################################################################——local_meta_station58:train_task_support_Epoch 261/2000——############################################################]
[##################################################################——local_meta_station58:train_task_query_Epoch 261/2000——############################################################]
[##################################################################——local_meta_station58:train_task_support_Epoch 262/2000——############################################################]
[##################################################################——local_meta_station58:train_task_query_Epoch 262/2000——############################################################]
[##################################################################——local_meta_station58:train_task_support_Epoch 263/2000——############################################################]
[##################################################################——local_meta_station58:train_task_query_Epoch 263/2000——############################################################]
[##################################################################——local_meta_station58:train_task_support_Epoch 264/2000——############################################################]
[##################################################################——local_meta_station58:train_task_query_Epoch 264/2000——############################################################]
[##################################################################——local_meta_station58:train_task_support_Epoch 265/2000——############################################################]
[##################################################################——local_meta_station58:train_task_query_Epoch 265/2000——############################################################]
[##################################################################——local_meta_station58:train_task_support_Epoch 266/2000——############################################################]
[##################################################################——local_meta_station58:train_task_query_Epoch 266/2000——############################################################]
[##################################################################——local_meta_station58:train_task_support_Epoch 267/2000——############################################################]
[##################################################################——local_meta_station58:train_task_query_Epoch 267/2000——############################################################]
[##################################################################——local_meta_station58:train_task_support_Epoch 268/2000——############################################################]
[##################################################################——local_meta_station58:train_task_query_Epoch 268/2000——############################################################]
[##################################################################——local_meta_station58:train_task_support_Epoch 269/2000——############################################################]
[##################################################################——local_meta_station58:train_task_query_Epoch 269/2000——############################################################]
[##################################################################——local_meta_station58:train_task_support_Epoch 270/2000——############################################################]
[##################################################################——local_meta_station58:train_task_query_Epoch 270/2000——############################################################]
[##################################################################——local_meta_station58:train_task_support_Epoch 271/2000——############################################################]
[##################################################################——local_meta_station58:train_task_query_Epoch 271/2000——############################################################]
[##################################################################——local_meta_station58:train_task_support_Epoch 272/2000——############################################################]
[##################################################################——local_meta_station58:train_task_query_Epoch 272/2000——############################################################]
[##################################################################——local_meta_station58:train_task_support_Epoch 273/2000——############################################################]
[##################################################################——local_meta_station58:train_task_query_Epoch 273/2000——############################################################]
[##################################################################——local_meta_station58:train_task_support_Epoch 274/2000——############################################################]
[##################################################################——local_meta_station58:train_task_query_Epoch 274/2000——############################################################]
[##################################################################——local_meta_station58:train_task_support_Epoch 275/2000——############################################################]
[##################################################################——local_meta_station58:train_task_query_Epoch 275/2000——############################################################]
[##################################################################——local_meta_station58:train_task_support_Epoch 276/2000——############################################################]
[##################################################################——local_meta_station58:train_task_query_Epoch 276/2000——############################################################]
[##################################################################——local_meta_station58:train_task_support_Epoch 277/2000——############################################################]
[##################################################################——local_meta_station58:train_task_query_Epoch 277/2000——############################################################]
[##################################################################——local_meta_station58:train_task_support_Epoch 278/2000——############################################################]
[##################################################################——local_meta_station58:train_task_query_Epoch 278/2000——############################################################]
[##################################################################——local_meta_station58:train_task_support_Epoch 279/2000——############################################################]
[##################################################################——local_meta_station58:train_task_query_Epoch 279/2000——############################################################]
[##################################################################——local_meta_station58:train_task_support_Epoch 280/2000——############################################################]
[##################################################################——local_meta_station58:train_task_query_Epoch 280/2000——############################################################]
[##################################################################——local_meta_station58:train_task_support_Epoch 281/2000——############################################################]
[##################################################################——local_meta_station58:train_task_query_Epoch 281/2000——############################################################]
[##################################################################——local_meta_station58:train_task_support_Epoch 282/2000——############################################################]
[##################################################################——local_meta_station58:train_task_query_Epoch 282/2000——############################################################]
[##################################################################——local_meta_station58:train_task_support_Epoch 283/2000——############################################################]
[##################################################################——local_meta_station58:train_task_query_Epoch 283/2000——############################################################]
[##################################################################——local_meta_station58:train_task_support_Epoch 284/2000——############################################################]
[##################################################################——local_meta_station58:train_task_query_Epoch 284/2000——############################################################]
[##################################################################——local_meta_station58:train_task_support_Epoch 285/2000——############################################################]
[##################################################################——local_meta_station58:train_task_query_Epoch 285/2000——############################################################]
[##################################################################——local_meta_station58:train_task_support_Epoch 286/2000——############################################################]
[##################################################################——local_meta_station58:train_task_query_Epoch 286/2000——############################################################]
[##################################################################——local_meta_station58:train_task_support_Epoch 287/2000——############################################################]
[##################################################################——local_meta_station58:train_task_query_Epoch 287/2000——############################################################]
[##################################################################——local_meta_station58:train_task_support_Epoch 288/2000——############################################################]
[##################################################################——local_meta_station58:train_task_query_Epoch 288/2000——############################################################]
[##################################################################——local_meta_station58:train_task_support_Epoch 289/2000——############################################################]
[##################################################################——local_meta_station58:train_task_query_Epoch 289/2000——############################################################]
[##################################################################——local_meta_station58:train_task_support_Epoch 290/2000——############################################################]
[##################################################################——local_meta_station58:train_task_query_Epoch 290/2000——############################################################]
[##################################################################——local_meta_station58:train_task_support_Epoch 291/2000——############################################################]
[##################################################################——local_meta_station58:train_task_query_Epoch 291/2000——############################################################]
[##################################################################——local_meta_station58:train_task_support_Epoch 292/2000——############################################################]
[##################################################################——local_meta_station58:train_task_query_Epoch 292/2000——############################################################]
[##################################################################——local_meta_station58:train_task_support_Epoch 293/2000——############################################################]
[##################################################################——local_meta_station58:train_task_query_Epoch 293/2000——############################################################]
[##################################################################——local_meta_station58:train_task_support_Epoch 294/2000——############################################################]
[##################################################################——local_meta_station58:train_task_query_Epoch 294/2000——############################################################]
[##################################################################——local_meta_station58:train_task_support_Epoch 295/2000——############################################################]
[##################################################################——local_meta_station58:train_task_query_Epoch 295/2000——############################################################]
[##################################################################——local_meta_station58:train_task_support_Epoch 296/2000——############################################################]
[##################################################################——local_meta_station58:train_task_query_Epoch 296/2000——############################################################]
[##################################################################——local_meta_station58:train_task_support_Epoch 297/2000——############################################################]
[##################################################################——local_meta_station58:train_task_query_Epoch 297/2000——############################################################]
[##################################################################——local_meta_station58:train_task_support_Epoch 298/2000——############################################################]
[##################################################################——local_meta_station58:train_task_query_Epoch 298/2000——############################################################]
[##################################################################——local_meta_station58:train_task_support_Epoch 299/2000——############################################################]
[##################################################################——local_meta_station58:train_task_query_Epoch 299/2000——############################################################]
[##################################################################——local_meta_station58:train_task_support_Epoch 300/2000——############################################################]
[##################################################################——local_meta_station58:train_task_query_Epoch 300/2000——############################################################]
[##################################################################——local_meta_station58:train_task_support_Epoch 301/2000——############################################################]
[##################################################################——local_meta_station58:train_task_query_Epoch 301/2000——############################################################]
[##################################################################——local_meta_station58:train_task_support_Epoch 302/2000——############################################################]
[##################################################################——local_meta_station58:train_task_query_Epoch 302/2000——############################################################]
[##################################################################——local_meta_station58:train_task_support_Epoch 303/2000——############################################################]
[##################################################################——local_meta_station58:train_task_query_Epoch 303/2000——############################################################]
[##################################################################——local_meta_station58:train_task_support_Epoch 304/2000——############################################################]
[##################################################################——local_meta_station58:train_task_query_Epoch 304/2000——############################################################]
[##################################################################——local_meta_station58:train_task_support_Epoch 305/2000——############################################################]
[##################################################################——local_meta_station58:train_task_query_Epoch 305/2000——############################################################]
[##################################################################——local_meta_station58:train_task_support_Epoch 306/2000——############################################################]
[##################################################################——local_meta_station58:train_task_query_Epoch 306/2000——############################################################]
[##################################################################——local_meta_station58:train_task_support_Epoch 307/2000——############################################################]
[##################################################################——local_meta_station58:train_task_query_Epoch 307/2000——############################################################]
[##################################################################——local_meta_station58:train_task_support_Epoch 308/2000——############################################################]
[##################################################################——local_meta_station58:train_task_query_Epoch 308/2000——############################################################]
[##################################################################——local_meta_station58:train_task_support_Epoch 309/2000——############################################################]
[##################################################################——local_meta_station58:train_task_query_Epoch 309/2000——############################################################]
[##################################################################——local_meta_station58:train_task_support_Epoch 310/2000——############################################################]
[##################################################################——local_meta_station58:train_task_query_Epoch 310/2000——############################################################]
[##################################################################——local_meta_station58:train_task_support_Epoch 311/2000——############################################################]
[##################################################################——local_meta_station58:train_task_query_Epoch 311/2000——############################################################]
[##################################################################——local_meta_station58:train_task_support_Epoch 312/2000——############################################################]
[##################################################################——local_meta_station58:train_task_query_Epoch 312/2000——############################################################]
[##################################################################——local_meta_station58:train_task_support_Epoch 313/2000——############################################################]
[##################################################################——local_meta_station58:train_task_query_Epoch 313/2000——############################################################]
[##################################################################——local_meta_station58:train_task_support_Epoch 314/2000——############################################################]
[##################################################################——local_meta_station58:train_task_query_Epoch 314/2000——############################################################]
[##################################################################——local_meta_station58:train_task_support_Epoch 315/2000——############################################################]
[##################################################################——local_meta_station58:train_task_query_Epoch 315/2000——############################################################]
[##################################################################——local_meta_station58:train_task_support_Epoch 316/2000——############################################################]
[##################################################################——local_meta_station58:train_task_query_Epoch 316/2000——############################################################]
[##################################################################——local_meta_station58:train_task_support_Epoch 317/2000——############################################################]
[##################################################################——local_meta_station58:train_task_query_Epoch 317/2000——############################################################]
[##################################################################——local_meta_station58:train_task_support_Epoch 318/2000——############################################################]
[##################################################################——local_meta_station58:train_task_query_Epoch 318/2000——############################################################]
[##################################################################——local_meta_station58:train_task_support_Epoch 319/2000——############################################################]
[##################################################################——local_meta_station58:train_task_query_Epoch 319/2000——############################################################]
[##################################################################——local_meta_station58:train_task_support_Epoch 320/2000——############################################################]
[##################################################################——local_meta_station58:train_task_query_Epoch 320/2000——############################################################]
[##################################################################——local_meta_station58:train_task_support_Epoch 321/2000——############################################################]
[##################################################################——local_meta_station58:train_task_query_Epoch 321/2000——############################################################]
[##################################################################——local_meta_station58:train_task_support_Epoch 322/2000——############################################################]
[##################################################################——local_meta_station58:train_task_query_Epoch 322/2000——############################################################]
[##################################################################——local_meta_station58:train_task_support_Epoch 323/2000——############################################################]
[##################################################################——local_meta_station58:train_task_query_Epoch 323/2000——############################################################]
[##################################################################——local_meta_station58:train_task_support_Epoch 324/2000——############################################################]
[##################################################################——local_meta_station58:train_task_query_Epoch 324/2000——############################################################]
[##################################################################——local_meta_station58:train_task_support_Epoch 325/2000——############################################################]
[##################################################################——local_meta_station58:train_task_query_Epoch 325/2000——############################################################]
[##################################################################——local_meta_station58:train_task_support_Epoch 326/2000——############################################################]
[##################################################################——local_meta_station58:train_task_query_Epoch 326/2000——############################################################]
[##################################################################——local_meta_station58:train_task_support_Epoch 327/2000——############################################################]
[##################################################################——local_meta_station58:train_task_query_Epoch 327/2000——############################################################]
[##################################################################——local_meta_station58:train_task_support_Epoch 328/2000——############################################################]
[##################################################################——local_meta_station58:train_task_query_Epoch 328/2000——############################################################]
[##################################################################——local_meta_station58:train_task_support_Epoch 329/2000——############################################################]
[##################################################################——local_meta_station58:train_task_query_Epoch 329/2000——############################################################]
[##################################################################——local_meta_station58:train_task_support_Epoch 330/2000——############################################################]
[##################################################################——local_meta_station58:train_task_query_Epoch 330/2000——############################################################]
[##################################################################——local_meta_station58:train_task_support_Epoch 331/2000——############################################################]
[##################################################################——local_meta_station58:train_task_query_Epoch 331/2000——############################################################]
[##################################################################——local_meta_station58:train_task_support_Epoch 332/2000——############################################################]
[##################################################################——local_meta_station58:train_task_query_Epoch 332/2000——############################################################]
[##################################################################——local_meta_station58:train_task_support_Epoch 333/2000——############################################################]
[##################################################################——local_meta_station58:train_task_query_Epoch 333/2000——############################################################]
[##################################################################——local_meta_station58:train_task_support_Epoch 334/2000——############################################################]
[##################################################################——local_meta_station58:train_task_query_Epoch 334/2000——############################################################]
[##################################################################——local_meta_station58:train_task_support_Epoch 335/2000——############################################################]
[##################################################################——local_meta_station58:train_task_query_Epoch 335/2000——############################################################]
[##################################################################——local_meta_station58:train_task_support_Epoch 336/2000——############################################################]
[##################################################################——local_meta_station58:train_task_query_Epoch 336/2000——############################################################]
[##################################################################——local_meta_station58:train_task_support_Epoch 337/2000——############################################################]
[##################################################################——local_meta_station58:train_task_query_Epoch 337/2000——############################################################]
[##################################################################——local_meta_station58:train_task_support_Epoch 338/2000——############################################################]
[##################################################################——local_meta_station58:train_task_query_Epoch 338/2000——############################################################]
[##################################################################——local_meta_station58:train_task_support_Epoch 339/2000——############################################################]
[##################################################################——local_meta_station58:train_task_query_Epoch 339/2000——############################################################]
[##################################################################——local_meta_station58:train_task_support_Epoch 340/2000——############################################################]
[##################################################################——local_meta_station58:train_task_query_Epoch 340/2000——############################################################]
[##################################################################——local_meta_station58:train_task_support_Epoch 341/2000——############################################################]
[##################################################################——local_meta_station58:train_task_query_Epoch 341/2000——############################################################]
[##################################################################——local_meta_station58:train_task_support_Epoch 342/2000——############################################################]
[##################################################################——local_meta_station58:train_task_query_Epoch 342/2000——############################################################]
[##################################################################——local_meta_station58:train_task_support_Epoch 343/2000——############################################################]
[##################################################################——local_meta_station58:train_task_query_Epoch 343/2000——############################################################]
[##################################################################——local_meta_station58:train_task_support_Epoch 344/2000——############################################################]
[##################################################################——local_meta_station58:train_task_query_Epoch 344/2000——############################################################]
[##################################################################——local_meta_station58:train_task_support_Epoch 345/2000——############################################################]
[##################################################################——local_meta_station58:train_task_query_Epoch 345/2000——############################################################]
[##################################################################——local_meta_station58:train_task_support_Epoch 346/2000——############################################################]
[##################################################################——local_meta_station58:train_task_query_Epoch 346/2000——############################################################]
[##################################################################——local_meta_station58:train_task_support_Epoch 347/2000——############################################################]
[##################################################################——local_meta_station58:train_task_query_Epoch 347/2000——############################################################]
[##################################################################——local_meta_station58:train_task_support_Epoch 348/2000——############################################################]
[##################################################################——local_meta_station58:train_task_query_Epoch 348/2000——############################################################]
[##################################################################——local_meta_station58:train_task_support_Epoch 349/2000——############################################################]
[##################################################################——local_meta_station58:train_task_query_Epoch 349/2000——############################################################]
[##################################################################——local_meta_station58:train_task_support_Epoch 350/2000——############################################################]
[##################################################################——local_meta_station58:train_task_query_Epoch 350/2000——############################################################]
[##################################################################——local_meta_station58:train_task_support_Epoch 351/2000——############################################################]
[##################################################################——local_meta_station58:train_task_query_Epoch 351/2000——############################################################]
[##################################################################——local_meta_station58:train_task_support_Epoch 352/2000——############################################################]
[##################################################################——local_meta_station58:train_task_query_Epoch 352/2000——############################################################]
[##################################################################——local_meta_station58:train_task_support_Epoch 353/2000——############################################################]
[##################################################################——local_meta_station58:train_task_query_Epoch 353/2000——############################################################]
[##################################################################——local_meta_station58:train_task_support_Epoch 354/2000——############################################################]
[##################################################################——local_meta_station58:train_task_query_Epoch 354/2000——############################################################]
[##################################################################——local_meta_station58:train_task_support_Epoch 355/2000——############################################################]
[##################################################################——local_meta_station58:train_task_query_Epoch 355/2000——############################################################]
[##################################################################——local_meta_station58:train_task_support_Epoch 356/2000——############################################################]
[##################################################################——local_meta_station58:train_task_query_Epoch 356/2000——############################################################]
[##################################################################——local_meta_station58:train_task_support_Epoch 357/2000——############################################################]
[##################################################################——local_meta_station58:train_task_query_Epoch 357/2000——############################################################]
[##################################################################——local_meta_station58:train_task_support_Epoch 358/2000——############################################################]
[##################################################################——local_meta_station58:train_task_query_Epoch 358/2000——############################################################]
[##################################################################——local_meta_station58:train_task_support_Epoch 359/2000——############################################################]
[##################################################################——local_meta_station58:train_task_query_Epoch 359/2000——############################################################]
[##################################################################——local_meta_station58:train_task_support_Epoch 360/2000——############################################################]
[##################################################################——local_meta_station58:train_task_query_Epoch 360/2000——############################################################]
[##################################################################——local_meta_station58:train_task_support_Epoch 361/2000——############################################################]
[##################################################################——local_meta_station58:train_task_query_Epoch 361/2000——############################################################]
[##################################################################——local_meta_station58:train_task_support_Epoch 362/2000——############################################################]
[##################################################################——local_meta_station58:train_task_query_Epoch 362/2000——############################################################]
[##################################################################——local_meta_station58:train_task_support_Epoch 363/2000——############################################################]
[##################################################################——local_meta_station58:train_task_query_Epoch 363/2000——############################################################]
[##################################################################——local_meta_station58:train_task_support_Epoch 364/2000——############################################################]
[##################################################################——local_meta_station58:train_task_query_Epoch 364/2000——############################################################]
[##################################################################——local_meta_station58:train_task_support_Epoch 365/2000——############################################################]
[##################################################################——local_meta_station58:train_task_query_Epoch 365/2000——############################################################]
[##################################################################——local_meta_station58:train_task_support_Epoch 366/2000——############################################################]
[##################################################################——local_meta_station58:train_task_query_Epoch 366/2000——############################################################]
[##################################################################——local_meta_station58:train_task_support_Epoch 367/2000——############################################################]
[##################################################################——local_meta_station58:train_task_query_Epoch 367/2000——############################################################]
[##################################################################——local_meta_station58:train_task_support_Epoch 368/2000——############################################################]
[##################################################################——local_meta_station58:train_task_query_Epoch 368/2000——############################################################]
[##################################################################——local_meta_station58:train_task_support_Epoch 369/2000——############################################################]
[##################################################################——local_meta_station58:train_task_query_Epoch 369/2000——############################################################]
[##################################################################——local_meta_station58:train_task_support_Epoch 370/2000——############################################################]
[##################################################################——local_meta_station58:train_task_query_Epoch 370/2000——############################################################]
[##################################################################——local_meta_station58:train_task_support_Epoch 371/2000——############################################################]
[##################################################################——local_meta_station58:train_task_query_Epoch 371/2000——############################################################]
[##################################################################——local_meta_station58:train_task_support_Epoch 372/2000——############################################################]
[##################################################################——local_meta_station58:train_task_query_Epoch 372/2000——############################################################]
[##################################################################——local_meta_station58:train_task_support_Epoch 373/2000——############################################################]
[##################################################################——local_meta_station58:train_task_query_Epoch 373/2000——############################################################]
[##################################################################——local_meta_station58:train_task_support_Epoch 374/2000——############################################################]
[##################################################################——local_meta_station58:train_task_query_Epoch 374/2000——############################################################]
[##################################################################——local_meta_station58:train_task_support_Epoch 375/2000——############################################################]
[##################################################################——local_meta_station58:train_task_query_Epoch 375/2000——############################################################]
[##################################################################——local_meta_station58:train_task_support_Epoch 376/2000——############################################################]
[##################################################################——local_meta_station58:train_task_query_Epoch 376/2000——############################################################]
[##################################################################——local_meta_station58:train_task_support_Epoch 377/2000——############################################################]
[##################################################################——local_meta_station58:train_task_query_Epoch 377/2000——############################################################]
[##################################################################——local_meta_station58:train_task_support_Epoch 378/2000——############################################################]
[##################################################################——local_meta_station58:train_task_query_Epoch 378/2000——############################################################]
[##################################################################——local_meta_station58:train_task_support_Epoch 379/2000——############################################################]
[##################################################################——local_meta_station58:train_task_query_Epoch 379/2000——############################################################]
[##################################################################——local_meta_station58:train_task_support_Epoch 380/2000——############################################################]
[##################################################################——local_meta_station58:train_task_query_Epoch 380/2000——############################################################]
[##################################################################——local_meta_station58:train_task_support_Epoch 381/2000——############################################################]
[##################################################################——local_meta_station58:train_task_query_Epoch 381/2000——############################################################]
[##################################################################——local_meta_station58:train_task_support_Epoch 382/2000——############################################################]
[##################################################################——local_meta_station58:train_task_query_Epoch 382/2000——############################################################]
[##################################################################——local_meta_station58:train_task_support_Epoch 383/2000——############################################################]
[##################################################################——local_meta_station58:train_task_query_Epoch 383/2000——############################################################]
[##################################################################——local_meta_station58:train_task_support_Epoch 384/2000——############################################################]
[##################################################################——local_meta_station58:train_task_query_Epoch 384/2000——############################################################]
[##################################################################——local_meta_station58:train_task_support_Epoch 385/2000——############################################################]
[##################################################################——local_meta_station58:train_task_query_Epoch 385/2000——############################################################]
[##################################################################——local_meta_station58:train_task_support_Epoch 386/2000——############################################################]
[##################################################################——local_meta_station58:train_task_query_Epoch 386/2000——############################################################]
[##################################################################——local_meta_station58:train_task_support_Epoch 387/2000——############################################################]
[##################################################################——local_meta_station58:train_task_query_Epoch 387/2000——############################################################]
[##################################################################——local_meta_station58:train_task_support_Epoch 388/2000——############################################################]
[##################################################################——local_meta_station58:train_task_query_Epoch 388/2000——############################################################]
[##################################################################——local_meta_station58:train_task_support_Epoch 389/2000——############################################################]
[##################################################################——local_meta_station58:train_task_query_Epoch 389/2000——############################################################]
[##################################################################——local_meta_station58:train_task_support_Epoch 390/2000——############################################################]
[##################################################################——local_meta_station58:train_task_query_Epoch 390/2000——############################################################]
[##################################################################——local_meta_station58:train_task_support_Epoch 391/2000——############################################################]
[##################################################################——local_meta_station58:train_task_query_Epoch 391/2000——############################################################]
[##################################################################——local_meta_station58:train_task_support_Epoch 392/2000——############################################################]
[##################################################################——local_meta_station58:train_task_query_Epoch 392/2000——############################################################]
[##################################################################——local_meta_station58:train_task_support_Epoch 393/2000——############################################################]
[##################################################################——local_meta_station58:train_task_query_Epoch 393/2000——############################################################]
[##################################################################——local_meta_station58:train_task_support_Epoch 394/2000——############################################################]
[##################################################################——local_meta_station58:train_task_query_Epoch 394/2000——############################################################]
[##################################################################——local_meta_station58:train_task_support_Epoch 395/2000——############################################################]
[##################################################################——local_meta_station58:train_task_query_Epoch 395/2000——############################################################]
[##################################################################——local_meta_station58:train_task_support_Epoch 396/2000——############################################################]
[##################################################################——local_meta_station58:train_task_query_Epoch 396/2000——############################################################]
[##################################################################——local_meta_station58:train_task_support_Epoch 397/2000——############################################################]
[##################################################################——local_meta_station58:train_task_query_Epoch 397/2000——############################################################]
[##################################################################——local_meta_station58:train_task_support_Epoch 398/2000——############################################################]
[##################################################################——local_meta_station58:train_task_query_Epoch 398/2000——############################################################]
[##################################################################——local_meta_station58:train_task_support_Epoch 399/2000——############################################################]
[##################################################################——local_meta_station58:train_task_query_Epoch 399/2000——############################################################]
[##################################################################——local_meta_station58:train_task_support_Epoch 400/2000——############################################################]
[##################################################################——local_meta_station58:train_task_query_Epoch 400/2000——############################################################]
[##################################################################——local_meta_station58:train_task_support_Epoch 401/2000——############################################################]
[##################################################################——local_meta_station58:train_task_query_Epoch 401/2000——############################################################]
[##################################################################——local_meta_station58:train_task_support_Epoch 402/2000——############################################################]
[##################################################################——local_meta_station58:train_task_query_Epoch 402/2000——############################################################]
[##################################################################——local_meta_station58:train_task_support_Epoch 403/2000——############################################################]
[##################################################################——local_meta_station58:train_task_query_Epoch 403/2000——############################################################]
[##################################################################——local_meta_station58:train_task_support_Epoch 404/2000——############################################################]
[##################################################################——local_meta_station58:train_task_query_Epoch 404/2000——############################################################]
[##################################################################——local_meta_station58:train_task_support_Epoch 405/2000——############################################################]
[##################################################################——local_meta_station58:train_task_query_Epoch 405/2000——############################################################]
[##################################################################——local_meta_station58:train_task_support_Epoch 406/2000——############################################################]
[##################################################################——local_meta_station58:train_task_query_Epoch 406/2000——############################################################]
[##################################################################——local_meta_station58:train_task_support_Epoch 407/2000——############################################################]
[##################################################################——local_meta_station58:train_task_query_Epoch 407/2000——############################################################]
[##################################################################——local_meta_station58:train_task_support_Epoch 408/2000——############################################################]
[##################################################################——local_meta_station58:train_task_query_Epoch 408/2000——############################################################]
[##################################################################——local_meta_station58:train_task_support_Epoch 409/2000——############################################################]
[##################################################################——local_meta_station58:train_task_query_Epoch 409/2000——############################################################]
[##################################################################——local_meta_station58:train_task_support_Epoch 410/2000——############################################################]
[##################################################################——local_meta_station58:train_task_query_Epoch 410/2000——############################################################]
[##################################################################——local_meta_station58:train_task_support_Epoch 411/2000——############################################################]
[##################################################################——local_meta_station58:train_task_query_Epoch 411/2000——############################################################]
[##################################################################——local_meta_station58:train_task_support_Epoch 412/2000——############################################################]
[##################################################################——local_meta_station58:train_task_query_Epoch 412/2000——############################################################]
[##################################################################——local_meta_station58:train_task_support_Epoch 413/2000——############################################################]
[##################################################################——local_meta_station58:train_task_query_Epoch 413/2000——############################################################]
[##################################################################——local_meta_station58:train_task_support_Epoch 414/2000——############################################################]
[##################################################################——local_meta_station58:train_task_query_Epoch 414/2000——############################################################]
[##################################################################——local_meta_station58:train_task_support_Epoch 415/2000——############################################################]
[##################################################################——local_meta_station58:train_task_query_Epoch 415/2000——############################################################]
[##################################################################——local_meta_station58:train_task_support_Epoch 416/2000——############################################################]
[##################################################################——local_meta_station58:train_task_query_Epoch 416/2000——############################################################]
[##################################################################——local_meta_station58:train_task_support_Epoch 417/2000——############################################################]
[##################################################################——local_meta_station58:train_task_query_Epoch 417/2000——############################################################]
[##################################################################——local_meta_station58:train_task_support_Epoch 418/2000——############################################################]
[##################################################################——local_meta_station58:train_task_query_Epoch 418/2000——############################################################]
[##################################################################——local_meta_station58:train_task_support_Epoch 419/2000——############################################################]
[##################################################################——local_meta_station58:train_task_query_Epoch 419/2000——############################################################]
[##################################################################——local_meta_station58:train_task_support_Epoch 420/2000——############################################################]
[##################################################################——local_meta_station58:train_task_query_Epoch 420/2000——############################################################]
[##################################################################——local_meta_station58:train_task_support_Epoch 421/2000——############################################################]
[##################################################################——local_meta_station58:train_task_query_Epoch 421/2000——############################################################]
[##################################################################——local_meta_station58:train_task_support_Epoch 422/2000——############################################################]
[##################################################################——local_meta_station58:train_task_query_Epoch 422/2000——############################################################]
[##################################################################——local_meta_station58:train_task_support_Epoch 423/2000——############################################################]
[##################################################################——local_meta_station58:train_task_query_Epoch 423/2000——############################################################]
[##################################################################——local_meta_station58:train_task_support_Epoch 424/2000——############################################################]
[##################################################################——local_meta_station58:train_task_query_Epoch 424/2000——############################################################]
[##################################################################——local_meta_station58:train_task_support_Epoch 425/2000——############################################################]
[##################################################################——local_meta_station58:train_task_query_Epoch 425/2000——############################################################]
[##################################################################——local_meta_station58:train_task_support_Epoch 426/2000——############################################################]
[##################################################################——local_meta_station58:train_task_query_Epoch 426/2000——############################################################]
[##################################################################——local_meta_station58:train_task_support_Epoch 427/2000——############################################################]
[##################################################################——local_meta_station58:train_task_query_Epoch 427/2000——############################################################]
[##################################################################——local_meta_station58:train_task_support_Epoch 428/2000——############################################################]
[##################################################################——local_meta_station58:train_task_query_Epoch 428/2000——############################################################]
[##################################################################——local_meta_station58:train_task_support_Epoch 429/2000——############################################################]
[##################################################################——local_meta_station58:train_task_query_Epoch 429/2000——############################################################]
[##################################################################——local_meta_station58:train_task_support_Epoch 430/2000——############################################################]
[##################################################################——local_meta_station58:train_task_query_Epoch 430/2000——############################################################]
[##################################################################——local_meta_station58:train_task_support_Epoch 431/2000——############################################################]
[##################################################################——local_meta_station58:train_task_query_Epoch 431/2000——############################################################]
[##################################################################——local_meta_station58:train_task_support_Epoch 432/2000——############################################################]
[##################################################################——local_meta_station58:train_task_query_Epoch 432/2000——############################################################]
[##################################################################——local_meta_station58:train_task_support_Epoch 433/2000——############################################################]
[##################################################################——local_meta_station58:train_task_query_Epoch 433/2000——############################################################]
[##################################################################——local_meta_station58:train_task_support_Epoch 434/2000——############################################################]
[##################################################################——local_meta_station58:train_task_query_Epoch 434/2000——############################################################]
[##################################################################——local_meta_station58:train_task_support_Epoch 435/2000——############################################################]
[##################################################################——local_meta_station58:train_task_query_Epoch 435/2000——############################################################]
[##################################################################——local_meta_station58:train_task_support_Epoch 436/2000——############################################################]
[##################################################################——local_meta_station58:train_task_query_Epoch 436/2000——############################################################]
[##################################################################——local_meta_station58:train_task_support_Epoch 437/2000——############################################################]
[##################################################################——local_meta_station58:train_task_query_Epoch 437/2000——############################################################]
[##################################################################——local_meta_station58:train_task_support_Epoch 438/2000——############################################################]
[##################################################################——local_meta_station58:train_task_query_Epoch 438/2000——############################################################]
[##################################################################——local_meta_station58:train_task_support_Epoch 439/2000——############################################################]
[##################################################################——local_meta_station58:train_task_query_Epoch 439/2000——############################################################]
[##################################################################——local_meta_station58:train_task_support_Epoch 440/2000——############################################################]
[##################################################################——local_meta_station58:train_task_query_Epoch 440/2000——############################################################]
[##################################################################——local_meta_station58:train_task_support_Epoch 441/2000——############################################################]
[##################################################################——local_meta_station58:train_task_query_Epoch 441/2000——############################################################]
[##################################################################——local_meta_station58:train_task_support_Epoch 442/2000——############################################################]
[##################################################################——local_meta_station58:train_task_query_Epoch 442/2000——############################################################]
[##################################################################——local_meta_station58:train_task_support_Epoch 443/2000——############################################################]
[##################################################################——local_meta_station58:train_task_query_Epoch 443/2000——############################################################]
[##################################################################——local_meta_station58:train_task_support_Epoch 444/2000——############################################################]
[##################################################################——local_meta_station58:train_task_query_Epoch 444/2000——############################################################]
[##################################################################——local_meta_station58:train_task_support_Epoch 445/2000——############################################################]
[##################################################################——local_meta_station58:train_task_query_Epoch 445/2000——############################################################]
[##################################################################——local_meta_station58:train_task_support_Epoch 446/2000——############################################################]
[##################################################################——local_meta_station58:train_task_query_Epoch 446/2000——############################################################]
[##################################################################——local_meta_station58:train_task_support_Epoch 447/2000——############################################################]
[##################################################################——local_meta_station58:train_task_query_Epoch 447/2000——############################################################]
[##################################################################——local_meta_station58:train_task_support_Epoch 448/2000——############################################################]
[##################################################################——local_meta_station58:train_task_query_Epoch 448/2000——############################################################]
[##################################################################——local_meta_station58:train_task_support_Epoch 449/2000——############################################################]
[##################################################################——local_meta_station58:train_task_query_Epoch 449/2000——############################################################]
[##################################################################——local_meta_station58:train_task_support_Epoch 450/2000——############################################################]
[##################################################################——local_meta_station58:train_task_query_Epoch 450/2000——############################################################]
[##################################################################——local_meta_station58:train_task_support_Epoch 451/2000——############################################################]
[##################################################################——local_meta_station58:train_task_query_Epoch 451/2000——############################################################]
[##################################################################——local_meta_station58:train_task_support_Epoch 452/2000——############################################################]
[##################################################################——local_meta_station58:train_task_query_Epoch 452/2000——############################################################]
[##################################################################——local_meta_station58:train_task_support_Epoch 453/2000——############################################################]
[##################################################################——local_meta_station58:train_task_query_Epoch 453/2000——############################################################]
[##################################################################——local_meta_station58:train_task_support_Epoch 454/2000——############################################################]
[##################################################################——local_meta_station58:train_task_query_Epoch 454/2000——############################################################]
[##################################################################——local_meta_station58:train_task_support_Epoch 455/2000——############################################################]
[##################################################################——local_meta_station58:train_task_query_Epoch 455/2000——############################################################]
[##################################################################——local_meta_station58:train_task_support_Epoch 456/2000——############################################################]
[##################################################################——local_meta_station58:train_task_query_Epoch 456/2000——############################################################]
[##################################################################——local_meta_station58:train_task_support_Epoch 457/2000——############################################################]
[##################################################################——local_meta_station58:train_task_query_Epoch 457/2000——############################################################]
[##################################################################——local_meta_station58:train_task_support_Epoch 458/2000——############################################################]
[##################################################################——local_meta_station58:train_task_query_Epoch 458/2000——############################################################]
[##################################################################——local_meta_station58:train_task_support_Epoch 459/2000——############################################################]
[##################################################################——local_meta_station58:train_task_query_Epoch 459/2000——############################################################]
[##################################################################——local_meta_station58:train_task_support_Epoch 460/2000——############################################################]
[##################################################################——local_meta_station58:train_task_query_Epoch 460/2000——############################################################]
[##################################################################——local_meta_station58:train_task_support_Epoch 461/2000——############################################################]
[##################################################################——local_meta_station58:train_task_query_Epoch 461/2000——############################################################]
[##################################################################——local_meta_station58:train_task_support_Epoch 462/2000——############################################################]
[##################################################################——local_meta_station58:train_task_query_Epoch 462/2000——############################################################]
[##################################################################——local_meta_station58:train_task_support_Epoch 463/2000——############################################################]
[##################################################################——local_meta_station58:train_task_query_Epoch 463/2000——############################################################]
[##################################################################——local_meta_station58:train_task_support_Epoch 464/2000——############################################################]
[##################################################################——local_meta_station58:train_task_query_Epoch 464/2000——############################################################]
[##################################################################——local_meta_station58:train_task_support_Epoch 465/2000——############################################################]
[##################################################################——local_meta_station58:train_task_query_Epoch 465/2000——############################################################]
[##################################################################——local_meta_station58:train_task_support_Epoch 466/2000——############################################################]
[##################################################################——local_meta_station58:train_task_query_Epoch 466/2000——############################################################]
[##################################################################——local_meta_station58:train_task_support_Epoch 467/2000——############################################################]
[##################################################################——local_meta_station58:train_task_query_Epoch 467/2000——############################################################]
[##################################################################——local_meta_station58:train_task_support_Epoch 468/2000——############################################################]
[##################################################################——local_meta_station58:train_task_query_Epoch 468/2000——############################################################]
[##################################################################——local_meta_station58:train_task_support_Epoch 469/2000——############################################################]
[##################################################################——local_meta_station58:train_task_query_Epoch 469/2000——############################################################]
[##################################################################——local_meta_station58:train_task_support_Epoch 470/2000——############################################################]
[##################################################################——local_meta_station58:train_task_query_Epoch 470/2000——############################################################]
[##################################################################——local_meta_station58:train_task_support_Epoch 471/2000——############################################################]
[##################################################################——local_meta_station58:train_task_query_Epoch 471/2000——############################################################]
[##################################################################——local_meta_station58:train_task_support_Epoch 472/2000——############################################################]
[##################################################################——local_meta_station58:train_task_query_Epoch 472/2000——############################################################]
[##################################################################——local_meta_station58:train_task_support_Epoch 473/2000——############################################################]
[##################################################################——local_meta_station58:train_task_query_Epoch 473/2000——############################################################]
[##################################################################——local_meta_station58:train_task_support_Epoch 474/2000——############################################################]
[##################################################################——local_meta_station58:train_task_query_Epoch 474/2000——############################################################]
[##################################################################——local_meta_station58:train_task_support_Epoch 475/2000——############################################################]
[##################################################################——local_meta_station58:train_task_query_Epoch 475/2000——############################################################]
[##################################################################——local_meta_station58:train_task_support_Epoch 476/2000——############################################################]
[##################################################################——local_meta_station58:train_task_query_Epoch 476/2000——############################################################]
[##################################################################——local_meta_station58:train_task_support_Epoch 477/2000——############################################################]
[##################################################################——local_meta_station58:train_task_query_Epoch 477/2000——############################################################]
[##################################################################——local_meta_station58:train_task_support_Epoch 478/2000——############################################################]
[##################################################################——local_meta_station58:train_task_query_Epoch 478/2000——############################################################]
[##################################################################——local_meta_station58:train_task_support_Epoch 479/2000——############################################################]
[##################################################################——local_meta_station58:train_task_query_Epoch 479/2000——############################################################]
[##################################################################——local_meta_station58:train_task_support_Epoch 480/2000——############################################################]
[##################################################################——local_meta_station58:train_task_query_Epoch 480/2000——############################################################]
[##################################################################——local_meta_station58:train_task_support_Epoch 481/2000——############################################################]
[##################################################################——local_meta_station58:train_task_query_Epoch 481/2000——############################################################]
[##################################################################——local_meta_station58:train_task_support_Epoch 482/2000——############################################################]
[##################################################################——local_meta_station58:train_task_query_Epoch 482/2000——############################################################]
[##################################################################——local_meta_station58:train_task_support_Epoch 483/2000——############################################################]
[##################################################################——local_meta_station58:train_task_query_Epoch 483/2000——############################################################]
[##################################################################——local_meta_station58:train_task_support_Epoch 484/2000——############################################################]
[##################################################################——local_meta_station58:train_task_query_Epoch 484/2000——############################################################]
[##################################################################——local_meta_station58:train_task_support_Epoch 485/2000——############################################################]
[##################################################################——local_meta_station58:train_task_query_Epoch 485/2000——############################################################]
[##################################################################——local_meta_station58:train_task_support_Epoch 486/2000——############################################################]
[##################################################################——local_meta_station58:train_task_query_Epoch 486/2000——############################################################]
[##################################################################——local_meta_station58:train_task_support_Epoch 487/2000——############################################################]
[##################################################################——local_meta_station58:train_task_query_Epoch 487/2000——############################################################]
[##################################################################——local_meta_station58:train_task_support_Epoch 488/2000——############################################################]
[##################################################################——local_meta_station58:train_task_query_Epoch 488/2000——############################################################]
[##################################################################——local_meta_station58:train_task_support_Epoch 489/2000——############################################################]
[##################################################################——local_meta_station58:train_task_query_Epoch 489/2000——############################################################]
[##################################################################——local_meta_station58:train_task_support_Epoch 490/2000——############################################################]
[##################################################################——local_meta_station58:train_task_query_Epoch 490/2000——############################################################]
[##################################################################——local_meta_station58:train_task_support_Epoch 491/2000——############################################################]
[##################################################################——local_meta_station58:train_task_query_Epoch 491/2000——############################################################]
[##################################################################——local_meta_station58:train_task_support_Epoch 492/2000——############################################################]
[##################################################################——local_meta_station58:train_task_query_Epoch 492/2000——############################################################]
[##################################################################——local_meta_station58:train_task_support_Epoch 493/2000——############################################################]
[##################################################################——local_meta_station58:train_task_query_Epoch 493/2000——############################################################]
[##################################################################——local_meta_station58:train_task_support_Epoch 494/2000——############################################################]
[##################################################################——local_meta_station58:train_task_query_Epoch 494/2000——############################################################]
[##################################################################——local_meta_station58:train_task_support_Epoch 495/2000——############################################################]
[##################################################################——local_meta_station58:train_task_query_Epoch 495/2000——############################################################]
[##################################################################——local_meta_station58:train_task_support_Epoch 496/2000——############################################################]
[##################################################################——local_meta_station58:train_task_query_Epoch 496/2000——############################################################]
[##################################################################——local_meta_station58:train_task_support_Epoch 497/2000——############################################################]
[##################################################################——local_meta_station58:train_task_query_Epoch 497/2000——############################################################]
[##################################################################——local_meta_station58:train_task_support_Epoch 498/2000——############################################################]
[##################################################################——local_meta_station58:train_task_query_Epoch 498/2000——############################################################]
[##################################################################——local_meta_station58:train_task_support_Epoch 499/2000——############################################################]
[##################################################################——local_meta_station58:train_task_query_Epoch 499/2000——############################################################]
[##################################################################——local_meta_station58:train_task_support_Epoch 500/2000——############################################################]
[##################################################################——local_meta_station58:train_task_query_Epoch 500/2000——############################################################]
[##################################################################——local_meta_station58:train_task_support_Epoch 501/2000——############################################################]
[##################################################################——local_meta_station58:train_task_query_Epoch 501/2000——############################################################]
[##################################################################——local_meta_station58:train_task_support_Epoch 502/2000——############################################################]
[##################################################################——local_meta_station58:train_task_query_Epoch 502/2000——############################################################]
[##################################################################——local_meta_station58:train_task_support_Epoch 503/2000——############################################################]
[##################################################################——local_meta_station58:train_task_query_Epoch 503/2000——############################################################]
[##################################################################——local_meta_station58:train_task_support_Epoch 504/2000——############################################################]
[##################################################################——local_meta_station58:train_task_query_Epoch 504/2000——############################################################]
[##################################################################——local_meta_station58:train_task_support_Epoch 505/2000——############################################################]
[##################################################################——local_meta_station58:train_task_query_Epoch 505/2000——############################################################]
[##################################################################——local_meta_station58:train_task_support_Epoch 506/2000——############################################################]
[##################################################################——local_meta_station58:train_task_query_Epoch 506/2000——############################################################]
[##################################################################——local_meta_station58:train_task_support_Epoch 507/2000——############################################################]
[##################################################################——local_meta_station58:train_task_query_Epoch 507/2000——############################################################]
[##################################################################——local_meta_station58:train_task_support_Epoch 508/2000——############################################################]
[##################################################################——local_meta_station58:train_task_query_Epoch 508/2000——############################################################]
[##################################################################——local_meta_station58:train_task_support_Epoch 509/2000——############################################################]
[##################################################################——local_meta_station58:train_task_query_Epoch 509/2000——############################################################]
[##################################################################——local_meta_station58:train_task_support_Epoch 510/2000——############################################################]
[##################################################################——local_meta_station58:train_task_query_Epoch 510/2000——############################################################]
[##################################################################——local_meta_station58:train_task_support_Epoch 511/2000——############################################################]
[##################################################################——local_meta_station58:train_task_query_Epoch 511/2000——############################################################]
[##################################################################——local_meta_station58:train_task_support_Epoch 512/2000——############################################################]
[##################################################################——local_meta_station58:train_task_query_Epoch 512/2000——############################################################]
[##################################################################——local_meta_station58:train_task_support_Epoch 513/2000——############################################################]
[##################################################################——local_meta_station58:train_task_query_Epoch 513/2000——############################################################]
[##################################################################——local_meta_station58:train_task_support_Epoch 514/2000——############################################################]
[##################################################################——local_meta_station58:train_task_query_Epoch 514/2000——############################################################]
[##################################################################——local_meta_station58:train_task_support_Epoch 515/2000——############################################################]
[##################################################################——local_meta_station58:train_task_query_Epoch 515/2000——############################################################]
[##################################################################——local_meta_station58:train_task_support_Epoch 516/2000——############################################################]
[##################################################################——local_meta_station58:train_task_query_Epoch 516/2000——############################################################]
[##################################################################——local_meta_station58:train_task_support_Epoch 517/2000——############################################################]
[##################################################################——local_meta_station58:train_task_query_Epoch 517/2000——############################################################]
[##################################################################——local_meta_station58:train_task_support_Epoch 518/2000——############################################################]
[##################################################################——local_meta_station58:train_task_query_Epoch 518/2000——############################################################]
[##################################################################——local_meta_station58:train_task_support_Epoch 519/2000——############################################################]
[##################################################################——local_meta_station58:train_task_query_Epoch 519/2000——############################################################]
[##################################################################——local_meta_station58:train_task_support_Epoch 520/2000——############################################################]
[##################################################################——local_meta_station58:train_task_query_Epoch 520/2000——############################################################]
[##################################################################——local_meta_station58:train_task_support_Epoch 521/2000——############################################################]
[##################################################################——local_meta_station58:train_task_query_Epoch 521/2000——############################################################]
[##################################################################——local_meta_station58:train_task_support_Epoch 522/2000——############################################################]
[##################################################################——local_meta_station58:train_task_query_Epoch 522/2000——############################################################]
[##################################################################——local_meta_station58:train_task_support_Epoch 523/2000——############################################################]
[##################################################################——local_meta_station58:train_task_query_Epoch 523/2000——############################################################]
[##################################################################——local_meta_station58:train_task_support_Epoch 524/2000——############################################################]
[##################################################################——local_meta_station58:train_task_query_Epoch 524/2000——############################################################]
[##################################################################——local_meta_station58:train_task_support_Epoch 525/2000——############################################################]
[##################################################################——local_meta_station58:train_task_query_Epoch 525/2000——############################################################]
[##################################################################——local_meta_station58:train_task_support_Epoch 526/2000——############################################################]
[##################################################################——local_meta_station58:train_task_query_Epoch 526/2000——############################################################]
[##################################################################——local_meta_station58:train_task_support_Epoch 527/2000——############################################################]
[##################################################################——local_meta_station58:train_task_query_Epoch 527/2000——############################################################]
[##################################################################——local_meta_station58:train_task_support_Epoch 528/2000——############################################################]
[##################################################################——local_meta_station58:train_task_query_Epoch 528/2000——############################################################]
[##################################################################——local_meta_station58:train_task_support_Epoch 529/2000——############################################################]
[##################################################################——local_meta_station58:train_task_query_Epoch 529/2000——############################################################]
[##################################################################——local_meta_station58:train_task_support_Epoch 530/2000——############################################################]
[##################################################################——local_meta_station58:train_task_query_Epoch 530/2000——############################################################]
[##################################################################——local_meta_station58:train_task_support_Epoch 531/2000——############################################################]
[##################################################################——local_meta_station58:train_task_query_Epoch 531/2000——############################################################]
[##################################################################——local_meta_station58:train_task_support_Epoch 532/2000——############################################################]
[##################################################################——local_meta_station58:train_task_query_Epoch 532/2000——############################################################]
[##################################################################——local_meta_station58:train_task_support_Epoch 533/2000——############################################################]
[##################################################################——local_meta_station58:train_task_query_Epoch 533/2000——############################################################]
[##################################################################——local_meta_station58:train_task_support_Epoch 534/2000——############################################################]
[##################################################################——local_meta_station58:train_task_query_Epoch 534/2000——############################################################]
[##################################################################——local_meta_station58:train_task_support_Epoch 535/2000——############################################################]
[##################################################################——local_meta_station58:train_task_query_Epoch 535/2000——############################################################]
[##################################################################——local_meta_station58:train_task_support_Epoch 536/2000——############################################################]
[##################################################################——local_meta_station58:train_task_query_Epoch 536/2000——############################################################]
[##################################################################——local_meta_station58:train_task_support_Epoch 537/2000——############################################################]
[##################################################################——local_meta_station58:train_task_query_Epoch 537/2000——############################################################]
[##################################################################——local_meta_station58:train_task_support_Epoch 538/2000——############################################################]
[##################################################################——local_meta_station58:train_task_query_Epoch 538/2000——############################################################]
[##################################################################——local_meta_station58:train_task_support_Epoch 539/2000——############################################################]
[##################################################################——local_meta_station58:train_task_query_Epoch 539/2000——############################################################]
[##################################################################——local_meta_station58:train_task_support_Epoch 540/2000——############################################################]
[##################################################################——local_meta_station58:train_task_query_Epoch 540/2000——############################################################]
[##################################################################——local_meta_station58:train_task_support_Epoch 541/2000——############################################################]
[##################################################################——local_meta_station58:train_task_query_Epoch 541/2000——############################################################]
[##################################################################——local_meta_station58:train_task_support_Epoch 542/2000——############################################################]
[##################################################################——local_meta_station58:train_task_query_Epoch 542/2000——############################################################]
[##################################################################——local_meta_station58:train_task_support_Epoch 543/2000——############################################################]
[##################################################################——local_meta_station58:train_task_query_Epoch 543/2000——############################################################]
[##################################################################——local_meta_station58:train_task_support_Epoch 544/2000——############################################################]
[##################################################################——local_meta_station58:train_task_query_Epoch 544/2000——############################################################]
[##################################################################——local_meta_station58:train_task_support_Epoch 545/2000——############################################################]
[##################################################################——local_meta_station58:train_task_query_Epoch 545/2000——############################################################]
[##################################################################——local_meta_station58:train_task_support_Epoch 546/2000——############################################################]
[##################################################################——local_meta_station58:train_task_query_Epoch 546/2000——############################################################]
[##################################################################——local_meta_station58:train_task_support_Epoch 547/2000——############################################################]
[##################################################################——local_meta_station58:train_task_query_Epoch 547/2000——############################################################]
[##################################################################——local_meta_station58:train_task_support_Epoch 548/2000——############################################################]
[##################################################################——local_meta_station58:train_task_query_Epoch 548/2000——############################################################]
[##################################################################——local_meta_station58:train_task_support_Epoch 549/2000——############################################################]
[##################################################################——local_meta_station58:train_task_query_Epoch 549/2000——############################################################]
[##################################################################——local_meta_station58:train_task_support_Epoch 550/2000——############################################################]
[##################################################################——local_meta_station58:train_task_query_Epoch 550/2000——############################################################]
[##################################################################——local_meta_station58:train_task_support_Epoch 551/2000——############################################################]
[##################################################################——local_meta_station58:train_task_query_Epoch 551/2000——############################################################]
[##################################################################——local_meta_station58:train_task_support_Epoch 552/2000——############################################################]
[##################################################################——local_meta_station58:train_task_query_Epoch 552/2000——############################################################]
[##################################################################——local_meta_station58:train_task_support_Epoch 553/2000——############################################################]
[##################################################################——local_meta_station58:train_task_query_Epoch 553/2000——############################################################]
[##################################################################——local_meta_station58:train_task_support_Epoch 554/2000——############################################################]
[##################################################################——local_meta_station58:train_task_query_Epoch 554/2000——############################################################]
[##################################################################——local_meta_station58:train_task_support_Epoch 555/2000——############################################################]
[##################################################################——local_meta_station58:train_task_query_Epoch 555/2000——############################################################]
[##################################################################——local_meta_station58:train_task_support_Epoch 556/2000——############################################################]
[##################################################################——local_meta_station58:train_task_query_Epoch 556/2000——############################################################]
[##################################################################——local_meta_station58:train_task_support_Epoch 557/2000——############################################################]
[##################################################################——local_meta_station58:train_task_query_Epoch 557/2000——############################################################]
[##################################################################——local_meta_station58:train_task_support_Epoch 558/2000——############################################################]
[##################################################################——local_meta_station58:train_task_query_Epoch 558/2000——############################################################]
[##################################################################——local_meta_station58:train_task_support_Epoch 559/2000——############################################################]
[##################################################################——local_meta_station58:train_task_query_Epoch 559/2000——############################################################]
[##################################################################——local_meta_station58:train_task_support_Epoch 560/2000——############################################################]
[##################################################################——local_meta_station58:train_task_query_Epoch 560/2000——############################################################]
[##################################################################——local_meta_station58:train_task_support_Epoch 561/2000——############################################################]
[##################################################################——local_meta_station58:train_task_query_Epoch 561/2000——############################################################]
[##################################################################——local_meta_station58:train_task_support_Epoch 562/2000——############################################################]
[##################################################################——local_meta_station58:train_task_query_Epoch 562/2000——############################################################]
[##################################################################——local_meta_station58:train_task_support_Epoch 563/2000——############################################################]
[##################################################################——local_meta_station58:train_task_query_Epoch 563/2000——############################################################]
[##################################################################——local_meta_station58:train_task_support_Epoch 564/2000——############################################################]
[##################################################################——local_meta_station58:train_task_query_Epoch 564/2000——############################################################]
[##################################################################——local_meta_station58:train_task_support_Epoch 565/2000——############################################################]
[##################################################################——local_meta_station58:train_task_query_Epoch 565/2000——############################################################]
[##################################################################——local_meta_station58:train_task_support_Epoch 566/2000——############################################################]
[##################################################################——local_meta_station58:train_task_query_Epoch 566/2000——############################################################]
[##################################################################——local_meta_station58:train_task_support_Epoch 567/2000——############################################################]
[##################################################################——local_meta_station58:train_task_query_Epoch 567/2000——############################################################]
[##################################################################——local_meta_station58:train_task_support_Epoch 568/2000——############################################################]
[##################################################################——local_meta_station58:train_task_query_Epoch 568/2000——############################################################]
[##################################################################——local_meta_station58:train_task_support_Epoch 569/2000——############################################################]
[##################################################################——local_meta_station58:train_task_query_Epoch 569/2000——############################################################]
[##################################################################——local_meta_station58:train_task_support_Epoch 570/2000——############################################################]
[##################################################################——local_meta_station58:train_task_query_Epoch 570/2000——############################################################]
[##################################################################——local_meta_station58:train_task_support_Epoch 571/2000——############################################################]
[##################################################################——local_meta_station58:train_task_query_Epoch 571/2000——############################################################]
[##################################################################——local_meta_station58:train_task_support_Epoch 572/2000——############################################################]
[##################################################################——local_meta_station58:train_task_query_Epoch 572/2000——############################################################]
[##################################################################——local_meta_station58:train_task_support_Epoch 573/2000——############################################################]
[##################################################################——local_meta_station58:train_task_query_Epoch 573/2000——############################################################]
[##################################################################——local_meta_station58:train_task_support_Epoch 574/2000——############################################################]
[##################################################################——local_meta_station58:train_task_query_Epoch 574/2000——############################################################]
[##################################################################——local_meta_station58:train_task_support_Epoch 575/2000——############################################################]
[##################################################################——local_meta_station58:train_task_query_Epoch 575/2000——############################################################]
[##################################################################——local_meta_station58:train_task_support_Epoch 576/2000——############################################################]
[##################################################################——local_meta_station58:train_task_query_Epoch 576/2000——############################################################]
[##################################################################——local_meta_station58:train_task_support_Epoch 577/2000——############################################################]
[##################################################################——local_meta_station58:train_task_query_Epoch 577/2000——############################################################]
[##################################################################——local_meta_station58:train_task_support_Epoch 578/2000——############################################################]
[##################################################################——local_meta_station58:train_task_query_Epoch 578/2000——############################################################]
[##################################################################——local_meta_station58:train_task_support_Epoch 579/2000——############################################################]
[##################################################################——local_meta_station58:train_task_query_Epoch 579/2000——############################################################]
[##################################################################——local_meta_station58:train_task_support_Epoch 580/2000——############################################################]
[##################################################################——local_meta_station58:train_task_query_Epoch 580/2000——############################################################]
[##################################################################——local_meta_station58:train_task_support_Epoch 581/2000——############################################################]
[##################################################################——local_meta_station58:train_task_query_Epoch 581/2000——############################################################]
[##################################################################——local_meta_station58:train_task_support_Epoch 582/2000——############################################################]
[##################################################################——local_meta_station58:train_task_query_Epoch 582/2000——############################################################]
[##################################################################——local_meta_station58:train_task_support_Epoch 583/2000——############################################################]
[##################################################################——local_meta_station58:train_task_query_Epoch 583/2000——############################################################]
[##################################################################——local_meta_station58:train_task_support_Epoch 584/2000——############################################################]
[##################################################################——local_meta_station58:train_task_query_Epoch 584/2000——############################################################]
[##################################################################——local_meta_station58:train_task_support_Epoch 585/2000——############################################################]
[##################################################################——local_meta_station58:train_task_query_Epoch 585/2000——############################################################]
[##################################################################——local_meta_station58:train_task_support_Epoch 586/2000——############################################################]
[##################################################################——local_meta_station58:train_task_query_Epoch 586/2000——############################################################]
[##################################################################——local_meta_station58:train_task_support_Epoch 587/2000——############################################################]
[##################################################################——local_meta_station58:train_task_query_Epoch 587/2000——############################################################]
[##################################################################——local_meta_station58:train_task_support_Epoch 588/2000——############################################################]
[##################################################################——local_meta_station58:train_task_query_Epoch 588/2000——############################################################]
[##################################################################——local_meta_station58:train_task_support_Epoch 589/2000——############################################################]
[##################################################################——local_meta_station58:train_task_query_Epoch 589/2000——############################################################]
[##################################################################——local_meta_station58:train_task_support_Epoch 590/2000——############################################################]
[##################################################################——local_meta_station58:train_task_query_Epoch 590/2000——############################################################]
[##################################################################——local_meta_station58:train_task_support_Epoch 591/2000——############################################################]
[##################################################################——local_meta_station58:train_task_query_Epoch 591/2000——############################################################]
[##################################################################——local_meta_station58:train_task_support_Epoch 592/2000——############################################################]
[##################################################################——local_meta_station58:train_task_query_Epoch 592/2000——############################################################]
[##################################################################——local_meta_station58:train_task_support_Epoch 593/2000——############################################################]
[##################################################################——local_meta_station58:train_task_query_Epoch 593/2000——############################################################]
[##################################################################——local_meta_station58:train_task_support_Epoch 594/2000——############################################################]
[##################################################################——local_meta_station58:train_task_query_Epoch 594/2000——############################################################]
[##################################################################——local_meta_station58:train_task_support_Epoch 595/2000——############################################################]
[##################################################################——local_meta_station58:train_task_query_Epoch 595/2000——############################################################]
[##################################################################——local_meta_station58:train_task_support_Epoch 596/2000——############################################################]
[##################################################################——local_meta_station58:train_task_query_Epoch 596/2000——############################################################]
[##################################################################——local_meta_station58:train_task_support_Epoch 597/2000——############################################################]
[##################################################################——local_meta_station58:train_task_query_Epoch 597/2000——############################################################]
[##################################################################——local_meta_station58:train_task_support_Epoch 598/2000——############################################################]
[##################################################################——local_meta_station58:train_task_query_Epoch 598/2000——############################################################]
[##################################################################——local_meta_station58:train_task_support_Epoch 599/2000——############################################################]
[##################################################################——local_meta_station58:train_task_query_Epoch 599/2000——############################################################]
[##################################################################——local_meta_station58:train_task_support_Epoch 600/2000——############################################################]
[##################################################################——local_meta_station58:train_task_query_Epoch 600/2000——############################################################]
[##################################################################——local_meta_station58:train_task_support_Epoch 601/2000——############################################################]
[##################################################################——local_meta_station58:train_task_query_Epoch 601/2000——############################################################]
[##################################################################——local_meta_station58:train_task_support_Epoch 602/2000——############################################################]
[##################################################################——local_meta_station58:train_task_query_Epoch 602/2000——############################################################]
[##################################################################——local_meta_station58:train_task_support_Epoch 603/2000——############################################################]
[##################################################################——local_meta_station58:train_task_query_Epoch 603/2000——############################################################]
[##################################################################——local_meta_station58:train_task_support_Epoch 604/2000——############################################################]
[##################################################################——local_meta_station58:train_task_query_Epoch 604/2000——############################################################]
[##################################################################——local_meta_station58:train_task_support_Epoch 605/2000——############################################################]
[##################################################################——local_meta_station58:train_task_query_Epoch 605/2000——############################################################]
[##################################################################——local_meta_station58:train_task_support_Epoch 606/2000——############################################################]
[##################################################################——local_meta_station58:train_task_query_Epoch 606/2000——############################################################]
[##################################################################——local_meta_station58:train_task_support_Epoch 607/2000——############################################################]
[##################################################################——local_meta_station58:train_task_query_Epoch 607/2000——############################################################]
[##################################################################——local_meta_station58:train_task_support_Epoch 608/2000——############################################################]
[##################################################################——local_meta_station58:train_task_query_Epoch 608/2000——############################################################]
[##################################################################——local_meta_station58:train_task_support_Epoch 609/2000——############################################################]
[##################################################################——local_meta_station58:train_task_query_Epoch 609/2000——############################################################]
[##################################################################——local_meta_station58:train_task_support_Epoch 610/2000——############################################################]
[##################################################################——local_meta_station58:train_task_query_Epoch 610/2000——############################################################]
[##################################################################——local_meta_station58:train_task_support_Epoch 611/2000——############################################################]
[##################################################################——local_meta_station58:train_task_query_Epoch 611/2000——############################################################]
[##################################################################——local_meta_station58:train_task_support_Epoch 612/2000——############################################################]
[##################################################################——local_meta_station58:train_task_query_Epoch 612/2000——############################################################]
[##################################################################——local_meta_station58:train_task_support_Epoch 613/2000——############################################################]
[##################################################################——local_meta_station58:train_task_query_Epoch 613/2000——############################################################]
[##################################################################——local_meta_station58:train_task_support_Epoch 614/2000——############################################################]
[##################################################################——local_meta_station58:train_task_query_Epoch 614/2000——############################################################]
[##################################################################——local_meta_station58:train_task_support_Epoch 615/2000——############################################################]
[##################################################################——local_meta_station58:train_task_query_Epoch 615/2000——############################################################]
[##################################################################——local_meta_station58:train_task_support_Epoch 616/2000——############################################################]
[##################################################################——local_meta_station58:train_task_query_Epoch 616/2000——############################################################]
[##################################################################——local_meta_station58:train_task_support_Epoch 617/2000——############################################################]
[##################################################################——local_meta_station58:train_task_query_Epoch 617/2000——############################################################]
[##################################################################——local_meta_station58:train_task_support_Epoch 618/2000——############################################################]
[##################################################################——local_meta_station58:train_task_query_Epoch 618/2000——############################################################]
[##################################################################——local_meta_station58:train_task_support_Epoch 619/2000——############################################################]
[##################################################################——local_meta_station58:train_task_query_Epoch 619/2000——############################################################]
[##################################################################——local_meta_station58:train_task_support_Epoch 620/2000——############################################################]
[##################################################################——local_meta_station58:train_task_query_Epoch 620/2000——############################################################]
[##################################################################——local_meta_station58:train_task_support_Epoch 621/2000——############################################################]
[##################################################################——local_meta_station58:train_task_query_Epoch 621/2000——############################################################]
[##################################################################——local_meta_station58:train_task_support_Epoch 622/2000——############################################################]
[##################################################################——local_meta_station58:train_task_query_Epoch 622/2000——############################################################]
[##################################################################——local_meta_station58:train_task_support_Epoch 623/2000——############################################################]
[##################################################################——local_meta_station58:train_task_query_Epoch 623/2000——############################################################]
[##################################################################——local_meta_station58:train_task_support_Epoch 624/2000——############################################################]
[##################################################################——local_meta_station58:train_task_query_Epoch 624/2000——############################################################]
[##################################################################——local_meta_station58:train_task_support_Epoch 625/2000——############################################################]
[##################################################################——local_meta_station58:train_task_query_Epoch 625/2000——############################################################]
[##################################################################——local_meta_station58:train_task_support_Epoch 626/2000——############################################################]
[##################################################################——local_meta_station58:train_task_query_Epoch 626/2000——############################################################]
[##################################################################——local_meta_station58:train_task_support_Epoch 627/2000——############################################################]
[##################################################################——local_meta_station58:train_task_query_Epoch 627/2000——############################################################]
[##################################################################——local_meta_station58:train_task_support_Epoch 628/2000——############################################################]
[##################################################################——local_meta_station58:train_task_query_Epoch 628/2000——############################################################]
[##################################################################——local_meta_station58:train_task_support_Epoch 629/2000——############################################################]
[##################################################################——local_meta_station58:train_task_query_Epoch 629/2000——############################################################]
[##################################################################——local_meta_station58:train_task_support_Epoch 630/2000——############################################################]
[##################################################################——local_meta_station58:train_task_query_Epoch 630/2000——############################################################]
[##################################################################——local_meta_station58:train_task_support_Epoch 631/2000——############################################################]
[##################################################################——local_meta_station58:train_task_query_Epoch 631/2000——############################################################]
[##################################################################——local_meta_station58:train_task_support_Epoch 632/2000——############################################################]
[##################################################################——local_meta_station58:train_task_query_Epoch 632/2000——############################################################]
[##################################################################——local_meta_station58:train_task_support_Epoch 633/2000——############################################################]
[##################################################################——local_meta_station58:train_task_query_Epoch 633/2000——############################################################]
[##################################################################——local_meta_station58:train_task_support_Epoch 634/2000——############################################################]
[##################################################################——local_meta_station58:train_task_query_Epoch 634/2000——############################################################]
[##################################################################——local_meta_station58:train_task_support_Epoch 635/2000——############################################################]
[##################################################################——local_meta_station58:train_task_query_Epoch 635/2000——############################################################]
[##################################################################——local_meta_station58:train_task_support_Epoch 636/2000——############################################################]
[##################################################################——local_meta_station58:train_task_query_Epoch 636/2000——############################################################]
[##################################################################——local_meta_station58:train_task_support_Epoch 637/2000——############################################################]
[##################################################################——local_meta_station58:train_task_query_Epoch 637/2000——############################################################]
[##################################################################——local_meta_station58:train_task_support_Epoch 638/2000——############################################################]
[##################################################################——local_meta_station58:train_task_query_Epoch 638/2000——############################################################]
[##################################################################——local_meta_station58:train_task_support_Epoch 639/2000——############################################################]
[##################################################################——local_meta_station58:train_task_query_Epoch 639/2000——############################################################]
[##################################################################——local_meta_station58:train_task_support_Epoch 640/2000——############################################################]
[##################################################################——local_meta_station58:train_task_query_Epoch 640/2000——############################################################]
[##################################################################——local_meta_station58:train_task_support_Epoch 641/2000——############################################################]
[##################################################################——local_meta_station58:train_task_query_Epoch 641/2000——############################################################]
[##################################################################——local_meta_station58:train_task_support_Epoch 642/2000——############################################################]
[##################################################################——local_meta_station58:train_task_query_Epoch 642/2000——############################################################]
[##################################################################——local_meta_station58:train_task_support_Epoch 643/2000——############################################################]
[##################################################################——local_meta_station58:train_task_query_Epoch 643/2000——############################################################]
[##################################################################——local_meta_station58:train_task_support_Epoch 644/2000——############################################################]
[##################################################################——local_meta_station58:train_task_query_Epoch 644/2000——############################################################]
[##################################################################——local_meta_station58:train_task_support_Epoch 645/2000——############################################################]
[##################################################################——local_meta_station58:train_task_query_Epoch 645/2000——############################################################]
[##################################################################——local_meta_station58:train_task_support_Epoch 646/2000——############################################################]
[##################################################################——local_meta_station58:train_task_query_Epoch 646/2000——############################################################]
[##################################################################——local_meta_station58:train_task_support_Epoch 647/2000——############################################################]
[##################################################################——local_meta_station58:train_task_query_Epoch 647/2000——############################################################]
[##################################################################——local_meta_station58:train_task_support_Epoch 648/2000——############################################################]
[##################################################################——local_meta_station58:train_task_query_Epoch 648/2000——############################################################]
[##################################################################——local_meta_station58:train_task_support_Epoch 649/2000——############################################################]
[##################################################################——local_meta_station58:train_task_query_Epoch 649/2000——############################################################]
[##################################################################——local_meta_station58:train_task_support_Epoch 650/2000——############################################################]
[##################################################################——local_meta_station58:train_task_query_Epoch 650/2000——############################################################]
[##################################################################——local_meta_station58:train_task_support_Epoch 651/2000——############################################################]
[##################################################################——local_meta_station58:train_task_query_Epoch 651/2000——############################################################]
[##################################################################——local_meta_station58:train_task_support_Epoch 652/2000——############################################################]
[##################################################################——local_meta_station58:train_task_query_Epoch 652/2000——############################################################]
[##################################################################——local_meta_station58:train_task_support_Epoch 653/2000——############################################################]
[##################################################################——local_meta_station58:train_task_query_Epoch 653/2000——############################################################]
[##################################################################——local_meta_station58:train_task_support_Epoch 654/2000——############################################################]
[##################################################################——local_meta_station58:train_task_query_Epoch 654/2000——############################################################]
[##################################################################——local_meta_station58:train_task_support_Epoch 655/2000——############################################################]
[##################################################################——local_meta_station58:train_task_query_Epoch 655/2000——############################################################]
[##################################################################——local_meta_station58:train_task_support_Epoch 656/2000——############################################################]
[##################################################################——local_meta_station58:train_task_query_Epoch 656/2000——############################################################]
[##################################################################——local_meta_station58:train_task_support_Epoch 657/2000——############################################################]
[##################################################################——local_meta_station58:train_task_query_Epoch 657/2000——############################################################]
[##################################################################——local_meta_station58:train_task_support_Epoch 658/2000——############################################################]
[##################################################################——local_meta_station58:train_task_query_Epoch 658/2000——############################################################]
[##################################################################——local_meta_station58:train_task_support_Epoch 659/2000——############################################################]
[##################################################################——local_meta_station58:train_task_query_Epoch 659/2000——############################################################]
[##################################################################——local_meta_station58:train_task_support_Epoch 660/2000——############################################################]
[##################################################################——local_meta_station58:train_task_query_Epoch 660/2000——############################################################]
[##################################################################——local_meta_station58:train_task_support_Epoch 661/2000——############################################################]
[##################################################################——local_meta_station58:train_task_query_Epoch 661/2000——############################################################]
[##################################################################——local_meta_station58:train_task_support_Epoch 662/2000——############################################################]
[##################################################################——local_meta_station58:train_task_query_Epoch 662/2000——############################################################]
[##################################################################——local_meta_station58:train_task_support_Epoch 663/2000——############################################################]
[##################################################################——local_meta_station58:train_task_query_Epoch 663/2000——############################################################]
[##################################################################——local_meta_station58:train_task_support_Epoch 664/2000——############################################################]
[##################################################################——local_meta_station58:train_task_query_Epoch 664/2000——############################################################]
[##################################################################——local_meta_station58:train_task_support_Epoch 665/2000——############################################################]
[##################################################################——local_meta_station58:train_task_query_Epoch 665/2000——############################################################]
[##################################################################——local_meta_station58:train_task_support_Epoch 666/2000——############################################################]
[##################################################################——local_meta_station58:train_task_query_Epoch 666/2000——############################################################]
[##################################################################——local_meta_station58:train_task_support_Epoch 667/2000——############################################################]
[##################################################################——local_meta_station58:train_task_query_Epoch 667/2000——############################################################]
[##################################################################——local_meta_station58:train_task_support_Epoch 668/2000——############################################################]
[##################################################################——local_meta_station58:train_task_query_Epoch 668/2000——############################################################]
[##################################################################——local_meta_station58:train_task_support_Epoch 669/2000——############################################################]
[##################################################################——local_meta_station58:train_task_query_Epoch 669/2000——############################################################]
[##################################################################——local_meta_station58:train_task_support_Epoch 670/2000——############################################################]
[##################################################################——local_meta_station58:train_task_query_Epoch 670/2000——############################################################]
[##################################################################——local_meta_station58:train_task_support_Epoch 671/2000——############################################################]
[##################################################################——local_meta_station58:train_task_query_Epoch 671/2000——############################################################]
[##################################################################——local_meta_station58:train_task_support_Epoch 672/2000——############################################################]
[##################################################################——local_meta_station58:train_task_query_Epoch 672/2000——############################################################]
[##################################################################——local_meta_station58:train_task_support_Epoch 673/2000——############################################################]
[##################################################################——local_meta_station58:train_task_query_Epoch 673/2000——############################################################]
[##################################################################——local_meta_station58:train_task_support_Epoch 674/2000——############################################################]
[##################################################################——local_meta_station58:train_task_query_Epoch 674/2000——############################################################]
[##################################################################——local_meta_station58:train_task_support_Epoch 675/2000——############################################################]
[##################################################################——local_meta_station58:train_task_query_Epoch 675/2000——############################################################]
[##################################################################——local_meta_station58:train_task_support_Epoch 676/2000——############################################################]
[##################################################################——local_meta_station58:train_task_query_Epoch 676/2000——############################################################]
[##################################################################——local_meta_station58:train_task_support_Epoch 677/2000——############################################################]
[##################################################################——local_meta_station58:train_task_query_Epoch 677/2000——############################################################]
[##################################################################——local_meta_station58:train_task_support_Epoch 678/2000——############################################################]
[##################################################################——local_meta_station58:train_task_query_Epoch 678/2000——############################################################]
[##################################################################——local_meta_station58:train_task_support_Epoch 679/2000——############################################################]
[##################################################################——local_meta_station58:train_task_query_Epoch 679/2000——############################################################]
[##################################################################——local_meta_station58:train_task_support_Epoch 680/2000——############################################################]
[##################################################################——local_meta_station58:train_task_query_Epoch 680/2000——############################################################]
[##################################################################——local_meta_station58:train_task_support_Epoch 681/2000——############################################################]
[##################################################################——local_meta_station58:train_task_query_Epoch 681/2000——############################################################]
[##################################################################——local_meta_station58:train_task_support_Epoch 682/2000——############################################################]
[##################################################################——local_meta_station58:train_task_query_Epoch 682/2000——############################################################]
[##################################################################——local_meta_station58:train_task_support_Epoch 683/2000——############################################################]
[##################################################################——local_meta_station58:train_task_query_Epoch 683/2000——############################################################]
[##################################################################——local_meta_station58:train_task_support_Epoch 684/2000——############################################################]
[##################################################################——local_meta_station58:train_task_query_Epoch 684/2000——############################################################]
[##################################################################——local_meta_station58:train_task_support_Epoch 685/2000——############################################################]
[##################################################################——local_meta_station58:train_task_query_Epoch 685/2000——############################################################]
[##################################################################——local_meta_station58:train_task_support_Epoch 686/2000——############################################################]
[##################################################################——local_meta_station58:train_task_query_Epoch 686/2000——############################################################]
[##################################################################——local_meta_station58:train_task_support_Epoch 687/2000——############################################################]
[##################################################################——local_meta_station58:train_task_query_Epoch 687/2000——############################################################]
[##################################################################——local_meta_station58:train_task_support_Epoch 688/2000——############################################################]
[##################################################################——local_meta_station58:train_task_query_Epoch 688/2000——############################################################]
[##################################################################——local_meta_station58:train_task_support_Epoch 689/2000——############################################################]
[##################################################################——local_meta_station58:train_task_query_Epoch 689/2000——############################################################]
[##################################################################——local_meta_station58:train_task_support_Epoch 690/2000——############################################################]
[##################################################################——local_meta_station58:train_task_query_Epoch 690/2000——############################################################]
[##################################################################——local_meta_station58:train_task_support_Epoch 691/2000——############################################################]
[##################################################################——local_meta_station58:train_task_query_Epoch 691/2000——############################################################]
[##################################################################——local_meta_station58:train_task_support_Epoch 692/2000——############################################################]
[##################################################################——local_meta_station58:train_task_query_Epoch 692/2000——############################################################]
[##################################################################——local_meta_station58:train_task_support_Epoch 693/2000——############################################################]
[##################################################################——local_meta_station58:train_task_query_Epoch 693/2000——############################################################]
[##################################################################——local_meta_station58:train_task_support_Epoch 694/2000——############################################################]
[##################################################################——local_meta_station58:train_task_query_Epoch 694/2000——############################################################]
[##################################################################——local_meta_station58:train_task_support_Epoch 695/2000——############################################################]
[##################################################################——local_meta_station58:train_task_query_Epoch 695/2000——############################################################]
[##################################################################——local_meta_station58:train_task_support_Epoch 696/2000——############################################################]
[##################################################################——local_meta_station58:train_task_query_Epoch 696/2000——############################################################]
[##################################################################——local_meta_station58:train_task_support_Epoch 697/2000——############################################################]
[##################################################################——local_meta_station58:train_task_query_Epoch 697/2000——############################################################]
[##################################################################——local_meta_station58:train_task_support_Epoch 698/2000——############################################################]
[##################################################################——local_meta_station58:train_task_query_Epoch 698/2000——############################################################]
[##################################################################——local_meta_station58:train_task_support_Epoch 699/2000——############################################################]
[##################################################################——local_meta_station58:train_task_query_Epoch 699/2000——############################################################]
[##################################################################——local_meta_station58:train_task_support_Epoch 700/2000——############################################################]
[##################################################################——local_meta_station58:train_task_query_Epoch 700/2000——############################################################]
[##################################################################——local_meta_station58:train_task_support_Epoch 701/2000——############################################################]
[##################################################################——local_meta_station58:train_task_query_Epoch 701/2000——############################################################]
[##################################################################——local_meta_station58:train_task_support_Epoch 702/2000——############################################################]
[##################################################################——local_meta_station58:train_task_query_Epoch 702/2000——############################################################]
[##################################################################——local_meta_station58:train_task_support_Epoch 703/2000——############################################################]
[##################################################################——local_meta_station58:train_task_query_Epoch 703/2000——############################################################]
[##################################################################——local_meta_station58:train_task_support_Epoch 704/2000——############################################################]
[##################################################################——local_meta_station58:train_task_query_Epoch 704/2000——############################################################]
[##################################################################——local_meta_station58:train_task_support_Epoch 705/2000——############################################################]
[##################################################################——local_meta_station58:train_task_query_Epoch 705/2000——############################################################]
[##################################################################——local_meta_station58:train_task_support_Epoch 706/2000——############################################################]
[##################################################################——local_meta_station58:train_task_query_Epoch 706/2000——############################################################]
[##################################################################——local_meta_station58:train_task_support_Epoch 707/2000——############################################################]
[##################################################################——local_meta_station58:train_task_query_Epoch 707/2000——############################################################]
[##################################################################——local_meta_station58:train_task_support_Epoch 708/2000——############################################################]
[##################################################################——local_meta_station58:train_task_query_Epoch 708/2000——############################################################]
[##################################################################——local_meta_station58:train_task_support_Epoch 709/2000——############################################################]
[##################################################################——local_meta_station58:train_task_query_Epoch 709/2000——############################################################]
[##################################################################——local_meta_station58:train_task_support_Epoch 710/2000——############################################################]
[##################################################################——local_meta_station58:train_task_query_Epoch 710/2000——############################################################]
