stage,curve,epoch,loss_mean,loss_std,series_count
Baseline Meta,Local meta query MSE,1,0.1702357865869999,0.02374829957081589,4
Baseline Meta,Local meta query MSE,2,0.1498936042189598,0.01423344883695171,4
Baseline Meta,Local meta query MSE,3,0.15281390398740768,0.02891042734351556,4
Baseline Meta,Local meta query MSE,4,0.13884646818041801,0.034837890418949205,4
Baseline Meta,Local meta query MSE,5,0.1341683678328991,0.02670215066054886,4
Baseline Meta,Local meta query MSE,6,0.13451943174004555,0.01278400218605883,4
Baseline Meta,Local meta query MSE,7,0.15013762935996056,0.030852321784246316,4
Baseline Meta,Local meta query MSE,8,0.15085864812135696,0.005587066873710502,4
Baseline Meta,Local meta query MSE,9,0.14201650395989418,0.016374848792078872,4
Baseline Meta,Local meta query MSE,10,0.1564956270158291,0.03890593560050686,4
Baseline Meta,Local meta query MSE,11,0.1412201225757599,0.04148482972518905,4
Baseline Meta,Local meta query MSE,12,0.15292518958449364,0.024167853931919656,4
Baseline Meta,Local meta query MSE,13,0.15016089752316475,0.022902932315054598,4
Baseline Meta,Local meta query MSE,14,0.1534895822405815,0.03121564757138997,4
Baseline Meta,Local meta query MSE,15,0.1400899924337864,0.01772925400836997,4
Baseline Meta,Local meta query MSE,16,0.14713246375322342,0.04010855200755309,4
Baseline Meta,Local meta query MSE,17,0.16358716413378716,0.03034329017615743,4
Baseline Meta,Local meta query MSE,18,0.14409613236784935,0.027552439851379115,4
Baseline Meta,Local meta query MSE,19,0.14982789382338524,0.01981482926159818,4
Baseline Meta,Local meta query MSE,20,0.14806892536580563,0.04050126318189297,4
Baseline Meta,Local meta query MSE,21,0.15573928877711296,0.014914958467465576,4
Baseline Meta,Local meta query MSE,22,0.1583104394376278,0.027627945356501708,4
Baseline Meta,Local meta query MSE,23,0.142697524279356,0.015477999371022818,4
Baseline Meta,Local meta query MSE,24,0.1737004704773426,0.0450936051790409,4
Baseline Meta,Local meta query MSE,25,0.15932730957865715,0.009752016714900414,4
Baseline Meta,Local meta query MSE,26,0.1334366872906685,0.020709779331925214,4
Baseline Meta,Local meta query MSE,27,0.16903565265238285,0.04779728266867014,4
Baseline Meta,Local meta query MSE,28,0.1622539982199669,0.032353402090405756,4
Baseline Meta,Local meta query MSE,29,0.15127817541360855,0.025228291353067724,4
Baseline Meta,Local meta query MSE,30,0.13493415713310242,0.025728727360555197,4
Baseline Meta,Local meta query MSE,31,0.12621339038014412,0.010395586866112541,4
Baseline Meta,Local meta query MSE,32,0.14073286391794682,0.02769604465795273,4
Baseline Meta,Local meta query MSE,33,0.12580702640116215,0.014736403472110896,4
Baseline Meta,Local meta query MSE,34,0.16917075216770172,0.0318845958040679,4
Baseline Meta,Local meta query MSE,35,0.14643391408026218,0.03393424275810508,4
Baseline Meta,Local meta query MSE,36,0.13133863732218742,0.03438538798912761,4
Baseline Meta,Local meta query MSE,37,0.1612854078412056,0.029199567654032223,4
Baseline Meta,Local meta query MSE,38,0.13390981405973434,0.018789579840774333,4
Baseline Meta,Local meta query MSE,39,0.13683368638157845,0.051779627467545115,4
Baseline Meta,Local meta query MSE,40,0.16104912385344505,0.04333101957549265,4
Baseline Meta,Local meta query MSE,41,0.162618488073349,0.04090467596217344,4
Baseline Meta,Local meta query MSE,42,0.1490868665277958,0.03594174627322457,4
Baseline Meta,Local meta query MSE,43,0.15452878549695015,0.017243052452156522,4
Baseline Meta,Local meta query MSE,44,0.13807197287678719,0.013098425300842317,4
Baseline Meta,Local meta query MSE,45,0.14830408245325089,0.022511468296598967,4
Baseline Meta,Local meta query MSE,46,0.14033203199505806,0.023352723557176134,4
Baseline Meta,Local meta query MSE,47,0.15794755145907402,0.031973243238405995,4
Baseline Meta,Local meta query MSE,48,0.14690712466835976,0.02284119540007077,4
Baseline Meta,Local meta query MSE,49,0.15245229750871658,0.03521048531820156,4
Baseline Meta,Local meta query MSE,50,0.15528438240289688,0.018074436893721717,4
Baseline Meta,Local meta query MSE,51,0.16177987679839134,0.01918284050763334,4
Baseline Meta,Local meta query MSE,52,0.16689809411764145,0.03303057137703044,4
Baseline Meta,Local meta query MSE,53,0.1428401656448841,0.021156170858285573,4
Baseline Meta,Local meta query MSE,54,0.1289919763803482,0.018322718352207577,4
Baseline Meta,Local meta query MSE,55,0.1423744075000286,0.0076106008621358604,4
Baseline Meta,Local meta query MSE,56,0.13262281194329262,0.031155553676198242,4
Baseline Meta,Local meta query MSE,57,0.16210712119936943,0.02616327778607916,4
Baseline Meta,Local meta query MSE,58,0.1593817863613367,0.031362248721607616,4
Baseline Meta,Local meta query MSE,59,0.15661390125751495,0.027694738678175738,4
Baseline Meta,Local meta query MSE,60,0.14072702825069427,0.023490275360892654,4
Baseline Meta,Local meta query MSE,61,0.1352040097117424,0.05250645841503071,4
Baseline Meta,Local meta query MSE,62,0.13196728751063347,0.01859085138783092,4
Baseline Meta,Local meta query MSE,63,0.12410898506641388,0.03980402203647544,4
Baseline Meta,Local meta query MSE,64,0.15148244053125381,0.0342273924606974,4
Baseline Meta,Local meta query MSE,65,0.15313397534191608,0.04016933502246716,4
Baseline Meta,Local meta query MSE,66,0.15602290630340576,0.023322425160000375,4
Baseline Meta,Local meta query MSE,67,0.15702581219375134,0.032546448178468954,4
Baseline Meta,Local meta query MSE,68,0.14182303473353386,0.02207128829427527,4
Baseline Meta,Local meta query MSE,69,0.14234018698334694,0.013484701551419054,4
Baseline Meta,Local meta query MSE,70,0.1591116599738598,0.010725313597490809,4
Baseline Meta,Local meta query MSE,71,0.15819861739873886,0.0505046159175094,4
Baseline Meta,Local meta query MSE,72,0.135363657027483,0.04907350084092506,4
Baseline Meta,Local meta query MSE,73,0.1396019645035267,0.022862820471165033,4
Baseline Meta,Local meta query MSE,74,0.15170979127287865,0.02028451690345073,4
Baseline Meta,Local meta query MSE,75,0.15754305198788643,0.04635562524244678,4
Baseline Meta,Local meta query MSE,76,0.14253073185682297,0.05090824698129609,4
Baseline Meta,Local meta query MSE,77,0.1363871656358242,0.019049355952565867,4
Baseline Meta,Local meta query MSE,78,0.14685504138469696,0.012525238517864643,4
Baseline Meta,Local meta query MSE,79,0.1405012086033821,0.037748273904247856,4
Baseline Meta,Local meta query MSE,80,0.15712088719010353,0.03557696271428755,4
Baseline Meta,Local meta query MSE,81,0.14576063863933086,0.045056820276286116,4
Baseline Meta,Local meta query MSE,82,0.1528461817651987,0.042666072012400746,4
Baseline Meta,Local meta query MSE,83,0.13641776330769062,0.02205707614969237,4
Baseline Meta,Local meta query MSE,84,0.1373605877161026,0.02347926849810391,4
Baseline Meta,Local meta query MSE,85,0.15146170929074287,0.03561428898623315,4
Baseline Meta,Local meta query MSE,86,0.15400338917970657,0.04178060932898847,4
Baseline Meta,Local meta query MSE,87,0.1370981428772211,0.011511882527954657,4
Baseline Meta,Local meta query MSE,88,0.1451668180525303,0.038551769072987255,4
Baseline Meta,Local meta query MSE,89,0.13941975496709347,0.02973698015769436,4
Baseline Meta,Local meta query MSE,90,0.14490756019949913,0.028934825728465053,4
Baseline Meta,Local meta query MSE,91,0.1207760889083147,0.024556922320208095,4
Baseline Meta,Local meta query MSE,92,0.13418476097285748,0.016735674766424492,4
Baseline Meta,Local meta query MSE,93,0.13421003706753254,0.03765878082649957,4
Baseline Meta,Local meta query MSE,94,0.1420829091221094,0.014720874284935601,4
Baseline Meta,Local meta query MSE,95,0.16636723279953003,0.011339013103827116,4
Baseline Meta,Local meta query MSE,96,0.15297405049204826,0.05306187928165113,4
Baseline Meta,Local meta query MSE,97,0.15512891300022602,0.024101039861093555,4
Baseline Meta,Local meta query MSE,98,0.14922510646283627,0.04667951166253504,4
Baseline Meta,Local meta query MSE,99,0.14728333055973053,0.02096165594894967,4
Baseline Meta,Local meta query MSE,100,0.14043287187814713,0.02250031334879295,4
Baseline Meta,Local meta query MSE,101,0.1588023081421852,0.023158431600424547,4
Baseline Meta,Local meta query MSE,102,0.14191482216119766,0.00804160444272163,4
Baseline Meta,Local meta query MSE,103,0.16963021643459797,0.03539594631443425,4
Baseline Meta,Local meta query MSE,104,0.15220907330513,0.03436934409151229,4
Baseline Meta,Local meta query MSE,105,0.1554475948214531,0.03645367362854545,4
Baseline Meta,Local meta query MSE,106,0.13723283261060715,0.024500097460774514,4
Baseline Meta,Local meta query MSE,107,0.1340205203741789,0.013929711997635211,4
Baseline Meta,Local meta query MSE,108,0.13895272463560104,0.02247652414384883,4
Baseline Meta,Local meta query MSE,109,0.15142958611249924,0.02379113338346595,4
Baseline Meta,Local meta query MSE,110,0.15190952271223068,0.02398138063778478,4
Baseline Meta,Local meta query MSE,111,0.16085521131753922,0.028833126389272757,4
Baseline Meta,Local meta query MSE,112,0.1749526895582676,0.02793978744143468,4
Baseline Meta,Local meta query MSE,113,0.13583466783165932,0.03807902073099718,4
Baseline Meta,Local meta query MSE,114,0.16896838694810867,0.03423295652431314,4
Baseline Meta,Local meta query MSE,115,0.15597757697105408,0.014076576098104804,4
Baseline Meta,Local meta query MSE,116,0.1455816514790058,0.019427536634485838,4
Baseline Meta,Local meta query MSE,117,0.14681896194815636,0.02758736755147346,4
Baseline Meta,Local meta query MSE,118,0.16798192635178566,0.009082896261153942,4
Baseline Meta,Local meta query MSE,119,0.12224312871694565,0.04088128711698718,4
Baseline Meta,Local meta query MSE,120,0.16138452291488647,0.023979059694811646,4
Baseline Meta,Local meta query MSE,121,0.14770479127764702,0.025415475997846056,4
Baseline Meta,Local meta query MSE,122,0.1634575054049492,0.04661956237076054,4
Baseline Meta,Local meta query MSE,123,0.15771055221557617,0.032915585864808035,4
Baseline Meta,Local meta query MSE,124,0.14749119617044926,0.02658189929274857,4
Baseline Meta,Local meta query MSE,125,0.15929249301552773,0.02140410043355519,4
Baseline Meta,Local meta query MSE,126,0.14924689382314682,0.014940312384069987,4
Baseline Meta,Local meta query MSE,127,0.143261531367898,0.02188444792635432,4
Baseline Meta,Local meta query MSE,128,0.1545908898115158,0.037207764185705185,4
Baseline Meta,Local meta query MSE,129,0.16056981310248375,0.019743890947962466,4
Baseline Meta,Local meta query MSE,130,0.1595697645097971,0.037640211895312685,4
Baseline Meta,Local meta query MSE,131,0.14520042575895786,0.03228675483361361,4
Baseline Meta,Local meta query MSE,132,0.14694831892848015,0.04507395674222267,4
Baseline Meta,Local meta query MSE,133,0.1296432465314865,0.036310352175644545,4
Baseline Meta,Local meta query MSE,134,0.1530725359916687,0.03601537819633491,4
Baseline Meta,Local meta query MSE,135,0.15102846175432205,0.03524122585307656,4
Baseline Meta,Local meta query MSE,136,0.1352894138544798,0.020787205382042855,4
Baseline Meta,Local meta query MSE,137,0.13829762116074562,0.019552550350213162,4
Baseline Meta,Local meta query MSE,138,0.14238491654396057,0.019378075293370385,4
Baseline Meta,Local meta query MSE,139,0.14696229249238968,0.030398886802890168,4
Baseline Meta,Local meta query MSE,140,0.14517716318368912,0.01313383701686287,4
Baseline Meta,Local meta query MSE,141,0.14077163487672806,0.026937046444513633,4
Baseline Meta,Local meta query MSE,142,0.1512502357363701,0.025152423711050184,4
Baseline Meta,Local meta query MSE,143,0.14970720559358597,0.020793283554657673,4
Baseline Meta,Local meta query MSE,144,0.15445080026984215,0.01731833890265196,4
Baseline Meta,Local meta query MSE,145,0.1608666591346264,0.030150999596107224,4
Baseline Meta,Local meta query MSE,146,0.14518855512142181,0.016975147311129816,4
Baseline Meta,Local meta query MSE,147,0.14122466184198856,0.033679873558400686,4
Baseline Meta,Local meta query MSE,148,0.16352983564138412,0.05687529570419466,4
Baseline Meta,Local meta query MSE,149,0.15662414953112602,0.029336399904222082,4
Baseline Meta,Local meta query MSE,150,0.13281725347042084,0.042448555827238256,4
Baseline Meta,Local meta query MSE,151,0.13902147486805916,0.04116386909014878,4
Baseline Meta,Local meta query MSE,152,0.13055346347391605,0.023885872522085457,4
Baseline Meta,Local meta query MSE,153,0.16378866881132126,0.00947259519970997,4
Baseline Meta,Local meta query MSE,154,0.159420408308506,0.031591660022045394,4
Baseline Meta,Local meta query MSE,155,0.16751277446746826,0.022418564261326625,4
Baseline Meta,Local meta query MSE,156,0.15770448744297028,0.037873631941674236,4
Baseline Meta,Local meta query MSE,157,0.13208951242268085,0.025789594602865156,4
Baseline Meta,Local meta query MSE,158,0.13692188635468483,0.04453929632627856,4
Baseline Meta,Local meta query MSE,159,0.15095361694693565,0.05651289623395741,4
Baseline Meta,Local meta query MSE,160,0.17570603266358376,0.02076549955310437,4
Baseline Meta,Local meta query MSE,161,0.12891479767858982,0.03170185788712589,4
Baseline Meta,Local meta query MSE,162,0.1561186946928501,0.01782025843993888,4
Baseline Meta,Local meta query MSE,163,0.18693417683243752,0.023263762369343837,4
Baseline Meta,Local meta query MSE,164,0.14342186972498894,0.023351849353808813,4
Baseline Meta,Local meta query MSE,165,0.14710700884461403,0.02564268381883811,4
Baseline Meta,Local meta query MSE,166,0.16722065955400467,0.021667305471289852,4
Baseline Meta,Local meta query MSE,167,0.15072976052761078,0.04116544965380131,4
Baseline Meta,Local meta query MSE,168,0.1513177789747715,0.016763317329830284,4
Baseline Meta,Local meta query MSE,169,0.15044853650033474,0.05161317707892688,4
Baseline Meta,Local meta query MSE,170,0.13444528728723526,0.035150235976408914,4
Baseline Meta,Local meta query MSE,171,0.14111947268247604,0.03183481579437869,4
Baseline Meta,Local meta query MSE,172,0.1605551838874817,0.03282625654507863,4
Baseline Meta,Local meta query MSE,173,0.12433264963328838,0.023342928835413022,4
Baseline Meta,Local meta query MSE,174,0.1325083002448082,0.01907402432228451,4
Baseline Meta,Local meta query MSE,175,0.1374648455530405,0.026640984910929918,4
Baseline Meta,Local meta query MSE,176,0.1363065056502819,0.023563798772896567,4
Baseline Meta,Local meta query MSE,177,0.15933533385396004,0.038074329058929705,4
Baseline Meta,Local meta query MSE,178,0.14818580076098442,0.039316036070762915,4
Baseline Meta,Local meta query MSE,179,0.14883772283792496,0.05236200200188934,4
Baseline Meta,Local meta query MSE,180,0.13062409684062004,0.01568184947747997,4
Baseline Meta,Local meta query MSE,181,0.14387060329318047,0.014308227830849974,4
Baseline Meta,Local meta query MSE,182,0.13284465111792088,0.014554584491001117,4
Baseline Meta,Local meta query MSE,183,0.1449283119291067,0.03560781198451534,4
Baseline Meta,Local meta query MSE,184,0.13760711438953876,0.04122256044722172,4
Baseline Meta,Local meta query MSE,185,0.144801277667284,0.03290822514929889,4
Baseline Meta,Local meta query MSE,186,0.15198783576488495,0.016327909768663256,4
Baseline Meta,Local meta query MSE,187,0.17273389175534248,0.022483992586516982,4
Baseline Meta,Local meta query MSE,188,0.1291217915713787,0.022063501669272605,4
Baseline Meta,Local meta query MSE,189,0.15396473743021488,0.03523561759326223,4
Baseline Meta,Local meta query MSE,190,0.14514696598052979,0.035333336639639876,4
Baseline Meta,Local meta query MSE,191,0.1340787522494793,0.05284822899108709,4
Baseline Meta,Local meta query MSE,192,0.14678112417459488,0.02174042280217412,4
Baseline Meta,Local meta query MSE,193,0.1424238495528698,0.034566155763817864,4
Baseline Meta,Local meta query MSE,194,0.12843125127255917,0.026750307663658338,4
Baseline Meta,Local meta query MSE,195,0.14879244193434715,0.043377251678718975,4
Baseline Meta,Local meta query MSE,196,0.15921680629253387,0.05655540842049073,4
Baseline Meta,Local meta query MSE,197,0.12304583191871643,0.017675761525968173,4
Baseline Meta,Local meta query MSE,198,0.13427025265991688,0.02732247476893225,4
Baseline Meta,Local meta query MSE,199,0.16173722967505455,0.016162579471161783,4
Baseline Meta,Local meta query MSE,200,0.16135528683662415,0.03207722839231895,4
Baseline Meta,Local meta query MSE,201,0.1248544491827488,0.04585638839121156,4
Baseline Meta,Local meta query MSE,202,0.1706615462899208,0.025644638664816168,4
Baseline Meta,Local meta query MSE,203,0.12417590245604515,0.02115928493221004,4
Baseline Meta,Local meta query MSE,204,0.15401526913046837,0.02165794727170733,4
Baseline Meta,Local meta query MSE,205,0.12420259416103363,0.03824087053084105,4
Baseline Meta,Local meta query MSE,206,0.13868650048971176,0.015328111905738606,4
Baseline Meta,Local meta query MSE,207,0.1410822570323944,0.04278610606402085,4
Baseline Meta,Local meta query MSE,208,0.1440061256289482,0.0325668429593921,4
Baseline Meta,Local meta query MSE,209,0.16056491807103157,0.03589869718840007,4
Baseline Meta,Local meta query MSE,210,0.15678898990154266,0.042331553404032454,4
Baseline Meta,Local meta query MSE,211,0.1657087691128254,0.03531477899545397,4
Baseline Meta,Local meta query MSE,212,0.12619568780064583,0.020655860698194476,4
Baseline Meta,Local meta query MSE,213,0.1305449977517128,0.012884377656550915,4
Baseline Meta,Local meta query MSE,214,0.14608598873019218,0.025849168076138903,4
Baseline Meta,Local meta query MSE,215,0.14683232456445694,0.01846951819929348,4
Baseline Meta,Local meta query MSE,216,0.14864837191998959,0.03795441853166994,4
Baseline Meta,Local meta query MSE,217,0.16347215324640274,0.023259694350788986,4
Baseline Meta,Local meta query MSE,218,0.17418473586440086,0.05080684263520486,4
Baseline Meta,Local meta query MSE,219,0.1640475746244192,0.03395127330562134,4
Baseline Meta,Local meta query MSE,220,0.1571994423866272,0.03413138465052218,4
Baseline Meta,Local meta query MSE,221,0.14057948254048824,0.03182118299072699,4
Baseline Meta,Local meta query MSE,222,0.15383613854646683,0.026847355151120324,4
Baseline Meta,Local meta query MSE,223,0.1253555715084076,0.03400994950616778,4
Baseline Meta,Local meta query MSE,224,0.14406165853142738,0.02246399257136834,4
Baseline Meta,Local meta query MSE,225,0.13308413326740265,0.024826890131293286,4
Baseline Meta,Local meta query MSE,226,0.1531648375093937,0.01094487543143597,4
Baseline Meta,Local meta query MSE,227,0.13857116363942623,0.048862050422419555,4
Baseline Meta,Local meta query MSE,228,0.15572760812938213,0.05482065828330884,4
Baseline Meta,Local meta query MSE,229,0.16751762479543686,0.06205013628932476,4
Baseline Meta,Local meta query MSE,230,0.1389284562319517,0.041082607675541144,4
Baseline Meta,Local meta query MSE,231,0.144702959805727,0.03333445775078714,4
Baseline Meta,Local meta query MSE,232,0.14909668266773224,0.03914083794121657,4
Baseline Meta,Local meta query MSE,233,0.13466032221913338,0.014550749527156131,4
Baseline Meta,Local meta query MSE,234,0.1610218994319439,0.03435524311435321,4
Baseline Meta,Local meta query MSE,235,0.14409908279776573,0.013231080224167668,4
Baseline Meta,Local meta query MSE,236,0.1659759320318699,0.023614375196857648,4
Baseline Meta,Local meta query MSE,237,0.14926643669605255,0.03768446186520949,4
Baseline Meta,Local meta query MSE,238,0.1505945883691311,0.04676640659074804,4
Baseline Meta,Local meta query MSE,239,0.13251378759741783,0.04041549660380401,4
Baseline Meta,Local meta query MSE,240,0.15371587127447128,0.039045411680175356,4
Baseline Meta,Local meta query MSE,241,0.1470318753272295,0.0421364527027501,4
Baseline Meta,Local meta query MSE,242,0.14215325377881527,0.017693533480380767,4
Baseline Meta,Local meta query MSE,243,0.16540846973657608,0.025535923285005736,4
Baseline Meta,Local meta query MSE,244,0.14100119099020958,0.005375194147058356,4
Baseline Meta,Local meta query MSE,245,0.15069637820124626,0.0308013534383973,4
Baseline Meta,Local meta query MSE,246,0.15942808985710144,0.023495832759957425,4
Baseline Meta,Local meta query MSE,247,0.1507653146982193,0.039571912685988295,4
Baseline Meta,Local meta query MSE,248,0.15894782915711403,0.01986254912405806,4
Baseline Meta,Local meta query MSE,249,0.15420018881559372,0.029432368434117628,4
Baseline Meta,Local meta query MSE,250,0.15744787454605103,0.032599410194001345,4
Baseline Meta,Local meta query MSE,251,0.15225034952163696,0.016605885307992493,4
Baseline Meta,Local meta query MSE,252,0.1534120123833418,0.04830008065220697,4
Baseline Meta,Local meta query MSE,253,0.1334188375622034,0.014897050207163713,4
Baseline Meta,Local meta query MSE,254,0.14590105041861534,0.02263165940387031,4
Baseline Meta,Local meta query MSE,255,0.1652987189590931,0.04983897194454051,4
Baseline Meta,Local meta query MSE,256,0.13967694342136383,0.026365285865175083,4
Baseline Meta,Local meta query MSE,257,0.13002615235745907,0.029873659416630328,4
Baseline Meta,Local meta query MSE,258,0.12977604568004608,0.022621184641435987,4
Baseline Meta,Local meta query MSE,259,0.15805190615355968,0.029728662185772196,4
Baseline Meta,Local meta query MSE,260,0.15778525173664093,0.023428732886684383,4
Baseline Meta,Local meta query MSE,261,0.14641977474093437,0.03159074077071394,4
Baseline Meta,Local meta query MSE,262,0.14249149896204472,0.02499519294975782,4
Baseline Meta,Local meta query MSE,263,0.15873107314109802,0.040275645325004744,4
Baseline Meta,Local meta query MSE,264,0.13936067558825016,0.034623594133800444,4
Baseline Meta,Local meta query MSE,265,0.14956041239202023,0.045992287245733496,4
Baseline Meta,Local meta query MSE,266,0.1305261980742216,0.04837154936995205,4
Baseline Meta,Local meta query MSE,267,0.13998603448271751,0.026543435439758026,4
Baseline Meta,Local meta query MSE,268,0.16995329037308693,0.03229469074153565,4
Baseline Meta,Local meta query MSE,269,0.1484878472983837,0.02061321360104134,4
Baseline Meta,Local meta query MSE,270,0.14835063368082047,0.02630856899867202,4
Baseline Meta,Local meta query MSE,271,0.15654883533716202,0.03370896228293079,4
Baseline Meta,Local meta query MSE,272,0.1401735283434391,0.03756345029370153,4
Baseline Meta,Local meta query MSE,273,0.16442598029971123,0.023424154783046,4
Baseline Meta,Local meta query MSE,274,0.13680881820619106,0.01332203052777724,4
Baseline Meta,Local meta query MSE,275,0.15108322724699974,0.024173450275889637,4
Baseline Meta,Local meta query MSE,276,0.12426586449146271,0.020474598980775395,4
Baseline Meta,Local meta query MSE,277,0.15676401183009148,0.02072081042063382,4
Baseline Meta,Local meta query MSE,278,0.16891753301024437,0.03006843665996281,4
Baseline Meta,Local meta query MSE,279,0.1467218417674303,0.04511884247654359,4
Baseline Meta,Local meta query MSE,280,0.15839659050107002,0.024670633809916916,4
Baseline Meta,Local meta query MSE,281,0.14443773962557316,0.01692926255816464,4
Baseline Meta,Local meta query MSE,282,0.15453112870454788,0.029639887305343025,4
Baseline Meta,Local meta query MSE,283,0.12786407954990864,0.02001598585874837,4
Baseline Meta,Local meta query MSE,284,0.14969107881188393,0.026117758896427225,4
Baseline Meta,Local meta query MSE,285,0.1500675231218338,0.02865751716880994,4
Baseline Meta,Local meta query MSE,286,0.1553037464618683,0.014977895781248456,4
Baseline Meta,Local meta query MSE,287,0.12004674971103668,0.01629282649550303,4
Baseline Meta,Local meta query MSE,288,0.14592529833316803,0.03337877631681825,4
Baseline Meta,Local meta query MSE,289,0.1562790647149086,0.03908062632655812,4
Baseline Meta,Local meta query MSE,290,0.14983191341161728,0.016982509351370124,4
Baseline Meta,Local meta query MSE,291,0.13912035711109638,0.05289029901632591,4
Baseline Meta,Local meta query MSE,292,0.13257144577801228,0.03133871489502282,4
Baseline Meta,Local meta query MSE,293,0.1542050577700138,0.020378724855631275,4
Baseline Meta,Local meta query MSE,294,0.16123995929956436,0.029515831785077683,4
Baseline Meta,Local meta query MSE,295,0.14609765075147152,0.01916903346063873,4
Baseline Meta,Local meta query MSE,296,0.15227649360895157,0.018616218354350633,4
Baseline Meta,Local meta query MSE,297,0.15122001618146896,0.007340136683809389,4
Baseline Meta,Local meta query MSE,298,0.1622513048350811,0.040716724236357735,4
Baseline Meta,Local meta query MSE,299,0.1636158637702465,0.028260468293738118,4
Baseline Meta,Local meta query MSE,300,0.13674691319465637,0.029808706771807088,4
Baseline Meta,Local meta query MSE,301,0.1337848287075758,0.01196514186224303,4
Baseline Meta,Local meta query MSE,302,0.16532697528600693,0.024074856397961707,4
Baseline Meta,Local meta query MSE,303,0.14158309623599052,0.042644237287578164,4
Baseline Meta,Local meta query MSE,304,0.16343772038817406,0.01894809036390244,4
Baseline Meta,Local meta query MSE,305,0.1314372420310974,0.013486191136993803,4
Baseline Meta,Local meta query MSE,306,0.13698966056108475,0.02972995420674459,4
Baseline Meta,Local meta query MSE,307,0.14458836056292057,0.04239655790244657,4
Baseline Meta,Local meta query MSE,308,0.14370916225016117,0.01721776340147226,4
Baseline Meta,Local meta query MSE,309,0.15187431871891022,0.02059027054271943,4
Baseline Meta,Local meta query MSE,310,0.13909125328063965,0.029242860806965917,4
Baseline Meta,Local meta query MSE,311,0.1491880752146244,0.02453420307003194,4
Baseline Meta,Local meta query MSE,312,0.12622193060815334,0.0274967842360699,4
Baseline Meta,Local meta query MSE,313,0.15457150526344776,0.03905575876692962,4
Baseline Meta,Local meta query MSE,314,0.12199598737061024,0.011217834000916494,4
Baseline Meta,Local meta query MSE,315,0.13466872461140156,0.023636953969711817,4
Baseline Meta,Local meta query MSE,316,0.16855168715119362,0.05996641395429413,4
Baseline Meta,Local meta query MSE,317,0.1370185725390911,0.011936646521369174,4
Baseline Meta,Local meta query MSE,318,0.14901572838425636,0.03527649562584834,4
Baseline Meta,Local meta query MSE,319,0.1530812531709671,0.06243456791571814,4
Baseline Meta,Local meta query MSE,320,0.16358879953622818,0.04324379533196213,4
Baseline Meta,Local meta query MSE,321,0.1316652875393629,0.02145001829833352,4
Baseline Meta,Local meta query MSE,322,0.13319318741559982,0.029664807591245717,4
Baseline Meta,Local meta query MSE,323,0.16224289499223232,0.04987055672209617,4
Baseline Meta,Local meta query MSE,324,0.16420694440603256,0.01635996385514164,4
Baseline Meta,Local meta query MSE,325,0.12804676592350006,0.010704471207479261,4
Baseline Meta,Local meta query MSE,326,0.16189108043909073,0.013516274804956808,4
Baseline Meta,Local meta query MSE,327,0.15560073778033257,0.03632724405196081,4
Baseline Meta,Local meta query MSE,328,0.14728165045380592,0.012123019828557891,4
Baseline Meta,Local meta query MSE,329,0.14016908034682274,0.03973239294814904,4
Baseline Meta,Local meta query MSE,330,0.1608036831021309,0.03454877510288222,4
Baseline Meta,Local meta query MSE,331,0.13611362874507904,0.034110511066624244,4
Baseline Meta,Local meta query MSE,332,0.1789688691496849,0.04373250587610872,4
Baseline Meta,Local meta query MSE,333,0.17343639582395554,0.0221011168530054,4
Baseline Meta,Local meta query MSE,334,0.15109721571207047,0.018918617487118455,4
Baseline Meta,Local meta query MSE,335,0.14909730665385723,0.03731266283790758,4
Baseline Meta,Local meta query MSE,336,0.13736954517662525,0.03432501796426498,4
Baseline Meta,Local meta query MSE,337,0.13831312581896782,0.025088641553299876,4
Baseline Meta,Local meta query MSE,338,0.14627237059175968,0.018749466519414216,4
Baseline Meta,Local meta query MSE,339,0.14947352558374405,0.008174275160596276,4
Baseline Meta,Local meta query MSE,340,0.14301048405468464,0.02756712826384458,4
Baseline Meta,Local meta query MSE,341,0.1494036689400673,0.02483898792866415,4
Baseline Meta,Local meta query MSE,342,0.1443983092904091,0.01912231007916288,4
Baseline Meta,Local meta query MSE,343,0.13130229339003563,0.013813241124381967,4
Baseline Meta,Local meta query MSE,344,0.13848668709397316,0.0250688032497568,4
Baseline Meta,Local meta query MSE,345,0.11348489485681057,0.017495535488267475,4
Baseline Meta,Local meta query MSE,346,0.16054100543260574,0.01621252954975374,4
Baseline Meta,Local meta query MSE,347,0.1496941838413477,0.035046751774865825,4
Baseline Meta,Local meta query MSE,348,0.1751221977174282,0.04212015019969695,4
Baseline Meta,Local meta query MSE,349,0.1526239886879921,0.04009109372788378,4
Baseline Meta,Local meta query MSE,350,0.14024104550480843,0.008099737504992433,4
Baseline Meta,Local meta query MSE,351,0.15853437408804893,0.039830447519245735,4
Baseline Meta,Local meta query MSE,352,0.16116401553153992,0.02449622323184531,4
Baseline Meta,Local meta query MSE,353,0.1736137643456459,0.024219433242214435,4
Baseline Meta,Local meta query MSE,354,0.1458829715847969,0.04516274366905368,4
Baseline Meta,Local meta query MSE,355,0.1597844995558262,0.030941876645912764,4
Baseline Meta,Local meta query MSE,356,0.1501718908548355,0.023921071928709424,4
Baseline Meta,Local meta query MSE,357,0.13773038983345032,0.013880929496311558,4
Baseline Meta,Local meta query MSE,358,0.14741092547774315,0.033737891629491604,4
Baseline Meta,Local meta query MSE,359,0.14772904291749,0.029182357326793595,4
Baseline Meta,Local meta query MSE,360,0.1371435634791851,0.024771582117059234,4
Baseline Meta,Local meta query MSE,361,0.14599559269845486,0.024684192009396082,4
Baseline Meta,Local meta query MSE,362,0.16460271552205086,0.03467923372902919,4
Baseline Meta,Local meta query MSE,363,0.1492230575531721,0.052840417557112745,4
Baseline Meta,Local meta query MSE,364,0.13514795154333115,0.01956909926638528,4
Baseline Meta,Local meta query MSE,365,0.1355636939406395,0.016892457688586396,4
Baseline Meta,Local meta query MSE,366,0.15567683428525925,0.029064843696257146,4
Baseline Meta,Local meta query MSE,367,0.1483170948922634,0.035587092862896574,4
Baseline Meta,Local meta query MSE,368,0.1515728235244751,0.021782904449952303,4
Baseline Meta,Local meta query MSE,369,0.1448526531457901,0.035459632516862884,4
Baseline Meta,Local meta query MSE,370,0.13699752278625965,0.026608108973431077,4
Baseline Meta,Local meta query MSE,371,0.12782656215131283,0.05391926975960411,4
Baseline Meta,Local meta query MSE,372,0.1297144927084446,0.022703073477665772,4
Baseline Meta,Local meta query MSE,373,0.14403197541832924,0.008301468176356913,4
Baseline Meta,Local meta query MSE,374,0.15256372280418873,0.038251932311247315,4
Baseline Meta,Local meta query MSE,375,0.15540717355906963,0.022682702609067358,4
Baseline Meta,Local meta query MSE,376,0.14354486763477325,0.03976051772178575,4
Baseline Meta,Local meta query MSE,377,0.14605229534208775,0.028772296791529955,4
Baseline Meta,Local meta query MSE,378,0.15645550936460495,0.03968558597827083,4
Baseline Meta,Local meta query MSE,379,0.13981402292847633,0.035237750947151376,4
Baseline Meta,Local meta query MSE,380,0.11470173858106136,0.007510331700841179,4
Baseline Meta,Local meta query MSE,381,0.13892893865704536,0.026783357621034665,4
Baseline Meta,Local meta query MSE,382,0.12608812004327774,0.03667445492656183,4
Baseline Meta,Local meta query MSE,383,0.11729949899017811,0.01295083064402731,4
Baseline Meta,Local meta query MSE,384,0.1531315166503191,0.044678571268712636,4
Baseline Meta,Local meta query MSE,385,0.14111728593707085,0.024539503247670447,4
Baseline Meta,Local meta query MSE,386,0.15375661104917526,0.03170267437024657,4
Baseline Meta,Local meta query MSE,387,0.14090026170015335,0.016131033382265594,4
Baseline Meta,Local meta query MSE,388,0.15214869007468224,0.029869812080911114,4
Baseline Meta,Local meta query MSE,389,0.12686888314783573,0.020727240626483866,4
Baseline Meta,Local meta query MSE,390,0.14500349014997482,0.030587593656067256,4
Baseline Meta,Local meta query MSE,391,0.1366905588656664,0.02233000361884401,4
Baseline Meta,Local meta query MSE,392,0.13899892196059227,0.006601208544523562,4
Baseline Meta,Local meta query MSE,393,0.14645331352949142,0.02454561820100706,4
Baseline Meta,Local meta query MSE,394,0.14593733102083206,0.04103171545932243,4
Baseline Meta,Local meta query MSE,395,0.13842929527163506,0.04679817228446289,4
Baseline Meta,Local meta query MSE,396,0.11305089853703976,0.022497207936673327,4
Baseline Meta,Local meta query MSE,397,0.1461229920387268,0.05487782478661194,4
Baseline Meta,Local meta query MSE,398,0.14168131351470947,0.011602084729853033,4
Baseline Meta,Local meta query MSE,399,0.13814212009310722,0.015246181504253222,4
Baseline Meta,Local meta query MSE,400,0.15358659997582436,0.020197179075747213,4
Baseline Meta,Local meta query MSE,401,0.15860376879572868,0.026957065711560216,4
Baseline Meta,Local meta query MSE,402,0.15181679464876652,0.032842645902784066,4
Baseline Meta,Local meta query MSE,403,0.15390871092677116,0.04879779983863643,4
Baseline Meta,Local meta query MSE,404,0.12539958208799362,0.029228394877438404,4
Baseline Meta,Local meta query MSE,405,0.1516965739428997,0.02890270722012694,4
Baseline Meta,Local meta query MSE,406,0.13404785096645355,0.02374538848806942,4
Baseline Meta,Local meta query MSE,407,0.17182310298085213,0.02858289827091137,4
Baseline Meta,Local meta query MSE,408,0.17218474298715591,0.04526478276344424,4
Baseline Meta,Local meta query MSE,409,0.13462788984179497,0.028936036781405505,4
Baseline Meta,Local meta query MSE,410,0.14591572806239128,0.031036861057129064,4
Baseline Meta,Local meta query MSE,411,0.15277015045285225,0.013724023735109435,4
Baseline Meta,Local meta query MSE,412,0.14689194783568382,0.057449270179212635,4
Baseline Meta,Local meta query MSE,413,0.12494498118758202,0.015022202196642308,4
Baseline Meta,Local meta query MSE,414,0.1517121735960245,0.04782422741522605,4
Baseline Meta,Local meta query MSE,415,0.15305950865149498,0.03600218930775574,4
Baseline Meta,Local meta query MSE,416,0.13088848628103733,0.026899813778681395,4
Baseline Meta,Local meta query MSE,417,0.14186891913414001,0.054369395529862974,4
Baseline Meta,Local meta query MSE,418,0.17658690735697746,0.017000058980205318,4
Baseline Meta,Local meta query MSE,419,0.16387109085917473,0.032620129997590674,4
Baseline Meta,Local meta query MSE,420,0.12850922159850597,0.027342911270086912,4
Baseline Meta,Local meta query MSE,421,0.12367862276732922,0.03526937085467949,4
Baseline Meta,Local meta query MSE,422,0.14173708483576775,0.023943467653239695,4
Baseline Meta,Local meta query MSE,423,0.17146942764520645,0.04504471309529989,4
Baseline Meta,Local meta query MSE,424,0.15934951230883598,0.027820272822722963,4
Baseline Meta,Local meta query MSE,425,0.15583350881934166,0.022241037281064253,4
Baseline Meta,Local meta query MSE,426,0.14495442062616348,0.03487600367774201,4
Baseline Meta,Local meta query MSE,427,0.15104195661842823,0.022602010395415314,4
Baseline Meta,Local meta query MSE,428,0.15582597628235817,0.04552819287381594,4
Baseline Meta,Local meta query MSE,429,0.1578368842601776,0.027852906095311887,4
Baseline Meta,Local meta query MSE,430,0.15598860755562782,0.027164046266188797,4
Baseline Meta,Local meta query MSE,431,0.14415700547397137,0.036894460987921734,4
Baseline Meta,Local meta query MSE,432,0.1395503431558609,0.023289733570335237,4
Baseline Meta,Local meta query MSE,433,0.1466006338596344,0.016958248256006225,4
Baseline Meta,Local meta query MSE,434,0.17036885023117065,0.02035074283853143,4
Baseline Meta,Local meta query MSE,435,0.13941726833581924,0.043742866780057524,4
Baseline Meta,Local meta query MSE,436,0.13506490737199783,0.017208937084886848,4
Baseline Meta,Local meta query MSE,437,0.1308172307908535,0.0062983602132136276,4
Baseline Meta,Local meta query MSE,438,0.11962087452411652,0.023302581610882583,4
Baseline Meta,Local meta query MSE,439,0.14567415043711662,0.030484802210441763,4
Baseline Meta,Local meta query MSE,440,0.14630958437919617,0.027327538715722143,4
Baseline Meta,Local meta query MSE,441,0.13695198856294155,0.02943616255323072,4
Baseline Meta,Local meta query MSE,442,0.14785528369247913,0.03158518516067171,4
Baseline Meta,Local meta query MSE,443,0.1563388705253601,0.02687249608897631,4
Baseline Meta,Local meta query MSE,444,0.1325923539698124,0.04009901253171087,4
Baseline Meta,Local meta query MSE,445,0.14297649636864662,0.034167586564991456,4
Baseline Meta,Local meta query MSE,446,0.14562659338116646,0.049112046980687496,4
Baseline Meta,Local meta query MSE,447,0.1664757840335369,0.03593642894900148,4
Baseline Meta,Local meta query MSE,448,0.14934570714831352,0.013590095892109067,4
Baseline Meta,Local meta query MSE,449,0.179841298609972,0.04840293016825181,4
Baseline Meta,Local meta query MSE,450,0.14892423152923584,0.014649221394963236,4
Baseline Meta,Local meta query MSE,451,0.1470468658953905,0.026943870317323676,4
Baseline Meta,Local meta query MSE,452,0.14205791801214218,0.046747522493082914,4
Baseline Meta,Local meta query MSE,453,0.1374309342354536,0.027197618212617295,4
Baseline Meta,Local meta query MSE,454,0.15635967813432217,0.030410142320463886,4
Baseline Meta,Local meta query MSE,455,0.13977635093033314,0.039193534544963105,4
Baseline Meta,Local meta query MSE,456,0.13722118735313416,0.029776485344348173,4
Baseline Meta,Local meta query MSE,457,0.14530963078141212,0.01757817995706778,4
Baseline Meta,Local meta query MSE,458,0.16024130582809448,0.025110219939945527,4
Baseline Meta,Local meta query MSE,459,0.15746307745575905,0.031158610993699227,4
Baseline Meta,Local meta query MSE,460,0.13840307667851448,0.031590555169518045,4
Baseline Meta,Local meta query MSE,461,0.1298728995025158,0.009372657590823856,4
Baseline Meta,Local meta query MSE,462,0.15800706669688225,0.033691739784751776,4
Baseline Meta,Local meta query MSE,463,0.13510962948203087,0.012543954000353172,4
Baseline Meta,Local meta query MSE,464,0.15646515600383282,0.03941482668055403,4
Baseline Meta,Local meta query MSE,465,0.14914162829518318,0.022659826884492126,4
Baseline Meta,Local meta query MSE,466,0.14663692750036716,0.02030792030048786,4
Baseline Meta,Local meta query MSE,467,0.14313367940485477,0.030531235623764252,4
Baseline Meta,Local meta query MSE,468,0.1342848353087902,0.03676160809291757,4
Baseline Meta,Local meta query MSE,469,0.14244304224848747,0.025721224572275395,4
Baseline Meta,Local meta query MSE,470,0.14950262568891048,0.0549730644647212,4
Baseline Meta,Local meta query MSE,471,0.16793243028223515,0.042906853588167586,4
Baseline Meta,Local meta query MSE,472,0.14888602122664452,0.047181519686551786,4
Baseline Meta,Local meta query MSE,473,0.14275865629315376,0.02664504622851112,4
Baseline Meta,Local meta query MSE,474,0.1407063901424408,0.024803233010317758,4
Baseline Meta,Local meta query MSE,475,0.14038600027561188,0.03252434581617696,4
Baseline Meta,Local meta query MSE,476,0.14120087772607803,0.031429946373134274,4
Baseline Meta,Local meta query MSE,477,0.15293733961880207,0.04101522600039146,4
Baseline Meta,Local meta query MSE,478,0.15158800408244133,0.04093329966241338,4
Baseline Meta,Local meta query MSE,479,0.1407130640000105,0.04121966968401038,4
Baseline Meta,Local meta query MSE,480,0.14201324246823788,0.03825634848854733,4
Baseline Meta,Local meta query MSE,481,0.16608043387532234,0.02871604933970099,4
Baseline Meta,Local meta query MSE,482,0.12656736187636852,0.03414096807812209,4
Baseline Meta,Local meta query MSE,483,0.13563183695077896,0.016570011593140744,4
Baseline Meta,Local meta query MSE,484,0.14431758970022202,0.046395233476879016,4
Baseline Meta,Local meta query MSE,485,0.17165569216012955,0.03228492887459509,4
Baseline Meta,Local meta query MSE,486,0.14902060106396675,0.0244816227052079,4
Baseline Meta,Local meta query MSE,487,0.12176293507218361,0.029378137249593234,4
Baseline Meta,Local meta query MSE,488,0.12351597659289837,0.004721875463450334,4
Baseline Meta,Local meta query MSE,489,0.13386116363108158,0.027957263248008575,4
Baseline Meta,Local meta query MSE,490,0.14471130445599556,0.018755759573260727,4
Baseline Meta,Local meta query MSE,491,0.1451585441827774,0.010168726828444694,4
Baseline Meta,Local meta query MSE,492,0.1415208801627159,0.026184687047669374,4
Baseline Meta,Local meta query MSE,493,0.15645848214626312,0.0686058709817553,4
Baseline Meta,Local meta query MSE,494,0.15281948074698448,0.021896568479572998,4
Baseline Meta,Local meta query MSE,495,0.14140859246253967,0.032126671043714444,4
Baseline Meta,Local meta query MSE,496,0.13478919863700867,0.017559300553427287,4
Baseline Meta,Local meta query MSE,497,0.14865238592028618,0.043113434096250985,4
Baseline Meta,Local meta query MSE,498,0.15870236977934837,0.024961363877711508,4
Baseline Meta,Local meta query MSE,499,0.15183150954544544,0.046756735379962513,4
Baseline Meta,Local meta query MSE,500,0.1427251473069191,0.015923743953779945,4
Baseline Meta,Local meta query MSE,501,0.15530216321349144,0.017407265419082447,4
Baseline Meta,Local meta query MSE,502,0.1462048515677452,0.04194533595410324,4
Baseline Meta,Local meta query MSE,503,0.16626960784196854,0.027597015390002515,4
Baseline Meta,Local meta query MSE,504,0.14107082784175873,0.015804431206183054,4
Baseline Meta,Local meta query MSE,505,0.14582191221415997,0.034858759211047544,4
Baseline Meta,Local meta query MSE,506,0.1550508439540863,0.041775595961271075,4
Baseline Meta,Local meta query MSE,507,0.13324648700654507,0.04257861106640687,4
Baseline Meta,Local meta query MSE,508,0.16313562914729118,0.03967165913052978,4
Baseline Meta,Local meta query MSE,509,0.14331859908998013,0.026516685270481986,4
Baseline Meta,Local meta query MSE,510,0.1468082144856453,0.018972671364294917,4
Baseline Meta,Local meta query MSE,511,0.15280454978346825,0.04139972391327191,4
Baseline Meta,Local meta query MSE,512,0.15327612683176994,0.024201124561644746,4
Baseline Meta,Local meta query MSE,513,0.1478132363408804,0.034406986713227686,4
Baseline Meta,Local meta query MSE,514,0.14926645904779434,0.030349468577227562,4
Baseline Meta,Local meta query MSE,515,0.1223940160125494,0.05152721735308521,4
Baseline Meta,Local meta query MSE,516,0.15701681561768055,0.027619839772942262,4
Baseline Meta,Local meta query MSE,517,0.13998943567276,0.030360319832774513,4
Baseline Meta,Local meta query MSE,518,0.14170990698039532,0.027865860098222613,4
Baseline Meta,Local meta query MSE,519,0.1341703198850155,0.038737552636461996,4
Baseline Meta,Local meta query MSE,520,0.13786369003355503,0.03553057225615488,4
Baseline Meta,Local meta query MSE,521,0.1441827267408371,0.03215335959334555,4
Baseline Meta,Local meta query MSE,522,0.14996983483433723,0.029868146912009272,4
Baseline Meta,Local meta query MSE,523,0.13963177613914013,0.025699733230143844,4
Baseline Meta,Local meta query MSE,524,0.134654451161623,0.010160291607510129,4
Baseline Meta,Local meta query MSE,525,0.12510888651013374,0.021421778513253602,4
Baseline Meta,Local meta query MSE,526,0.14733541943132877,0.034211399889846617,4
Baseline Meta,Local meta query MSE,527,0.15928234532475471,0.03367983047113161,4
Baseline Meta,Local meta query MSE,528,0.1470942124724388,0.04012840307559905,4
Baseline Meta,Local meta query MSE,529,0.14035086333751678,0.028228397295837145,4
Baseline Meta,Local meta query MSE,530,0.10986001044511795,0.022131498829757523,4
Baseline Meta,Local meta query MSE,531,0.16637065261602402,0.03799992456449725,4
Baseline Meta,Local meta query MSE,532,0.13619510270655155,0.03420635531903101,4
Baseline Meta,Local meta query MSE,533,0.1371288988739252,0.02661376823698087,4
Baseline Meta,Local meta query MSE,534,0.1723288632929325,0.027928460726275937,4
Baseline Meta,Local meta query MSE,535,0.1692650243639946,0.03026234667420125,4
Baseline Meta,Local meta query MSE,536,0.15818168967962265,0.04400563672322899,4
Baseline Meta,Local meta query MSE,537,0.15366670861840248,0.02342886630357737,4
Baseline Meta,Local meta query MSE,538,0.16083934716880322,0.04700904708412099,4
Baseline Meta,Local meta query MSE,539,0.14391923695802689,0.04412220156488053,4
Baseline Meta,Local meta query MSE,540,0.1440230943262577,0.03623891344145143,4
Baseline Meta,Local meta query MSE,541,0.15822618082165718,0.045844249774420004,4
Baseline Meta,Local meta query MSE,542,0.17146319150924683,0.02773382264466978,4
Baseline Meta,Local meta query MSE,543,0.12323634885251522,0.018852511134931492,4
Baseline Meta,Local meta query MSE,544,0.13094803504645824,0.018011158262880175,4
Baseline Meta,Local meta query MSE,545,0.16220338083803654,0.042185919231569405,4
Baseline Meta,Local meta query MSE,546,0.13973895087838173,0.019337172835638385,4
Baseline Meta,Local meta query MSE,547,0.1571444310247898,0.012763826490729798,4
Baseline Meta,Local meta query MSE,548,0.13475984521210194,0.015124633409549209,4
Baseline Meta,Local meta query MSE,549,0.13803929649293423,0.028402050248316137,4
Baseline Meta,Local meta query MSE,550,0.14558174461126328,0.02607490777098627,4
Baseline Meta,Local meta query MSE,551,0.12640692479908466,0.02815244238849623,4
Baseline Meta,Local meta query MSE,552,0.15014983341097832,0.02201092503158583,4
Baseline Meta,Local meta query MSE,553,0.15443051047623158,0.04881502922590899,4
Baseline Meta,Local meta query MSE,554,0.13228796981275082,0.018762094939877138,4
Baseline Meta,Local meta query MSE,555,0.13998855836689472,0.024488433656640055,4
Baseline Meta,Local meta query MSE,556,0.14121900126338005,0.005343375535021226,4
Baseline Meta,Local meta query MSE,557,0.14601810835301876,0.0443361285983918,4
Baseline Meta,Local meta query MSE,558,0.13911571726202965,0.024246065851666217,4
Baseline Meta,Local meta query MSE,559,0.1475566364824772,0.03430125459657266,4
Baseline Meta,Local meta query MSE,560,0.1519291903823614,0.031352391288750545,4
Baseline Meta,Local meta query MSE,561,0.15731146186590195,0.021949006854854486,4
Baseline Meta,Local meta query MSE,562,0.1499074175953865,0.020514241671385304,4
Baseline Meta,Local meta query MSE,563,0.14594794064760208,0.012809696812566178,4
Baseline Meta,Local meta query MSE,564,0.14656664058566093,0.04183330255611803,4
Baseline Meta,Local meta query MSE,565,0.1491697132587433,0.057035269137613996,4
Baseline Meta,Local meta query MSE,566,0.13949874229729176,0.026355189914260002,4
Baseline Meta,Local meta query MSE,567,0.15324022993445396,0.017455957600457254,4
Baseline Meta,Local meta query MSE,568,0.15454013273119926,0.03289795645073469,4
Baseline Meta,Local meta query MSE,569,0.12868904694914818,0.03185123891386153,4
Baseline Meta,Local meta query MSE,570,0.13458332233130932,0.02100057243287678,4
Baseline Meta,Local meta query MSE,571,0.1628851257264614,0.018402547195812226,4
Baseline Meta,Local meta query MSE,572,0.13107123784720898,0.03987058646716194,4
Baseline Meta,Local meta query MSE,573,0.16206664592027664,0.038642866628166184,4
Baseline Meta,Local meta query MSE,574,0.12934338301420212,0.03692834091651065,4
Baseline Meta,Local meta query MSE,575,0.15592934750020504,0.03836396093816675,4
Baseline Meta,Local meta query MSE,576,0.12380442768335342,0.01397432943625002,4
Baseline Meta,Local meta query MSE,577,0.13520371168851852,0.006198987771917242,4
Baseline Meta,Local meta query MSE,578,0.14617229625582695,0.027719445277627788,4
Baseline Meta,Local meta query MSE,579,0.12988376803696156,0.024254198708736983,4
Baseline Meta,Local meta query MSE,580,0.14893274940550327,0.027928394074720534,4
Baseline Meta,Local meta query MSE,581,0.1396997943520546,0.007722475386895088,4
Baseline Meta,Local meta query MSE,582,0.16402596607804298,0.039530305268661955,4
Baseline Meta,Local meta query MSE,583,0.16827909275889397,0.022974551336016006,4
Baseline Meta,Local meta query MSE,584,0.12185167148709297,0.01922246997666699,4
Baseline Meta,Local meta query MSE,585,0.14668465964496136,0.025346699761007233,4
Baseline Meta,Local meta query MSE,586,0.16671158373355865,0.025138777889196995,4
Baseline Meta,Local meta query MSE,587,0.14768515527248383,0.00795033584631665,4
Baseline Meta,Local meta query MSE,588,0.1390828900039196,0.03507849326083526,4
Baseline Meta,Local meta query MSE,589,0.14247099682688713,0.00950691233867985,4
Baseline Meta,Local meta query MSE,590,0.1418653167784214,0.04072925872164131,4
Baseline Meta,Local meta query MSE,591,0.13458840176463127,0.019837298205312198,4
Baseline Meta,Local meta query MSE,592,0.168892964720726,0.018384939013631117,4
Baseline Meta,Local meta query MSE,593,0.15603937208652496,0.03483956071704518,4
Baseline Meta,Local meta query MSE,594,0.14155229926109314,0.013151520436351954,4
Baseline Meta,Local meta query MSE,595,0.129678163677454,0.03204318783357217,4
Baseline Meta,Local meta query MSE,596,0.17374352365732193,0.015647917097844192,4
Baseline Meta,Local meta query MSE,597,0.1652197390794754,0.0435360699852336,4
Baseline Meta,Local meta query MSE,598,0.13905428163707256,0.033952027550541594,4
Baseline Meta,Local meta query MSE,599,0.16166359558701515,0.019243132423705615,4
Baseline Meta,Local meta query MSE,600,0.1340161543339491,0.029384927357648805,4
Baseline Meta,Local meta query MSE,601,0.15851429663598537,0.04468118440009301,4
Baseline Meta,Local meta query MSE,602,0.14047066122293472,0.03473625540602175,4
Baseline Meta,Local meta query MSE,603,0.14623431488871574,0.057220630272202574,4
Baseline Meta,Local meta query MSE,604,0.14445802010595798,0.03269080065579447,4
Baseline Meta,Local meta query MSE,605,0.1685771532356739,0.01981999820445892,4
Baseline Meta,Local meta query MSE,606,0.13788468949496746,0.02398070847759844,4
Baseline Meta,Local meta query MSE,607,0.15849358960986137,0.020063369898086072,4
Baseline Meta,Local meta query MSE,608,0.13243872672319412,0.04027257231338411,4
Baseline Meta,Local meta query MSE,609,0.13956341333687305,0.024026115115952217,4
Baseline Meta,Local meta query MSE,610,0.1407126598060131,0.00838061467695181,4
Baseline Meta,Local meta query MSE,611,0.1577918417751789,0.017510225324400976,4
Baseline Meta,Local meta query MSE,612,0.15751097537577152,0.03775202949087897,4
Baseline Meta,Local meta query MSE,613,0.1505032293498516,0.015428000459323306,4
Baseline Meta,Local meta query MSE,614,0.12433728948235512,0.02140215091882331,4
Baseline Meta,Local meta query MSE,615,0.13423806987702847,0.017976213883196472,4
Baseline Meta,Local meta query MSE,616,0.15563976764678955,0.043779392862389965,4
Baseline Meta,Local meta query MSE,617,0.16093801334500313,0.04249244963030421,4
Baseline Meta,Local meta query MSE,618,0.11157752573490143,0.023596344274763897,4
Baseline Meta,Local meta query MSE,619,0.15133190341293812,0.03570045468987602,4
Baseline Meta,Local meta query MSE,620,0.15151225216686726,0.025333554544469075,4
Baseline Meta,Local meta query MSE,621,0.13688526675105095,0.025853883204794176,4
Baseline Meta,Local meta query MSE,622,0.14885547384619713,0.05350515819224926,4
Baseline Meta,Local meta query MSE,623,0.1362836007028818,0.0290402065731777,4
Baseline Meta,Local meta query MSE,624,0.14652902260422707,0.019725201243801695,4
Baseline Meta,Local meta query MSE,625,0.11300196126103401,0.011313291839849273,4
Baseline Meta,Local meta query MSE,626,0.1445641927421093,0.03990670500880801,4
Baseline Meta,Local meta query MSE,627,0.14684543944895267,0.03737314720378608,4
Baseline Meta,Local meta query MSE,628,0.128605455160141,0.020768948976932974,4
Baseline Meta,Local meta query MSE,629,0.14372431486845016,0.02024894290151703,4
Baseline Meta,Local meta query MSE,630,0.15174374356865883,0.03862677697875182,4
Baseline Meta,Local meta query MSE,631,0.1685730144381523,0.024675034901289333,4
Baseline Meta,Local meta query MSE,632,0.14022689871490002,0.03332387051182048,4
Baseline Meta,Local meta query MSE,633,0.15371909737586975,0.017833461670589152,4
Baseline Meta,Local meta query MSE,634,0.144068518653512,0.04503452495025128,4
Baseline Meta,Local meta query MSE,635,0.14455071277916431,0.030598182924250636,4
Baseline Meta,Local meta query MSE,636,0.13031543046236038,0.02363190399371146,4
Baseline Meta,Local meta query MSE,637,0.14840379543602467,0.04452300214923528,4
Baseline Meta,Local meta query MSE,638,0.16147518903017044,0.01557495240453456,4
Baseline Meta,Local meta query MSE,639,0.15557345002889633,0.02403495126166361,4
Baseline Meta,Local meta query MSE,640,0.1328639555722475,0.028470968138302858,4
Baseline Meta,Local meta query MSE,641,0.14010095596313477,0.023680681041707858,4
Baseline Meta,Local meta query MSE,642,0.13050376996397972,0.015612509227438018,4
Baseline Meta,Local meta query MSE,643,0.13652531057596207,0.007112457644886883,4
Baseline Meta,Local meta query MSE,644,0.1527551058679819,0.03586185864480725,4
Baseline Meta,Local meta query MSE,645,0.12126118503510952,0.021568774916009555,4
Baseline Meta,Local meta query MSE,646,0.1360379308462143,0.029879764730965735,4
Baseline Meta,Local meta query MSE,647,0.1694854088127613,0.040262438145529475,4
Baseline Meta,Local meta query MSE,648,0.15968801826238632,0.026035351246989833,4
Baseline Meta,Local meta query MSE,649,0.13503502123057842,0.033980037071633946,4
Baseline Meta,Local meta query MSE,650,0.14301460422575474,0.024262463370973274,4
Baseline Meta,Local meta query MSE,651,0.15404014475643635,0.03446646673117727,4
Baseline Meta,Local meta query MSE,652,0.14966776967048645,0.02876043847466743,4
Baseline Meta,Local meta query MSE,653,0.14354938827455044,0.058158033402354,4
Baseline Meta,Local meta query MSE,654,0.1617281809449196,0.022025545590622187,4
Baseline Meta,Local meta query MSE,655,0.16706443578004837,0.034889032562075456,4
Baseline Meta,Local meta query MSE,656,0.1363302394747734,0.03600554854249653,4
Baseline Meta,Local meta query MSE,657,0.14263403229415417,0.027165151027396767,4
Baseline Meta,Local meta query MSE,658,0.15838200226426125,0.04270772724054451,4
Baseline Meta,Local meta query MSE,659,0.14488952606916428,0.04778185794597205,4
Baseline Meta,Local meta query MSE,660,0.1675792671740055,0.023299860967698323,4
Baseline Meta,Local meta query MSE,661,0.13893895782530308,0.02458666108954882,4
Baseline Meta,Local meta query MSE,662,0.11344734393060207,0.008609322786876464,4
Baseline Meta,Local meta query MSE,663,0.13763736188411713,0.019838861502920135,4
Baseline Meta,Local meta query MSE,664,0.13338546641170979,0.01721194236506641,4
Baseline Meta,Local meta query MSE,665,0.15352516621351242,0.0357384403920119,4
Baseline Meta,Local meta query MSE,666,0.15626541897654533,0.01028567161008811,4
Baseline Meta,Local meta query MSE,667,0.13255327008664608,0.024519446618289135,4
Baseline Meta,Local meta query MSE,668,0.1262015700340271,0.02696687651150536,4
Baseline Meta,Local meta query MSE,669,0.14483022317290306,0.03732894610315489,4
Baseline Meta,Local meta query MSE,670,0.15172591991722584,0.05831368850541137,4
Baseline Meta,Local meta query MSE,671,0.12119710445404053,0.02033890191062244,4
Baseline Meta,Local meta query MSE,672,0.1491861268877983,0.04865440679891393,4
Baseline Meta,Local meta query MSE,673,0.13861507922410965,0.020669940833975844,4
Baseline Meta,Local meta query MSE,674,0.15509234368801117,0.056653430772279766,4
Baseline Meta,Local meta query MSE,675,0.1646365150809288,0.03268208401485839,4
Baseline Meta,Local meta query MSE,676,0.1405213661491871,0.013406631089747857,4
Baseline Meta,Local meta query MSE,677,0.15439381822943687,0.02922947951125871,4
Baseline Meta,Local meta query MSE,678,0.15930407866835594,0.019505404029168727,4
Baseline Meta,Local meta query MSE,679,0.1502757892012596,0.03524143182242521,4
Baseline Meta,Local meta query MSE,680,0.16501715406775475,0.039533547390447364,4
Baseline Meta,Local meta query MSE,681,0.15449194610118866,0.03797226895746933,4
Baseline Meta,Local meta query MSE,682,0.15050821006298065,0.048915870671843414,4
Baseline Meta,Local meta query MSE,683,0.14892892725765705,0.03409766585089909,4
Baseline Meta,Local meta query MSE,684,0.13729300908744335,0.02227980933765125,4
Baseline Meta,Local meta query MSE,685,0.13541830517351627,0.015109862294801043,4
Baseline Meta,Local meta query MSE,686,0.12500153109431267,0.039733470818278646,4
Baseline Meta,Local meta query MSE,687,0.15215400978922844,0.020844356919101387,4
Baseline Meta,Local meta query MSE,688,0.1421828381717205,0.02508732888753782,4
Baseline Meta,Local meta query MSE,689,0.14518802985548973,0.031135840767735283,4
Baseline Meta,Local meta query MSE,690,0.1760515235364437,0.024300936341663155,4
Baseline Meta,Local meta query MSE,691,0.1319754235446453,0.035869160753997854,4
Baseline Meta,Local meta query MSE,692,0.16997134312987328,0.026126228600596237,4
Baseline Meta,Local meta query MSE,693,0.13570406287908554,0.033564347890108655,4
Baseline Meta,Local meta query MSE,694,0.124132065102458,0.023313871670169354,4
Baseline Meta,Local meta query MSE,695,0.1603570319712162,0.02151767342847037,4
Baseline Meta,Local meta query MSE,696,0.1357868444174528,0.026186644583535288,4
Baseline Meta,Local meta query MSE,697,0.1522071622312069,0.03078417944022333,4
Baseline Meta,Local meta query MSE,698,0.15192264690995216,0.06200798737116884,4
Baseline Meta,Local meta query MSE,699,0.12812690436840057,0.0068444800746332995,4
Baseline Meta,Local meta query MSE,700,0.14231169782578945,0.04018204399950673,4
Baseline Meta,Local meta query MSE,701,0.1521952860057354,0.004175515677324853,4
Baseline Meta,Local meta query MSE,702,0.13757451437413692,0.01647360679836584,4
Baseline Meta,Local meta query MSE,703,0.1388588845729828,0.03968225254208122,4
Baseline Meta,Local meta query MSE,704,0.15476801805198193,0.036438318706824846,4
Baseline Meta,Local meta query MSE,705,0.15997671335935593,0.028790823273307706,4
Baseline Meta,Local meta query MSE,706,0.15174735710024834,0.023716821983786128,4
Baseline Meta,Local meta query MSE,707,0.14617245458066463,0.03207706582823867,4
Baseline Meta,Local meta query MSE,708,0.1584867723286152,0.03171360876055832,4
Baseline Meta,Local meta query MSE,709,0.15499760024249554,0.048885804910038216,4
Baseline Meta,Local meta query MSE,710,0.13577759638428688,0.03787102748517644,4
Baseline Meta,Local meta query MSE,711,0.16580793261528015,0.01645744877306135,4
Baseline Meta,Local meta query MSE,712,0.14423705637454987,0.005485630354524472,4
Baseline Meta,Local meta query MSE,713,0.12856207601726055,0.02112998025567624,4
Baseline Meta,Local meta query MSE,714,0.14284775406122208,0.029097374940805075,4
Baseline Meta,Local meta query MSE,715,0.16172728314995766,0.03419377346154812,4
Baseline Meta,Local meta query MSE,716,0.1500696875154972,0.027091355781053098,4
Baseline Meta,Local meta query MSE,717,0.16206912323832512,0.025154321859950087,4
Baseline Meta,Local meta query MSE,718,0.1458602100610733,0.00908357183283297,4
Baseline Meta,Local meta query MSE,719,0.14105257019400597,0.02670157126388455,4
Baseline Meta,Local meta query MSE,720,0.15757989883422852,0.03954232458133547,4
Baseline Meta,Local meta query MSE,721,0.14578775316476822,0.04394347172707697,4
Baseline Meta,Local meta query MSE,722,0.16255655512213707,0.023334864351504944,4
Baseline Meta,Local meta query MSE,723,0.1332790143787861,0.022919085326594778,4
Baseline Meta,Local meta query MSE,724,0.15386693738400936,0.03477778228833974,4
Baseline Meta,Local meta query MSE,725,0.13977693393826485,0.008701383205776753,4
Baseline Meta,Local meta query MSE,726,0.14284176751971245,0.019462526214461002,4
Baseline Meta,Local meta query MSE,727,0.11255021207034588,0.025385444847757888,4
Baseline Meta,Local meta query MSE,728,0.1164673138409853,0.029472696914976067,4
Baseline Meta,Local meta query MSE,729,0.13791914843022823,0.0556637634504422,4
Baseline Meta,Local meta query MSE,730,0.16531945951282978,0.04295551276963822,4
Baseline Meta,Local meta query MSE,731,0.14263973757624626,0.023086703177158423,4
Baseline Meta,Local meta query MSE,732,0.14738501235842705,0.008696038415058071,4
Baseline Meta,Local meta query MSE,733,0.16431332379579544,0.01635531258103651,4
Baseline Meta,Local meta query MSE,734,0.15355069562792778,0.03520360168965462,4
Baseline Meta,Local meta query MSE,735,0.154056366533041,0.047294295443579625,4
Baseline Meta,Local meta query MSE,736,0.155457966029644,0.04153533836331806,4
Baseline Meta,Local meta query MSE,737,0.14582844823598862,0.02578511109836189,4
Baseline Meta,Local meta query MSE,738,0.1348965261131525,0.015319158514642248,4
Baseline Meta,Local meta query MSE,739,0.1568390168249607,0.044547814463534056,4
Baseline Meta,Local meta query MSE,740,0.147673349827528,0.04629473721368388,4
Baseline Meta,Local meta query MSE,741,0.13217243552207947,0.010423806481412444,4
Baseline Meta,Local meta query MSE,742,0.16055717691779137,0.026309618630618398,4
Baseline Meta,Local meta query MSE,743,0.1337350457906723,0.017411196585945303,4
Baseline Meta,Local meta query MSE,744,0.1527625285089016,0.025217604971488457,4
Baseline Meta,Local meta query MSE,745,0.1616866122931242,0.04124330611054414,4
Baseline Meta,Local meta query MSE,746,0.13557320833206177,0.020055082063661668,4
Baseline Meta,Local meta query MSE,747,0.14172152802348137,0.009026776268370718,4
Baseline Meta,Local meta query MSE,748,0.17142847180366516,0.03236980752291953,4
Baseline Meta,Local meta query MSE,749,0.16955388337373734,0.023316568177429848,4
Baseline Meta,Local meta query MSE,750,0.1383681818842888,0.023418064018716805,4
Baseline Meta,Local meta query MSE,751,0.1365300714969635,0.026290124795881033,4
Baseline Meta,Local meta query MSE,752,0.13345301151275635,0.035903804804902247,4
Baseline Meta,Local meta query MSE,753,0.15994763746857643,0.048642206159000556,4
Baseline Meta,Local meta query MSE,754,0.1426539495587349,0.04357481268187866,4
Baseline Meta,Local meta query MSE,755,0.17061485350131989,0.025511014861975052,4
Baseline Meta,Local meta query MSE,756,0.1392231360077858,0.0353918000822101,4
Baseline Meta,Local meta query MSE,757,0.15413030982017517,0.03766302969903777,4
Baseline Meta,Local meta query MSE,758,0.14750784263014793,0.0196960612084219,4
Baseline Meta,Local meta query MSE,759,0.1524616703391075,0.027058414969639826,4
Baseline Meta,Local meta query MSE,760,0.1385250985622406,0.01476685181155186,4
Baseline Meta,Local meta query MSE,761,0.15518616139888763,0.025933935926202165,4
Baseline Meta,Local meta query MSE,762,0.15734393522143364,0.029157101017136915,4
Baseline Meta,Local meta query MSE,763,0.13973314501345158,0.04067038925822448,4
Baseline Meta,Local meta query MSE,764,0.13447823002934456,0.015657347652515582,4
Baseline Meta,Local meta query MSE,765,0.16412187553942204,0.032455800421055205,4
Baseline Meta,Local meta query MSE,766,0.1479620337486267,0.028450761479931377,4
Baseline Meta,Local meta query MSE,767,0.14571588113904,0.028304557020957796,4
Baseline Meta,Local meta query MSE,768,0.135561253875494,0.020056606259205544,4
Baseline Meta,Local meta query MSE,769,0.14016453549265862,0.02854618746883576,4
Baseline Meta,Local meta query MSE,770,0.14714368805289268,0.029081578576613674,4
Baseline Meta,Local meta query MSE,771,0.11881182715296745,0.034941385792391026,4
Baseline Meta,Local meta query MSE,772,0.15135487169027328,0.02361857593584143,4
Baseline Meta,Local meta query MSE,773,0.13426100462675095,0.04681541796047218,4
Baseline Meta,Local meta query MSE,774,0.1627124436199665,0.025443370693616314,4
Baseline Meta,Local meta query MSE,775,0.12621557712554932,0.03289142191388849,4
Baseline Meta,Local meta query MSE,776,0.16807713359594345,0.02785192059051106,4
Baseline Meta,Local meta query MSE,777,0.14558306708931923,0.028265615376849365,4
Baseline Meta,Local meta query MSE,778,0.12381029315292835,0.007708580450328191,4
Baseline Meta,Local meta query MSE,779,0.15291458740830421,0.03880573130893015,4
Baseline Meta,Local meta query MSE,780,0.1541309729218483,0.045819906703844546,4
Baseline Meta,Local meta query MSE,781,0.12327958270907402,0.030452132679644153,4
Baseline Meta,Local meta query MSE,782,0.14488141611218452,0.037801266676315975,4
Baseline Meta,Local meta query MSE,783,0.17004075273871422,0.032751698801934695,4
Baseline Meta,Local meta query MSE,784,0.14309962466359138,0.016003569215848952,4
Baseline Meta,Local meta query MSE,785,0.14810383319854736,0.03492107361733216,4
Baseline Meta,Local meta query MSE,786,0.15421071462333202,0.020020563353061384,4
Baseline Meta,Local meta query MSE,787,0.13264192640781403,0.013608312959625899,4
Baseline Meta,Local meta query MSE,788,0.15838954970240593,0.020585853452298006,4
Baseline Meta,Local meta query MSE,789,0.1352651510387659,0.03840328292424062,4
Baseline Meta,Local meta query MSE,790,0.12543307803571224,0.02817080955041943,4
Baseline Meta,Local meta query MSE,791,0.1263699997216463,0.01769405183595992,4
Baseline Meta,Local meta query MSE,792,0.1362648718059063,0.008884654445935393,4
Baseline Meta,Local meta query MSE,793,0.16872934997081757,0.017697905771668205,4
Baseline Meta,Local meta query MSE,794,0.1382173579186201,0.01667114972397738,4
Baseline Meta,Local meta query MSE,795,0.1450762189924717,0.010683403124064319,4
Baseline Meta,Local meta query MSE,796,0.1324869617819786,0.02386846422739162,4
Baseline Meta,Local meta query MSE,797,0.1636742204427719,0.028136776021676777,4
Baseline Meta,Local meta query MSE,798,0.1535712666809559,0.01708679139088166,4
Baseline Meta,Local meta query MSE,799,0.1745120771229267,0.02067467616298404,4
Baseline Meta,Local meta query MSE,800,0.1465864907950163,0.03768984518664101,4
Baseline Meta,Local meta query MSE,801,0.16761932894587517,0.03171128326869587,4
Baseline Meta,Local meta query MSE,802,0.12765390053391457,0.031837443443049014,4
Baseline Meta,Local meta query MSE,803,0.1460830308496952,0.03792110487164908,4
Baseline Meta,Local meta query MSE,804,0.15356333926320076,0.019909757144194698,4
Baseline Meta,Local meta query MSE,805,0.1331992894411087,0.029437164712213186,4
Baseline Meta,Local meta query MSE,806,0.15022926032543182,0.03544706709664603,4
Baseline Meta,Local meta query MSE,807,0.13737306743860245,0.03809098577453026,4
Baseline Meta,Local meta query MSE,808,0.14603973366320133,0.0280917852491778,4
Baseline Meta,Local meta query MSE,809,0.1583580356091261,0.0533848018223882,4
Baseline Meta,Local meta query MSE,810,0.15465792641043663,0.02937715263254039,4
Baseline Meta,Local meta query MSE,811,0.16343075409531593,0.03898712661183246,4
Baseline Meta,Local meta query MSE,812,0.15491727367043495,0.0394053907657296,4
Baseline Meta,Local meta query MSE,813,0.15559104271233082,0.026812159495876595,4
Baseline Meta,Local meta query MSE,814,0.15099835768342018,0.0419019875107435,4
Baseline Meta,Local meta query MSE,815,0.16363848000764847,0.012999749461800398,4
Baseline Meta,Local meta query MSE,816,0.13424360379576683,0.04561421335053132,4
Baseline Meta,Local meta query MSE,817,0.15920432284474373,0.05429058298600795,4
Baseline Meta,Local meta query MSE,818,0.15104485303163528,0.028339524113581798,4
Baseline Meta,Local meta query MSE,819,0.15104199200868607,0.014940261999134546,4
Baseline Meta,Local meta query MSE,820,0.1315145529806614,0.020605525213785097,4
Baseline Meta,Local meta query MSE,821,0.17186329886317253,0.030138630113781206,4
Baseline Meta,Local meta query MSE,822,0.13679075986146927,0.01923896716714812,4
Baseline Meta,Local meta query MSE,823,0.13478867337107658,0.024049630824163355,4
Baseline Meta,Local meta query MSE,824,0.1363873891532421,0.013293842783759205,4
Baseline Meta,Local meta query MSE,825,0.1338135413825512,0.01257863527232669,4
Baseline Meta,Local meta query MSE,826,0.15894434973597527,0.04513626683234529,4
Baseline Meta,Local meta query MSE,827,0.15599557384848595,0.012720118534769375,4
Baseline Meta,Local meta query MSE,828,0.13459679670631886,0.0235276394033132,4
Baseline Meta,Local meta query MSE,829,0.16231463104486465,0.0305602843766158,4
Baseline Meta,Local meta query MSE,830,0.1356869377195835,0.012214275627425065,4
Baseline Meta,Local meta query MSE,831,0.12194366380572319,0.04313698329625066,4
Baseline Meta,Local meta query MSE,832,0.14845137298107147,0.01895081103929077,4
Baseline Meta,Local meta query MSE,833,0.1560018938034773,0.04351658695372343,4
Baseline Meta,Local meta query MSE,834,0.1503455564379692,0.03725456820162958,4
Baseline Meta,Local meta query MSE,835,0.14267469383776188,0.043139846117151555,4
Baseline Meta,Local meta query MSE,836,0.11255643889307976,0.03208578507488772,4
Baseline Meta,Local meta query MSE,837,0.12279598787426949,0.0219834985196659,4
Baseline Meta,Local meta query MSE,838,0.1522990595549345,0.03644783963134335,4
Baseline Meta,Local meta query MSE,839,0.12596397660672665,0.004793358732090977,4
Baseline Meta,Local meta query MSE,840,0.1591387614607811,0.0484393570690025,4
Baseline Meta,Local meta query MSE,841,0.16393321007490158,0.02826366759117221,4
Baseline Meta,Local meta query MSE,842,0.13742106221616268,0.034780403954475195,4
Baseline Meta,Local meta query MSE,843,0.142433425411582,0.041115661167495064,4
Baseline Meta,Local meta query MSE,844,0.15637927874922752,0.009529220909770897,4
Baseline Meta,Local meta query MSE,845,0.14766314812004566,0.029266715304769788,4
Baseline Meta,Local meta query MSE,846,0.1450959462672472,0.02363703498063553,4
Baseline Meta,Local meta query MSE,847,0.14321620017290115,0.025802543088877444,4
Baseline Meta,Local meta query MSE,848,0.1450690645724535,0.03517308272045033,4
Baseline Meta,Local meta query MSE,849,0.13973346166312695,0.02740374367714001,4
Baseline Meta,Local meta query MSE,850,0.16150811687111855,0.03941329768931865,4
Baseline Meta,Local meta query MSE,851,0.1466484908014536,0.05161221045089749,4
Baseline Meta,Local meta query MSE,852,0.13781460002064705,0.021127841580411165,4
Baseline Meta,Local meta query MSE,853,0.1541515775024891,0.030782627021511334,4
Baseline Meta,Local meta query MSE,854,0.15634667500853539,0.035140738413492086,4
Baseline Meta,Local meta query MSE,855,0.1271222922950983,0.031332084483184724,4
Baseline Meta,Local meta query MSE,856,0.16653300449252129,0.0250433375806051,4
Baseline Meta,Local meta query MSE,857,0.11763961426913738,0.025962916947290162,4
Baseline Meta,Local meta query MSE,858,0.14545191824436188,0.044833810452998314,4
Baseline Meta,Local meta query MSE,859,0.14110154286026955,0.008901967800270097,4
Baseline Meta,Local meta query MSE,860,0.1425376646220684,0.023692357116146704,4
Baseline Meta,Local meta query MSE,861,0.13750814832746983,0.024747509434605852,4
Baseline Meta,Local meta query MSE,862,0.1519068144261837,0.019083267762751193,4
Baseline Meta,Local meta query MSE,863,0.16072559356689453,0.02443054224572727,4
Baseline Meta,Local meta query MSE,864,0.14304352179169655,0.021698125227626305,4
Baseline Meta,Local meta query MSE,865,0.15616410225629807,0.014720527662418374,4
Baseline Meta,Local meta query MSE,866,0.1275654323399067,0.022103331275114185,4
Baseline Meta,Local meta query MSE,867,0.13961060903966427,0.016612629292321438,4
Baseline Meta,Local meta query MSE,868,0.14260148257017136,0.024110712318944332,4
Baseline Meta,Local meta query MSE,869,0.1489738840609789,0.05151261899437489,4
Baseline Meta,Local meta query MSE,870,0.14128965511918068,0.0032937409757450337,4
Baseline Meta,Local meta query MSE,871,0.17617399618029594,0.026991018973572884,4
Baseline Meta,Local meta query MSE,872,0.1473944503813982,0.037092019086731313,4
Baseline Meta,Local meta query MSE,873,0.122417151927948,0.010985311806718587,4
Baseline Meta,Local meta query MSE,874,0.12268820218741894,0.01836767993158706,4
Baseline Meta,Local meta query MSE,875,0.14153745397925377,0.027596338856101344,4
Baseline Meta,Local meta query MSE,876,0.14437419921159744,0.029245986840494755,4
Baseline Meta,Local meta query MSE,877,0.13216342218220234,0.011955680758248054,4
Baseline Meta,Local meta query MSE,878,0.13375702127814293,0.05174409895208064,4
Baseline Meta,Local meta query MSE,879,0.15902768075466156,0.03446258506275073,4
Baseline Meta,Local meta query MSE,880,0.155620526522398,0.014174359593079156,4
Baseline Meta,Local meta query MSE,881,0.14239028096199036,0.04337004088542887,4
Baseline Meta,Local meta query MSE,882,0.12959318421781063,0.013038685094948542,4
Baseline Meta,Local meta query MSE,883,0.12655841931700706,0.029761136030574963,4
Baseline Meta,Local meta query MSE,884,0.14868216216564178,0.00994287789278721,4
Baseline Meta,Local meta query MSE,885,0.12694208696484566,0.011781138982522855,4
Baseline Meta,Local meta query MSE,886,0.15977545827627182,0.03580627607580126,4
Baseline Meta,Local meta query MSE,887,0.14861438795924187,0.036261031453216054,4
Baseline Meta,Local meta query MSE,888,0.13300718367099762,0.0566953031839052,4
Baseline Meta,Local meta query MSE,889,0.15598951280117035,0.04477745822942975,4
Baseline Meta,Local meta query MSE,890,0.12835334986448288,0.021715492159392134,4
Baseline Meta,Local meta query MSE,891,0.1403085682541132,0.03815454150527767,4
Baseline Meta,Local meta query MSE,892,0.15856395475566387,0.04506381757698647,4
Baseline Meta,Local meta query MSE,893,0.15713438764214516,0.03685419743161141,4
Baseline Meta,Local meta query MSE,894,0.13617121055722237,0.008243752527724304,4
Baseline Meta,Local meta query MSE,895,0.14542625285685062,0.04554423433676251,4
Baseline Meta,Local meta query MSE,896,0.12668012641370296,0.02364447098395383,4
Baseline Meta,Local meta query MSE,897,0.15354414284229279,0.038989330808205803,4
Baseline Meta,Local meta query MSE,898,0.16977672651410103,0.029198594109414333,4
Baseline Meta,Local meta query MSE,899,0.14514926820993423,0.052791615327308423,4
Baseline Meta,Local meta query MSE,900,0.16354650259017944,0.033690496027718106,4
Baseline Meta,Local meta query MSE,901,0.14354120194911957,0.01701212546367739,4
Baseline Meta,Local meta query MSE,902,0.13727408275008202,0.025787646307809203,4
Baseline Meta,Local meta query MSE,903,0.15302784368395805,0.03078591634863111,4
Baseline Meta,Local meta query MSE,904,0.13898447901010513,0.035581530450817286,4
Baseline Meta,Local meta query MSE,905,0.14235279709100723,0.029763704171650935,4
Baseline Meta,Local meta query MSE,906,0.15433890372514725,0.009857839092729609,4
Baseline Meta,Local meta query MSE,907,0.14862388372421265,0.02196303514155677,4
Baseline Meta,Local meta query MSE,908,0.16135691851377487,0.031371781713365486,4
Baseline Meta,Local meta query MSE,909,0.1391071267426014,0.03381510666489557,4
Baseline Meta,Local meta query MSE,910,0.15839427709579468,0.0351577032063862,4
Baseline Meta,Local meta query MSE,911,0.1632429137825966,0.020151283096929047,4
Baseline Meta,Local meta query MSE,912,0.16440771892666817,0.024002368534774995,4
Baseline Meta,Local meta query MSE,913,0.12439565174281597,0.012912337699661729,4
Baseline Meta,Local meta query MSE,914,0.14434493891894817,0.02486584231828373,4
Baseline Meta,Local meta query MSE,915,0.16509570181369781,0.035631411492172714,4
Baseline Meta,Local meta query MSE,916,0.1203471589833498,0.02450185799711432,4
Baseline Meta,Local meta query MSE,917,0.16041426733136177,0.02780766254773733,4
Baseline Meta,Local meta query MSE,918,0.14118900895118713,0.022085539540161393,4
Baseline Meta,Local meta query MSE,919,0.15888799540698528,0.037220549150674076,4
Baseline Meta,Local meta query MSE,920,0.1560947634279728,0.02698936553941428,4
Baseline Meta,Local meta query MSE,921,0.14049089699983597,0.042381391037553055,4
Baseline Meta,Local meta query MSE,922,0.15553155913949013,0.02010695627136735,4
Baseline Meta,Local meta query MSE,923,0.14604616351425648,0.025190974275190084,4
Baseline Meta,Local meta query MSE,924,0.13469530642032623,0.03816242258656384,4
Baseline Meta,Local meta query MSE,925,0.15411512926220894,0.03734174400633349,4
Baseline Meta,Local meta query MSE,926,0.16269021853804588,0.0279288792654417,4
Baseline Meta,Local meta query MSE,927,0.14806680381298065,0.026312895423803766,4
Baseline Meta,Local meta query MSE,928,0.13445484265685081,0.03297838293834724,4
Baseline Meta,Local meta query MSE,929,0.13662202470004559,0.016614909645876655,4
Baseline Meta,Local meta query MSE,930,0.15179657377302647,0.03887647708593913,4
Baseline Meta,Local meta query MSE,931,0.1321318857371807,0.03886006412611067,4
Baseline Meta,Local meta query MSE,932,0.1325061023235321,0.010470560342284357,4
Baseline Meta,Local meta query MSE,933,0.1516607627272606,0.015012416110056166,4
Baseline Meta,Local meta query MSE,934,0.156858766451478,0.023411900641525093,4
Baseline Meta,Local meta query MSE,935,0.14438621141016483,0.04178332846025015,4
Baseline Meta,Local meta query MSE,936,0.14871638640761375,0.012412668303355063,4
Baseline Meta,Local meta query MSE,937,0.13690470531582832,0.019756035472019606,4
Baseline Meta,Local meta query MSE,938,0.14915072359144688,0.04188254611926985,4
Baseline Meta,Local meta query MSE,939,0.15421202592551708,0.030759991453039565,4
Baseline Meta,Local meta query MSE,940,0.1356459278613329,0.015048107620178037,4
Baseline Meta,Local meta query MSE,941,0.13998764753341675,0.05683391626806074,4
Baseline Meta,Local meta query MSE,942,0.1596689447760582,0.03497748560483659,4
Baseline Meta,Local meta query MSE,943,0.14865572191774845,0.0505710568230827,4
Baseline Meta,Local meta query MSE,944,0.16116264089941978,0.024828274687101182,4
Baseline Meta,Local meta query MSE,945,0.14348331466317177,0.03977995363995982,4
Baseline Meta,Local meta query MSE,946,0.1231249701231718,0.03557549283963764,4
Baseline Meta,Local meta query MSE,947,0.15452757105231285,0.043828924859320544,4
Baseline Meta,Local meta query MSE,948,0.16221141442656517,0.01723721279382477,4
Baseline Meta,Local meta query MSE,949,0.16627716273069382,0.011563929065431213,4
Baseline Meta,Local meta query MSE,950,0.15107576362788677,0.04318997623503058,4
Baseline Meta,Local meta query MSE,951,0.13601545058190823,0.029880134177144836,4
Baseline Meta,Local meta query MSE,952,0.13115237653255463,0.020522108649269424,4
Baseline Meta,Local meta query MSE,953,0.13595953024923801,0.04047837959938269,4
Baseline Meta,Local meta query MSE,954,0.17059728130698204,0.03964690266983707,4
Baseline Meta,Local meta query MSE,955,0.1358817256987095,0.008954902519964126,4
Baseline Meta,Local meta query MSE,956,0.1408839337527752,0.015178948804839457,4
Baseline Meta,Local meta query MSE,957,0.11548186093568802,0.025104429969113336,4
Baseline Meta,Local meta query MSE,958,0.1612521857023239,0.032920028549473075,4
Baseline Meta,Local meta query MSE,959,0.16248807683587074,0.02318470969332339,4
Baseline Meta,Local meta query MSE,960,0.1237144023180008,0.056032673521104095,4
Baseline Meta,Local meta query MSE,961,0.1642979308962822,0.03595600252633923,4
Baseline Meta,Local meta query MSE,962,0.14273620955646038,0.027735920223879083,4
Baseline Meta,Local meta query MSE,963,0.15968057513237,0.029763136586782358,4
Baseline Meta,Local meta query MSE,964,0.13574158027768135,0.008502658731641518,4
Baseline Meta,Local meta query MSE,965,0.13932572677731514,0.02976664597185468,4
Baseline Meta,Local meta query MSE,966,0.1488526463508606,0.04090056350420201,4
Baseline Meta,Local meta query MSE,967,0.13408776931464672,0.02851086080474256,4
Baseline Meta,Local meta query MSE,968,0.12542777694761753,0.045284731505783236,4
Baseline Meta,Local meta query MSE,969,0.11838378198444843,0.014504805820344649,4
Baseline Meta,Local meta query MSE,970,0.11994093097746372,0.03350576012913552,4
Baseline Meta,Local meta query MSE,971,0.15573805198073387,0.035208667763021895,4
Baseline Meta,Local meta query MSE,972,0.14437196590006351,0.036946259269384114,4
Baseline Meta,Local meta query MSE,973,0.13927248120307922,0.035419330739089344,4
Baseline Meta,Local meta query MSE,974,0.13113962672650814,0.02196316674918205,4
Baseline Meta,Local meta query MSE,975,0.11776462569832802,0.02119497695679936,4
Baseline Meta,Local meta query MSE,976,0.11509680934250355,0.01835276832715106,4
Baseline Meta,Local meta query MSE,977,0.15195300430059433,0.035474205684799365,4
Baseline Meta,Local meta query MSE,978,0.1205444410443306,0.0404709842743204,4
Baseline Meta,Local meta query MSE,979,0.14474627375602722,0.02130311939091609,4
Baseline Meta,Local meta query MSE,980,0.16347696259617805,0.009707708230762939,4
Baseline Meta,Local meta query MSE,981,0.1402028501033783,0.039917000430912515,4
Baseline Meta,Local meta query MSE,982,0.14731783047318459,0.03698115089182134,4
Baseline Meta,Local meta query MSE,983,0.141745300963521,0.03716642724781266,4
Baseline Meta,Local meta query MSE,984,0.13535628467798233,0.02946718952797166,4
Baseline Meta,Local meta query MSE,985,0.15279388800263405,0.030430957574546086,4
Baseline Meta,Local meta query MSE,986,0.15299174934625626,0.04444677856618977,4
Baseline Meta,Local meta query MSE,987,0.13100934028625488,0.039382792291822684,4
Baseline Meta,Local meta query MSE,988,0.1668921262025833,0.03266240590656045,4
Baseline Meta,Local meta query MSE,989,0.14708379283547401,0.014466204295585646,4
Baseline Meta,Local meta query MSE,990,0.13081753253936768,0.029559203032416534,4
Baseline Meta,Local meta query MSE,991,0.13685928285121918,0.022655804105565086,4
Baseline Meta,Local meta query MSE,992,0.1394815556704998,0.039728399331166384,4
Baseline Meta,Local meta query MSE,993,0.15135680697858334,0.03468802700783853,4
Baseline Meta,Local meta query MSE,994,0.14128113724291325,0.030761654139673574,4
Baseline Meta,Local meta query MSE,995,0.12898705527186394,0.011562548145327629,4
Baseline Meta,Local meta query MSE,996,0.168203542008996,0.06435675433837156,4
Baseline Meta,Local meta query MSE,997,0.14485066756606102,0.026253338402427703,4
Baseline Meta,Local meta query MSE,998,0.1405545212328434,0.011499355376860082,4
Baseline Meta,Local meta query MSE,999,0.15336264483630657,0.048533930019594385,4
Baseline Meta,Local meta query MSE,1000,0.1439514271914959,0.040210149987681375,4
Baseline Pretrain,Local pretrain MSE,1,0.4314781129360199,0.022324697117553527,4
Baseline Pretrain,Local pretrain MSE,2,0.4308696314692497,0.02285771959367247,4
Baseline Pretrain,Local pretrain MSE,3,0.4303678795695305,0.022571685248467425,4
Baseline Pretrain,Local pretrain MSE,4,0.42935995757579803,0.02215594909955586,4
Baseline Pretrain,Local pretrain MSE,5,0.42652393132448196,0.022705562625983455,4
Baseline Pretrain,Local pretrain MSE,6,0.4281949922442436,0.01971334427785371,4
Baseline Pretrain,Local pretrain MSE,7,0.4255028963088989,0.022919217222824462,4
Baseline Pretrain,Local pretrain MSE,8,0.42474009841680527,0.021534536747186434,4
Baseline Pretrain,Local pretrain MSE,9,0.422953799366951,0.020608029446339802,4
Baseline Pretrain,Local pretrain MSE,10,0.4220896512269974,0.019729652701864272,4
Baseline Pretrain,Local pretrain MSE,50,0.38393449783325195,0.020382270474528823,4
Baseline Pretrain,Local pretrain MSE,100,0.30428095161914825,0.014843850156889746,4
Baseline Pretrain,Local pretrain MSE,150,0.17083754763007164,0.004270154213148363,4
Baseline Pretrain,Local pretrain MSE,200,0.12302535027265549,0.0102135848322794,4
Baseline Pretrain,Local pretrain MSE,250,0.1236265953630209,0.010243788003886617,4
Baseline Pretrain,Local pretrain MSE,300,0.11722115986049175,0.012458247531933237,4
Baseline Pretrain,Local pretrain MSE,350,0.11214529722929001,0.016445785706435394,4
Baseline Pretrain,Local pretrain MSE,400,0.10744883492588997,0.012647667891794124,4
Baseline Pretrain,Local pretrain MSE,450,0.10109787806868553,0.013759510691672043,4
Baseline Pretrain,Local pretrain MSE,500,0.08969690091907978,0.01228976537677269,4
Baseline Pretrain,Local pretrain MSE,550,0.08235574886202812,0.005627496519415307,4
Baseline Pretrain,Local pretrain MSE,600,0.07142416387796402,0.003930530327542324,4
Baseline Pretrain,Local pretrain MSE,650,0.07046682201325893,0.004786167684415951,4
Baseline Pretrain,Local pretrain MSE,700,0.06238749250769615,0.001027373632338663,4
Baseline Pretrain,Local pretrain MSE,750,0.05621553398668766,0.004920308915098434,4
Baseline Pretrain,Local pretrain MSE,800,0.055866061709821224,0.003788071548442767,4
Baseline Pretrain,Local pretrain MSE,850,0.05222474504262209,0.003423627352538576,4
Baseline Pretrain,Local pretrain MSE,900,0.04922697972506285,0.0041132563837973,4
Baseline Pretrain,Local pretrain MSE,950,0.04625746514648199,0.001999652786564262,4
Baseline Pretrain,Local pretrain MSE,1000,0.04605232272297144,0.004195123764649901,4
Selective Fed Meta,Legacy candidate query MSE,1,0.1294118924997747,0.020535860905587667,16
Selective Fed Meta,Legacy candidate query MSE,2,0.12721662875264883,0.015516416584631886,16
Selective Fed Meta,Legacy candidate query MSE,3,0.1316708936356008,0.021486124911261277,16
Selective Fed Meta,Legacy candidate query MSE,4,0.12956989463418722,0.02028810210966157,16
Selective Fed Meta,Legacy candidate query MSE,5,0.12504038168117404,0.02306863736465234,16
Selective Fed Meta,Legacy candidate query MSE,6,0.11811460321769118,0.018034215612219625,16
Selective Fed Meta,Legacy candidate query MSE,7,0.12735002022236586,0.024402602999292054,16
Selective Fed Meta,Legacy candidate query MSE,8,0.11028176313266158,0.021585475955391138,16
Selective Fed Meta,Legacy candidate query MSE,9,0.11536995135247707,0.01732236783403587,16
Selective Fed Meta,Legacy candidate query MSE,10,0.12795221712440252,0.0317693677038084,16
Selective Fed Meta,Legacy candidate query MSE,11,0.12006394192576408,0.017229234684393968,16
Selective Fed Meta,Legacy candidate query MSE,12,0.12089597806334496,0.029528754727938065,16
Selective Fed Meta,Legacy candidate query MSE,13,0.10826165927574039,0.02237471661147016,16
Selective Fed Meta,Legacy candidate query MSE,14,0.10448154341429472,0.020658284284506872,16
Selective Fed Meta,Legacy candidate query MSE,15,0.12896038312464952,0.0348083119074527,16
Selective Fed Meta,Legacy candidate query MSE,16,0.11213918263092637,0.026653061758679496,16
Selective Fed Meta,Legacy candidate query MSE,17,0.10148062836378813,0.014438439128925246,16
Selective Fed Meta,Legacy candidate query MSE,18,0.11133059021085501,0.031174841300518452,16
Selective Fed Meta,Legacy candidate query MSE,19,0.10134672606363893,0.01587917260893285,16
Selective Fed Meta,Legacy candidate query MSE,20,0.11788005009293556,0.04488384993058967,16
Selective Fed Meta,Legacy candidate query MSE,21,0.13590983441099524,0.04658391195834373,16
Selective Fed Meta,Legacy candidate query MSE,22,0.12660541757941246,0.048838197622136786,16
Selective Fed Meta,Legacy candidate query MSE,23,0.09713658317923546,0.020242521773211966,16
Selective Fed Meta,Legacy candidate query MSE,24,0.10144113330170512,0.016919192754176138,16
Selective Fed Meta,Legacy candidate query MSE,25,0.1025706809014082,0.033331712149727216,16
Selective Fed Meta,Legacy candidate query MSE,26,0.12337581254541874,0.05229485008331997,16
Selective Fed Meta,Legacy candidate query MSE,27,0.10979606118053198,0.05116705004477238,16
Selective Fed Meta,Legacy candidate query MSE,28,0.11466599884442985,0.057035239273364076,16
Selective Fed Meta,Legacy candidate query MSE,29,0.10448592342436314,0.04657886238376947,16
Selective Fed Meta,Legacy candidate query MSE,30,0.09282893477939069,0.02594049745362504,16
Selective Fed Meta,Legacy candidate query MSE,31,0.1019208705984056,0.03619265826734387,16
Selective Fed Meta,Legacy candidate query MSE,32,0.11058437963947654,0.04626080670682987,16
Selective Fed Meta,Legacy candidate query MSE,33,0.13861161470413208,0.06523111370092322,16
Selective Fed Meta,Legacy candidate query MSE,34,0.0948945670388639,0.02769076100554452,16
Selective Fed Meta,Legacy candidate query MSE,35,0.12196152051910758,0.0500056540234895,16
Selective Fed Meta,Legacy candidate query MSE,36,0.10660955146886408,0.05734011545334606,16
Selective Fed Meta,Legacy candidate query MSE,37,0.10234991437755525,0.03538859197002628,16
Selective Fed Meta,Legacy candidate query MSE,38,0.11680321441963315,0.06476901926084423,16
Selective Fed Meta,Legacy candidate query MSE,39,0.10265579354017973,0.05255830909355956,16
Selective Fed Meta,Legacy candidate query MSE,40,0.12182676652446389,0.05071585048520559,16
Selective Fed Meta,Legacy candidate query MSE,41,0.09405004093423486,0.022637317349713203,16
Selective Fed Meta,Legacy candidate query MSE,42,0.12224961863830686,0.080539498611278,16
Selective Fed Meta,Legacy candidate query MSE,43,0.10910245566628873,0.05244355070704872,16
Selective Fed Meta,Legacy candidate query MSE,44,0.12411660514771938,0.047295818041130644,16
Selective Fed Meta,Legacy candidate query MSE,45,0.10591132799163461,0.035292103090503485,16
Selective Fed Meta,Legacy candidate query MSE,46,0.13994469493627548,0.08307468440654801,16
Selective Fed Meta,Legacy candidate query MSE,47,0.1383143845014274,0.07716536867985142,16
Selective Fed Meta,Legacy candidate query MSE,48,0.11153321759775281,0.06288238804173604,16
Selective Fed Meta,Legacy candidate query MSE,49,0.11076125432737172,0.050703883990925826,16
Selective Fed Meta,Legacy candidate query MSE,50,0.12147049652412534,0.06495122618377239,16
Selective Fed Meta,Legacy candidate query MSE,51,0.09807907766662538,0.03509616404722893,16
Selective Fed Meta,Legacy candidate query MSE,52,0.10522775165736675,0.0364658063885563,16
Selective Fed Meta,Legacy candidate query MSE,53,0.0953890890814364,0.04949182412908542,16
Selective Fed Meta,Legacy candidate query MSE,54,0.137669199379161,0.08946762006735365,16
Selective Fed Meta,Legacy candidate query MSE,55,0.0975695860106498,0.0405717345691872,16
Selective Fed Meta,Legacy candidate query MSE,56,0.12492925487458706,0.04810017924782087,16
Selective Fed Meta,Legacy candidate query MSE,57,0.12218378763645887,0.044807448867595884,16
Selective Fed Meta,Legacy candidate query MSE,58,0.14858302171342075,0.06654858704899327,16
Selective Fed Meta,Legacy candidate query MSE,59,0.11479581682942808,0.05710810607205585,16
Selective Fed Meta,Legacy candidate query MSE,60,0.11288862838409841,0.05714851223611078,16
Selective Fed Meta,Legacy candidate query MSE,61,0.09508333681151271,0.045129160681860424,16
Selective Fed Meta,Legacy candidate query MSE,62,0.11286791693419218,0.05170377856043712,16
Selective Fed Meta,Legacy candidate query MSE,63,0.11226970539428294,0.05429953097998318,16
Selective Fed Meta,Legacy candidate query MSE,64,0.12650096835568547,0.05710198321094956,16
Selective Fed Meta,Legacy candidate query MSE,65,0.13312642090022564,0.0720785885556325,16
Selective Fed Meta,Legacy candidate query MSE,66,0.1163692541886121,0.06363883862999303,16
Selective Fed Meta,Legacy candidate query MSE,67,0.11951848631724715,0.06047089618850081,16
Selective Fed Meta,Legacy candidate query MSE,68,0.13372539123520255,0.05797465883123463,16
Selective Fed Meta,Legacy candidate query MSE,69,0.11321728816255927,0.052515452027717645,16
Selective Fed Meta,Legacy candidate query MSE,70,0.10106094600632787,0.039094059904130354,16
Selective Fed Meta,Legacy candidate query MSE,71,0.11493259551934898,0.04444137325530247,16
Selective Fed Meta,Legacy candidate query MSE,72,0.1463601216673851,0.07166024144155482,16
Selective Fed Meta,Legacy candidate query MSE,73,0.10952932969667017,0.050160561427528505,16
Selective Fed Meta,Legacy candidate query MSE,74,0.09675660589709878,0.05884527595043296,16
Selective Fed Meta,Legacy candidate query MSE,75,0.1356120533309877,0.06215693364741899,16
Selective Fed Meta,Legacy candidate query MSE,76,0.1316921692341566,0.07054060038187436,16
Selective Fed Meta,Legacy candidate query MSE,77,0.11915277317166328,0.06351330251579476,16
Selective Fed Meta,Legacy candidate query MSE,78,0.12934672087430954,0.07296852764283801,16
Selective Fed Meta,Legacy candidate query MSE,79,0.12147333822213113,0.060855943158192795,16
Selective Fed Meta,Legacy candidate query MSE,80,0.11078420886769891,0.04950496285069143,16
Selective Fed Meta,Legacy candidate query MSE,81,0.09279661858454347,0.03145354802460213,16
Selective Fed Meta,Legacy candidate query MSE,82,0.09187520015984774,0.03726074136998666,16
Selective Fed Meta,Legacy candidate query MSE,83,0.10153371328487992,0.028841707345314813,16
Selective Fed Meta,Legacy candidate query MSE,84,0.10197847662493587,0.041239328653483995,16
Selective Fed Meta,Legacy candidate query MSE,85,0.10897055803798139,0.05805195310712124,16
Selective Fed Meta,Legacy candidate query MSE,86,0.10887019615620375,0.062489956017563235,16
Selective Fed Meta,Legacy candidate query MSE,87,0.10941587248817086,0.045832636796733515,16
Selective Fed Meta,Legacy candidate query MSE,88,0.10743144690059125,0.05971571741060975,16
Selective Fed Meta,Legacy candidate query MSE,89,0.09512164583429694,0.03727802353407232,16
Selective Fed Meta,Legacy candidate query MSE,90,0.12740164622664452,0.05499351970660822,16
Selective Fed Meta,Legacy candidate query MSE,91,0.12951022200286388,0.054915032322193996,16
Selective Fed Meta,Legacy candidate query MSE,92,0.11877148482017219,0.0608451448681961,16
Selective Fed Meta,Legacy candidate query MSE,93,0.1145770545117557,0.059598633952617705,16
Selective Fed Meta,Legacy candidate query MSE,94,0.10944656073115766,0.05111871847151909,16
Selective Fed Meta,Legacy candidate query MSE,95,0.1261931541375816,0.06455676292185751,16
Selective Fed Meta,Legacy candidate query MSE,96,0.12777690449729562,0.06127931822138216,16
Selective Fed Meta,Legacy candidate query MSE,97,0.11567688221111894,0.037369046384946696,16
Selective Fed Meta,Legacy candidate query MSE,98,0.14130586781539023,0.0567818464093942,16
Selective Fed Meta,Legacy candidate query MSE,99,0.12233340786769986,0.06879250580938713,16
Selective Fed Meta,Legacy candidate query MSE,100,0.12313672760501504,0.05656376055806201,16
Selective Fed Meta,Legacy candidate query MSE,101,0.08829972404055297,0.02144327412134189,16
Selective Fed Meta,Legacy candidate query MSE,102,0.12813573656603694,0.0687881649830509,16
Selective Fed Meta,Legacy candidate query MSE,103,0.14284026925452054,0.06625415901886031,16
Selective Fed Meta,Legacy candidate query MSE,104,0.11200468591414392,0.06340398196736563,16
Selective Fed Meta,Legacy candidate query MSE,105,0.13411389337852597,0.07773338400352137,16
Selective Fed Meta,Legacy candidate query MSE,106,0.13165900064632297,0.06913843232865399,16
Selective Fed Meta,Legacy candidate query MSE,107,0.1324513116851449,0.06389857268282022,16
Selective Fed Meta,Legacy candidate query MSE,108,0.10354592860676348,0.040484447010508386,16
Selective Fed Meta,Legacy candidate query MSE,109,0.09119666088372469,0.023553741424395626,16
Selective Fed Meta,Legacy candidate query MSE,110,0.14141494245268404,0.08395587889717548,16
Selective Fed Meta,Legacy candidate query MSE,111,0.12554086185991764,0.07816787700543587,16
Selective Fed Meta,Legacy candidate query MSE,112,0.131951097631827,0.08607247348698187,16
Selective Fed Meta,Legacy candidate query MSE,113,0.12968054274097085,0.07203100523908089,16
Selective Fed Meta,Legacy candidate query MSE,114,0.13167200586758554,0.08186085475491924,16
Selective Fed Meta,Legacy candidate query MSE,115,0.1527796806767583,0.09266490649434643,16
Selective Fed Meta,Legacy candidate query MSE,116,0.10734412679448724,0.0503014613423758,16
Selective Fed Meta,Legacy candidate query MSE,117,0.11828722315840423,0.05910164243065651,16
Selective Fed Meta,Legacy candidate query MSE,118,0.10436156205832958,0.03681940374610107,16
Selective Fed Meta,Legacy candidate query MSE,119,0.1056349677965045,0.05417651458766441,16
Selective Fed Meta,Legacy candidate query MSE,120,0.10738274594768882,0.05624676580239531,16
Selective Fed Meta,Legacy candidate query MSE,121,0.11235274816863239,0.05379215537179576,16
Selective Fed Meta,Legacy candidate query MSE,122,0.10139536252245307,0.042849049708704234,16
Selective Fed Meta,Legacy candidate query MSE,123,0.121138900751248,0.050385577299030135,16
Selective Fed Meta,Legacy candidate query MSE,124,0.09794890368357301,0.029078420261259064,16
Selective Fed Meta,Legacy candidate query MSE,125,0.11474141012877226,0.06160724101887699,16
Selective Fed Meta,Legacy candidate query MSE,126,0.11800970090553164,0.05893549172873541,16
Selective Fed Meta,Legacy candidate query MSE,127,0.09111813269555569,0.026749141816572057,16
Selective Fed Meta,Legacy candidate query MSE,128,0.09382253349758685,0.033081684418457886,16
Selective Fed Meta,Legacy candidate query MSE,129,0.1004435084760189,0.052848239122898426,16
Selective Fed Meta,Legacy candidate query MSE,130,0.12113300175406039,0.05509606990759929,16
Selective Fed Meta,Legacy candidate query MSE,131,0.12626756262034178,0.04855962706979113,16
Selective Fed Meta,Legacy candidate query MSE,132,0.12824235460720956,0.08098472998315752,16
Selective Fed Meta,Legacy candidate query MSE,133,0.11658358853310347,0.05805914181971421,16
Selective Fed Meta,Legacy candidate query MSE,134,0.0956087401136756,0.02924149255975081,16
Selective Fed Meta,Legacy candidate query MSE,135,0.11828068783506751,0.05088854477209171,16
Selective Fed Meta,Legacy candidate query MSE,136,0.10924130212515593,0.05594273959839509,16
Selective Fed Meta,Legacy candidate query MSE,137,0.13036530278623104,0.0793125851784646,16
Selective Fed Meta,Legacy candidate query MSE,138,0.09763801447115839,0.051909976054927025,16
Selective Fed Meta,Legacy candidate query MSE,139,0.10436012409627438,0.037270730924609585,16
Selective Fed Meta,Legacy candidate query MSE,140,0.1020993439015001,0.08211631866749804,16
Selective Fed Meta,Legacy candidate query MSE,141,0.11621490307152271,0.05430037620643586,16
Selective Fed Meta,Legacy candidate query MSE,142,0.10277025657705963,0.07621404918262431,16
Selective Fed Meta,Legacy candidate query MSE,143,0.10020127845928073,0.03211973909462316,16
Selective Fed Meta,Legacy candidate query MSE,144,0.12183132139034569,0.06734695742832952,16
Selective Fed Meta,Legacy candidate query MSE,145,0.12350654904730618,0.05304310226642151,16
Selective Fed Meta,Legacy candidate query MSE,146,0.10643123323097825,0.05125657419582128,16
Selective Fed Meta,Legacy candidate query MSE,147,0.1135702901519835,0.03533588895408272,16
Selective Fed Meta,Legacy candidate query MSE,148,0.09307187772355974,0.03675607443204602,16
Selective Fed Meta,Legacy candidate query MSE,149,0.09596734121441841,0.03208934552063659,16
Selective Fed Meta,Legacy candidate query MSE,150,0.13445986295118928,0.07875598451757367,16
Selective Fed Meta,Legacy candidate query MSE,151,0.1070374883711338,0.04414683802381019,16
Selective Fed Meta,Legacy candidate query MSE,152,0.12790216598659754,0.06324472389988654,16
Selective Fed Meta,Legacy candidate query MSE,153,0.1053946795873344,0.03966645689058511,16
Selective Fed Meta,Legacy candidate query MSE,154,0.1263171040918678,0.054153988187529714,16
Selective Fed Meta,Legacy candidate query MSE,155,0.13864759099669755,0.06823285810049816,16
Selective Fed Meta,Legacy candidate query MSE,156,0.10614734049886465,0.05769082449063541,16
Selective Fed Meta,Legacy candidate query MSE,157,0.09408530103974044,0.030077816619812184,16
Selective Fed Meta,Legacy candidate query MSE,158,0.12665547477081418,0.061888650930154436,16
Selective Fed Meta,Legacy candidate query MSE,159,0.10076377098448575,0.049430374695979835,16
Selective Fed Meta,Legacy candidate query MSE,160,0.10363414790481329,0.04397746446547513,16
Selective Fed Meta,Legacy candidate query MSE,161,0.10896503017283976,0.07229824163972559,16
Selective Fed Meta,Legacy candidate query MSE,162,0.13535723672248423,0.08709178898608728,16
Selective Fed Meta,Legacy candidate query MSE,163,0.09908708138391376,0.035807084636094215,16
Selective Fed Meta,Legacy candidate query MSE,164,0.11159770470112562,0.045704094911632735,16
Selective Fed Meta,Legacy candidate query MSE,165,0.09274723776616156,0.03800799768040121,16
Selective Fed Meta,Legacy candidate query MSE,166,0.10685639502480626,0.02903601634903598,16
Selective Fed Meta,Legacy candidate query MSE,167,0.1136232279241085,0.05565819404321308,16
Selective Fed Meta,Legacy candidate query MSE,168,0.09388564224354923,0.038892417356309994,16
Selective Fed Meta,Legacy candidate query MSE,169,0.10780651844106615,0.03953876594568003,16
Selective Fed Meta,Legacy candidate query MSE,170,0.11739156814292073,0.0460868603843167,16
Selective Fed Meta,Legacy candidate query MSE,171,0.12758363643661141,0.05359058342410015,16
Selective Fed Meta,Legacy candidate query MSE,172,0.13665667758323252,0.08684614684233267,16
Selective Fed Meta,Legacy candidate query MSE,173,0.11358432145789266,0.06724251253582168,16
Selective Fed Meta,Legacy candidate query MSE,174,0.14121000817976892,0.06783668959974341,16
Selective Fed Meta,Legacy candidate query MSE,175,0.11857338901609182,0.06537381868600947,16
Selective Fed Meta,Legacy candidate query MSE,176,0.11857901397161186,0.053755300032176496,16
Selective Fed Meta,Legacy candidate query MSE,177,0.08946598647162318,0.03642465521218957,16
Selective Fed Meta,Legacy candidate query MSE,178,0.1137290233746171,0.04165057258562097,16
Selective Fed Meta,Legacy candidate query MSE,179,0.114805793389678,0.056050232387788834,16
Selective Fed Meta,Legacy candidate query MSE,180,0.12764772726222873,0.061801362366708086,16
Selective Fed Meta,Legacy candidate query MSE,181,0.10370280360803008,0.05222353506755065,16
Selective Fed Meta,Legacy candidate query MSE,182,0.11341200908645988,0.044477504480805265,16
Selective Fed Meta,Legacy candidate query MSE,183,0.11160724144428968,0.06817559981926331,16
Selective Fed Meta,Legacy candidate query MSE,184,0.10285881953313947,0.03708729197434471,16
Selective Fed Meta,Legacy candidate query MSE,185,0.141173311509192,0.06870428103131676,16
Selective Fed Meta,Legacy candidate query MSE,186,0.09482664382085204,0.027345660504424992,16
Selective Fed Meta,Legacy candidate query MSE,187,0.10101396916434169,0.03511439983412273,16
Selective Fed Meta,Legacy candidate query MSE,188,0.14097658381797373,0.09146346375794538,16
Selective Fed Meta,Legacy candidate query MSE,189,0.11146735912188888,0.05673508433886932,16
Selective Fed Meta,Legacy candidate query MSE,190,0.10330406203866005,0.031848327357520974,16
Selective Fed Meta,Legacy candidate query MSE,191,0.08972392720170319,0.035100915225401416,16
Selective Fed Meta,Legacy candidate query MSE,192,0.11671237275004387,0.05695108928933181,16
Selective Fed Meta,Legacy candidate query MSE,193,0.09533625817857683,0.048663463203768846,16
Selective Fed Meta,Legacy candidate query MSE,194,0.11322355503216386,0.053785158521816666,16
Selective Fed Meta,Legacy candidate query MSE,195,0.13156555057503283,0.06962450134150346,16
Selective Fed Meta,Legacy candidate query MSE,196,0.09470811183564365,0.02799263679424937,16
Selective Fed Meta,Legacy candidate query MSE,197,0.12416087975725532,0.059641523164231006,16
Selective Fed Meta,Legacy candidate query MSE,198,0.12902108393609524,0.07172321550026833,16
Selective Fed Meta,Legacy candidate query MSE,199,0.09038120391778648,0.0313920477676921,16
Selective Fed Meta,Legacy candidate query MSE,200,0.11834737844765186,0.0586023788940758,16
Selective Fed Meta,Legacy candidate query MSE,201,0.1141941393725574,0.04929492672158771,16
Selective Fed Meta,Legacy candidate query MSE,202,0.10495344316586852,0.03815945918267948,16
Selective Fed Meta,Legacy candidate query MSE,203,0.10934716463088989,0.05453907272821935,16
Selective Fed Meta,Legacy candidate query MSE,204,0.11390199372544885,0.04982445291009196,16
Selective Fed Meta,Legacy candidate query MSE,205,0.10281357425265014,0.03153829644160906,16
Selective Fed Meta,Legacy candidate query MSE,206,0.11034882254898548,0.05717669500745359,16
Selective Fed Meta,Legacy candidate query MSE,207,0.10911875544115901,0.054073625855430275,16
Selective Fed Meta,Legacy candidate query MSE,208,0.1104637160897255,0.04036097546510084,16
Selective Fed Meta,Legacy candidate query MSE,209,0.10578141524456441,0.047667682509561306,16
Selective Fed Meta,Legacy candidate query MSE,210,0.10985827958211303,0.05067141123366591,16
Selective Fed Meta,Legacy candidate query MSE,211,0.1380028985440731,0.08202206505160141,16
Selective Fed Meta,Legacy candidate query MSE,212,0.12480918830260634,0.04880424129947271,16
Selective Fed Meta,Legacy candidate query MSE,213,0.10349550866521895,0.034401040087693215,16
Selective Fed Meta,Legacy candidate query MSE,214,0.14338392368517816,0.09589536969340107,16
Selective Fed Meta,Legacy candidate query MSE,215,0.1002032074611634,0.04197666737628341,16
Selective Fed Meta,Legacy candidate query MSE,216,0.11347748036496341,0.05581497730832864,16
Selective Fed Meta,Legacy candidate query MSE,217,0.11597640486434102,0.06467845175866913,16
Selective Fed Meta,Legacy candidate query MSE,218,0.1260047508403659,0.07668239650179022,16
Selective Fed Meta,Legacy candidate query MSE,219,0.11108335154131055,0.05313216409535385,16
Selective Fed Meta,Legacy candidate query MSE,220,0.1406739973463118,0.08197244392668851,16
Selective Fed Meta,Legacy candidate query MSE,221,0.12967449892312288,0.06074332018964447,16
Selective Fed Meta,Legacy candidate query MSE,222,0.10671821562573314,0.043982105241869345,16
Selective Fed Meta,Legacy candidate query MSE,223,0.11546675837598741,0.07263150998326418,16
Selective Fed Meta,Legacy candidate query MSE,224,0.11994296940974891,0.061057990467370975,16
Selective Fed Meta,Legacy candidate query MSE,225,0.09703896916471422,0.030048231208183483,16
Selective Fed Meta,Legacy candidate query MSE,226,0.10465702647343278,0.038001621664052423,16
Selective Fed Meta,Legacy candidate query MSE,227,0.1352784582413733,0.06158651177905215,16
Selective Fed Meta,Legacy candidate query MSE,228,0.1301900625694543,0.06385811717878881,16
Selective Fed Meta,Legacy candidate query MSE,229,0.11713998764753342,0.041317701992880554,16
Selective Fed Meta,Legacy candidate query MSE,230,0.13402940868400037,0.08112608603162237,16
Selective Fed Meta,Legacy candidate query MSE,231,0.08955619391053915,0.03451010670572353,16
Selective Fed Meta,Legacy candidate query MSE,232,0.12125897593796253,0.067285905500681,16
Selective Fed Meta,Legacy candidate query MSE,233,0.11057969415560365,0.05760848821280567,16
Selective Fed Meta,Legacy candidate query MSE,234,0.10950381704606116,0.053046518258444884,16
Selective Fed Meta,Legacy candidate query MSE,235,0.13861135463230312,0.07649404685977723,16
Selective Fed Meta,Legacy candidate query MSE,236,0.11389471869915724,0.038745583937320534,16
Selective Fed Meta,Legacy candidate query MSE,237,0.13245310122147202,0.08026532115503689,16
Selective Fed Meta,Legacy candidate query MSE,238,0.1274781827814877,0.05750604316305293,16
Selective Fed Meta,Legacy candidate query MSE,239,0.1099536552792415,0.05909582027054631,16
Selective Fed Meta,Legacy candidate query MSE,240,0.11506343027576804,0.05024964902874876,16
Selective Fed Meta,Legacy candidate query MSE,241,0.09373938175849617,0.03630491922625745,16
Selective Fed Meta,Legacy candidate query MSE,242,0.09981062123551965,0.04898517724914112,16
Selective Fed Meta,Legacy candidate query MSE,243,0.1003824679646641,0.03857687062941766,16
Selective Fed Meta,Legacy candidate query MSE,244,0.09807760524563491,0.03367589603880352,16
Selective Fed Meta,Legacy candidate query MSE,245,0.12051286059431732,0.06847272273821267,16
Selective Fed Meta,Legacy candidate query MSE,246,0.1369134532287717,0.0711100092370312,16
Selective Fed Meta,Legacy candidate query MSE,247,0.08813692699186504,0.023511845191530895,16
Selective Fed Meta,Legacy candidate query MSE,248,0.11636525904759765,0.05999385129748682,16
Selective Fed Meta,Legacy candidate query MSE,249,0.1013727355748415,0.04040872230662216,16
Selective Fed Meta,Legacy candidate query MSE,250,0.11932668788358569,0.04747728813791249,16
Selective Fed Meta,Legacy candidate query MSE,251,0.12419048883020878,0.0684226207759693,16
Selective Fed Meta,Legacy candidate query MSE,252,0.12255829619243741,0.05727456506656936,16
Selective Fed Meta,Legacy candidate query MSE,253,0.10312067554332316,0.05936437665441787,16
Selective Fed Meta,Legacy candidate query MSE,254,0.10097575653344393,0.034118926170484766,16
Selective Fed Meta,Legacy candidate query MSE,255,0.10255270265042782,0.03733406720084258,16
Selective Fed Meta,Legacy candidate query MSE,256,0.10697452584281564,0.0514287129241898,16
Selective Fed Meta,Legacy candidate query MSE,257,0.13035132037475705,0.0533025378026511,16
Selective Fed Meta,Legacy candidate query MSE,258,0.12010892760008574,0.051282020274060224,16
Selective Fed Meta,Legacy candidate query MSE,259,0.09929257445037365,0.02929510406064743,16
Selective Fed Meta,Legacy candidate query MSE,260,0.13246308593079448,0.07213479041039224,16
Selective Fed Meta,Legacy candidate query MSE,261,0.129321034764871,0.05697797018202805,16
Selective Fed Meta,Legacy candidate query MSE,262,0.10555591061711311,0.03461797065185875,16
Selective Fed Meta,Legacy candidate query MSE,263,0.12112918868660927,0.04284796603125972,16
Selective Fed Meta,Legacy candidate query MSE,264,0.12010673270560801,0.04452150164336507,16
Selective Fed Meta,Legacy candidate query MSE,265,0.11361987190321088,0.06093045384469882,16
Selective Fed Meta,Legacy candidate query MSE,266,0.10840468225069344,0.05715663835362727,16
Selective Fed Meta,Legacy candidate query MSE,267,0.09479547012597322,0.040500379378359305,16
Selective Fed Meta,Legacy candidate query MSE,268,0.09518914250656962,0.03644105691903315,16
Selective Fed Meta,Legacy candidate query MSE,269,0.08821605076082051,0.049610672231733884,16
Selective Fed Meta,Legacy candidate query MSE,270,0.12333527952432632,0.05831260795820732,16
Selective Fed Meta,Legacy candidate query MSE,271,0.10804589278995991,0.059750001942441906,16
Selective Fed Meta,Legacy candidate query MSE,272,0.09850350138731301,0.042081246571669215,16
Selective Fed Meta,Legacy candidate query MSE,273,0.11456840950995684,0.056696197287505724,16
Selective Fed Meta,Legacy candidate query MSE,274,0.12679477594792843,0.046833909655036914,16
Selective Fed Meta,Legacy candidate query MSE,275,0.10018911748193204,0.0423811737792252,16
Selective Fed Meta,Legacy candidate query MSE,276,0.11308142682537436,0.060116715617049746,16
Selective Fed Meta,Legacy candidate query MSE,277,0.1155433023814112,0.05595209703283015,16
Selective Fed Meta,Legacy candidate query MSE,278,0.0969557601492852,0.029374970931266498,16
Selective Fed Meta,Legacy candidate query MSE,279,0.12870415626093745,0.06780596425684446,16
Selective Fed Meta,Legacy candidate query MSE,280,0.11747703514993191,0.06146413345002603,16
Selective Fed Meta,Legacy candidate query MSE,281,0.11591394536662847,0.06802932299771268,16
Selective Fed Meta,Legacy candidate query MSE,282,0.11603933339938521,0.06169242577601324,16
Selective Fed Meta,Legacy candidate query MSE,283,0.09690620983019471,0.03660469234349196,16
Selective Fed Meta,Legacy candidate query MSE,284,0.1261787263210863,0.05739120126779591,16
Selective Fed Meta,Legacy candidate query MSE,285,0.11574542289599776,0.06517205724858698,16
Selective Fed Meta,Legacy candidate query MSE,286,0.09009546833112836,0.03642493961976039,16
Selective Fed Meta,Legacy candidate query MSE,287,0.10813258378766477,0.052310050614728765,16
Selective Fed Meta,Legacy candidate query MSE,288,0.13132039131596684,0.08276892858720962,16
Selective Fed Meta,Legacy candidate query MSE,289,0.11298946221359074,0.0746501860428961,16
Selective Fed Meta,Legacy candidate query MSE,290,0.10915257968008518,0.0468700822157365,16
Selective Fed Meta,Legacy candidate query MSE,291,0.11800912325270474,0.0420076450525647,16
Selective Fed Meta,Legacy candidate query MSE,292,0.10639181639999151,0.040134279596407474,16
Selective Fed Meta,Legacy candidate query MSE,293,0.1093329144641757,0.03206164202028307,16
Selective Fed Meta,Legacy candidate query MSE,294,0.12964710895903409,0.08520309558119006,16
Selective Fed Meta,Legacy candidate query MSE,295,0.13872411008924246,0.0755201542915941,16
Selective Fed Meta,Legacy candidate query MSE,296,0.09985956083983183,0.024783138801037722,16
Selective Fed Meta,Legacy candidate query MSE,297,0.10852487315423787,0.04444062711391491,16
Selective Fed Meta,Legacy candidate query MSE,298,0.10646950243972242,0.040601019398549966,16
Selective Fed Meta,Legacy candidate query MSE,299,0.09502632217481732,0.0349407181158554,16
Selective Fed Meta,Legacy candidate query MSE,300,0.10198515537194908,0.046712985358035045,16
Selective Fed Meta,Legacy candidate query MSE,301,0.10666503431275487,0.044088991242421036,16
Selective Fed Meta,Legacy candidate query MSE,302,0.13722354685887694,0.06897561899748676,16
Selective Fed Meta,Legacy candidate query MSE,303,0.12173468875698745,0.06879547188315516,16
Selective Fed Meta,Legacy candidate query MSE,304,0.10556692234240472,0.053461147439639846,16
Selective Fed Meta,Legacy candidate query MSE,305,0.10664840671233833,0.05284465849332942,16
Selective Fed Meta,Legacy candidate query MSE,306,0.11640725587494671,0.05790890403915597,16
Selective Fed Meta,Legacy candidate query MSE,307,0.10221691825427115,0.05283958362714512,16
Selective Fed Meta,Legacy candidate query MSE,308,0.13998887315392494,0.073223657388456,16
Selective Fed Meta,Legacy candidate query MSE,309,0.11751348152756691,0.047141840303638584,16
Selective Fed Meta,Legacy candidate query MSE,310,0.1278665205463767,0.06379025590166457,16
Selective Fed Meta,Legacy candidate query MSE,311,0.12038293504156172,0.06045767851979999,16
Selective Fed Meta,Legacy candidate query MSE,312,0.14828444458544254,0.08134740102536457,16
Selective Fed Meta,Legacy candidate query MSE,313,0.11598361097276211,0.050441652336331286,16
Selective Fed Meta,Legacy candidate query MSE,314,0.12645107647404075,0.05136668743420746,16
Selective Fed Meta,Legacy candidate query MSE,315,0.09885906940326095,0.04031029421260895,16
Selective Fed Meta,Legacy candidate query MSE,316,0.11100658727809787,0.03738010193037365,16
Selective Fed Meta,Legacy candidate query MSE,317,0.12506748479790986,0.0834240750103585,16
Selective Fed Meta,Legacy candidate query MSE,318,0.1107091975864023,0.05964226250189812,16
Selective Fed Meta,Legacy candidate query MSE,319,0.11781321140006185,0.06159814303758645,16
Selective Fed Meta,Legacy candidate query MSE,320,0.10951074003241956,0.05865933634124805,16
Selective Fed Meta,Legacy candidate query MSE,321,0.13675470394082367,0.07509461296215009,16
Selective Fed Meta,Legacy candidate query MSE,322,0.1285876021720469,0.060357644305139777,16
Selective Fed Meta,Legacy candidate query MSE,323,0.13479557284153998,0.06735178473645198,16
Selective Fed Meta,Legacy candidate query MSE,324,0.12702432624064386,0.07691818172539096,16
Selective Fed Meta,Legacy candidate query MSE,325,0.11479904921725392,0.06224382968558957,16
Selective Fed Meta,Legacy candidate query MSE,326,0.11073173000477254,0.045788548513377283,16
Selective Fed Meta,Legacy candidate query MSE,327,0.13973345118574798,0.06164675239613229,16
Selective Fed Meta,Legacy candidate query MSE,328,0.11267034476622939,0.06400908034549872,16
Selective Fed Meta,Legacy candidate query MSE,329,0.11097866063937545,0.03824911667092685,16
Selective Fed Meta,Legacy candidate query MSE,330,0.10937698092311621,0.04940818242614643,16
Selective Fed Meta,Legacy candidate query MSE,331,0.1303586633875966,0.07394637511546877,16
Selective Fed Meta,Legacy candidate query MSE,332,0.1237408893648535,0.05812147789042536,16
Selective Fed Meta,Legacy candidate query MSE,333,0.12542549544014037,0.0641717206356331,16
Selective Fed Meta,Legacy candidate query MSE,334,0.11729961819946766,0.057482764153302106,16
Selective Fed Meta,Legacy candidate query MSE,335,0.0889963733498007,0.03475146221740409,16
Selective Fed Meta,Legacy candidate query MSE,336,0.12288995645940304,0.06897282880266191,16
Selective Fed Meta,Legacy candidate query MSE,337,0.11144012841396034,0.054627105857169664,16
Selective Fed Meta,Legacy candidate query MSE,338,0.13565466227009892,0.0814544612732198,16
Selective Fed Meta,Legacy candidate query MSE,339,0.11776668205857277,0.05156414212102866,16
Selective Fed Meta,Legacy candidate query MSE,340,0.08514716429635882,0.023021120346921317,16
Selective Fed Meta,Legacy candidate query MSE,341,0.1266654604114592,0.07096346712099874,16
Selective Fed Meta,Legacy candidate query MSE,342,0.10654936684295535,0.04514407509162513,16
Selective Fed Meta,Legacy candidate query MSE,343,0.14179176883772016,0.069648598376079,16
Selective Fed Meta,Legacy candidate query MSE,344,0.13241903204470873,0.07128417684879086,16
Selective Fed Meta,Legacy candidate query MSE,345,0.10264976904727519,0.0556317618715688,16
Selective Fed Meta,Legacy candidate query MSE,346,0.12236775690689683,0.04160084031552223,16
Selective Fed Meta,Legacy candidate query MSE,347,0.10596610000357032,0.046776360625042764,16
Selective Fed Meta,Legacy candidate query MSE,348,0.12853880249895155,0.060946658119789304,16
Selective Fed Meta,Legacy candidate query MSE,349,0.12465320760384202,0.06816838525653511,16
Selective Fed Meta,Legacy candidate query MSE,350,0.1166488560847938,0.06186385407317717,16
Selective Fed Meta,Legacy candidate query MSE,351,0.12518473528325558,0.07024602297028776,16
Selective Fed Meta,Legacy candidate query MSE,352,0.11460697511211038,0.06688353348844263,16
Selective Fed Meta,Legacy candidate query MSE,353,0.14582254737615585,0.062111253711279714,16
Selective Fed Meta,Legacy candidate query MSE,354,0.1276634531095624,0.06631009007435193,16
Selective Fed Meta,Legacy candidate query MSE,355,0.1326904227025807,0.06131944308316237,16
Selective Fed Meta,Legacy candidate query MSE,356,0.1370731578208506,0.07818450433062908,16
Selective Fed Meta,Legacy candidate query MSE,357,0.10804759874008596,0.04960183700826996,16
Selective Fed Meta,Legacy candidate query MSE,358,0.11730558844283223,0.05573779138898734,16
Selective Fed Meta,Legacy candidate query MSE,359,0.13400391722097993,0.06782936526204726,16
Selective Fed Meta,Legacy candidate query MSE,360,0.10079426690936089,0.03906338142873062,16
Selective Fed Meta,Legacy candidate query MSE,361,0.1552528482861817,0.059248616216609484,16
Selective Fed Meta,Legacy candidate query MSE,362,0.13768552499823272,0.06973551225740433,16
Selective Fed Meta,Legacy candidate query MSE,363,0.09817166533321142,0.028976130769448542,16
Selective Fed Meta,Legacy candidate query MSE,364,0.10268386406823993,0.03967022324158338,16
Selective Fed Meta,Legacy candidate query MSE,365,0.10522321914322674,0.03942124254186273,16
Selective Fed Meta,Legacy candidate query MSE,366,0.11562754982151091,0.055657142966758964,16
Selective Fed Meta,Legacy candidate query MSE,367,0.11196360806934536,0.07359476723090397,16
Selective Fed Meta,Legacy candidate query MSE,368,0.11326704965904355,0.04494581955580726,16
Selective Fed Meta,Legacy candidate query MSE,369,0.09680779138579965,0.03995867947218473,16
Selective Fed Meta,Legacy candidate query MSE,370,0.10702210245653987,0.02498325442814028,16
Selective Fed Meta,Legacy candidate query MSE,371,0.10509170265868306,0.0348759975231554,16
Selective Fed Meta,Legacy candidate query MSE,372,0.10978188971057534,0.03226592870588888,16
Selective Fed Meta,Legacy candidate query MSE,373,0.09129029465839267,0.04228475512922789,16
Selective Fed Meta,Legacy candidate query MSE,374,0.12356341490522027,0.056861121979896005,16
Selective Fed Meta,Legacy candidate query MSE,375,0.12666335375979543,0.07448921508062407,16
Selective Fed Meta,Legacy candidate query MSE,376,0.10119207995012403,0.04360383263493584,16
Selective Fed Meta,Legacy candidate query MSE,377,0.13856260036118329,0.08291732942971888,16
Selective Fed Meta,Legacy candidate query MSE,378,0.10526648978702724,0.04699701119819089,16
Selective Fed Meta,Legacy candidate query MSE,379,0.10312140011228621,0.04324797271206484,16
Selective Fed Meta,Legacy candidate query MSE,380,0.11696374765597284,0.05988219115675662,16
Selective Fed Meta,Legacy candidate query MSE,381,0.10872569843195379,0.07821003017366165,16
Selective Fed Meta,Legacy candidate query MSE,382,0.10472789639607072,0.05271972888717654,16
Selective Fed Meta,Legacy candidate query MSE,383,0.13664515386335552,0.08052111673847702,16
Selective Fed Meta,Legacy candidate query MSE,384,0.11501313420012593,0.03773486390008036,16
Selective Fed Meta,Legacy candidate query MSE,385,0.1296103612985462,0.06363903353556895,16
Selective Fed Meta,Legacy candidate query MSE,386,0.1138197451364249,0.05436355734190082,16
Selective Fed Meta,Legacy candidate query MSE,387,0.13818878238089383,0.06754381148558591,16
Selective Fed Meta,Legacy candidate query MSE,388,0.1345993047580123,0.0711843810230119,16
Selective Fed Meta,Legacy candidate query MSE,389,0.11279287608340383,0.05222733020576179,16
Selective Fed Meta,Legacy candidate query MSE,390,0.09109867620281875,0.022906250848677437,16
Selective Fed Meta,Legacy candidate query MSE,391,0.11747778300195932,0.05948943282442917,16
Selective Fed Meta,Legacy candidate query MSE,392,0.11264279880560935,0.05513325742097165,16
Selective Fed Meta,Legacy candidate query MSE,393,0.09167604916729033,0.04630097011939064,16
Selective Fed Meta,Legacy candidate query MSE,394,0.11562918638810515,0.05784776169653898,16
Selective Fed Meta,Legacy candidate query MSE,395,0.11549318674951792,0.06593570089804111,16
Selective Fed Meta,Legacy candidate query MSE,396,0.09904031502082944,0.04161954681974277,16
Selective Fed Meta,Legacy candidate query MSE,397,0.10419554659165442,0.04302720775318376,16
Selective Fed Meta,Legacy candidate query MSE,398,0.10805503791198134,0.04254946991621927,16
Selective Fed Meta,Legacy candidate query MSE,399,0.12593212258070707,0.04400207991441758,16
Selective Fed Meta,Legacy candidate query MSE,400,0.11753139179199934,0.0506028431652687,16
Selective Fed Meta,Legacy candidate query MSE,401,0.09474813309498131,0.028500367381545644,16
Selective Fed Meta,Legacy candidate query MSE,402,0.12563343904912472,0.07148108246190409,16
Selective Fed Meta,Legacy candidate query MSE,403,0.10410952335223556,0.03643722599482068,16
Selective Fed Meta,Legacy candidate query MSE,404,0.0946881144773215,0.021309780894647645,16
Selective Fed Meta,Legacy candidate query MSE,405,0.1150806297082454,0.056485331998278016,16
Selective Fed Meta,Legacy candidate query MSE,406,0.1285321763716638,0.06896543268542855,16
Selective Fed Meta,Legacy candidate query MSE,407,0.0966439163312316,0.04406042065298505,16
Selective Fed Meta,Legacy candidate query MSE,408,0.10721633117645979,0.04277582626767625,16
Selective Fed Meta,Legacy candidate query MSE,409,0.10246991971507668,0.046802810025980156,16
Selective Fed Meta,Legacy candidate query MSE,410,0.11626472417265177,0.05728359510122632,16
Selective Fed Meta,Legacy candidate query MSE,411,0.12411405518651009,0.06801835732416438,16
Selective Fed Meta,Legacy candidate query MSE,412,0.11514613917097449,0.05781562340981837,16
Selective Fed Meta,Legacy candidate query MSE,413,0.12265303637832403,0.050951918874271813,16
Selective Fed Meta,Legacy candidate query MSE,414,0.10153368837200105,0.03519335498007847,16
Selective Fed Meta,Legacy candidate query MSE,415,0.11487436783500016,0.06495742001580358,16
Selective Fed Meta,Legacy candidate query MSE,416,0.09720782283693552,0.034551807792723745,16
Selective Fed Meta,Legacy candidate query MSE,417,0.09928127471357584,0.03430940279002405,16
Selective Fed Meta,Legacy candidate query MSE,418,0.126551405293867,0.06703579346149512,16
Selective Fed Meta,Legacy candidate query MSE,419,0.1385117219761014,0.07746559625405976,16
Selective Fed Meta,Legacy candidate query MSE,420,0.1114739200565964,0.06264286611947296,16
Selective Fed Meta,Legacy candidate query MSE,421,0.09205932100303471,0.04468204620714484,16
Selective Fed Meta,Legacy candidate query MSE,422,0.11101476801559329,0.05507868443738195,16
Selective Fed Meta,Legacy candidate query MSE,423,0.10227663558907807,0.0413942066233134,16
Selective Fed Meta,Legacy candidate query MSE,424,0.10158710647374392,0.03852667347511494,16
Selective Fed Meta,Legacy candidate query MSE,425,0.09460973530076444,0.03349583492352348,16
Selective Fed Meta,Legacy candidate query MSE,426,0.10275188437663019,0.04204193018064637,16
Selective Fed Meta,Legacy candidate query MSE,427,0.10218692105263472,0.029138861133829876,16
Selective Fed Meta,Legacy candidate query MSE,428,0.11269632633775473,0.06931463280038504,16
Selective Fed Meta,Legacy candidate query MSE,429,0.10842565959319472,0.051396944525557015,16
Selective Fed Meta,Legacy candidate query MSE,430,0.091665725922212,0.033472186204357615,16
Selective Fed Meta,Legacy candidate query MSE,431,0.0981601825915277,0.044504371170751,16
Selective Fed Meta,Legacy candidate query MSE,432,0.11304879048839211,0.06415745716265717,16
Selective Fed Meta,Legacy candidate query MSE,433,0.12033062381669879,0.04807479754783284,16
Selective Fed Meta,Legacy candidate query MSE,434,0.11284815473482013,0.04259647031569026,16
Selective Fed Meta,Legacy candidate query MSE,435,0.1188049609772861,0.05134821007717141,16
Selective Fed Meta,Legacy candidate query MSE,436,0.11211943416856229,0.0510788306232841,16
Selective Fed Meta,Legacy candidate query MSE,437,0.12299477215856314,0.053113703740019044,16
Selective Fed Meta,Legacy candidate query MSE,438,0.09817098965868354,0.04308183036760472,16
Selective Fed Meta,Legacy candidate query MSE,439,0.11339031625539064,0.050186886136698236,16
Selective Fed Meta,Legacy candidate query MSE,440,0.09491580235771835,0.025399313654030625,16
Selective Fed Meta,Legacy candidate query MSE,441,0.09463958023115993,0.06216092367353597,16
Selective Fed Meta,Legacy candidate query MSE,442,0.0952169329393655,0.0476060228471123,16
Selective Fed Meta,Legacy candidate query MSE,443,0.11148813646286726,0.04525759418441984,16
Selective Fed Meta,Legacy candidate query MSE,444,0.13778917980380356,0.062234019911497594,16
Selective Fed Meta,Legacy candidate query MSE,445,0.12937914207577705,0.0766784735157201,16
Selective Fed Meta,Legacy candidate query MSE,446,0.12572714895941317,0.061771013674243314,16
Selective Fed Meta,Legacy candidate query MSE,447,0.10095834964886308,0.047929321729039805,16
Selective Fed Meta,Legacy candidate query MSE,448,0.10851489380002022,0.04326485423301711,16
Selective Fed Meta,Legacy candidate query MSE,449,0.10375605896115303,0.05575458722481695,16
Selective Fed Meta,Legacy candidate query MSE,450,0.0930403545498848,0.041800194411403396,16
Selective Fed Meta,Legacy candidate query MSE,451,0.1120809274725616,0.03641764119554231,16
Selective Fed Meta,Legacy candidate query MSE,452,0.12039675284177065,0.06646183745393751,16
Selective Fed Meta,Legacy candidate query MSE,453,0.12114266795106232,0.05115309786096462,16
Selective Fed Meta,Legacy candidate query MSE,454,0.10583235742524266,0.06535054104840746,16
Selective Fed Meta,Legacy candidate query MSE,455,0.11486666835844517,0.06767222433408891,16
Selective Fed Meta,Legacy candidate query MSE,456,0.11213821009732783,0.05856412940965507,16
Selective Fed Meta,Legacy candidate query MSE,457,0.12553314212709665,0.054855614151149514,16
Selective Fed Meta,Legacy candidate query MSE,458,0.09754777210764587,0.03339900516497629,16
Selective Fed Meta,Legacy candidate query MSE,459,0.10880127851851285,0.049378573924843995,16
Selective Fed Meta,Legacy candidate query MSE,460,0.11576008051633835,0.0698785021634344,16
Selective Fed Meta,Legacy candidate query MSE,461,0.11260070186108351,0.05467044009491666,16
Selective Fed Meta,Legacy candidate query MSE,462,0.09960264782421291,0.038437610022489195,16
Selective Fed Meta,Legacy candidate query MSE,463,0.11010412778705359,0.04660645401697704,16
Selective Fed Meta,Legacy candidate query MSE,464,0.10721489787101746,0.04935615942237018,16
Selective Fed Meta,Legacy candidate query MSE,465,0.10489927511662245,0.0660623856136774,16
Selective Fed Meta,Legacy candidate query MSE,466,0.13032218627631664,0.055013913904394265,16
Selective Fed Meta,Legacy candidate query MSE,467,0.11626554979011416,0.0642368463966416,16
Selective Fed Meta,Legacy candidate query MSE,468,0.11881636804901063,0.06075101244963081,16
Selective Fed Meta,Legacy candidate query MSE,469,0.13058192702010274,0.06173652280929848,16
Selective Fed Meta,Legacy candidate query MSE,470,0.1180763659067452,0.07234910828620712,16
Selective Fed Meta,Legacy candidate query MSE,471,0.11811451939865947,0.058139586630516625,16
Selective Fed Meta,Legacy candidate query MSE,472,0.08921185391955078,0.02705129052591134,16
Selective Fed Meta,Legacy candidate query MSE,473,0.1383140606340021,0.08018344427754753,16
Selective Fed Meta,Legacy candidate query MSE,474,0.11842045793309808,0.06629187166131939,16
Selective Fed Meta,Legacy candidate query MSE,475,0.10526593774557114,0.05623169551958293,16
Selective Fed Meta,Legacy candidate query MSE,476,0.119760996196419,0.057764731490311305,16
Selective Fed Meta,Legacy candidate query MSE,477,0.09027600567787886,0.028640662814766325,16
Selective Fed Meta,Legacy candidate query MSE,478,0.1190488594584167,0.04517723223802953,16
Selective Fed Meta,Legacy candidate query MSE,479,0.12729983311146498,0.056943873811243745,16
Selective Fed Meta,Legacy candidate query MSE,480,0.10939541389234364,0.05014975416421109,16
Selective Fed Meta,Legacy candidate query MSE,481,0.11422957596369088,0.052070376379726356,16
Selective Fed Meta,Legacy candidate query MSE,482,0.10763549478724599,0.04808950369750815,16
Selective Fed Meta,Legacy candidate query MSE,483,0.12349758855998516,0.06280027854940304,16
Selective Fed Meta,Legacy candidate query MSE,484,0.13390278141014278,0.06953466723313359,16
Selective Fed Meta,Legacy candidate query MSE,485,0.13056759908795357,0.058850974950757355,16
Selective Fed Meta,Legacy candidate query MSE,486,0.10282103973440826,0.048632084994473454,16
Selective Fed Meta,Legacy candidate query MSE,487,0.09173580259084702,0.030440115321903556,16
Selective Fed Meta,Legacy candidate query MSE,488,0.11908347741700709,0.056450102363702216,16
Selective Fed Meta,Legacy candidate query MSE,489,0.09548054402694106,0.03453659795105549,16
Selective Fed Meta,Legacy candidate query MSE,490,0.1205839104950428,0.06388261878473014,16
Selective Fed Meta,Legacy candidate query MSE,491,0.1100109051913023,0.048652923336664766,16
Selective Fed Meta,Legacy candidate query MSE,492,0.10794328758493066,0.0487182086905066,16
Selective Fed Meta,Legacy candidate query MSE,493,0.11781178461387753,0.06972360149122225,16
Selective Fed Meta,Legacy candidate query MSE,494,0.1086375406011939,0.047317347553617196,16
Selective Fed Meta,Legacy candidate query MSE,495,0.12152380286715925,0.07171979357018526,16
Selective Fed Meta,Legacy candidate query MSE,496,0.10705294040963054,0.04232757719427325,16
Selective Fed Meta,Legacy candidate query MSE,497,0.11860537505708635,0.045174452449968934,16
Selective Fed Meta,Legacy candidate query MSE,498,0.12391732772812247,0.051733713292478764,16
Selective Fed Meta,Legacy candidate query MSE,499,0.12710481602698565,0.07551221850821696,16
Selective Fed Meta,Legacy candidate query MSE,500,0.11098398314788938,0.05372341021783855,16
Selective Fed Meta,Legacy candidate query MSE,501,0.14339007763192058,0.07600513455639933,16
Selective Fed Meta,Legacy candidate query MSE,502,0.13118040841072798,0.06365527275905955,16
Selective Fed Meta,Legacy candidate query MSE,503,0.09049302828498185,0.03745847622190182,16
Selective Fed Meta,Legacy candidate query MSE,504,0.11364141386002302,0.0321970381129982,16
Selective Fed Meta,Legacy candidate query MSE,505,0.10483439732342958,0.03926299170600134,16
Selective Fed Meta,Legacy candidate query MSE,506,0.09498901735059917,0.04586909488586717,16
Selective Fed Meta,Legacy candidate query MSE,507,0.12462086929008365,0.0735369302951497,16
Selective Fed Meta,Legacy candidate query MSE,508,0.12701269518584013,0.06613099382629888,16
Selective Fed Meta,Legacy candidate query MSE,509,0.1253638353664428,0.06493254737733374,16
Selective Fed Meta,Legacy candidate query MSE,510,0.10453127045184374,0.05382424181187666,16
Selective Fed Meta,Legacy candidate query MSE,511,0.09515197505243123,0.03211685400864268,16
Selective Fed Meta,Legacy candidate query MSE,512,0.13252167496830225,0.060725744816488056,16
Selective Fed Meta,Legacy candidate query MSE,513,0.1091805964242667,0.048431333878578245,16
Selective Fed Meta,Legacy candidate query MSE,514,0.12169585074298084,0.07087775506078568,16
Selective Fed Meta,Legacy candidate query MSE,515,0.10429962002672255,0.039830251028546725,16
Selective Fed Meta,Legacy candidate query MSE,516,0.08514221967197955,0.0355265629143918,16
Selective Fed Meta,Legacy candidate query MSE,517,0.11715606856159866,0.07232926143888545,16
Selective Fed Meta,Legacy candidate query MSE,518,0.1068248872179538,0.04785573937691745,16
Selective Fed Meta,Legacy candidate query MSE,519,0.11681855982169509,0.06047618027022254,16
Selective Fed Meta,Legacy candidate query MSE,520,0.09031311422586441,0.028867433621893708,16
Selective Fed Meta,Legacy candidate query MSE,521,0.10440163826569915,0.05726640082330788,16
Selective Fed Meta,Legacy candidate query MSE,522,0.10509875346906483,0.053120452008218036,16
Selective Fed Meta,Legacy candidate query MSE,523,0.10331208747811615,0.04963862850959723,16
Selective Fed Meta,Legacy candidate query MSE,524,0.11623265314847231,0.0490148813372613,16
Selective Fed Meta,Legacy candidate query MSE,525,0.1378598331939429,0.06185067116965336,16
Selective Fed Meta,Legacy candidate query MSE,526,0.12288469215855002,0.0796163237220694,16
Selective Fed Meta,Legacy candidate query MSE,527,0.1584117473103106,0.08225104905490262,16
Selective Fed Meta,Legacy candidate query MSE,528,0.10431994358077645,0.04947160976995875,16
Selective Fed Meta,Legacy candidate query MSE,529,0.10863428702577949,0.03808653572990792,16
Selective Fed Meta,Legacy candidate query MSE,530,0.1092082851100713,0.05483888923682635,16
Selective Fed Meta,Legacy candidate query MSE,531,0.10711919283494353,0.049843480019024916,16
Selective Fed Meta,Legacy candidate query MSE,532,0.13027685810811818,0.06892390493840399,16
Selective Fed Meta,Legacy candidate query MSE,533,0.09496519831009209,0.029059020288811112,16
Selective Fed Meta,Legacy candidate query MSE,534,0.10658078826963902,0.0402249309399419,16
Selective Fed Meta,Legacy candidate query MSE,535,0.11863500322215259,0.06107011820716556,16
Selective Fed Meta,Legacy candidate query MSE,536,0.10586016089655459,0.05078700874840434,16
Selective Fed Meta,Legacy candidate query MSE,537,0.11602091393433511,0.04866809135834768,16
Selective Fed Meta,Legacy candidate query MSE,538,0.10124921426177025,0.052961139605050195,16
Selective Fed Meta,Legacy candidate query MSE,539,0.08998484467156231,0.024119266737326308,16
Selective Fed Meta,Legacy candidate query MSE,540,0.09905775706283748,0.047388983108000715,16
Selective Fed Meta,Legacy candidate query MSE,541,0.09298555413261056,0.04490242237463777,16
Selective Fed Meta,Legacy candidate query MSE,542,0.12429936160333455,0.05075692086788573,16
Selective Fed Meta,Legacy candidate query MSE,543,0.12156906141899526,0.07504184750475575,16
Selective Fed Meta,Legacy candidate query MSE,544,0.11405777558684349,0.04267139513072721,16
Selective Fed Meta,Legacy candidate query MSE,545,0.11056540114805102,0.04510307020329712,16
Selective Fed Meta,Legacy candidate query MSE,546,0.09534313972108066,0.038625895650402454,16
Selective Fed Meta,Legacy candidate query MSE,547,0.11246368591673672,0.06540235558429705,16
Selective Fed Meta,Legacy candidate query MSE,548,0.10943283536471426,0.03939139310080171,16
Selective Fed Meta,Legacy candidate query MSE,549,0.08912685792893171,0.028702215226986096,16
Selective Fed Meta,Legacy candidate query MSE,550,0.12437934894114733,0.06307520994534412,16
Selective Fed Meta,Legacy candidate query MSE,551,0.10264824191108346,0.032732135833489315,16
Selective Fed Meta,Legacy candidate query MSE,552,0.1241009533405304,0.06422933435560674,16
Selective Fed Meta,Legacy candidate query MSE,553,0.10662503354251385,0.04512905914557722,16
Selective Fed Meta,Legacy candidate query MSE,554,0.11199324508197606,0.07000562239496026,16
Selective Fed Meta,Legacy candidate query MSE,555,0.11795924394391477,0.06559038281521556,16
Selective Fed Meta,Legacy candidate query MSE,556,0.10848264838568866,0.04317443842510494,16
Selective Fed Meta,Legacy candidate query MSE,557,0.09407263970933855,0.04404277893863798,16
Selective Fed Meta,Legacy candidate query MSE,558,0.13297720858827233,0.07776789897289339,16
Selective Fed Meta,Legacy candidate query MSE,559,0.0877185189165175,0.022398835607629022,16
Selective Fed Meta,Legacy candidate query MSE,560,0.11186145059764385,0.04173714648920526,16
Selective Fed Meta,Legacy candidate query MSE,561,0.08875050744973123,0.025173990365516985,16
Selective Fed Meta,Legacy candidate query MSE,562,0.14025559602305293,0.08610193133562187,16
Selective Fed Meta,Legacy candidate query MSE,563,0.12149264942854643,0.07142232723069088,16
Selective Fed Meta,Legacy candidate query MSE,564,0.10262456256896257,0.044551883987146344,16
Selective Fed Meta,Legacy candidate query MSE,565,0.11428368696942925,0.0442287538871544,16
Selective Fed Meta,Legacy candidate query MSE,566,0.13293830235488713,0.08603266424033743,16
Selective Fed Meta,Legacy candidate query MSE,567,0.10784179577603936,0.048205450080549196,16
Selective Fed Meta,Legacy candidate query MSE,568,0.1121582011692226,0.04351648948568559,16
Selective Fed Meta,Legacy candidate query MSE,569,0.10685670864768326,0.04823008927158415,16
Selective Fed Meta,Legacy candidate query MSE,570,0.10396143142133951,0.05575827946568097,16
Selective Fed Meta,Legacy candidate query MSE,571,0.09185141162015498,0.05809113893987404,16
Selective Fed Meta,Legacy candidate query MSE,572,0.12004810362122953,0.05767374071329325,16
Selective Fed Meta,Legacy candidate query MSE,573,0.09581674146465957,0.03412304617974548,16
Selective Fed Meta,Legacy candidate query MSE,574,0.11710947821848094,0.05726616531840964,16
Selective Fed Meta,Legacy candidate query MSE,575,0.09000418498180807,0.02298109962072647,16
Selective Fed Meta,Legacy candidate query MSE,576,0.12717184238135815,0.06632860253448182,16
Selective Fed Meta,Legacy candidate query MSE,577,0.09041271707974374,0.026387256087360846,16
Selective Fed Meta,Legacy candidate query MSE,578,0.09293212532065809,0.023455158466734023,16
Selective Fed Meta,Legacy candidate query MSE,579,0.11576526216231287,0.06523169327276358,16
Selective Fed Meta,Legacy candidate query MSE,580,0.13530346029438078,0.06740812130131263,16
Selective Fed Meta,Legacy candidate query MSE,581,0.10340157593600452,0.04924434801556682,16
Selective Fed Meta,Legacy candidate query MSE,582,0.11507925065234303,0.05100715550325146,16
Selective Fed Meta,Legacy candidate query MSE,583,0.1052333302795887,0.03817577615881847,16
Selective Fed Meta,Legacy candidate query MSE,584,0.13658351032063365,0.06909612546214486,16
Selective Fed Meta,Legacy candidate query MSE,585,0.11259231553412974,0.0496642479831014,16
Selective Fed Meta,Legacy candidate query MSE,586,0.10802815901115537,0.059895516276866664,16
Selective Fed Meta,Legacy candidate query MSE,587,0.11829208815470338,0.07332724858675382,16
Selective Fed Meta,Legacy candidate query MSE,588,0.09120577666908503,0.02532805545781846,16
Selective Fed Meta,Legacy candidate query MSE,589,0.12208156264387071,0.05778023319633068,16
Selective Fed Meta,Legacy candidate query MSE,590,0.12029904779046774,0.05792358927213768,16
Selective Fed Meta,Legacy candidate query MSE,591,0.10191661538556218,0.030156280722399044,16
Selective Fed Meta,Legacy candidate query MSE,592,0.09610174410045147,0.030869359993541616,16
Selective Fed Meta,Legacy candidate query MSE,593,0.08960912539623678,0.030292509107160605,16
Selective Fed Meta,Legacy candidate query MSE,594,0.09658249653875828,0.02361417143307841,16
Selective Fed Meta,Legacy candidate query MSE,595,0.10301662911660969,0.03981874848883132,16
Selective Fed Meta,Legacy candidate query MSE,596,0.12289788038469851,0.059712982590391754,16
Selective Fed Meta,Legacy candidate query MSE,597,0.10138457198627293,0.03023065880812634,16
Selective Fed Meta,Legacy candidate query MSE,598,0.13378609553910792,0.05698447200382688,16
Selective Fed Meta,Legacy candidate query MSE,599,0.12691975245252252,0.062236124225279014,16
Selective Fed Meta,Legacy candidate query MSE,600,0.1454696289729327,0.06045015599781272,16
Selective Fed Meta,Legacy candidate query MSE,601,0.12625207798555493,0.06796907463042709,16
Selective Fed Meta,Legacy candidate query MSE,602,0.10512453783303499,0.052917773181514575,16
Selective Fed Meta,Legacy candidate query MSE,603,0.11253882246091962,0.047646492069696615,16
Selective Fed Meta,Legacy candidate query MSE,604,0.13227454153820872,0.06438190098808604,16
Selective Fed Meta,Legacy candidate query MSE,605,0.1226385801564902,0.07982269384515717,16
Selective Fed Meta,Legacy candidate query MSE,606,0.1028529703617096,0.06483067096255747,16
Selective Fed Meta,Legacy candidate query MSE,607,0.09973990195430815,0.0349575282518878,16
Selective Fed Meta,Legacy candidate query MSE,608,0.1255424111150205,0.06960899793549302,16
Selective Fed Meta,Legacy candidate query MSE,609,0.111049521015957,0.06687483245976715,16
Selective Fed Meta,Legacy candidate query MSE,610,0.09762743720784783,0.02516889174251235,16
Selective Fed Meta,Legacy candidate query MSE,611,0.1040232665836811,0.03054493770259077,16
Selective Fed Meta,Legacy candidate query MSE,612,0.1051909476518631,0.047989416822812145,16
Selective Fed Meta,Legacy candidate query MSE,613,0.11638657096773386,0.05958485608165713,16
Selective Fed Meta,Legacy candidate query MSE,614,0.11573874857276678,0.05551128114729435,16
Selective Fed Meta,Legacy candidate query MSE,615,0.09362607845105231,0.04796125146658058,16
Selective Fed Meta,Legacy candidate query MSE,616,0.1083437935449183,0.052030759997616326,16
Selective Fed Meta,Legacy candidate query MSE,617,0.12424156256020069,0.08067484329070809,16
Selective Fed Meta,Legacy candidate query MSE,618,0.0939901303499937,0.039192996902969124,16
Selective Fed Meta,Legacy candidate query MSE,619,0.13190801488235593,0.06596308641890974,16
Selective Fed Meta,Legacy candidate query MSE,620,0.11822207784280181,0.05604393297182284,16
Selective Fed Meta,Legacy candidate query MSE,621,0.09868716588243842,0.027484746550801516,16
Selective Fed Meta,Legacy candidate query MSE,622,0.10588465817272663,0.047112769704973405,16
Selective Fed Meta,Legacy candidate query MSE,623,0.1167458922136575,0.07514622171326717,16
Selective Fed Meta,Legacy candidate query MSE,624,0.10900207841768861,0.05024685876311649,16
Selective Fed Meta,Legacy candidate query MSE,625,0.09121324401348829,0.03208585431873584,16
Selective Fed Meta,Legacy candidate query MSE,626,0.09954224457032979,0.05027020660623032,16
Selective Fed Meta,Legacy candidate query MSE,627,0.1357192425057292,0.07000306856444097,16
Selective Fed Meta,Legacy candidate query MSE,628,0.1284611418377608,0.07062074145749957,16
Selective Fed Meta,Legacy candidate query MSE,629,0.11074176291003823,0.05956964236655408,16
Selective Fed Meta,Legacy candidate query MSE,630,0.12110187858343124,0.06515125823724963,16
Selective Fed Meta,Legacy candidate query MSE,631,0.105630774050951,0.041807417739665204,16
Selective Fed Meta,Legacy candidate query MSE,632,0.14884608518332243,0.07053395770089645,16
Selective Fed Meta,Legacy candidate query MSE,633,0.1123546555172652,0.06447362771275607,16
Selective Fed Meta,Legacy candidate query MSE,634,0.11040075751952827,0.05551810524070504,16
Selective Fed Meta,Legacy candidate query MSE,635,0.09728820296004415,0.03637060903842399,16
Selective Fed Meta,Legacy candidate query MSE,636,0.11091058375313878,0.05730361300874479,16
Selective Fed Meta,Legacy candidate query MSE,637,0.10140193440020084,0.03181580747606861,16
Selective Fed Meta,Legacy candidate query MSE,638,0.1165859722532332,0.056545919486230785,16
Selective Fed Meta,Legacy candidate query MSE,639,0.09641788015142083,0.04196380349600294,16
Selective Fed Meta,Legacy candidate query MSE,640,0.09948173677548766,0.050145277262419956,16
Selective Fed Meta,Legacy candidate query MSE,641,0.12384615512564778,0.07765412934141087,16
Selective Fed Meta,Legacy candidate query MSE,642,0.11346516059711576,0.05467667446292082,16
Selective Fed Meta,Legacy candidate query MSE,643,0.11223351024091244,0.04696089750772855,16
Selective Fed Meta,Legacy candidate query MSE,644,0.10763705591671169,0.04551704945654023,16
Selective Fed Meta,Legacy candidate query MSE,645,0.10978866112418473,0.06558836634398069,16
Selective Fed Meta,Legacy candidate query MSE,646,0.09048467501997948,0.03013742184383342,16
Selective Fed Meta,Legacy candidate query MSE,647,0.11599008343182504,0.048922914935697906,16
Selective Fed Meta,Legacy candidate query MSE,648,0.10498190158978105,0.038336521275584685,16
Selective Fed Meta,Legacy candidate query MSE,649,0.12726731086149812,0.06717761957593514,16
Selective Fed Meta,Legacy candidate query MSE,650,0.10417210031300783,0.051045544188525645,16
Selective Fed Meta,Legacy candidate query MSE,651,0.10568197420798242,0.03946317759499969,16
Selective Fed Meta,Legacy candidate query MSE,652,0.09634220926091075,0.03525057554600796,16
Selective Fed Meta,Legacy candidate query MSE,653,0.10750099993310869,0.055118142813961636,16
Selective Fed Meta,Legacy candidate query MSE,654,0.12993483385071158,0.0709579652598441,16
Selective Fed Meta,Legacy candidate query MSE,655,0.09083519014529884,0.036095300766957175,16
Selective Fed Meta,Legacy candidate query MSE,656,0.09925519092939794,0.04059360925234851,16
Selective Fed Meta,Legacy candidate query MSE,657,0.1030217008665204,0.045840676769697365,16
Selective Fed Meta,Legacy candidate query MSE,658,0.13196339039132,0.07020911718725005,16
Selective Fed Meta,Legacy candidate query MSE,659,0.1352556487545371,0.06965591487498406,16
Selective Fed Meta,Legacy candidate query MSE,660,0.10955613641999662,0.06004447918671588,16
Selective Fed Meta,Legacy candidate query MSE,661,0.1268603520002216,0.08035847633400682,16
Selective Fed Meta,Legacy candidate query MSE,662,0.10988205019384623,0.051143401029546294,16
Selective Fed Meta,Legacy candidate query MSE,663,0.10267338529229164,0.02488224478056265,16
Selective Fed Meta,Legacy candidate query MSE,664,0.15439847111701965,0.07407772466105725,16
Selective Fed Meta,Legacy candidate query MSE,665,0.13835752196609974,0.04869941438219831,16
Selective Fed Meta,Legacy candidate query MSE,666,0.12909750663675368,0.0864195751864876,16
Selective Fed Meta,Legacy candidate query MSE,667,0.1425528167746961,0.0911068967209576,16
Selective Fed Meta,Legacy candidate query MSE,668,0.12957270117476583,0.05895709596606083,16
Selective Fed Meta,Legacy candidate query MSE,669,0.1155883576720953,0.061437636664365,16
Selective Fed Meta,Legacy candidate query MSE,670,0.1076930440030992,0.045159106586470925,16
Selective Fed Meta,Legacy candidate query MSE,671,0.1186355259269476,0.06466450685375534,16
Selective Fed Meta,Legacy candidate query MSE,672,0.1117495559155941,0.04317062658768649,16
Selective Fed Meta,Legacy candidate query MSE,673,0.09699810924939811,0.0610230760583006,16
Selective Fed Meta,Legacy candidate query MSE,674,0.10719835897907615,0.059032059531191304,16
Selective Fed Meta,Legacy candidate query MSE,675,0.10827131452970207,0.04455907980412376,16
Selective Fed Meta,Legacy candidate query MSE,676,0.10607142536900938,0.04727348556286055,16
Selective Fed Meta,Legacy candidate query MSE,677,0.11799199739471078,0.06692260902187863,16
Selective Fed Meta,Legacy candidate query MSE,678,0.1355515036266297,0.08493458193720498,16
Selective Fed Meta,Legacy candidate query MSE,679,0.10737143945880234,0.04404798310854669,16
Selective Fed Meta,Legacy candidate query MSE,680,0.1265249045100063,0.05818171838679203,16
Selective Fed Meta,Legacy candidate query MSE,681,0.09034050768241286,0.022968895814906444,16
Selective Fed Meta,Legacy candidate query MSE,682,0.10288446862250566,0.048411635293295015,16
Selective Fed Meta,Legacy candidate query MSE,683,0.09586335998028517,0.03865956556809589,16
Selective Fed Meta,Legacy candidate query MSE,684,0.09981518820859492,0.04974205765029992,16
Selective Fed Meta,Legacy candidate query MSE,685,0.096958396025002,0.0397323842740588,16
Selective Fed Meta,Legacy candidate query MSE,686,0.09106015111319721,0.02078479656355839,16
Selective Fed Meta,Legacy candidate query MSE,687,0.11129949660971761,0.05609355156837928,16
Selective Fed Meta,Legacy candidate query MSE,688,0.1287013036198914,0.05723727826513282,16
Selective Fed Meta,Legacy candidate query MSE,689,0.10488407826051116,0.04242997170120263,16
Selective Fed Meta,Legacy candidate query MSE,690,0.10830958839505911,0.06060619121602721,16
Selective Fed Meta,Legacy candidate query MSE,691,0.11262493091635406,0.045844854052265814,16
Selective Fed Meta,Legacy candidate query MSE,692,0.10895330482162535,0.05281176122488804,16
Selective Fed Meta,Legacy candidate query MSE,693,0.10796427167952061,0.055251770957248335,16
Selective Fed Meta,Legacy candidate query MSE,694,0.13598942174576223,0.06386937540483516,16
Selective Fed Meta,Legacy candidate query MSE,695,0.1392990411259234,0.09157384357105815,16
Selective Fed Meta,Legacy candidate query MSE,696,0.12073306832462549,0.05273530936807234,16
Selective Fed Meta,Legacy candidate query MSE,697,0.10612059407867491,0.050381106317763186,16
Selective Fed Meta,Legacy candidate query MSE,698,0.11558939213864505,0.05209786135369547,16
Selective Fed Meta,Legacy candidate query MSE,699,0.07959122769534588,0.030014713439726025,16
Selective Fed Meta,Legacy candidate query MSE,700,0.11285475315526128,0.04566939279641663,16
Selective Fed Meta,Legacy candidate query MSE,701,0.12053688825108111,0.050118987327707934,16
Selective Fed Meta,Legacy candidate query MSE,702,0.12191686616279185,0.05754637296367126,16
Selective Fed Meta,Legacy candidate query MSE,703,0.11317542055621743,0.045154521924133544,16
Selective Fed Meta,Legacy candidate query MSE,704,0.10918457619845867,0.04771333256979707,16
Selective Fed Meta,Legacy candidate query MSE,705,0.11047583329491317,0.06749432841578495,16
Selective Fed Meta,Legacy candidate query MSE,706,0.11004958697594702,0.040762032841005734,16
Selective Fed Meta,Legacy candidate query MSE,707,0.11245790030807257,0.050352333775681844,16
Selective Fed Meta,Legacy candidate query MSE,708,0.09743467951193452,0.04642103792129424,16
Selective Fed Meta,Legacy candidate query MSE,709,0.10982195986434817,0.05146913379729945,16
Selective Fed Meta,Legacy candidate query MSE,710,0.1312503053341061,0.06402613525288296,16
Selective Fed Meta,Legacy candidate query MSE,711,0.09339997638016939,0.04198554404407721,16
Selective Fed Meta,Legacy candidate query MSE,712,0.1307260119356215,0.0728112970033508,16
Selective Fed Meta,Legacy candidate query MSE,713,0.11107011465355754,0.044482708212170825,16
Selective Fed Meta,Legacy candidate query MSE,714,0.0986217251047492,0.029107348542362754,16
Selective Fed Meta,Legacy candidate query MSE,715,0.12269044248387218,0.06811698234357959,16
Selective Fed Meta,Legacy candidate query MSE,716,0.11006260151043534,0.05126113766708018,16
Selective Fed Meta,Legacy candidate query MSE,717,0.10254705836996436,0.05424190964538855,16
Selective Fed Meta,Legacy candidate query MSE,718,0.10289674019441009,0.04875620281695044,16
Selective Fed Meta,Legacy candidate query MSE,719,0.11879122792743146,0.07293020866953863,16
Selective Fed Meta,Legacy candidate query MSE,720,0.11445450712926686,0.06437293423875237,16
Selective Fed Meta,Legacy candidate query MSE,721,0.11002185172401369,0.04906818146992471,16
Selective Fed Meta,Legacy candidate query MSE,722,0.10592533345334232,0.05061586242099335,16
Selective Fed Meta,Legacy candidate query MSE,723,0.10456504905596375,0.039707157742869904,16
Selective Fed Meta,Legacy candidate query MSE,724,0.10980337811633945,0.07266605140579564,16
Selective Fed Meta,Legacy candidate query MSE,725,0.10876956256106496,0.04200087933916945,16
Selective Fed Meta,Legacy candidate query MSE,726,0.12813642574474216,0.08642525153664242,16
Selective Fed Meta,Legacy candidate query MSE,727,0.12975690886378288,0.06608259515208621,16
Selective Fed Meta,Legacy candidate query MSE,728,0.11657468089833856,0.05350714420526358,16
Selective Fed Meta,Legacy candidate query MSE,729,0.10905329696834087,0.06555445837627219,16
Selective Fed Meta,Legacy candidate query MSE,730,0.09862714144401252,0.04687680410105475,16
Selective Fed Meta,Legacy candidate query MSE,731,0.10928482096642256,0.048185889389212304,16
Selective Fed Meta,Legacy candidate query MSE,732,0.13471770705655217,0.0692489326783655,16
Selective Fed Meta,Legacy candidate query MSE,733,0.1434097313322127,0.07778740457268059,16
Selective Fed Meta,Legacy candidate query MSE,734,0.11439415346831083,0.056223827034554356,16
Selective Fed Meta,Legacy candidate query MSE,735,0.12043411051854491,0.07680226105891214,16
Selective Fed Meta,Legacy candidate query MSE,736,0.13176758913323283,0.058449796361771854,16
Selective Fed Meta,Legacy candidate query MSE,737,0.11509602516889572,0.057727513192744224,16
Selective Fed Meta,Legacy candidate query MSE,738,0.13199311355128884,0.06605132123265228,16
Selective Fed Meta,Legacy candidate query MSE,739,0.11442248802632093,0.044925148263218036,16
Selective Fed Meta,Legacy candidate query MSE,740,0.13204462942667305,0.07244550122293573,16
Selective Fed Meta,Legacy candidate query MSE,741,0.13629190414212644,0.07430654850193996,16
Selective Fed Meta,Legacy candidate query MSE,742,0.10665744286961854,0.04069773812292731,16
Selective Fed Meta,Legacy candidate query MSE,743,0.10763128753751516,0.05304038187099113,16
Selective Fed Meta,Legacy candidate query MSE,744,0.11991681158542633,0.05057187305440432,16
Selective Fed Meta,Legacy candidate query MSE,745,0.12365949479863048,0.06518521514978635,16
Selective Fed Meta,Legacy candidate query MSE,746,0.0987527456600219,0.04268910883943469,16
Selective Fed Meta,Legacy candidate query MSE,747,0.10918258503079414,0.04638962966894966,16
Selective Fed Meta,Legacy candidate query MSE,748,0.11899270350113511,0.05459459013181548,16
Selective Fed Meta,Legacy candidate query MSE,749,0.10980337508954108,0.03936167280768804,16
Selective Fed Meta,Legacy candidate query MSE,750,0.0975211514160037,0.027874059614262658,16
Selective Fed Meta,Legacy candidate query MSE,751,0.1136532120872289,0.05250850644947617,16
Selective Fed Meta,Legacy candidate query MSE,752,0.13633013516664505,0.07710719726034239,16
Selective Fed Meta,Legacy candidate query MSE,753,0.11358697596006095,0.05122333209780542,16
Selective Fed Meta,Legacy candidate query MSE,754,0.09537978400476277,0.03391988004163037,16
Selective Fed Meta,Legacy candidate query MSE,755,0.08102941699326038,0.024591131106432938,16
Selective Fed Meta,Legacy candidate query MSE,756,0.13911984022706747,0.08004663736037242,16
Selective Fed Meta,Legacy candidate query MSE,757,0.11703191557899117,0.0466365971045857,16
Selective Fed Meta,Legacy candidate query MSE,758,0.13059611478820443,0.07283145919781418,16
Selective Fed Meta,Legacy candidate query MSE,759,0.1181732090190053,0.062459586354480554,16
Selective Fed Meta,Legacy candidate query MSE,760,0.1125941090285778,0.059998437141618934,16
Selective Fed Meta,Legacy candidate query MSE,761,0.11022489331662655,0.04430541864423816,16
Selective Fed Meta,Legacy candidate query MSE,762,0.14072462054900825,0.0653057774390345,16
Selective Fed Meta,Legacy candidate query MSE,763,0.12562304455786943,0.046737986974321785,16
Selective Fed Meta,Legacy candidate query MSE,764,0.1293892189860344,0.06466378294908096,16
Selective Fed Meta,Legacy candidate query MSE,765,0.1252036583609879,0.05753895795100541,16
Selective Fed Meta,Legacy candidate query MSE,766,0.10550090949982405,0.042933713861607534,16
Selective Fed Meta,Legacy candidate query MSE,767,0.11948366090655327,0.05388626297075547,16
Selective Fed Meta,Legacy candidate query MSE,768,0.10615007835440338,0.06354160147451063,16
Selective Fed Meta,Legacy candidate query MSE,769,0.1040100222453475,0.03750698463014369,16
Selective Fed Meta,Legacy candidate query MSE,770,0.1269674147479236,0.06054012048872056,16
Selective Fed Meta,Legacy candidate query MSE,771,0.13003238220699131,0.05125745686890683,16
Selective Fed Meta,Legacy candidate query MSE,772,0.11184455687180161,0.044256127384867824,16
Selective Fed Meta,Legacy candidate query MSE,773,0.11635131668299437,0.05229266523590554,16
Selective Fed Meta,Legacy candidate query MSE,774,0.12045524455606937,0.059859222135623745,16
Selective Fed Meta,Legacy candidate query MSE,775,0.08495196769945323,0.020732809803693273,16
Selective Fed Meta,Legacy candidate query MSE,776,0.08916017320007086,0.029286923857648414,16
Selective Fed Meta,Legacy candidate query MSE,777,0.10855390829965472,0.049980846785193905,16
Selective Fed Meta,Legacy candidate query MSE,778,0.09975159727036953,0.04198686221322785,16
Selective Fed Meta,Legacy candidate query MSE,779,0.14512058533728123,0.08656992863821127,16
Selective Fed Meta,Legacy candidate query MSE,780,0.08274535974487662,0.02131956586919351,16
Selective Fed Meta,Legacy candidate query MSE,781,0.13523731287568808,0.07206948137812948,16
Selective Fed Meta,Legacy candidate query MSE,782,0.11646215198561549,0.055392443979450166,16
Selective Fed Meta,Legacy candidate query MSE,783,0.10594189004041255,0.03961862556211858,16
Selective Fed Meta,Legacy candidate query MSE,784,0.12116972007788718,0.06738211175714634,16
Selective Fed Meta,Legacy candidate query MSE,785,0.1216966980136931,0.06705148983951742,16
Selective Fed Meta,Legacy candidate query MSE,786,0.1346432496793568,0.0737289938480386,16
Selective Fed Meta,Legacy candidate query MSE,787,0.13462591683492064,0.06862178986673875,16
Selective Fed Meta,Legacy candidate query MSE,788,0.12695601116865873,0.054057277859878114,16
Selective Fed Meta,Legacy candidate query MSE,789,0.11265131621621549,0.06769421926999568,16
Selective Fed Meta,Legacy candidate query MSE,790,0.12226952146738768,0.0552662579577967,16
Selective Fed Meta,Legacy candidate query MSE,791,0.14106394373811781,0.07582982447282423,16
Selective Fed Meta,Legacy candidate query MSE,792,0.10815589083358645,0.038102395398114275,16
Selective Fed Meta,Legacy candidate query MSE,793,0.08649713033810258,0.021055210924341844,16
Selective Fed Meta,Legacy candidate query MSE,794,0.10402041929773986,0.05422478655937263,16
Selective Fed Meta,Legacy candidate query MSE,795,0.11914982297457755,0.07465511114784666,16
Selective Fed Meta,Legacy candidate query MSE,796,0.13256758032366633,0.06702439695180872,16
Selective Fed Meta,Legacy candidate query MSE,797,0.10762194194830954,0.05329911774671871,16
Selective Fed Meta,Legacy candidate query MSE,798,0.09788157977163792,0.030314052612931953,16
Selective Fed Meta,Legacy candidate query MSE,799,0.14168929075822234,0.077133250264719,16
Selective Fed Meta,Legacy candidate query MSE,800,0.11278989422135055,0.039316860773501876,16
Selective Fed Meta,Legacy candidate query MSE,801,0.11300818482413888,0.05711038021311755,16
Selective Fed Meta,Legacy candidate query MSE,802,0.10838337079621851,0.06990638870281395,16
Selective Fed Meta,Legacy candidate query MSE,803,0.12162496731616557,0.06585951258618383,16
Selective Fed Meta,Legacy candidate query MSE,804,0.11677196715027094,0.05557942174421924,16
Selective Fed Meta,Legacy candidate query MSE,805,0.1005459283478558,0.042789269005600115,16
Selective Fed Meta,Legacy candidate query MSE,806,0.12504057912155986,0.04354888458042201,16
Selective Fed Meta,Legacy candidate query MSE,807,0.11398617015220225,0.05084074691490389,16
Selective Fed Meta,Legacy candidate query MSE,808,0.113467464921996,0.050823630994407565,16
Selective Fed Meta,Legacy candidate query MSE,809,0.11042508436366916,0.037878840976665676,16
Selective Fed Meta,Legacy candidate query MSE,810,0.13346818555146456,0.09021820109373413,16
Selective Fed Meta,Legacy candidate query MSE,811,0.12078376766294241,0.045220238396043666,16
Selective Fed Meta,Legacy candidate query MSE,812,0.106103609316051,0.04123662785145728,16
Selective Fed Meta,Legacy candidate query MSE,813,0.11746901576407254,0.0662957572773084,16
Selective Fed Meta,Legacy candidate query MSE,814,0.11130560096353292,0.03303502374335188,16
Selective Fed Meta,Legacy candidate query MSE,815,0.11615274706855416,0.055386476585608184,16
Selective Fed Meta,Legacy candidate query MSE,816,0.13281741319224238,0.0706176963376711,16
Selective Fed Meta,Legacy candidate query MSE,817,0.1396594806574285,0.06738098485138559,16
Selective Fed Meta,Legacy candidate query MSE,818,0.12211482459679246,0.050344609504970286,16
Selective Fed Meta,Legacy candidate query MSE,819,0.11490516178309917,0.05193517834122132,16
Selective Fed Meta,Legacy candidate query MSE,820,0.1248849059920758,0.07483015208945548,16
Selective Fed Meta,Legacy candidate query MSE,821,0.13207125617191195,0.06163385450692598,16
Selective Fed Meta,Legacy candidate query MSE,822,0.11919084703549743,0.04962633196313677,16
Selective Fed Meta,Legacy candidate query MSE,823,0.09980441257357597,0.037926099573451964,16
Selective Fed Meta,Legacy candidate query MSE,824,0.09082790510728955,0.023145725279379848,16
Selective Fed Meta,Legacy candidate query MSE,825,0.11515197088010609,0.05950037902549639,16
Selective Fed Meta,Legacy candidate query MSE,826,0.103424530941993,0.047959696966406534,16
Selective Fed Meta,Legacy candidate query MSE,827,0.12720744009129703,0.06708889015470344,16
Selective Fed Meta,Legacy candidate query MSE,828,0.1231091539375484,0.06402632334876633,16
Selective Fed Meta,Legacy candidate query MSE,829,0.09727279585786164,0.03391615550752582,16
Selective Fed Meta,Legacy candidate query MSE,830,0.12228775536641479,0.06467130926897084,16
Selective Fed Meta,Legacy candidate query MSE,831,0.12972507625818253,0.0561598819144809,16
Selective Fed Meta,Legacy candidate query MSE,832,0.12406567437574267,0.08522014533099476,16
Selective Fed Meta,Legacy candidate query MSE,833,0.14127661590464413,0.06745872482538082,16
Selective Fed Meta,Legacy candidate query MSE,834,0.12201822898350656,0.06403728368520484,16
Selective Fed Meta,Legacy candidate query MSE,835,0.09968244284391403,0.02903456408609241,16
Selective Fed Meta,Legacy candidate query MSE,836,0.1287096340674907,0.06930763267959718,16
Selective Fed Meta,Legacy candidate query MSE,837,0.09725022362545133,0.02162463339996744,16
Selective Fed Meta,Legacy candidate query MSE,838,0.09915525722317398,0.05017025572067999,16
Selective Fed Meta,Legacy candidate query MSE,839,0.13325051637366414,0.056947454538994816,16
Selective Fed Meta,Legacy candidate query MSE,840,0.12370898621156812,0.07272698033893502,16
Selective Fed Meta,Legacy candidate query MSE,841,0.1210731789469719,0.05743651219440725,16
Selective Fed Meta,Legacy candidate query MSE,842,0.11564626032486558,0.05793351350821907,16
Selective Fed Meta,Legacy candidate query MSE,843,0.11427659098990262,0.06865661757727701,16
Selective Fed Meta,Legacy candidate query MSE,844,0.10492853913456202,0.0377528974940103,16
Selective Fed Meta,Legacy candidate query MSE,845,0.12976781744509935,0.08349398397306483,16
Selective Fed Meta,Legacy candidate query MSE,846,0.09241067385300994,0.03347925904862156,16
Selective Fed Meta,Legacy candidate query MSE,847,0.0912161129526794,0.02255042854232516,16
Selective Fed Meta,Legacy candidate query MSE,848,0.08981399401091039,0.031652906454716925,16
Selective Fed Meta,Legacy candidate query MSE,849,0.1225006920285523,0.05048862105637194,16
Selective Fed Meta,Legacy candidate query MSE,850,0.10292276903055608,0.03655091869382924,16
Selective Fed Meta,Legacy candidate query MSE,851,0.12698677484877408,0.07259256684339294,16
Selective Fed Meta,Legacy candidate query MSE,852,0.10641717282123864,0.03182391506811637,16
Selective Fed Meta,Legacy candidate query MSE,853,0.11051071202382445,0.05384808714307933,16
Selective Fed Meta,Legacy candidate query MSE,854,0.11787665472365916,0.06513115861297825,16
Selective Fed Meta,Legacy candidate query MSE,855,0.1469702790491283,0.05882732574706086,16
Selective Fed Meta,Legacy candidate query MSE,856,0.12866292824037373,0.06988810301494046,16
Selective Fed Meta,Legacy candidate query MSE,857,0.11187074822373688,0.06119745642495234,16
Selective Fed Meta,Legacy candidate query MSE,858,0.11272849352099001,0.05383106356898511,16
Selective Fed Meta,Legacy candidate query MSE,859,0.11601439211517572,0.07726951873881942,16
Selective Fed Meta,Legacy candidate query MSE,860,0.11136963637545705,0.05008762868299126,16
Selective Fed Meta,Legacy candidate query MSE,861,0.11562476633116603,0.057408802261827464,16
Selective Fed Meta,Legacy candidate query MSE,862,0.11511632148176432,0.04069682308428672,16
Selective Fed Meta,Legacy candidate query MSE,863,0.11489247065037489,0.06449535384830604,16
Selective Fed Meta,Legacy candidate query MSE,864,0.11683380510658026,0.0531468414833548,16
Selective Fed Meta,Legacy candidate query MSE,865,0.11180799407884479,0.054534994825350507,16
Selective Fed Meta,Legacy candidate query MSE,866,0.08734104037284851,0.025014880821494254,16
Selective Fed Meta,Legacy candidate query MSE,867,0.10710694920271635,0.03134415268170663,16
Selective Fed Meta,Legacy candidate query MSE,868,0.09895200026221573,0.040601073435845736,16
Selective Fed Meta,Legacy candidate query MSE,869,0.12942232936620712,0.07449984345947953,16
Selective Fed Meta,Legacy candidate query MSE,870,0.12388862296938896,0.059950808039744424,16
Selective Fed Meta,Legacy candidate query MSE,871,0.10682545974850655,0.0522482016485884,16
Selective Fed Meta,Legacy candidate query MSE,872,0.10545341949909925,0.06801009936139808,16
Selective Fed Meta,Legacy candidate query MSE,873,0.08990037511102855,0.04579072626667744,16
Selective Fed Meta,Legacy candidate query MSE,874,0.1182652295101434,0.07209754052102615,16
Selective Fed Meta,Legacy candidate query MSE,875,0.11439783475361764,0.06377141366394551,16
Selective Fed Meta,Legacy candidate query MSE,876,0.10255000600591302,0.028118423782102976,16
Selective Fed Meta,Legacy candidate query MSE,877,0.1178929372690618,0.06557648924995256,16
Selective Fed Meta,Legacy candidate query MSE,878,0.11134036025032401,0.05093430671901398,16
Selective Fed Meta,Legacy candidate query MSE,879,0.102093260968104,0.04619358914004292,16
Selective Fed Meta,Legacy candidate query MSE,880,0.12378609087318182,0.04529951151478289,16
Selective Fed Meta,Legacy candidate query MSE,881,0.11549203633330762,0.061403761833185744,16
Selective Fed Meta,Legacy candidate query MSE,882,0.13392130471765995,0.08558124533316651,16
Selective Fed Meta,Legacy candidate query MSE,883,0.11872148583643138,0.07720366572023228,16
Selective Fed Meta,Legacy candidate query MSE,884,0.11190032213926315,0.058039793154185094,16
Selective Fed Meta,Legacy candidate query MSE,885,0.11616081418469548,0.08501307360078382,16
Selective Fed Meta,Legacy candidate query MSE,886,0.11463597393594682,0.0615051462661691,16
Selective Fed Meta,Legacy candidate query MSE,887,0.11742452951148152,0.07181708677746039,16
Selective Fed Meta,Legacy candidate query MSE,888,0.11846329434774816,0.05694266129955148,16
Selective Fed Meta,Legacy candidate query MSE,889,0.10811379877850413,0.040725440417523046,16
Selective Fed Meta,Legacy candidate query MSE,890,0.10239572101272643,0.059890095368907485,16
Selective Fed Meta,Legacy candidate query MSE,891,0.1131881985347718,0.06568995860831264,16
Selective Fed Meta,Legacy candidate query MSE,892,0.11102321441285312,0.054161056238787364,16
Selective Fed Meta,Legacy candidate query MSE,893,0.1489655263721943,0.08914011997448017,16
Selective Fed Meta,Legacy candidate query MSE,894,0.12054997752420604,0.0700344033236736,16
Selective Fed Meta,Legacy candidate query MSE,895,0.13224190520122647,0.07679161158778006,16
Selective Fed Meta,Legacy candidate query MSE,896,0.0984322049189359,0.047943494248749705,16
Selective Fed Meta,Legacy candidate query MSE,897,0.10700511955656111,0.05966969111482647,16
Selective Fed Meta,Legacy candidate query MSE,898,0.13599103782325983,0.06138904928855691,16
Selective Fed Meta,Legacy candidate query MSE,899,0.12052976270206273,0.055830196009942934,16
Selective Fed Meta,Legacy candidate query MSE,900,0.11437702039256692,0.0465257664532687,16
Selective Fed Meta,Legacy candidate query MSE,901,0.1402334156446159,0.08169419486446454,16
Selective Fed Meta,Legacy candidate query MSE,902,0.09417977463454008,0.03516369864506379,16
Selective Fed Meta,Legacy candidate query MSE,903,0.09080715128220618,0.026658125668957304,16
Selective Fed Meta,Legacy candidate query MSE,904,0.1329346892889589,0.06962464606252165,16
Selective Fed Meta,Legacy candidate query MSE,905,0.11197323258966208,0.04154126208641606,16
Selective Fed Meta,Legacy candidate query MSE,906,0.10398219292983413,0.0388117652784663,16
Selective Fed Meta,Legacy candidate query MSE,907,0.10485243611037731,0.06842375430131159,16
Selective Fed Meta,Legacy candidate query MSE,908,0.1288633719086647,0.06675485505981252,16
Selective Fed Meta,Legacy candidate query MSE,909,0.12085086526349187,0.05958782505370183,16
Selective Fed Meta,Legacy candidate query MSE,910,0.11716356291435659,0.06300735475252424,16
Selective Fed Meta,Legacy candidate query MSE,911,0.10225686756893992,0.03411502049515412,16
Selective Fed Meta,Legacy candidate query MSE,912,0.14548255549743772,0.09328285162318055,16
Selective Fed Meta,Legacy candidate query MSE,913,0.0958498737309128,0.04274991266145231,16
Selective Fed Meta,Legacy candidate query MSE,914,0.12987955659627914,0.061028991454853375,16
Selective Fed Meta,Legacy candidate query MSE,915,0.12694550585001707,0.06343923419986858,16
Selective Fed Meta,Legacy candidate query MSE,916,0.14918926684185863,0.06503565540439708,16
Selective Fed Meta,Legacy candidate query MSE,917,0.1127019114792347,0.06693278810436248,16
Selective Fed Meta,Legacy candidate query MSE,918,0.09550736262463033,0.03157908513312621,16
Selective Fed Meta,Legacy candidate query MSE,919,0.11617269134148955,0.05888833706889913,16
Selective Fed Meta,Legacy candidate query MSE,920,0.09599429578520358,0.04403550725290868,16
Selective Fed Meta,Legacy candidate query MSE,921,0.10880573908798397,0.0554452699136859,16
Selective Fed Meta,Legacy candidate query MSE,922,0.10960476566106081,0.052510743292396744,16
Selective Fed Meta,Legacy candidate query MSE,923,0.11086544045247138,0.06389602382278183,16
Selective Fed Meta,Legacy candidate query MSE,924,0.09854713501408696,0.029906955795267576,16
Selective Fed Meta,Legacy candidate query MSE,925,0.1270996890962124,0.0635919017289321,16
Selective Fed Meta,Legacy candidate query MSE,926,0.11501635354943573,0.057145576025213266,16
Selective Fed Meta,Legacy candidate query MSE,927,0.11996194371022284,0.0597776082738261,16
Selective Fed Meta,Legacy candidate query MSE,928,0.13106168387457728,0.07056605826889997,16
Selective Fed Meta,Legacy candidate query MSE,929,0.12105415691621602,0.05415400062980362,16
Selective Fed Meta,Legacy candidate query MSE,930,0.1169515282381326,0.06728793845173038,16
Selective Fed Meta,Legacy candidate query MSE,931,0.1337704686447978,0.07491914003516614,16
Selective Fed Meta,Legacy candidate query MSE,932,0.1471384484320879,0.058931174118736766,16
Selective Fed Meta,Legacy candidate query MSE,933,0.11391998152248561,0.049291200195278176,16
Selective Fed Meta,Legacy candidate query MSE,934,0.12839795788750052,0.05010006298680891,16
Selective Fed Meta,Legacy candidate query MSE,935,0.1146684882696718,0.04494928085556637,16
Selective Fed Meta,Legacy candidate query MSE,936,0.11570552620105445,0.04547282367483383,16
Selective Fed Meta,Legacy candidate query MSE,937,0.12148515996523201,0.05684335560036993,16
Selective Fed Meta,Legacy candidate query MSE,938,0.11059921164996922,0.056897420105276666,16
Selective Fed Meta,Legacy candidate query MSE,939,0.09240871481597424,0.034498865242467015,16
Selective Fed Meta,Legacy candidate query MSE,940,0.09337698924355209,0.030749139293195414,16
Selective Fed Meta,Legacy candidate query MSE,941,0.11121144145727158,0.05017255229095316,16
Selective Fed Meta,Legacy candidate query MSE,942,0.13775313971564174,0.07970290140864547,16
Selective Fed Meta,Legacy candidate query MSE,943,0.12853779317811131,0.0703484563614955,16
Selective Fed Meta,Legacy candidate query MSE,944,0.1149651964660734,0.07451021484625577,16
Selective Fed Meta,Legacy candidate query MSE,945,0.08576195070054382,0.024154138034742905,16
Selective Fed Meta,Legacy candidate query MSE,946,0.1031922553665936,0.03478666691042046,16
Selective Fed Meta,Legacy candidate query MSE,947,0.11100613512098789,0.05641082135118528,16
Selective Fed Meta,Legacy candidate query MSE,948,0.1095173500943929,0.047671346970733455,16
Selective Fed Meta,Legacy candidate query MSE,949,0.1390095162205398,0.06804317030581293,16
Selective Fed Meta,Legacy candidate query MSE,950,0.151745839510113,0.08345960693118265,16
Selective Fed Meta,Legacy candidate query MSE,951,0.10477462178096175,0.0710437441355409,16
Selective Fed Meta,Legacy candidate query MSE,952,0.09884734195657074,0.04574385257385566,16
Selective Fed Meta,Legacy candidate query MSE,953,0.11114374711178243,0.0629999825339973,16
Selective Fed Meta,Legacy candidate query MSE,954,0.08620693627744913,0.02766884005519631,16
Selective Fed Meta,Legacy candidate query MSE,955,0.11775452457368374,0.06363644139012996,16
Selective Fed Meta,Legacy candidate query MSE,956,0.09289914439432323,0.034888241857139644,16
Selective Fed Meta,Legacy candidate query MSE,957,0.11544689163565636,0.0556186569075304,16
Selective Fed Meta,Legacy candidate query MSE,958,0.11732867662794888,0.059655911672027225,16
Selective Fed Meta,Legacy candidate query MSE,959,0.09905644156970084,0.05426019828392554,16
Selective Fed Meta,Legacy candidate query MSE,960,0.10931432363577187,0.0543798755462188,16
Selective Fed Meta,Legacy candidate query MSE,961,0.0996195946354419,0.03223465591330412,16
Selective Fed Meta,Legacy candidate query MSE,962,0.09319804259575903,0.03739588295365304,16
Selective Fed Meta,Legacy candidate query MSE,963,0.12232672679238021,0.05894630865910433,16
Selective Fed Meta,Legacy candidate query MSE,964,0.11734079476445913,0.05805401332359614,16
Selective Fed Meta,Legacy candidate query MSE,965,0.1480830933433026,0.07931671840886725,16
Selective Fed Meta,Legacy candidate query MSE,966,0.1182512640953064,0.06290191754455063,16
Selective Fed Meta,Legacy candidate query MSE,967,0.13289964734576643,0.0761824981891942,16
Selective Fed Meta,Legacy candidate query MSE,968,0.11264799907803535,0.0532427351695593,16
Selective Fed Meta,Legacy candidate query MSE,969,0.10034106695093215,0.0438724771453916,16
Selective Fed Meta,Legacy candidate query MSE,970,0.11152821709401906,0.06397456173579398,16
Selective Fed Meta,Legacy candidate query MSE,971,0.1333966429810971,0.0703384340938733,16
Selective Fed Meta,Legacy candidate query MSE,972,0.1353921762201935,0.07646384225300588,16
Selective Fed Meta,Legacy candidate query MSE,973,0.10393351269885898,0.028943619177790352,16
Selective Fed Meta,Legacy candidate query MSE,974,0.11706690490245819,0.06050269338576881,16
Selective Fed Meta,Legacy candidate query MSE,975,0.1282966050785035,0.07260270978301123,16
Selective Fed Meta,Legacy candidate query MSE,976,0.11825629230588675,0.053721063056159805,16
Selective Fed Meta,Legacy candidate query MSE,977,0.11644348781555891,0.0589218277630817,16
Selective Fed Meta,Legacy candidate query MSE,978,0.12339139985851943,0.07736368174305985,16
Selective Fed Meta,Legacy candidate query MSE,979,0.10788476839661598,0.03704856007526684,16
Selective Fed Meta,Legacy candidate query MSE,980,0.11072552017867565,0.0462096976843953,16
Selective Fed Meta,Legacy candidate query MSE,981,0.11662067100405693,0.0635356443483485,16
Selective Fed Meta,Legacy candidate query MSE,982,0.10946688172407448,0.05835235840368183,16
Selective Fed Meta,Legacy candidate query MSE,983,0.09230458573438227,0.03631842482458361,16
Selective Fed Meta,Legacy candidate query MSE,984,0.0927869793958962,0.04983699115108326,16
Selective Fed Meta,Legacy candidate query MSE,985,0.13939106673933566,0.08071761761378364,16
Selective Fed Meta,Legacy candidate query MSE,986,0.10836304817348719,0.03589456229649403,16
Selective Fed Meta,Legacy candidate query MSE,987,0.09852885897271335,0.045613000330022,16
Selective Fed Meta,Legacy candidate query MSE,988,0.09961169399321079,0.05374998656913881,16
Selective Fed Meta,Legacy candidate query MSE,989,0.10454589105211198,0.04454545424817477,16
Selective Fed Meta,Legacy candidate query MSE,990,0.137042626272887,0.08795122273480614,16
Selective Fed Meta,Legacy candidate query MSE,991,0.10464253765530884,0.056802827886094816,16
Selective Fed Meta,Legacy candidate query MSE,992,0.12375243892893195,0.06387176840031278,16
Selective Fed Meta,Legacy candidate query MSE,993,0.10564204375259578,0.04445688060096124,16
Selective Fed Meta,Legacy candidate query MSE,994,0.10778153222054243,0.05518936920885652,16
Selective Fed Meta,Legacy candidate query MSE,995,0.11496091820299625,0.05355603548022769,16
Selective Fed Meta,Legacy candidate query MSE,996,0.11862670304253697,0.046815538477353924,16
Selective Fed Meta,Legacy candidate query MSE,997,0.10823612078092992,0.059040379107330176,16
Selective Fed Meta,Legacy candidate query MSE,998,0.09748474461957812,0.039552398979871214,16
Selective Fed Meta,Legacy candidate query MSE,999,0.11672853957861662,0.08492011746368376,16
Selective Fed Meta,Legacy candidate query MSE,1000,0.08806296065449715,0.03215606945179502,16
Target-Aware Meta,Target-aware meta query MSE,1,0.1341737136244774,0.024846414620491572,4
Target-Aware Meta,Target-aware meta query MSE,2,0.1348054800182581,0.024552917448067365,4
Target-Aware Meta,Target-aware meta query MSE,3,0.1280937697738409,0.021720005345056977,4
Target-Aware Meta,Target-aware meta query MSE,4,0.12647107988595963,0.026313838441996112,4
Target-Aware Meta,Target-aware meta query MSE,5,0.1201266460120678,0.026791643856015727,4
Target-Aware Meta,Target-aware meta query MSE,6,0.15336664766073227,0.009036553062581347,4
Target-Aware Meta,Target-aware meta query MSE,7,0.1345426794141531,0.015011416905472004,4
Target-Aware Meta,Target-aware meta query MSE,8,0.1212211474776268,0.012184061164967884,4
Target-Aware Meta,Target-aware meta query MSE,9,0.1246954370290041,0.01567399289972369,4
Target-Aware Meta,Target-aware meta query MSE,10,0.12186101265251637,0.03747938789458186,4
Target-Aware Meta,Target-aware meta query MSE,11,0.12225261144340038,0.007814334634102374,4
Target-Aware Meta,Target-aware meta query MSE,12,0.12204847484827042,0.012737781060839738,4
Target-Aware Meta,Target-aware meta query MSE,13,0.11730105243623257,0.03275368203866216,4
Target-Aware Meta,Target-aware meta query MSE,14,0.1133989654481411,0.014621272267202463,4
Target-Aware Meta,Target-aware meta query MSE,15,0.11290666088461876,0.028195365565675944,4
Target-Aware Meta,Target-aware meta query MSE,16,0.11847340315580368,0.024807394381144456,4
Target-Aware Meta,Target-aware meta query MSE,17,0.10906791128218174,0.016095130843413637,4
Target-Aware Meta,Target-aware meta query MSE,18,0.10703389346599579,0.013413599745971583,4
Target-Aware Meta,Target-aware meta query MSE,19,0.12095918692648411,0.004333044478819094,4
Target-Aware Meta,Target-aware meta query MSE,20,0.09514250792562962,0.012302096777168205,4
Target-Aware Meta,Target-aware meta query MSE,21,0.11178985238075256,0.009276159933239684,4
Target-Aware Meta,Target-aware meta query MSE,22,0.11291803047060966,0.024551486588971112,4
Target-Aware Meta,Target-aware meta query MSE,23,0.1146964319050312,0.03577419252028314,4
Target-Aware Meta,Target-aware meta query MSE,24,0.09464357607066631,0.013220228270170074,4
Target-Aware Meta,Target-aware meta query MSE,25,0.12942690029740334,0.04372004082918583,4
Target-Aware Meta,Target-aware meta query MSE,26,0.11779830977320671,0.04696495857365072,4
Target-Aware Meta,Target-aware meta query MSE,27,0.09637651592493057,0.021664347511057152,4
Target-Aware Meta,Target-aware meta query MSE,28,0.14793680422008038,0.036057588083487135,4
Target-Aware Meta,Target-aware meta query MSE,29,0.13758289255201817,0.023684882159881775,4
Target-Aware Meta,Target-aware meta query MSE,30,0.1179854366928339,0.04529162081819696,4
Target-Aware Meta,Target-aware meta query MSE,31,0.10424911975860596,0.014163156238600831,4
Target-Aware Meta,Target-aware meta query MSE,32,0.13002681732177734,0.023539485545030187,4
Target-Aware Meta,Target-aware meta query MSE,33,0.11848190613090992,0.03508904707820562,4
Target-Aware Meta,Target-aware meta query MSE,34,0.09495494700968266,0.017120434634584864,4
Target-Aware Meta,Target-aware meta query MSE,35,0.09241563081741333,0.02592506070189299,4
Target-Aware Meta,Target-aware meta query MSE,36,0.08850955404341221,0.012499341907506711,4
Target-Aware Meta,Target-aware meta query MSE,37,0.09921465069055557,0.019266971460686448,4
Target-Aware Meta,Target-aware meta query MSE,38,0.10553797520697117,0.027292199043375567,4
Target-Aware Meta,Target-aware meta query MSE,39,0.1046302579343319,0.040282875978035315,4
Target-Aware Meta,Target-aware meta query MSE,40,0.11906096152961254,0.04421066371749002,4
Target-Aware Meta,Target-aware meta query MSE,41,0.09752291813492775,0.01935470461343844,4
Target-Aware Meta,Target-aware meta query MSE,42,0.12437157519161701,0.032836814145476644,4
Target-Aware Meta,Target-aware meta query MSE,43,0.10877067223191261,0.008143136602503515,4
Target-Aware Meta,Target-aware meta query MSE,44,0.09740280732512474,0.02199107131396709,4
Target-Aware Meta,Target-aware meta query MSE,45,0.1144583523273468,0.04601516139852127,4
Target-Aware Meta,Target-aware meta query MSE,46,0.1473560966551304,0.024289749724307093,4
Target-Aware Meta,Target-aware meta query MSE,47,0.10144939366728067,0.04347409106834843,4
Target-Aware Meta,Target-aware meta query MSE,48,0.11950842291116714,0.029426539304946844,4
Target-Aware Meta,Target-aware meta query MSE,49,0.1264197863638401,0.04153611050261037,4
Target-Aware Meta,Target-aware meta query MSE,50,0.09743956662714481,0.008605282381633285,4
Target-Aware Meta,Target-aware meta query MSE,51,0.11411667428910732,0.03859108249344782,4
Target-Aware Meta,Target-aware meta query MSE,52,0.14269615523517132,0.06245556033781364,4
Target-Aware Meta,Target-aware meta query MSE,53,0.11174781993031502,0.03083902508936635,4
Target-Aware Meta,Target-aware meta query MSE,54,0.11169565469026566,0.026235335437752656,4
Target-Aware Meta,Target-aware meta query MSE,55,0.11491226218640804,0.016177676490834004,4
Target-Aware Meta,Target-aware meta query MSE,56,0.09795674681663513,0.011303362410887901,4
Target-Aware Meta,Target-aware meta query MSE,57,0.10861712880432606,0.053187290437084,4
Target-Aware Meta,Target-aware meta query MSE,58,0.13711273297667503,0.07529742175096842,4
Target-Aware Meta,Target-aware meta query MSE,59,0.12534225173294544,0.04773771248480813,4
Target-Aware Meta,Target-aware meta query MSE,60,0.1057361587882042,0.03865728388969849,4
Target-Aware Meta,Target-aware meta query MSE,61,0.1163671724498272,0.03656736554051118,4
Target-Aware Meta,Target-aware meta query MSE,62,0.10055770725011826,0.05547954358277189,4
Target-Aware Meta,Target-aware meta query MSE,63,0.09538006968796253,0.030525027352533856,4
Target-Aware Meta,Target-aware meta query MSE,64,0.10831152088940144,0.021948781644509887,4
Target-Aware Meta,Target-aware meta query MSE,65,0.10091050155460835,0.05493144834517515,4
Target-Aware Meta,Target-aware meta query MSE,66,0.0847634132951498,0.01667107988640651,4
Target-Aware Meta,Target-aware meta query MSE,67,0.0995731521397829,0.02255520078457435,4
Target-Aware Meta,Target-aware meta query MSE,68,0.10727682523429394,0.02721232425015689,4
Target-Aware Meta,Target-aware meta query MSE,69,0.08137338329106569,0.01883968470767913,4
Target-Aware Meta,Target-aware meta query MSE,70,0.08245844393968582,0.01435349055711802,4
Target-Aware Meta,Target-aware meta query MSE,71,0.1009252518415451,0.032352492300047546,4
Target-Aware Meta,Target-aware meta query MSE,72,0.11601130291819572,0.06534100764210715,4
Target-Aware Meta,Target-aware meta query MSE,73,0.13106066919863224,0.06426527529666111,4
Target-Aware Meta,Target-aware meta query MSE,74,0.11730497516691685,0.05891179464817653,4
Target-Aware Meta,Target-aware meta query MSE,75,0.11174160055816174,0.03515500406298292,4
Target-Aware Meta,Target-aware meta query MSE,76,0.1381014995276928,0.007890298746971967,4
Target-Aware Meta,Target-aware meta query MSE,77,0.09433337301015854,0.024738079787063143,4
Target-Aware Meta,Target-aware meta query MSE,78,0.09021361358463764,0.028193526647074335,4
Target-Aware Meta,Target-aware meta query MSE,79,0.10106784477829933,0.027660252917107234,4
Target-Aware Meta,Target-aware meta query MSE,80,0.09011298976838589,0.01907253610541127,4
Target-Aware Meta,Target-aware meta query MSE,81,0.0895127933472395,0.022071846155335348,4
Target-Aware Meta,Target-aware meta query MSE,82,0.1035183984786272,0.03178266249356948,4
Target-Aware Meta,Target-aware meta query MSE,83,0.10366813093423843,0.012641754699120619,4
Target-Aware Meta,Target-aware meta query MSE,84,0.11251341179013252,0.05355904211626867,4
Target-Aware Meta,Target-aware meta query MSE,85,0.110007518902421,0.043371739783677865,4
Target-Aware Meta,Target-aware meta query MSE,86,0.11089320480823517,0.05948377893015128,4
Target-Aware Meta,Target-aware meta query MSE,87,0.11892559193074703,0.051399777659954085,4
Target-Aware Meta,Target-aware meta query MSE,88,0.1361535433679819,0.04197256432062415,4
Target-Aware Meta,Target-aware meta query MSE,89,0.09882528707385063,0.01197454702981251,4
Target-Aware Meta,Target-aware meta query MSE,90,0.11114361509680748,0.035308973796982376,4
Target-Aware Meta,Target-aware meta query MSE,91,0.08234940283000469,0.010032039589441419,4
Target-Aware Meta,Target-aware meta query MSE,92,0.11666051018983126,0.05750240284869297,4
Target-Aware Meta,Target-aware meta query MSE,93,0.1147564509883523,0.06142694746438234,4
Target-Aware Meta,Target-aware meta query MSE,94,0.10220373049378395,0.036251953823727714,4
Target-Aware Meta,Target-aware meta query MSE,95,0.1073251087218523,0.01230905785169064,4
Target-Aware Meta,Target-aware meta query MSE,96,0.10002147406339645,0.016214142765118192,4
Target-Aware Meta,Target-aware meta query MSE,97,0.11105121485888958,0.026223060563802324,4
Target-Aware Meta,Target-aware meta query MSE,98,0.11776013299822807,0.04683307794429579,4
Target-Aware Meta,Target-aware meta query MSE,99,0.10137170739471912,0.008330781958755607,4
Target-Aware Meta,Target-aware meta query MSE,100,0.10393816605210304,0.025474576741680275,4
Target-Aware Meta,Target-aware meta query MSE,101,0.10481005255132914,0.04438491371274541,4
Target-Aware Meta,Target-aware meta query MSE,102,0.09714164398610592,0.014460225626265501,4
Target-Aware Meta,Target-aware meta query MSE,103,0.11596230790019035,0.022840466050179812,4
Target-Aware Meta,Target-aware meta query MSE,104,0.14652225747704506,0.05751119091586366,4
Target-Aware Meta,Target-aware meta query MSE,105,0.1493103727698326,0.052730296445122934,4
Target-Aware Meta,Target-aware meta query MSE,106,0.10486220195889473,0.01611971087474443,4
Target-Aware Meta,Target-aware meta query MSE,107,0.14673595130443573,0.10382217454639177,4
Target-Aware Meta,Target-aware meta query MSE,108,0.13021539710462093,0.038997027877891596,4
Target-Aware Meta,Target-aware meta query MSE,109,0.08934400137513876,0.03002422967085409,4
Target-Aware Meta,Target-aware meta query MSE,110,0.17006016336381435,0.05969542638084501,4
Target-Aware Meta,Target-aware meta query MSE,111,0.13003617338836193,0.05927697916390314,4
Target-Aware Meta,Target-aware meta query MSE,112,0.10602869465947151,0.035210733446088,4
Target-Aware Meta,Target-aware meta query MSE,113,0.10624496825039387,0.025155301949098142,4
Target-Aware Meta,Target-aware meta query MSE,114,0.09543224424123764,0.0205527149580314,4
Target-Aware Meta,Target-aware meta query MSE,115,0.10437430255115032,0.04886675948435472,4
Target-Aware Meta,Target-aware meta query MSE,116,0.08631040994077921,0.020184064316048873,4
Target-Aware Meta,Target-aware meta query MSE,117,0.1259276047348976,0.055952860438750224,4
Target-Aware Meta,Target-aware meta query MSE,118,0.09355261735618114,0.03384348305861691,4
Target-Aware Meta,Target-aware meta query MSE,119,0.11376456171274185,0.02962792626947107,4
Target-Aware Meta,Target-aware meta query MSE,120,0.10728639923036098,0.015155714764844758,4
Target-Aware Meta,Target-aware meta query MSE,121,0.11161931231617928,0.04940754648144657,4
Target-Aware Meta,Target-aware meta query MSE,122,0.10861861333251,0.053796507497578576,4
Target-Aware Meta,Target-aware meta query MSE,123,0.08363621681928635,0.01711381113196513,4
Target-Aware Meta,Target-aware meta query MSE,124,0.13932020403444767,0.057243336838571586,4
Target-Aware Meta,Target-aware meta query MSE,125,0.07763280905783176,0.012506230947433496,4
Target-Aware Meta,Target-aware meta query MSE,126,0.10886024031788111,0.05999801705635127,4
Target-Aware Meta,Target-aware meta query MSE,127,0.08286285679787397,0.021720499169339453,4
Target-Aware Meta,Target-aware meta query MSE,128,0.0931813232600689,0.011363193091559146,4
Target-Aware Meta,Target-aware meta query MSE,129,0.11823990754783154,0.05845821358807497,4
Target-Aware Meta,Target-aware meta query MSE,130,0.10712824016809464,0.02946407700886206,4
Target-Aware Meta,Target-aware meta query MSE,131,0.08208632282912731,0.007349237881588875,4
Target-Aware Meta,Target-aware meta query MSE,132,0.08691797032952309,0.03290443311175425,4
Target-Aware Meta,Target-aware meta query MSE,133,0.08791452832520008,0.02816590089920898,4
Target-Aware Meta,Target-aware meta query MSE,134,0.0949621070176363,0.03975018927002235,4
Target-Aware Meta,Target-aware meta query MSE,135,0.1409726496785879,0.07312382806431764,4
Target-Aware Meta,Target-aware meta query MSE,136,0.13248378224670887,0.05455121774738207,4
Target-Aware Meta,Target-aware meta query MSE,137,0.09502536989748478,0.016296574352919705,4
Target-Aware Meta,Target-aware meta query MSE,138,0.10009551420807838,0.007819577081504632,4
Target-Aware Meta,Target-aware meta query MSE,139,0.0925505943596363,0.012488488489249269,4
Target-Aware Meta,Target-aware meta query MSE,140,0.08555063419044018,0.01264080113120312,4
Target-Aware Meta,Target-aware meta query MSE,141,0.11319401487708092,0.017871293438432415,4
Target-Aware Meta,Target-aware meta query MSE,142,0.1599527932703495,0.08071162665608929,4
Target-Aware Meta,Target-aware meta query MSE,143,0.15058210864663124,0.04713234586926324,4
Target-Aware Meta,Target-aware meta query MSE,144,0.1155268345028162,0.04854406730177415,4
Target-Aware Meta,Target-aware meta query MSE,145,0.13476689718663692,0.03976945933993344,4
Target-Aware Meta,Target-aware meta query MSE,146,0.09979110024869442,0.030201514898634,4
Target-Aware Meta,Target-aware meta query MSE,147,0.12865481339395046,0.053892395705306656,4
Target-Aware Meta,Target-aware meta query MSE,148,0.10691947489976883,0.0239590343573494,4
Target-Aware Meta,Target-aware meta query MSE,149,0.09045948274433613,0.012460550607566845,4
Target-Aware Meta,Target-aware meta query MSE,150,0.09022395312786102,0.01952785792628339,4
Target-Aware Meta,Target-aware meta query MSE,151,0.1120175514370203,0.057050715494644154,4
Target-Aware Meta,Target-aware meta query MSE,152,0.090729720890522,0.017210993842717404,4
Target-Aware Meta,Target-aware meta query MSE,153,0.12489834800362587,0.050447664233321796,4
Target-Aware Meta,Target-aware meta query MSE,154,0.09867765381932259,0.03265084893638647,4
Target-Aware Meta,Target-aware meta query MSE,155,0.10796018689870834,0.018539013326829293,4
Target-Aware Meta,Target-aware meta query MSE,156,0.08545784838497639,0.0542768785997501,4
Target-Aware Meta,Target-aware meta query MSE,157,0.08670306950807571,0.016375033368488702,4
Target-Aware Meta,Target-aware meta query MSE,158,0.09261603280901909,0.006190021729195951,4
Target-Aware Meta,Target-aware meta query MSE,159,0.08014891855418682,0.013524898301205221,4
Target-Aware Meta,Target-aware meta query MSE,160,0.12416872195899487,0.04639831291725426,4
Target-Aware Meta,Target-aware meta query MSE,161,0.10207717306911945,0.031731281358572956,4
Target-Aware Meta,Target-aware meta query MSE,162,0.08617566525936127,0.010278053154668593,4
Target-Aware Meta,Target-aware meta query MSE,163,0.0998097863048315,0.02678458306120712,4
Target-Aware Meta,Target-aware meta query MSE,164,0.11594909429550171,0.0458318189300415,4
Target-Aware Meta,Target-aware meta query MSE,165,0.08990319911390543,0.02479167461686046,4
Target-Aware Meta,Target-aware meta query MSE,166,0.12600520625710487,0.05893847884539161,4
Target-Aware Meta,Target-aware meta query MSE,167,0.14554481580853462,0.05317977912783903,4
Target-Aware Meta,Target-aware meta query MSE,168,0.1563444845378399,0.07953919390385034,4
Target-Aware Meta,Target-aware meta query MSE,169,0.09245007112622261,0.013317470593133039,4
Target-Aware Meta,Target-aware meta query MSE,170,0.13762313313782215,0.04872462921937167,4
Target-Aware Meta,Target-aware meta query MSE,171,0.09037972055375576,0.01732055890641019,4
Target-Aware Meta,Target-aware meta query MSE,172,0.1306093754246831,0.07692024231004481,4
Target-Aware Meta,Target-aware meta query MSE,173,0.1018086988478899,0.029332609895297974,4
Target-Aware Meta,Target-aware meta query MSE,174,0.12550844624638557,0.05516301674253303,4
Target-Aware Meta,Target-aware meta query MSE,175,0.08441456221044064,0.025860859546448303,4
Target-Aware Meta,Target-aware meta query MSE,176,0.09694986045360565,0.019441297986534777,4
Target-Aware Meta,Target-aware meta query MSE,177,0.13531354442238808,0.07283114921412703,4
Target-Aware Meta,Target-aware meta query MSE,178,0.1392489094287157,0.08262401816642614,4
Target-Aware Meta,Target-aware meta query MSE,179,0.10691790468990803,0.023024642962873928,4
Target-Aware Meta,Target-aware meta query MSE,180,0.08840242587029934,0.02114079422463228,4
Target-Aware Meta,Target-aware meta query MSE,181,0.10825573280453682,0.02088872680311345,4
Target-Aware Meta,Target-aware meta query MSE,182,0.083191754296422,0.012596358414172207,4
Target-Aware Meta,Target-aware meta query MSE,183,0.1369763482362032,0.08071556010752462,4
Target-Aware Meta,Target-aware meta query MSE,184,0.15597672015428543,0.05694297395005129,4
Target-Aware Meta,Target-aware meta query MSE,185,0.10120982863008976,0.038366350132923846,4
Target-Aware Meta,Target-aware meta query MSE,186,0.14396190270781517,0.06947720886805135,4
Target-Aware Meta,Target-aware meta query MSE,187,0.10635095741599798,0.03176018654939529,4
Target-Aware Meta,Target-aware meta query MSE,188,0.1648911014199257,0.03780410088853121,4
Target-Aware Meta,Target-aware meta query MSE,189,0.10917308367788792,0.05061519371427452,4
Target-Aware Meta,Target-aware meta query MSE,190,0.0883017685264349,0.019989620063987655,4
Target-Aware Meta,Target-aware meta query MSE,191,0.09042582102119923,0.018370138601475974,4
Target-Aware Meta,Target-aware meta query MSE,192,0.10992624051868916,0.04709801939529965,4
Target-Aware Meta,Target-aware meta query MSE,193,0.08123602997511625,0.025320543658867354,4
Target-Aware Meta,Target-aware meta query MSE,194,0.10915146954357624,0.03676734134409779,4
Target-Aware Meta,Target-aware meta query MSE,195,0.08838528394699097,0.012152798247525737,4
Target-Aware Meta,Target-aware meta query MSE,196,0.09059848263859749,0.016551736632779125,4
Target-Aware Meta,Target-aware meta query MSE,197,0.15810543484985828,0.08068550677990736,4
Target-Aware Meta,Target-aware meta query MSE,198,0.1052789930254221,0.038974080231620654,4
Target-Aware Meta,Target-aware meta query MSE,199,0.11106674000620842,0.019878709633687423,4
Target-Aware Meta,Target-aware meta query MSE,200,0.10863666981458664,0.05672970246897968,4
Target-Aware Meta,Target-aware meta query MSE,201,0.09228884428739548,0.010224192933747375,4
Target-Aware Meta,Target-aware meta query MSE,202,0.12016867473721504,0.05752508395498377,4
Target-Aware Meta,Target-aware meta query MSE,203,0.11348236259073019,0.06087817907038309,4
Target-Aware Meta,Target-aware meta query MSE,204,0.1065300703048706,0.05959868439388391,4
Target-Aware Meta,Target-aware meta query MSE,205,0.12749383971095085,0.0633332071604876,4
Target-Aware Meta,Target-aware meta query MSE,206,0.09423277713358402,0.016344326559997926,4
Target-Aware Meta,Target-aware meta query MSE,207,0.08919352665543556,0.015131007673665627,4
Target-Aware Meta,Target-aware meta query MSE,208,0.08833072520792484,0.03754274409048347,4
Target-Aware Meta,Target-aware meta query MSE,209,0.09971105866134167,0.035953160361958995,4
Target-Aware Meta,Target-aware meta query MSE,210,0.12109388969838619,0.06353679765654949,4
Target-Aware Meta,Target-aware meta query MSE,211,0.08400015346705914,0.011473536589680868,4
Target-Aware Meta,Target-aware meta query MSE,212,0.11469128727912903,0.04551191692027741,4
Target-Aware Meta,Target-aware meta query MSE,213,0.12842579185962677,0.05515504270340597,4
Target-Aware Meta,Target-aware meta query MSE,214,0.12714997306466103,0.055920786239637935,4
Target-Aware Meta,Target-aware meta query MSE,215,0.11781034432351589,0.05362620990117373,4
Target-Aware Meta,Target-aware meta query MSE,216,0.12530196644365788,0.04194305704841606,4
Target-Aware Meta,Target-aware meta query MSE,217,0.10925090685486794,0.046209640072197904,4
Target-Aware Meta,Target-aware meta query MSE,218,0.10067073442041874,0.0115927207732676,4
Target-Aware Meta,Target-aware meta query MSE,219,0.09933420270681381,0.005628449882314823,4
Target-Aware Meta,Target-aware meta query MSE,220,0.11076905205845833,0.010658229762242033,4
Target-Aware Meta,Target-aware meta query MSE,221,0.09461578540503979,0.007150898102748799,4
Target-Aware Meta,Target-aware meta query MSE,222,0.11508293449878693,0.032496656506161715,4
Target-Aware Meta,Target-aware meta query MSE,223,0.08240081556141376,0.02199783422819133,4
Target-Aware Meta,Target-aware meta query MSE,224,0.13803988508880138,0.07154461360267338,4
Target-Aware Meta,Target-aware meta query MSE,225,0.10016948916018009,0.009016873928787226,4
Target-Aware Meta,Target-aware meta query MSE,226,0.09223281219601631,0.025874738144992353,4
Target-Aware Meta,Target-aware meta query MSE,227,0.10768818855285645,0.026120182834953872,4
Target-Aware Meta,Target-aware meta query MSE,228,0.10417535156011581,0.029369253066355867,4
Target-Aware Meta,Target-aware meta query MSE,229,0.15931160002946854,0.14198408385374803,4
Target-Aware Meta,Target-aware meta query MSE,230,0.16407431103289127,0.08045303202049142,4
Target-Aware Meta,Target-aware meta query MSE,231,0.08677973598241806,0.017686972132593046,4
Target-Aware Meta,Target-aware meta query MSE,232,0.10485208593308926,0.02346080296025702,4
Target-Aware Meta,Target-aware meta query MSE,233,0.08331865072250366,0.009917903272328011,4
Target-Aware Meta,Target-aware meta query MSE,234,0.11804621107876301,0.05242524602553169,4
Target-Aware Meta,Target-aware meta query MSE,235,0.12127654999494553,0.0498669888635989,4
Target-Aware Meta,Target-aware meta query MSE,236,0.09049535728991032,0.023626562468556513,4
Target-Aware Meta,Target-aware meta query MSE,237,0.08917600102722645,0.014215768683208618,4
Target-Aware Meta,Target-aware meta query MSE,238,0.09897756017744541,0.018688080549521566,4
Target-Aware Meta,Target-aware meta query MSE,239,0.10048424825072289,0.03710068660281201,4
Target-Aware Meta,Target-aware meta query MSE,240,0.09828423894941807,0.01841230426413185,4
Target-Aware Meta,Target-aware meta query MSE,241,0.15622128918766975,0.07256243043869319,4
Target-Aware Meta,Target-aware meta query MSE,242,0.1298980973660946,0.08914013859512752,4
Target-Aware Meta,Target-aware meta query MSE,243,0.1531553491950035,0.04571379679880919,4
Target-Aware Meta,Target-aware meta query MSE,244,0.13749004900455475,0.06965903218489855,4
Target-Aware Meta,Target-aware meta query MSE,245,0.14734619297087193,0.0545457637189463,4
Target-Aware Meta,Target-aware meta query MSE,246,0.100936783477664,0.011746569390775414,4
Target-Aware Meta,Target-aware meta query MSE,247,0.1087951809167862,0.03555347723587637,4
Target-Aware Meta,Target-aware meta query MSE,248,0.10858574695885181,0.057302998884003656,4
Target-Aware Meta,Target-aware meta query MSE,249,0.09309322386980057,0.00882255856696148,4
Target-Aware Meta,Target-aware meta query MSE,250,0.11425620317459106,0.03907484449392365,4
Target-Aware Meta,Target-aware meta query MSE,251,0.11769456788897514,0.03576849831500566,4
Target-Aware Meta,Target-aware meta query MSE,252,0.11655759997665882,0.055548500656803265,4
Target-Aware Meta,Target-aware meta query MSE,253,0.09289569780230522,0.015615112331838392,4
Target-Aware Meta,Target-aware meta query MSE,254,0.11819605901837349,0.07215042886469554,4
Target-Aware Meta,Target-aware meta query MSE,255,0.10450551100075245,0.027284828305220755,4
Target-Aware Meta,Target-aware meta query MSE,256,0.10914628766477108,0.03324873386220453,4
Target-Aware Meta,Target-aware meta query MSE,257,0.13957328535616398,0.07261505669825041,4
Target-Aware Meta,Target-aware meta query MSE,258,0.15353578329086304,0.0753968227800995,4
Target-Aware Meta,Target-aware meta query MSE,259,0.12464947439730167,0.05724437098254224,4
Target-Aware Meta,Target-aware meta query MSE,260,0.09125784039497375,0.026543854030357285,4
Target-Aware Meta,Target-aware meta query MSE,261,0.1298710759729147,0.051828070276742286,4
Target-Aware Meta,Target-aware meta query MSE,262,0.11759833805263042,0.04393000269331945,4
Target-Aware Meta,Target-aware meta query MSE,263,0.10435354523360729,0.034503205376734944,4
Target-Aware Meta,Target-aware meta query MSE,264,0.12434090301394463,0.09469906945927435,4
Target-Aware Meta,Target-aware meta query MSE,265,0.0857012178748846,0.01132815186349299,4
Target-Aware Meta,Target-aware meta query MSE,266,0.14169253408908844,0.044424225032581026,4
Target-Aware Meta,Target-aware meta query MSE,267,0.11771483719348907,0.041639771158422746,4
Target-Aware Meta,Target-aware meta query MSE,268,0.10573556646704674,0.03884381713814194,4
Target-Aware Meta,Target-aware meta query MSE,269,0.0797834862023592,0.01888673368303548,4
Target-Aware Meta,Target-aware meta query MSE,270,0.14197280816733837,0.07262832402146731,4
Target-Aware Meta,Target-aware meta query MSE,271,0.08386770822107792,0.0086993412610015,4
Target-Aware Meta,Target-aware meta query MSE,272,0.09803657978773117,0.02928391920173404,4
Target-Aware Meta,Target-aware meta query MSE,273,0.13764512538909912,0.05589488312896557,4
Target-Aware Meta,Target-aware meta query MSE,274,0.1319464147090912,0.04040520658403693,4
Target-Aware Meta,Target-aware meta query MSE,275,0.10522839054465294,0.02148432584178312,4
Target-Aware Meta,Target-aware meta query MSE,276,0.07999960146844387,0.0073367085280759345,4
Target-Aware Meta,Target-aware meta query MSE,277,0.12820287607610226,0.06252065029802607,4
Target-Aware Meta,Target-aware meta query MSE,278,0.11358845420181751,0.049969679184116884,4
Target-Aware Meta,Target-aware meta query MSE,279,0.1108758132904768,0.032092025734293574,4
Target-Aware Meta,Target-aware meta query MSE,280,0.09471750073134899,0.012546175858675401,4
Target-Aware Meta,Target-aware meta query MSE,281,0.09682198613882065,0.021699157359640352,4
Target-Aware Meta,Target-aware meta query MSE,282,0.09321960061788559,0.014811632025707684,4
Target-Aware Meta,Target-aware meta query MSE,283,0.08828278351575136,0.03141957851082449,4
Target-Aware Meta,Target-aware meta query MSE,284,0.08435948565602303,0.015380939306491483,4
Target-Aware Meta,Target-aware meta query MSE,285,0.1351701933890581,0.09159765706629187,4
Target-Aware Meta,Target-aware meta query MSE,286,0.11272222362458706,0.03735687921929435,4
Target-Aware Meta,Target-aware meta query MSE,287,0.12015053629875183,0.07895716319369354,4
Target-Aware Meta,Target-aware meta query MSE,288,0.11552336439490318,0.04787896496192455,4
Target-Aware Meta,Target-aware meta query MSE,289,0.1434419360011816,0.054576037775247555,4
Target-Aware Meta,Target-aware meta query MSE,290,0.13084406219422817,0.03650624712146965,4
Target-Aware Meta,Target-aware meta query MSE,291,0.10932024382054806,0.045662216279860196,4
Target-Aware Meta,Target-aware meta query MSE,292,0.09264339692890644,0.023192759135290085,4
Target-Aware Meta,Target-aware meta query MSE,293,0.07885547541081905,0.0051333465179090095,4
Target-Aware Meta,Target-aware meta query MSE,294,0.08069053292274475,0.00873053473991666,4
Target-Aware Meta,Target-aware meta query MSE,295,0.08813718613237143,0.023803467691138603,4
Target-Aware Meta,Target-aware meta query MSE,296,0.10000897385179996,0.020364612563362458,4
Target-Aware Meta,Target-aware meta query MSE,297,0.12479744106531143,0.03654002351664903,4
Target-Aware Meta,Target-aware meta query MSE,298,0.08138249441981316,0.006373102687092283,4
Target-Aware Meta,Target-aware meta query MSE,299,0.11238908395171165,0.04397752011868615,4
Target-Aware Meta,Target-aware meta query MSE,300,0.18885274417698383,0.06952520519712484,4
Target-Aware Meta,Target-aware meta query MSE,301,0.09421946108341217,0.020796146902452056,4
Target-Aware Meta,Target-aware meta query MSE,302,0.09696837514638901,0.033829261386245174,4
Target-Aware Meta,Target-aware meta query MSE,303,0.13815639540553093,0.06692348185734152,4
Target-Aware Meta,Target-aware meta query MSE,304,0.10341337695717812,0.02976989134383587,4
Target-Aware Meta,Target-aware meta query MSE,305,0.11780187673866749,0.04230297888927434,4
Target-Aware Meta,Target-aware meta query MSE,306,0.10235371813178062,0.01988565970810065,4
Target-Aware Meta,Target-aware meta query MSE,307,0.12261537276208401,0.027264673026835187,4
Target-Aware Meta,Target-aware meta query MSE,308,0.09781272523105145,0.009470758230026554,4
Target-Aware Meta,Target-aware meta query MSE,309,0.1296381652355194,0.02878432399069847,4
Target-Aware Meta,Target-aware meta query MSE,310,0.1324477307498455,0.03929239843014834,4
Target-Aware Meta,Target-aware meta query MSE,311,0.1273422297090292,0.03988667385134187,4
Target-Aware Meta,Target-aware meta query MSE,312,0.1155126690864563,0.02808953864433679,4
Target-Aware Meta,Target-aware meta query MSE,313,0.09852878749370575,0.015984074723843247,4
Target-Aware Meta,Target-aware meta query MSE,314,0.1655413992702961,0.07451797808206594,4
Target-Aware Meta,Target-aware meta query MSE,315,0.10800634697079659,0.007317034778186487,4
Target-Aware Meta,Target-aware meta query MSE,316,0.14603984542191029,0.08226474869208679,4
Target-Aware Meta,Target-aware meta query MSE,317,0.15379776991903782,0.07535257510845406,4
Target-Aware Meta,Target-aware meta query MSE,318,0.1309538036584854,0.05203599654559818,4
Target-Aware Meta,Target-aware meta query MSE,319,0.08581364713609219,0.010455073575420042,4
Target-Aware Meta,Target-aware meta query MSE,320,0.0921791773289442,0.00818917660905762,4
Target-Aware Meta,Target-aware meta query MSE,321,0.10525335930287838,0.013212788818779016,4
Target-Aware Meta,Target-aware meta query MSE,322,0.11139515787363052,0.03040142920476968,4
Target-Aware Meta,Target-aware meta query MSE,323,0.12226509116590023,0.04891986645542924,4
Target-Aware Meta,Target-aware meta query MSE,324,0.10328244976699352,0.05233918242947138,4
Target-Aware Meta,Target-aware meta query MSE,325,0.12840349227190018,0.06521702705914201,4
Target-Aware Meta,Target-aware meta query MSE,326,0.1040178220719099,0.028212548609922547,4
Target-Aware Meta,Target-aware meta query MSE,327,0.08307129703462124,0.015431223170828737,4
Target-Aware Meta,Target-aware meta query MSE,328,0.09306628070771694,0.019398332827940845,4
Target-Aware Meta,Target-aware meta query MSE,329,0.1030392087996006,0.020227867718905775,4
Target-Aware Meta,Target-aware meta query MSE,330,0.10270168073475361,0.01300099850836096,4
Target-Aware Meta,Target-aware meta query MSE,331,0.10066941007971764,0.03718665180691701,4
Target-Aware Meta,Target-aware meta query MSE,332,0.11353044770658016,0.041129844574380285,4
Target-Aware Meta,Target-aware meta query MSE,333,0.10833694227039814,0.01607739454002701,4
Target-Aware Meta,Target-aware meta query MSE,334,0.13634822890162468,0.03455175293465529,4
Target-Aware Meta,Target-aware meta query MSE,335,0.09482750296592712,0.02303126836770711,4
Target-Aware Meta,Target-aware meta query MSE,336,0.15962220169603825,0.07514947263114326,4
Target-Aware Meta,Target-aware meta query MSE,337,0.10202529840171337,0.027385285567570004,4
Target-Aware Meta,Target-aware meta query MSE,338,0.08724248968064785,0.009844310387156625,4
Target-Aware Meta,Target-aware meta query MSE,339,0.11005980614572763,0.047033578506049896,4
Target-Aware Meta,Target-aware meta query MSE,340,0.08945393562316895,0.025805153603916636,4
Target-Aware Meta,Target-aware meta query MSE,341,0.14203396253287792,0.07987061519750248,4
Target-Aware Meta,Target-aware meta query MSE,342,0.12527058832347393,0.08056621513900036,4
Target-Aware Meta,Target-aware meta query MSE,343,0.12007234804332256,0.03243742102318987,4
Target-Aware Meta,Target-aware meta query MSE,344,0.11302236095070839,0.03506032493146408,4
Target-Aware Meta,Target-aware meta query MSE,345,0.14400111325085163,0.07227713025511925,4
Target-Aware Meta,Target-aware meta query MSE,346,0.14046224765479565,0.048635683962987675,4
Target-Aware Meta,Target-aware meta query MSE,347,0.09922920912504196,0.04591439961783729,4
Target-Aware Meta,Target-aware meta query MSE,348,0.07782902754843235,0.01088737988233629,4
Target-Aware Meta,Target-aware meta query MSE,349,0.13009675405919552,0.048700237774566814,4
Target-Aware Meta,Target-aware meta query MSE,350,0.08577192854136229,0.024034147378883156,4
Target-Aware Meta,Target-aware meta query MSE,351,0.08946892991662025,0.014636109162227904,4
Target-Aware Meta,Target-aware meta query MSE,352,0.13336356915533543,0.05037940675445789,4
Target-Aware Meta,Target-aware meta query MSE,353,0.10741438157856464,0.034719092855426396,4
Target-Aware Meta,Target-aware meta query MSE,354,0.08370265178382397,0.010900737759149555,4
Target-Aware Meta,Target-aware meta query MSE,355,0.10093380510807037,0.015982246961799704,4
Target-Aware Meta,Target-aware meta query MSE,356,0.11233166791498661,0.04173548917961051,4
Target-Aware Meta,Target-aware meta query MSE,357,0.08863482996821404,0.01771348919780942,4
Target-Aware Meta,Target-aware meta query MSE,358,0.10894720815122128,0.010752933253022474,4
Target-Aware Meta,Target-aware meta query MSE,359,0.07539971638470888,0.018755825551258137,4
Target-Aware Meta,Target-aware meta query MSE,360,0.09879253711551428,0.048568612106526715,4
Target-Aware Meta,Target-aware meta query MSE,361,0.10125630721449852,0.021309727617098227,4
Target-Aware Meta,Target-aware meta query MSE,362,0.12210370227694511,0.0398496546987357,4
Target-Aware Meta,Target-aware meta query MSE,363,0.1124065462499857,0.01742816193662045,4
Target-Aware Meta,Target-aware meta query MSE,364,0.09337600879371166,0.026702650880873608,4
Target-Aware Meta,Target-aware meta query MSE,365,0.10250366851687431,0.0387514518048312,4
Target-Aware Meta,Target-aware meta query MSE,366,0.07700115721672773,0.023612240733312553,4
Target-Aware Meta,Target-aware meta query MSE,367,0.12956493720412254,0.08531762277997877,4
Target-Aware Meta,Target-aware meta query MSE,368,0.09312012512236834,0.05258041797727135,4
Target-Aware Meta,Target-aware meta query MSE,369,0.09087914600968361,0.017687932211758104,4
Target-Aware Meta,Target-aware meta query MSE,370,0.1010249387472868,0.01528194946695804,4
Target-Aware Meta,Target-aware meta query MSE,371,0.146777817979455,0.08588969464347143,4
Target-Aware Meta,Target-aware meta query MSE,372,0.08868013601750135,0.020634668135040994,4
Target-Aware Meta,Target-aware meta query MSE,373,0.17560670524835587,0.03658726582300695,4
Target-Aware Meta,Target-aware meta query MSE,374,0.09004238992929459,0.028648276274048205,4
Target-Aware Meta,Target-aware meta query MSE,375,0.10311558097600937,0.01802542881379198,4
Target-Aware Meta,Target-aware meta query MSE,376,0.09745601750910282,0.019394288646435227,4
Target-Aware Meta,Target-aware meta query MSE,377,0.0875191017985344,0.016997322231637534,4
Target-Aware Meta,Target-aware meta query MSE,378,0.0927254669368267,0.011463997356392627,4
Target-Aware Meta,Target-aware meta query MSE,379,0.09019344672560692,0.025093028927113785,4
Target-Aware Meta,Target-aware meta query MSE,380,0.14588415250182152,0.10836509499283867,4
Target-Aware Meta,Target-aware meta query MSE,381,0.13666179031133652,0.07253576423056318,4
Target-Aware Meta,Target-aware meta query MSE,382,0.11161944083869457,0.03755606881558224,4
Target-Aware Meta,Target-aware meta query MSE,383,0.1517756637185812,0.08298570892156809,4
Target-Aware Meta,Target-aware meta query MSE,384,0.09685073979198933,0.03183320632781612,4
Target-Aware Meta,Target-aware meta query MSE,385,0.12250908836722374,0.05531416023133561,4
Target-Aware Meta,Target-aware meta query MSE,386,0.12258309870958328,0.0507186611298992,4
Target-Aware Meta,Target-aware meta query MSE,387,0.09480590466409922,0.02470588704399409,4
Target-Aware Meta,Target-aware meta query MSE,388,0.09222197160124779,0.03622785577858242,4
Target-Aware Meta,Target-aware meta query MSE,389,0.09881456568837166,0.02027004246698003,4
Target-Aware Meta,Target-aware meta query MSE,390,0.09230554662644863,0.02433797240238387,4
Target-Aware Meta,Target-aware meta query MSE,391,0.09138809982687235,0.04845942984243555,4
Target-Aware Meta,Target-aware meta query MSE,392,0.1762700080871582,0.08368238327081565,4
Target-Aware Meta,Target-aware meta query MSE,393,0.1345049235969782,0.04920666923886332,4
Target-Aware Meta,Target-aware meta query MSE,394,0.07741687074303627,0.010941474227932175,4
Target-Aware Meta,Target-aware meta query MSE,395,0.13704432174563408,0.07884928941823052,4
Target-Aware Meta,Target-aware meta query MSE,396,0.09783152118325233,0.015365641256177629,4
Target-Aware Meta,Target-aware meta query MSE,397,0.09775244258344173,0.03441417128516083,4
Target-Aware Meta,Target-aware meta query MSE,398,0.13102216459810734,0.03664270629165618,4
Target-Aware Meta,Target-aware meta query MSE,399,0.11047462932765484,0.036133788696158235,4
Target-Aware Meta,Target-aware meta query MSE,400,0.09444127976894379,0.0104869477550685,4
Target-Aware Meta,Target-aware meta query MSE,401,0.0926661565899849,0.016046056621491278,4
Target-Aware Meta,Target-aware meta query MSE,402,0.11095964908599854,0.04068864824756109,4
Target-Aware Meta,Target-aware meta query MSE,403,0.09835139848291874,0.02045116510569179,4
Target-Aware Meta,Target-aware meta query MSE,404,0.08149691857397556,0.034541123324616126,4
Target-Aware Meta,Target-aware meta query MSE,405,0.10909580625593662,0.024349425486540132,4
Target-Aware Meta,Target-aware meta query MSE,406,0.09161789901554585,0.011817183354550393,4
Target-Aware Meta,Target-aware meta query MSE,407,0.09749531745910645,0.007065925060512314,4
Target-Aware Meta,Target-aware meta query MSE,408,0.13079872354865074,0.06710583541228198,4
Target-Aware Meta,Target-aware meta query MSE,409,0.10525781847536564,0.05785233083209659,4
Target-Aware Meta,Target-aware meta query MSE,410,0.1433889288455248,0.09565571246194648,4
Target-Aware Meta,Target-aware meta query MSE,411,0.0864986702799797,0.007428345394479297,4
Target-Aware Meta,Target-aware meta query MSE,412,0.13252007216215134,0.07508422391448827,4
Target-Aware Meta,Target-aware meta query MSE,413,0.10355189256370068,0.03483978954604482,4
Target-Aware Meta,Target-aware meta query MSE,414,0.10379811003804207,0.013088743292205902,4
Target-Aware Meta,Target-aware meta query MSE,415,0.08905878476798534,0.014848887752437262,4
Target-Aware Meta,Target-aware meta query MSE,416,0.1373509131371975,0.06530439328543973,4
Target-Aware Meta,Target-aware meta query MSE,417,0.09237015340477228,0.02693758365937343,4
Target-Aware Meta,Target-aware meta query MSE,418,0.10736977495253086,0.035326288525664974,4
Target-Aware Meta,Target-aware meta query MSE,419,0.12558330036699772,0.07878142132448922,4
Target-Aware Meta,Target-aware meta query MSE,420,0.14113951846957207,0.054855416254100606,4
Target-Aware Meta,Target-aware meta query MSE,421,0.11795756313949823,0.05769110052573133,4
Target-Aware Meta,Target-aware meta query MSE,422,0.15616180002689362,0.11117134865191552,4
Target-Aware Meta,Target-aware meta query MSE,423,0.11442994885146618,0.04071526751338705,4
Target-Aware Meta,Target-aware meta query MSE,424,0.16088246926665306,0.10905062016650026,4
Target-Aware Meta,Target-aware meta query MSE,425,0.10563915595412254,0.019198158284045207,4
Target-Aware Meta,Target-aware meta query MSE,426,0.14046475291252136,0.04378307627286343,4
Target-Aware Meta,Target-aware meta query MSE,427,0.1302123237401247,0.025029592792597172,4
Target-Aware Meta,Target-aware meta query MSE,428,0.14307628013193607,0.07455652010859833,4
Target-Aware Meta,Target-aware meta query MSE,429,0.15394803881645203,0.08193892488813473,4
Target-Aware Meta,Target-aware meta query MSE,430,0.08672075532376766,0.024920301319584608,4
Target-Aware Meta,Target-aware meta query MSE,431,0.12298672087490559,0.07689134630988394,4
Target-Aware Meta,Target-aware meta query MSE,432,0.08633495680987835,0.013003189964165166,4
Target-Aware Meta,Target-aware meta query MSE,433,0.10455123707652092,0.021630490655316893,4
Target-Aware Meta,Target-aware meta query MSE,434,0.11896567232906818,0.035149447294747144,4
Target-Aware Meta,Target-aware meta query MSE,435,0.09784724190831184,0.022149644032918286,4
Target-Aware Meta,Target-aware meta query MSE,436,0.09111217595636845,0.00851691472274043,4
Target-Aware Meta,Target-aware meta query MSE,437,0.11735468916594982,0.05083391294111825,4
Target-Aware Meta,Target-aware meta query MSE,438,0.0917244479060173,0.008179722769681739,4
Target-Aware Meta,Target-aware meta query MSE,439,0.1059251856058836,0.018819548753069015,4
Target-Aware Meta,Target-aware meta query MSE,440,0.0881615187972784,0.014817510618359755,4
Target-Aware Meta,Target-aware meta query MSE,441,0.0946939829736948,0.019965035856128608,4
Target-Aware Meta,Target-aware meta query MSE,442,0.09081418253481388,0.022494908834795088,4
Target-Aware Meta,Target-aware meta query MSE,443,0.09189233742654324,0.015797893963673013,4
Target-Aware Meta,Target-aware meta query MSE,444,0.1310527492314577,0.07796064867350133,4
Target-Aware Meta,Target-aware meta query MSE,445,0.10819597356021404,0.025971658209056676,4
Target-Aware Meta,Target-aware meta query MSE,446,0.08870214875787497,0.03330601799527099,4
Target-Aware Meta,Target-aware meta query MSE,447,0.10176276601850986,0.020499996851888965,4
Target-Aware Meta,Target-aware meta query MSE,448,0.12732253037393093,0.08387511734158616,4
Target-Aware Meta,Target-aware meta query MSE,449,0.15107742697000504,0.08254984264196578,4
Target-Aware Meta,Target-aware meta query MSE,450,0.1316051036119461,0.07967329611194138,4
Target-Aware Meta,Target-aware meta query MSE,451,0.11782309412956238,0.041257499952973606,4
Target-Aware Meta,Target-aware meta query MSE,452,0.16467104479670525,0.0910988440201843,4
Target-Aware Meta,Target-aware meta query MSE,453,0.0856648962944746,0.006993409337542039,4
Target-Aware Meta,Target-aware meta query MSE,454,0.0974987018853426,0.02386314617644132,4
Target-Aware Meta,Target-aware meta query MSE,455,0.08547109179198742,0.016466908080135918,4
Target-Aware Meta,Target-aware meta query MSE,456,0.09014418348670006,0.023551728218599566,4
Target-Aware Meta,Target-aware meta query MSE,457,0.09962739236652851,0.017380378374447246,4
Target-Aware Meta,Target-aware meta query MSE,458,0.09490104950964451,0.023523994323112467,4
Target-Aware Meta,Target-aware meta query MSE,459,0.1254023164510727,0.04319157034655022,4
Target-Aware Meta,Target-aware meta query MSE,460,0.09770298656076193,0.032738965171372855,4
Target-Aware Meta,Target-aware meta query MSE,461,0.14281341060996056,0.06598411213567061,4
Target-Aware Meta,Target-aware meta query MSE,462,0.0796570535749197,0.023917295364223542,4
Target-Aware Meta,Target-aware meta query MSE,463,0.09294736757874489,0.018549323353301964,4
Target-Aware Meta,Target-aware meta query MSE,464,0.08089593425393105,0.014095673555148404,4
Target-Aware Meta,Target-aware meta query MSE,465,0.11799461394548416,0.06135699384866318,4
Target-Aware Meta,Target-aware meta query MSE,466,0.09881545230746269,0.00942301316893345,4
Target-Aware Meta,Target-aware meta query MSE,467,0.1025242730975151,0.024494828519377447,4
Target-Aware Meta,Target-aware meta query MSE,468,0.09021250624209642,0.03836290640950711,4
Target-Aware Meta,Target-aware meta query MSE,469,0.07829282619059086,0.01315409826849692,4
Target-Aware Meta,Target-aware meta query MSE,470,0.19820309057831764,0.04361491717085422,4
Target-Aware Meta,Target-aware meta query MSE,471,0.09781191777437925,0.0409031871755028,4
Target-Aware Meta,Target-aware meta query MSE,472,0.09791598841547966,0.01176279522362978,4
Target-Aware Meta,Target-aware meta query MSE,473,0.1222092043608427,0.03442662325297551,4
Target-Aware Meta,Target-aware meta query MSE,474,0.13531972840428352,0.039098604360716625,4
Target-Aware Meta,Target-aware meta query MSE,475,0.11267437413334846,0.04966542621400693,4
Target-Aware Meta,Target-aware meta query MSE,476,0.16321060061454773,0.06731862496048406,4
Target-Aware Meta,Target-aware meta query MSE,477,0.11334459483623505,0.02029111712502669,4
Target-Aware Meta,Target-aware meta query MSE,478,0.11789819039404392,0.044657453193073564,4
Target-Aware Meta,Target-aware meta query MSE,479,0.09524684958159924,0.022207909906496615,4
Target-Aware Meta,Target-aware meta query MSE,480,0.10091323964297771,0.011471429511134288,4
Target-Aware Meta,Target-aware meta query MSE,481,0.1324260039255023,0.08360372455428224,4
Target-Aware Meta,Target-aware meta query MSE,482,0.1213532853871584,0.05924389396660199,4
Target-Aware Meta,Target-aware meta query MSE,483,0.13066490180790424,0.042643239070758086,4
Target-Aware Meta,Target-aware meta query MSE,484,0.09163490869104862,0.012475529685276888,4
Target-Aware Meta,Target-aware meta query MSE,485,0.09949186258018017,0.022490158678215445,4
Target-Aware Meta,Target-aware meta query MSE,486,0.08616610988974571,0.019139342134871454,4
Target-Aware Meta,Target-aware meta query MSE,487,0.09840512741357088,0.02982681507608657,4
Target-Aware Meta,Target-aware meta query MSE,488,0.12829555571079254,0.06575969065826019,4
Target-Aware Meta,Target-aware meta query MSE,489,0.10330194421112537,0.03443972860971445,4
Target-Aware Meta,Target-aware meta query MSE,490,0.1202140785753727,0.024574863659428087,4
Target-Aware Meta,Target-aware meta query MSE,491,0.10399643331766129,0.029087985738312415,4
Target-Aware Meta,Target-aware meta query MSE,492,0.09681642986834049,0.027660691118218002,4
Target-Aware Meta,Target-aware meta query MSE,493,0.10000945813953876,0.02821548024647542,4
Target-Aware Meta,Target-aware meta query MSE,494,0.13296285271644592,0.07519184136810284,4
Target-Aware Meta,Target-aware meta query MSE,495,0.08421574346721172,0.018076746104631367,4
Target-Aware Meta,Target-aware meta query MSE,496,0.11980704963207245,0.07148835834719218,4
Target-Aware Meta,Target-aware meta query MSE,497,0.1655051950365305,0.049296960108585045,4
Target-Aware Meta,Target-aware meta query MSE,498,0.1290206927806139,0.04674184622386726,4
Target-Aware Meta,Target-aware meta query MSE,499,0.10549374483525753,0.008729580606481682,4
Target-Aware Meta,Target-aware meta query MSE,500,0.09497332014143467,0.016065422760102095,4
Target-Aware Meta,Target-aware meta query MSE,501,0.11124350503087044,0.020788389964275837,4
Target-Aware Meta,Target-aware meta query MSE,502,0.10886511951684952,0.036409714011313224,4
Target-Aware Meta,Target-aware meta query MSE,503,0.1297209281474352,0.07518032543743366,4
Target-Aware Meta,Target-aware meta query MSE,504,0.09724810160696507,0.012375166242026335,4
Target-Aware Meta,Target-aware meta query MSE,505,0.11929676495492458,0.04906438983729563,4
Target-Aware Meta,Target-aware meta query MSE,506,0.13865545392036438,0.09956606978053108,4
Target-Aware Meta,Target-aware meta query MSE,507,0.1568027064204216,0.03917421248624657,4
Target-Aware Meta,Target-aware meta query MSE,508,0.08138324692845345,0.01168312819277282,4
Target-Aware Meta,Target-aware meta query MSE,509,0.08456425461918116,0.021836218034866343,4
Target-Aware Meta,Target-aware meta query MSE,510,0.10880485735833645,0.02747250662462211,4
Target-Aware Meta,Target-aware meta query MSE,511,0.09106829483062029,0.030052087057098113,4
Target-Aware Meta,Target-aware meta query MSE,512,0.09309296496212482,0.013204429012192737,4
Target-Aware Meta,Target-aware meta query MSE,513,0.10190938785672188,0.013432080961827684,4
Target-Aware Meta,Target-aware meta query MSE,514,0.10140382312238216,0.06809535130766049,4
Target-Aware Meta,Target-aware meta query MSE,515,0.1400768868625164,0.1150414401005189,4
Target-Aware Meta,Target-aware meta query MSE,516,0.1139002162963152,0.03960752496951021,4
Target-Aware Meta,Target-aware meta query MSE,517,0.11643344536423683,0.04751019184047389,4
Target-Aware Meta,Target-aware meta query MSE,518,0.09018472768366337,0.022233937310326687,4
Target-Aware Meta,Target-aware meta query MSE,519,0.09082724899053574,0.0169483915658044,4
Target-Aware Meta,Target-aware meta query MSE,520,0.10440859384834766,0.03776381687653333,4
Target-Aware Meta,Target-aware meta query MSE,521,0.12635336816310883,0.0334262615338307,4
Target-Aware Meta,Target-aware meta query MSE,522,0.13458437100052834,0.06251543646832287,4
Target-Aware Meta,Target-aware meta query MSE,523,0.11157550103962421,0.02626676111036261,4
Target-Aware Meta,Target-aware meta query MSE,524,0.10110999457538128,0.018067521759693773,4
Target-Aware Meta,Target-aware meta query MSE,525,0.1042196974158287,0.04247655509428838,4
Target-Aware Meta,Target-aware meta query MSE,526,0.11665664426982403,0.06415130665891512,4
Target-Aware Meta,Target-aware meta query MSE,527,0.11188705451786518,0.06782820169754587,4
Target-Aware Meta,Target-aware meta query MSE,528,0.11357459798455238,0.03846382764195245,4
Target-Aware Meta,Target-aware meta query MSE,529,0.10374893620610237,0.026352308087861993,4
Target-Aware Meta,Target-aware meta query MSE,530,0.1378801418468356,0.09515979267651009,4
Target-Aware Meta,Target-aware meta query MSE,531,0.11031736247241497,0.043757953611150834,4
Target-Aware Meta,Target-aware meta query MSE,532,0.0752100981771946,0.009191267956324967,4
Target-Aware Meta,Target-aware meta query MSE,533,0.13761433213949203,0.05506040232996292,4
Target-Aware Meta,Target-aware meta query MSE,534,0.09946751780807972,0.018481289190502848,4
Target-Aware Meta,Target-aware meta query MSE,535,0.09492236748337746,0.027077798101192853,4
Target-Aware Meta,Target-aware meta query MSE,536,0.10833189263939857,0.020075437430167514,4
Target-Aware Meta,Target-aware meta query MSE,537,0.09416050277650356,0.02810383713571579,4
Target-Aware Meta,Target-aware meta query MSE,538,0.08554567582905293,0.013125612683828886,4
Target-Aware Meta,Target-aware meta query MSE,539,0.09167558141052723,0.017282846618405054,4
Target-Aware Meta,Target-aware meta query MSE,540,0.11880484037101269,0.0580167570142846,4
Target-Aware Meta,Target-aware meta query MSE,541,0.1033127773553133,0.0340084511480323,4
Target-Aware Meta,Target-aware meta query MSE,542,0.13234067894518375,0.034048139024152116,4
Target-Aware Meta,Target-aware meta query MSE,543,0.13299761153757572,0.06979596780994492,4
Target-Aware Meta,Target-aware meta query MSE,544,0.10261547192931175,0.026714723265870235,4
Target-Aware Meta,Target-aware meta query MSE,545,0.14838608913123608,0.061449738605066716,4
Target-Aware Meta,Target-aware meta query MSE,546,0.16278004832565784,0.08939243953021594,4
Target-Aware Meta,Target-aware meta query MSE,547,0.10340011864900589,0.054915364155648495,4
Target-Aware Meta,Target-aware meta query MSE,548,0.09968514740467072,0.01875999353673928,4
Target-Aware Meta,Target-aware meta query MSE,549,0.13945347629487514,0.05404669947198882,4
Target-Aware Meta,Target-aware meta query MSE,550,0.08938408829271793,0.022161973186456553,4
Target-Aware Meta,Target-aware meta query MSE,551,0.09480445459485054,0.004027209936300704,4
Target-Aware Meta,Target-aware meta query MSE,552,0.11714879795908928,0.07158281917656334,4
Target-Aware Meta,Target-aware meta query MSE,553,0.10667534172534943,0.038245853177614864,4
Target-Aware Meta,Target-aware meta query MSE,554,0.13117051497101784,0.06241078415038198,4
Target-Aware Meta,Target-aware meta query MSE,555,0.10889008641242981,0.014974931420732104,4
Target-Aware Meta,Target-aware meta query MSE,556,0.08706437982618809,0.014650560195161083,4
Target-Aware Meta,Target-aware meta query MSE,557,0.11931277625262737,0.05046454035333087,4
Target-Aware Meta,Target-aware meta query MSE,558,0.09362773224711418,0.017945669365448644,4
Target-Aware Meta,Target-aware meta query MSE,559,0.10411098226904869,0.03784501770973884,4
Target-Aware Meta,Target-aware meta query MSE,560,0.08369326405227184,0.02171084966298148,4
Target-Aware Meta,Target-aware meta query MSE,561,0.15599121525883675,0.08334270189532406,4
Target-Aware Meta,Target-aware meta query MSE,562,0.17242839001119137,0.06068011653172962,4
Target-Aware Meta,Target-aware meta query MSE,563,0.09089823625981808,0.025743871747935534,4
Target-Aware Meta,Target-aware meta query MSE,564,0.11544095166027546,0.0491059214803599,4
Target-Aware Meta,Target-aware meta query MSE,565,0.10287458077073097,0.029141539302934134,4
Target-Aware Meta,Target-aware meta query MSE,566,0.09590442478656769,0.035069150340943135,4
Target-Aware Meta,Target-aware meta query MSE,567,0.11329261772334576,0.02976041198302791,4
Target-Aware Meta,Target-aware meta query MSE,568,0.10093357786536217,0.021125358831340823,4
Target-Aware Meta,Target-aware meta query MSE,569,0.09690176695585251,0.058878007098411574,4
Target-Aware Meta,Target-aware meta query MSE,570,0.10111672431230545,0.02993307484199786,4
Target-Aware Meta,Target-aware meta query MSE,571,0.1573288831859827,0.06040286164611363,4
Target-Aware Meta,Target-aware meta query MSE,572,0.12898778449743986,0.06035109963271936,4
Target-Aware Meta,Target-aware meta query MSE,573,0.08763013035058975,0.009797949036866795,4
Target-Aware Meta,Target-aware meta query MSE,574,0.09170580469071865,0.02643012097472486,4
Target-Aware Meta,Target-aware meta query MSE,575,0.1327329333871603,0.07731641847432323,4
Target-Aware Meta,Target-aware meta query MSE,576,0.10183758288621902,0.01707867237112119,4
Target-Aware Meta,Target-aware meta query MSE,577,0.08771340921521187,0.027885010832317304,4
Target-Aware Meta,Target-aware meta query MSE,578,0.08296719938516617,0.020509258451237952,4
Target-Aware Meta,Target-aware meta query MSE,579,0.11991498619318008,0.06751649056546037,4
Target-Aware Meta,Target-aware meta query MSE,580,0.10567443072795868,0.04550868749285533,4
Target-Aware Meta,Target-aware meta query MSE,581,0.11896712705492973,0.054016775977911095,4
Target-Aware Meta,Target-aware meta query MSE,582,0.12050245888531208,0.035510450326657166,4
Target-Aware Meta,Target-aware meta query MSE,583,0.12431516870856285,0.022406304249666432,4
Target-Aware Meta,Target-aware meta query MSE,584,0.11414874531328678,0.04780635752192945,4
Target-Aware Meta,Target-aware meta query MSE,585,0.09141887817531824,0.04230972493851444,4
Target-Aware Meta,Target-aware meta query MSE,586,0.1099025197327137,0.04485575866378053,4
Target-Aware Meta,Target-aware meta query MSE,587,0.07796731311827898,0.0236767344488484,4
Target-Aware Meta,Target-aware meta query MSE,588,0.08702954836189747,0.016384611000027867,4
Target-Aware Meta,Target-aware meta query MSE,589,0.08877585269510746,0.024658026117281434,4
Target-Aware Meta,Target-aware meta query MSE,590,0.13589150086045265,0.08826312701045903,4
Target-Aware Meta,Target-aware meta query MSE,591,0.1300881877541542,0.04796592003896529,4
Target-Aware Meta,Target-aware meta query MSE,592,0.11329026147723198,0.04655994892852937,4
Target-Aware Meta,Target-aware meta query MSE,593,0.08558266796171665,0.02352498706001923,4
Target-Aware Meta,Target-aware meta query MSE,594,0.10066136717796326,0.024100233004883728,4
Target-Aware Meta,Target-aware meta query MSE,595,0.07646884955465794,0.009911225130562197,4
Target-Aware Meta,Target-aware meta query MSE,596,0.1062457375228405,0.037187930095578074,4
Target-Aware Meta,Target-aware meta query MSE,597,0.12331258878111839,0.05307732309013547,4
Target-Aware Meta,Target-aware meta query MSE,598,0.1153648179024458,0.052136954132541456,4
Target-Aware Meta,Target-aware meta query MSE,599,0.1257463786751032,0.054332420770401076,4
Target-Aware Meta,Target-aware meta query MSE,600,0.083991140127182,0.010162513772863112,4
Target-Aware Meta,Target-aware meta query MSE,601,0.10285253264009953,0.032649679424224906,4
Target-Aware Meta,Target-aware meta query MSE,602,0.08278160355985165,0.028604040521362197,4
Target-Aware Meta,Target-aware meta query MSE,603,0.109261111356318,0.04057927471426081,4
Target-Aware Meta,Target-aware meta query MSE,604,0.09252918884158134,0.02983207600417469,4
Target-Aware Meta,Target-aware meta query MSE,605,0.10726726800203323,0.01624600010535553,4
Target-Aware Meta,Target-aware meta query MSE,606,0.10801507346332073,0.04813960679749369,4
Target-Aware Meta,Target-aware meta query MSE,607,0.08679722808301449,0.021955155069156036,4
Target-Aware Meta,Target-aware meta query MSE,608,0.08359677903354168,0.011982546337844355,4
Target-Aware Meta,Target-aware meta query MSE,609,0.09674402792006731,0.028485481278671055,4
Target-Aware Meta,Target-aware meta query MSE,610,0.14572285488247871,0.03135211982067798,4
Target-Aware Meta,Target-aware meta query MSE,611,0.13736529648303986,0.06584843795432856,4
Target-Aware Meta,Target-aware meta query MSE,612,0.11685740575194359,0.06865640410148129,4
Target-Aware Meta,Target-aware meta query MSE,613,0.1992080044001341,0.10743983643290678,4
Target-Aware Meta,Target-aware meta query MSE,614,0.0975172370672226,0.019378684703143793,4
Target-Aware Meta,Target-aware meta query MSE,615,0.10223256051540375,0.03833126911126651,4
Target-Aware Meta,Target-aware meta query MSE,616,0.11242816597223282,0.03910547915677052,4
Target-Aware Meta,Target-aware meta query MSE,617,0.11546451225876808,0.05878431738182341,4
Target-Aware Meta,Target-aware meta query MSE,618,0.07731242943555117,0.013361425134488132,4
Target-Aware Meta,Target-aware meta query MSE,619,0.1680510975420475,0.07299046914892895,4
Target-Aware Meta,Target-aware meta query MSE,620,0.10517788305878639,0.02373183108134076,4
Target-Aware Meta,Target-aware meta query MSE,621,0.09788721427321434,0.016114202175478518,4
Target-Aware Meta,Target-aware meta query MSE,622,0.145844760350883,0.07370988626850328,4
Target-Aware Meta,Target-aware meta query MSE,623,0.12272030673921108,0.0675383317660854,4
Target-Aware Meta,Target-aware meta query MSE,624,0.10564382933080196,0.01964292831125981,4
Target-Aware Meta,Target-aware meta query MSE,625,0.10665173828601837,0.03545875313399166,4
Target-Aware Meta,Target-aware meta query MSE,626,0.07723090797662735,0.0111870819470106,4
Target-Aware Meta,Target-aware meta query MSE,627,0.13073571771383286,0.07656821841861175,4
Target-Aware Meta,Target-aware meta query MSE,628,0.09179814159870148,0.04219389098242153,4
Target-Aware Meta,Target-aware meta query MSE,629,0.09453521855175495,0.03476061085182011,4
Target-Aware Meta,Target-aware meta query MSE,630,0.15510724112391472,0.07710791528143415,4
Target-Aware Meta,Target-aware meta query MSE,631,0.10272661782801151,0.016663728213605115,4
Target-Aware Meta,Target-aware meta query MSE,632,0.10850460827350616,0.017242902723662298,4
Target-Aware Meta,Target-aware meta query MSE,633,0.1250148881226778,0.03688345920528024,4
Target-Aware Meta,Target-aware meta query MSE,634,0.0944230705499649,0.024321133120726514,4
Target-Aware Meta,Target-aware meta query MSE,635,0.09297508746385574,0.02526869614150045,4
Target-Aware Meta,Target-aware meta query MSE,636,0.1269403975456953,0.07974767316578805,4
Target-Aware Meta,Target-aware meta query MSE,637,0.09614037722349167,0.019707856861656894,4
Target-Aware Meta,Target-aware meta query MSE,638,0.11189300194382668,0.05679592142572909,4
Target-Aware Meta,Target-aware meta query MSE,639,0.07890728488564491,0.023015652742601613,4
Target-Aware Meta,Target-aware meta query MSE,640,0.11568384617567062,0.04842399296335758,4
Target-Aware Meta,Target-aware meta query MSE,641,0.18337119929492474,0.10973557196807153,4
Target-Aware Meta,Target-aware meta query MSE,642,0.10423258412629366,0.03676356799155484,4
Target-Aware Meta,Target-aware meta query MSE,643,0.13257116824388504,0.04410060088414258,4
Target-Aware Meta,Target-aware meta query MSE,644,0.09903629869222641,0.019514528672050706,4
Target-Aware Meta,Target-aware meta query MSE,645,0.11726205609738827,0.045426919362072785,4
Target-Aware Meta,Target-aware meta query MSE,646,0.1136819701641798,0.03295297201748646,4
Target-Aware Meta,Target-aware meta query MSE,647,0.15179011411964893,0.06380359310573422,4
Target-Aware Meta,Target-aware meta query MSE,648,0.08679527975618839,0.008565351746955217,4
Target-Aware Meta,Target-aware meta query MSE,649,0.12141541764140129,0.057571179557139245,4
Target-Aware Meta,Target-aware meta query MSE,650,0.09592480398714542,0.010323061158183443,4
Target-Aware Meta,Target-aware meta query MSE,651,0.09346801228821278,0.045197099787717014,4
Target-Aware Meta,Target-aware meta query MSE,652,0.09577652253210545,0.02076151819480388,4
Target-Aware Meta,Target-aware meta query MSE,653,0.1094751562923193,0.0226930700912399,4
Target-Aware Meta,Target-aware meta query MSE,654,0.20036272890865803,0.06828976600586228,4
Target-Aware Meta,Target-aware meta query MSE,655,0.1256344523280859,0.04678840420486433,4
Target-Aware Meta,Target-aware meta query MSE,656,0.08853091765195131,0.027963888203372343,4
Target-Aware Meta,Target-aware meta query MSE,657,0.11203614808619022,0.028199041748877895,4
Target-Aware Meta,Target-aware meta query MSE,658,0.09934522770345211,0.014217250552227485,4
Target-Aware Meta,Target-aware meta query MSE,659,0.09988565929234028,0.01372256027573423,4
Target-Aware Meta,Target-aware meta query MSE,660,0.11163726821541786,0.039071315292417745,4
Target-Aware Meta,Target-aware meta query MSE,661,0.09427775628864765,0.016840467093758395,4
Target-Aware Meta,Target-aware meta query MSE,662,0.12806048430502415,0.04056180622507144,4
Target-Aware Meta,Target-aware meta query MSE,663,0.08172616176307201,0.021181322178060232,4
Target-Aware Meta,Target-aware meta query MSE,664,0.09357315301895142,0.02999465401498179,4
Target-Aware Meta,Target-aware meta query MSE,665,0.08875088021159172,0.016990113258851317,4
Target-Aware Meta,Target-aware meta query MSE,666,0.10940299369394779,0.04188501191421372,4
Target-Aware Meta,Target-aware meta query MSE,667,0.13629122637212276,0.08452404158525025,4
Target-Aware Meta,Target-aware meta query MSE,668,0.11372527852654457,0.05919590375531951,4
Target-Aware Meta,Target-aware meta query MSE,669,0.10270902700722218,0.04034538791213673,4
Target-Aware Meta,Target-aware meta query MSE,670,0.09568869322538376,0.022922405913768342,4
Target-Aware Meta,Target-aware meta query MSE,671,0.10143587365746498,0.022358429178138226,4
Target-Aware Meta,Target-aware meta query MSE,672,0.09210638515651226,0.027590400782806966,4
Target-Aware Meta,Target-aware meta query MSE,673,0.11394019797444344,0.039118231114339576,4
Target-Aware Meta,Target-aware meta query MSE,674,0.09045537747442722,0.015926599334009365,4
Target-Aware Meta,Target-aware meta query MSE,675,0.08781474269926548,0.017321092155239616,4
Target-Aware Meta,Target-aware meta query MSE,676,0.1347783710807562,0.047802346017981875,4
Target-Aware Meta,Target-aware meta query MSE,677,0.09772714413702488,0.018927862509788417,4
Target-Aware Meta,Target-aware meta query MSE,678,0.11975097842514515,0.03698005745729186,4
Target-Aware Meta,Target-aware meta query MSE,679,0.09347837790846825,0.01689120816585781,4
Target-Aware Meta,Target-aware meta query MSE,680,0.1063067764043808,0.04834467093184223,4
Target-Aware Meta,Target-aware meta query MSE,681,0.08147573284804821,0.012829124507567876,4
Target-Aware Meta,Target-aware meta query MSE,682,0.12729011662304401,0.05029161704372729,4
Target-Aware Meta,Target-aware meta query MSE,683,0.1028853990137577,0.0434735631749241,4
Target-Aware Meta,Target-aware meta query MSE,684,0.11013484373688698,0.040012308817434235,4
Target-Aware Meta,Target-aware meta query MSE,685,0.12781010568141937,0.062193354964288426,4
Target-Aware Meta,Target-aware meta query MSE,686,0.08143597841262817,0.02127320532191838,4
Target-Aware Meta,Target-aware meta query MSE,687,0.09948019124567509,0.035911621683939444,4
Target-Aware Meta,Target-aware meta query MSE,688,0.10940246470272541,0.025295478161435188,4
Target-Aware Meta,Target-aware meta query MSE,689,0.0993123073130846,0.005027291420678796,4
Target-Aware Meta,Target-aware meta query MSE,690,0.0894259549677372,0.014814397502773089,4
Target-Aware Meta,Target-aware meta query MSE,691,0.13999866507947445,0.10046739043232701,4
Target-Aware Meta,Target-aware meta query MSE,692,0.13842284120619297,0.07728445445280825,4
Target-Aware Meta,Target-aware meta query MSE,693,0.1314358003437519,0.02973000367899881,4
Target-Aware Meta,Target-aware meta query MSE,694,0.14394938945770264,0.05916144186642667,4
Target-Aware Meta,Target-aware meta query MSE,695,0.13789767771959305,0.052006163476982885,4
Target-Aware Meta,Target-aware meta query MSE,696,0.1550405491143465,0.0639660617656387,4
Target-Aware Meta,Target-aware meta query MSE,697,0.09753524698317051,0.02321769200002926,4
Target-Aware Meta,Target-aware meta query MSE,698,0.08462630026042461,0.013945830022326527,4
Target-Aware Meta,Target-aware meta query MSE,699,0.10568471439182758,0.030446125824247453,4
Target-Aware Meta,Target-aware meta query MSE,700,0.11994443647563457,0.04841076770041398,4
Target-Aware Meta,Target-aware meta query MSE,701,0.0835296493023634,0.009754610180719998,4
Target-Aware Meta,Target-aware meta query MSE,702,0.09489459544420242,0.02483829384944856,4
Target-Aware Meta,Target-aware meta query MSE,703,0.08292021974921227,0.027053802346771922,4
Target-Aware Meta,Target-aware meta query MSE,704,0.1036052517592907,0.03696340843705124,4
Target-Aware Meta,Target-aware meta query MSE,705,0.09550776332616806,0.019860036287628096,4
Target-Aware Meta,Target-aware meta query MSE,706,0.1461731605231762,0.11388607291587807,4
Target-Aware Meta,Target-aware meta query MSE,707,0.11109340190887451,0.027125089506576855,4
Target-Aware Meta,Target-aware meta query MSE,708,0.12740126065909863,0.031653050698176914,4
Target-Aware Meta,Target-aware meta query MSE,709,0.12698940187692642,0.029625972734863153,4
Target-Aware Meta,Target-aware meta query MSE,710,0.09861201047897339,0.02096087538653828,4
Target-Aware Meta,Target-aware meta query MSE,711,0.08749769814312458,0.014503939478814667,4
Target-Aware Meta,Target-aware meta query MSE,712,0.13481917046010494,0.037959933584722855,4
Target-Aware Meta,Target-aware meta query MSE,713,0.14057611487805843,0.061430462268487945,4
Target-Aware Meta,Target-aware meta query MSE,714,0.09991803765296936,0.018586970983772846,4
Target-Aware Meta,Target-aware meta query MSE,715,0.10292907059192657,0.01238516698970494,4
Target-Aware Meta,Target-aware meta query MSE,716,0.1498887874186039,0.06858787546311697,4
Target-Aware Meta,Target-aware meta query MSE,717,0.10906273871660233,0.04911172228524462,4
Target-Aware Meta,Target-aware meta query MSE,718,0.09715370647609234,0.026759054508655115,4
Target-Aware Meta,Target-aware meta query MSE,719,0.09816852398216724,0.03662807683424016,4
Target-Aware Meta,Target-aware meta query MSE,720,0.1394559945911169,0.08198899072362054,4
Target-Aware Meta,Target-aware meta query MSE,721,0.1674810852855444,0.0643815003457115,4
Target-Aware Meta,Target-aware meta query MSE,722,0.10538048669695854,0.038164981489114534,4
Target-Aware Meta,Target-aware meta query MSE,723,0.1058599166572094,0.02522653609307717,4
Target-Aware Meta,Target-aware meta query MSE,724,0.08245365787297487,0.022620060529556323,4
Target-Aware Meta,Target-aware meta query MSE,725,0.13313127681612968,0.10119427285515892,4
Target-Aware Meta,Target-aware meta query MSE,726,0.10048465430736542,0.011135356320687741,4
Target-Aware Meta,Target-aware meta query MSE,727,0.15546884760260582,0.08879009016184784,4
Target-Aware Meta,Target-aware meta query MSE,728,0.0849453303962946,0.013663827413151442,4
Target-Aware Meta,Target-aware meta query MSE,729,0.12097064591944218,0.01106701221562924,4
Target-Aware Meta,Target-aware meta query MSE,730,0.11746443994343281,0.06493286970678694,4
Target-Aware Meta,Target-aware meta query MSE,731,0.10459133051335812,0.0314533498658469,4
Target-Aware Meta,Target-aware meta query MSE,732,0.10008560679852962,0.03943109518880933,4
Target-Aware Meta,Target-aware meta query MSE,733,0.10025687329471111,0.043353944023211015,4
Target-Aware Meta,Target-aware meta query MSE,734,0.09314472042024136,0.02043933319701531,4
Target-Aware Meta,Target-aware meta query MSE,735,0.15416020341217518,0.07791162608409186,4
Target-Aware Meta,Target-aware meta query MSE,736,0.10374506562948227,0.02340473078316893,4
Target-Aware Meta,Target-aware meta query MSE,737,0.11980161443352699,0.05652956457512763,4
Target-Aware Meta,Target-aware meta query MSE,738,0.09380197897553444,0.005996086335264592,4
Target-Aware Meta,Target-aware meta query MSE,739,0.11251047812402248,0.06122503055927084,4
Target-Aware Meta,Target-aware meta query MSE,740,0.14192309975624084,0.0716050397595185,4
Target-Aware Meta,Target-aware meta query MSE,741,0.08037107810378075,0.014908016490881493,4
Target-Aware Meta,Target-aware meta query MSE,742,0.08702010847628117,0.017363545788745164,4
Target-Aware Meta,Target-aware meta query MSE,743,0.1138532217592001,0.044540636842206584,4
Target-Aware Meta,Target-aware meta query MSE,744,0.09039553813636303,0.005033776669174288,4
Target-Aware Meta,Target-aware meta query MSE,745,0.09072395600378513,0.02715142307387239,4
Target-Aware Meta,Target-aware meta query MSE,746,0.14316837303340435,0.05821782378619008,4
Target-Aware Meta,Target-aware meta query MSE,747,0.11019085720181465,0.0477897407496064,4
Target-Aware Meta,Target-aware meta query MSE,748,0.09365797601640224,0.014755879261381293,4
Target-Aware Meta,Target-aware meta query MSE,749,0.10003113932907581,0.03817513713184924,4
Target-Aware Meta,Target-aware meta query MSE,750,0.11716548912227154,0.063111516469066,4
Target-Aware Meta,Target-aware meta query MSE,751,0.11615206114947796,0.05186141168211816,4
Target-Aware Meta,Target-aware meta query MSE,752,0.11519749090075493,0.0586271694206149,4
Target-Aware Meta,Target-aware meta query MSE,753,0.11647198349237442,0.04408498907903141,4
Target-Aware Meta,Target-aware meta query MSE,754,0.09638142585754395,0.020693440845862585,4
Target-Aware Meta,Target-aware meta query MSE,755,0.11440086178481579,0.0536275076672049,4
Target-Aware Meta,Target-aware meta query MSE,756,0.12495538778603077,0.02951201790417427,4
Target-Aware Meta,Target-aware meta query MSE,757,0.14654155354946852,0.09463903642907757,4
Target-Aware Meta,Target-aware meta query MSE,758,0.08827843517065048,0.018495765652133164,4
Target-Aware Meta,Target-aware meta query MSE,759,0.07581652235239744,0.01045690891775113,4
Target-Aware Meta,Target-aware meta query MSE,760,0.11994513310492039,0.0612491951419586,4
Target-Aware Meta,Target-aware meta query MSE,761,0.13079740665853024,0.04147542738674911,4
Target-Aware Meta,Target-aware meta query MSE,762,0.11837228760123253,0.048082396846530866,4
Target-Aware Meta,Target-aware meta query MSE,763,0.09096259251236916,0.01406311066448357,4
Target-Aware Meta,Target-aware meta query MSE,764,0.1035841628909111,0.03247137290394788,4
Target-Aware Meta,Target-aware meta query MSE,765,0.0899646058678627,0.014832216696437299,4
Target-Aware Meta,Target-aware meta query MSE,766,0.1402967981994152,0.06311335658104505,4
Target-Aware Meta,Target-aware meta query MSE,767,0.14548158831894398,0.0394785903789634,4
Target-Aware Meta,Target-aware meta query MSE,768,0.08345552161335945,0.010094283250992112,4
Target-Aware Meta,Target-aware meta query MSE,769,0.10269536636769772,0.026430649816945685,4
Target-Aware Meta,Target-aware meta query MSE,770,0.1268619131296873,0.0764167953864317,4
Target-Aware Meta,Target-aware meta query MSE,771,0.21060912683606148,0.053813192744851586,4
Target-Aware Meta,Target-aware meta query MSE,772,0.08638347499072552,0.016276205688406067,4
Target-Aware Meta,Target-aware meta query MSE,773,0.14760090596973896,0.07079097968545771,4
Target-Aware Meta,Target-aware meta query MSE,774,0.10878359340131283,0.01625889640911514,4
Target-Aware Meta,Target-aware meta query MSE,775,0.10840366408228874,0.04325687525433201,4
Target-Aware Meta,Target-aware meta query MSE,776,0.08367904461920261,0.01859556301875754,4
Target-Aware Meta,Target-aware meta query MSE,777,0.08489854633808136,0.01858649150956444,4
Target-Aware Meta,Target-aware meta query MSE,778,0.08479520119726658,0.019332839954699865,4
Target-Aware Meta,Target-aware meta query MSE,779,0.11693242192268372,0.046850213667282474,4
Target-Aware Meta,Target-aware meta query MSE,780,0.11553901806473732,0.05346588426073942,4
Target-Aware Meta,Target-aware meta query MSE,781,0.09482783637940884,0.025395300086012578,4
Target-Aware Meta,Target-aware meta query MSE,782,0.1177772069349885,0.06678445939095902,4
Target-Aware Meta,Target-aware meta query MSE,783,0.10801500827074051,0.04256111353706728,4
Target-Aware Meta,Target-aware meta query MSE,784,0.10882912948727608,0.02366397916037672,4
Target-Aware Meta,Target-aware meta query MSE,785,0.14766454510390759,0.0647612926293522,4
Target-Aware Meta,Target-aware meta query MSE,786,0.12167735770344734,0.027349212727534683,4
Target-Aware Meta,Target-aware meta query MSE,787,0.16573405638337135,0.055121119565451286,4
Target-Aware Meta,Target-aware meta query MSE,788,0.1022034790366888,0.05466528311231206,4
Target-Aware Meta,Target-aware meta query MSE,789,0.13762685470283031,0.07540597599289141,4
Target-Aware Meta,Target-aware meta query MSE,790,0.12671900168061256,0.059518909294355486,4
Target-Aware Meta,Target-aware meta query MSE,791,0.15401876159012318,0.05162806966809885,4
Target-Aware Meta,Target-aware meta query MSE,792,0.09847548604011536,0.017888015594043953,4
Target-Aware Meta,Target-aware meta query MSE,793,0.08262074925005436,0.01287790920567415,4
Target-Aware Meta,Target-aware meta query MSE,794,0.08771780505776405,0.021443364422558217,4
Target-Aware Meta,Target-aware meta query MSE,795,0.13729500025510788,0.07629645701441558,4
Target-Aware Meta,Target-aware meta query MSE,796,0.11201320588588715,0.0286993730894519,4
Target-Aware Meta,Target-aware meta query MSE,797,0.09297562949359417,0.031086826999336573,4
Target-Aware Meta,Target-aware meta query MSE,798,0.1274476945400238,0.04075981732863033,4
Target-Aware Meta,Target-aware meta query MSE,799,0.11990823410451412,0.04696192185103417,4
Target-Aware Meta,Target-aware meta query MSE,800,0.1431748177856207,0.09460474753217599,4
Target-Aware Meta,Target-aware meta query MSE,801,0.12063883990049362,0.02786293740023366,4
Target-Aware Meta,Target-aware meta query MSE,802,0.11658528819680214,0.06102342013483847,4
Target-Aware Meta,Target-aware meta query MSE,803,0.1123412698507309,0.01602138383922051,4
Target-Aware Meta,Target-aware meta query MSE,804,0.10782652162015438,0.026483563597565422,4
Target-Aware Meta,Target-aware meta query MSE,805,0.09546554647386074,0.03250316142316934,4
Target-Aware Meta,Target-aware meta query MSE,806,0.10036010108888149,0.00557436987455002,4
Target-Aware Meta,Target-aware meta query MSE,807,0.08902526833117008,0.035380554569941415,4
Target-Aware Meta,Target-aware meta query MSE,808,0.09154821466654539,0.027790826857439825,4
Target-Aware Meta,Target-aware meta query MSE,809,0.13602267764508724,0.05403723666634389,4
Target-Aware Meta,Target-aware meta query MSE,810,0.09805931523442268,0.010947033182732114,4
Target-Aware Meta,Target-aware meta query MSE,811,0.14451602660119534,0.07347277740845799,4
Target-Aware Meta,Target-aware meta query MSE,812,0.08397258911281824,0.02741648482700999,4
Target-Aware Meta,Target-aware meta query MSE,813,0.15536766313016415,0.07416107122139905,4
Target-Aware Meta,Target-aware meta query MSE,814,0.15733478777110577,0.05757729504308436,4
Target-Aware Meta,Target-aware meta query MSE,815,0.1486088316887617,0.03789546790247449,4
Target-Aware Meta,Target-aware meta query MSE,816,0.0856080586090684,0.03291049655298487,4
Target-Aware Meta,Target-aware meta query MSE,817,0.1187308132648468,0.05612452491301799,4
Target-Aware Meta,Target-aware meta query MSE,818,0.10636155121028423,0.03815862342943668,4
Target-Aware Meta,Target-aware meta query MSE,819,0.12483001314103603,0.03837985134519372,4
Target-Aware Meta,Target-aware meta query MSE,820,0.1138447280973196,0.05386345930341232,4
Target-Aware Meta,Target-aware meta query MSE,821,0.08691365085542202,0.020388813577069256,4
Target-Aware Meta,Target-aware meta query MSE,822,0.11027009040117264,0.012404177289392587,4
Target-Aware Meta,Target-aware meta query MSE,823,0.09911530837416649,0.009009848875176743,4
Target-Aware Meta,Target-aware meta query MSE,824,0.12315979041159153,0.06860942505997193,4
Target-Aware Meta,Target-aware meta query MSE,825,0.11910247802734375,0.029740021200446685,4
Target-Aware Meta,Target-aware meta query MSE,826,0.11636905185878277,0.05000667720867926,4
Target-Aware Meta,Target-aware meta query MSE,827,0.08413152396678925,0.007951876834350466,4
Target-Aware Meta,Target-aware meta query MSE,828,0.08667213097214699,0.009720796707265354,4
Target-Aware Meta,Target-aware meta query MSE,829,0.08146004844456911,0.02327400250745179,4
Target-Aware Meta,Target-aware meta query MSE,830,0.12288355268537998,0.08892930634044137,4
Target-Aware Meta,Target-aware meta query MSE,831,0.12493031658232212,0.08052959166225473,4
Target-Aware Meta,Target-aware meta query MSE,832,0.14044443145394325,0.07515378427756045,4
Target-Aware Meta,Target-aware meta query MSE,833,0.12440357357263565,0.04851236142062054,4
Target-Aware Meta,Target-aware meta query MSE,834,0.13912984915077686,0.08000991637092032,4
Target-Aware Meta,Target-aware meta query MSE,835,0.12019642069935799,0.029140803447462175,4
Target-Aware Meta,Target-aware meta query MSE,836,0.09809631388634443,0.03374799294936748,4
Target-Aware Meta,Target-aware meta query MSE,837,0.1780309621244669,0.09528479140637149,4
Target-Aware Meta,Target-aware meta query MSE,838,0.08820630609989166,0.016136448509557144,4
Target-Aware Meta,Target-aware meta query MSE,839,0.11245099827647209,0.040443559291091974,4
Target-Aware Meta,Target-aware meta query MSE,840,0.10175944119691849,0.01627053998332247,4
Target-Aware Meta,Target-aware meta query MSE,841,0.09349539689719677,0.01632011032064732,4
Target-Aware Meta,Target-aware meta query MSE,842,0.13147066161036491,0.030220415436473184,4
Target-Aware Meta,Target-aware meta query MSE,843,0.11455615237355232,0.02600990094839557,4
Target-Aware Meta,Target-aware meta query MSE,844,0.11565658077597618,0.04101143862059573,4
Target-Aware Meta,Target-aware meta query MSE,845,0.08758999779820442,0.02774941806069484,4
Target-Aware Meta,Target-aware meta query MSE,846,0.08453290536999702,0.019656378926560917,4
Target-Aware Meta,Target-aware meta query MSE,847,0.09507903270423412,0.022165491410557275,4
Target-Aware Meta,Target-aware meta query MSE,848,0.11167804710566998,0.035163629723021436,4
Target-Aware Meta,Target-aware meta query MSE,849,0.11364789865911007,0.04040478808415854,4
Target-Aware Meta,Target-aware meta query MSE,850,0.09853342920541763,0.020405443177795822,4
Target-Aware Meta,Target-aware meta query MSE,851,0.09693627431988716,0.01654735514355935,4
Target-Aware Meta,Target-aware meta query MSE,852,0.12553287111222744,0.06375080097750446,4
Target-Aware Meta,Target-aware meta query MSE,853,0.10478257574141026,0.017797384570980745,4
Target-Aware Meta,Target-aware meta query MSE,854,0.09837713837623596,0.023451711809621002,4
Target-Aware Meta,Target-aware meta query MSE,855,0.12867999449372292,0.0778915851702841,4
Target-Aware Meta,Target-aware meta query MSE,856,0.08093197736889124,0.01874830078998,4
Target-Aware Meta,Target-aware meta query MSE,857,0.0989177506417036,0.022753778604580496,4
Target-Aware Meta,Target-aware meta query MSE,858,0.09318242594599724,0.026012895050080365,4
Target-Aware Meta,Target-aware meta query MSE,859,0.08636467810720205,0.01986295532583157,4
Target-Aware Meta,Target-aware meta query MSE,860,0.13630515336990356,0.024733006693864076,4
Target-Aware Meta,Target-aware meta query MSE,861,0.10020990669727325,0.021264182542613856,4
Target-Aware Meta,Target-aware meta query MSE,862,0.0953888539224863,0.01301658147870819,4
Target-Aware Meta,Target-aware meta query MSE,863,0.1185321994125843,0.039644597497878985,4
Target-Aware Meta,Target-aware meta query MSE,864,0.11155376955866814,0.03256897415268515,4
Target-Aware Meta,Target-aware meta query MSE,865,0.11208852007985115,0.03094596918720331,4
Target-Aware Meta,Target-aware meta query MSE,866,0.09033009968698025,0.007753746634057614,4
Target-Aware Meta,Target-aware meta query MSE,867,0.08706567250192165,0.0183427104125184,4
Target-Aware Meta,Target-aware meta query MSE,868,0.08365302812308073,0.028578591253233365,4
Target-Aware Meta,Target-aware meta query MSE,869,0.14010843634605408,0.02756405262345234,4
Target-Aware Meta,Target-aware meta query MSE,870,0.10683107562363148,0.04020758331928656,4
Target-Aware Meta,Target-aware meta query MSE,871,0.08616199903190136,0.018502564161607858,4
Target-Aware Meta,Target-aware meta query MSE,872,0.14678040333092213,0.07698392680750482,4
Target-Aware Meta,Target-aware meta query MSE,873,0.10771001689136028,0.040380591133128495,4
Target-Aware Meta,Target-aware meta query MSE,874,0.09375660493969917,0.0238718558260855,4
Target-Aware Meta,Target-aware meta query MSE,875,0.09940885379910469,0.04957259182936521,4
Target-Aware Meta,Target-aware meta query MSE,876,0.16121662221848965,0.12562879159991605,4
Target-Aware Meta,Target-aware meta query MSE,877,0.0935856718569994,0.006317404350362562,4
Target-Aware Meta,Target-aware meta query MSE,878,0.09680846519768238,0.050927199032970376,4
Target-Aware Meta,Target-aware meta query MSE,879,0.08896143175661564,0.012532362208049895,4
Target-Aware Meta,Target-aware meta query MSE,880,0.10938267968595028,0.036766254511786195,4
Target-Aware Meta,Target-aware meta query MSE,881,0.10213609784841537,0.023534333796361332,4
Target-Aware Meta,Target-aware meta query MSE,882,0.12348232232034206,0.04969296005600952,4
Target-Aware Meta,Target-aware meta query MSE,883,0.12686900794506073,0.06211473613200332,4
Target-Aware Meta,Target-aware meta query MSE,884,0.10556352604180574,0.03938557699984123,4
Target-Aware Meta,Target-aware meta query MSE,885,0.12514092028141022,0.06792018320111468,4
Target-Aware Meta,Target-aware meta query MSE,886,0.10899228695780039,0.037596123714887505,4
Target-Aware Meta,Target-aware meta query MSE,887,0.10708089545369148,0.014003351691725167,4
Target-Aware Meta,Target-aware meta query MSE,888,0.08353822492063046,0.024470262299135813,4
Target-Aware Meta,Target-aware meta query MSE,889,0.11469176784157753,0.03687872746351429,4
Target-Aware Meta,Target-aware meta query MSE,890,0.09120003506541252,0.013559894831342975,4
Target-Aware Meta,Target-aware meta query MSE,891,0.11388750560581684,0.044597370607710345,4
Target-Aware Meta,Target-aware meta query MSE,892,0.14730947837233543,0.06692228793406924,4
Target-Aware Meta,Target-aware meta query MSE,893,0.11084435880184174,0.013585829510413656,4
Target-Aware Meta,Target-aware meta query MSE,894,0.07989739812910557,0.00888259316217724,4
Target-Aware Meta,Target-aware meta query MSE,895,0.1354544684290886,0.0661748673894947,4
Target-Aware Meta,Target-aware meta query MSE,896,0.15502460300922394,0.08749761452365476,4
Target-Aware Meta,Target-aware meta query MSE,897,0.10896572284400463,0.02525616628957086,4
Target-Aware Meta,Target-aware meta query MSE,898,0.10305663384497166,0.045682157586550566,4
Target-Aware Meta,Target-aware meta query MSE,899,0.10972325131297112,0.033810876936010606,4
Target-Aware Meta,Target-aware meta query MSE,900,0.12002357468008995,0.0425707141056593,4
Target-Aware Meta,Target-aware meta query MSE,901,0.13842006027698517,0.050246515354134255,4
Target-Aware Meta,Target-aware meta query MSE,902,0.10578824393451214,0.028932411256188353,4
Target-Aware Meta,Target-aware meta query MSE,903,0.12085036374628544,0.04189107535713441,4
Target-Aware Meta,Target-aware meta query MSE,904,0.0957338884472847,0.015176197280337238,4
Target-Aware Meta,Target-aware meta query MSE,905,0.10901196673512459,0.035893868945832165,4
Target-Aware Meta,Target-aware meta query MSE,906,0.09062356688082218,0.008397916285460104,4
Target-Aware Meta,Target-aware meta query MSE,907,0.08971282839775085,0.019708519906158958,4
Target-Aware Meta,Target-aware meta query MSE,908,0.11609268747270107,0.06355416867207082,4
Target-Aware Meta,Target-aware meta query MSE,909,0.09271814487874508,0.028793074450209007,4
Target-Aware Meta,Target-aware meta query MSE,910,0.08721943385899067,0.021720027615850707,4
Target-Aware Meta,Target-aware meta query MSE,911,0.09112131036818027,0.023444384738424653,4
Target-Aware Meta,Target-aware meta query MSE,912,0.1643934864550829,0.050122709216513996,4
Target-Aware Meta,Target-aware meta query MSE,913,0.11247307434678078,0.03661061857398189,4
Target-Aware Meta,Target-aware meta query MSE,914,0.0878942459821701,0.014332361936222074,4
Target-Aware Meta,Target-aware meta query MSE,915,0.09423432499170303,0.01890644891790376,4
Target-Aware Meta,Target-aware meta query MSE,916,0.12382807210087776,0.051168869256938684,4
Target-Aware Meta,Target-aware meta query MSE,917,0.10211547091603279,0.01758552829491242,4
Target-Aware Meta,Target-aware meta query MSE,918,0.18067875318229198,0.11052859461750861,4
Target-Aware Meta,Target-aware meta query MSE,919,0.08976311795413494,0.01702738890659239,4
Target-Aware Meta,Target-aware meta query MSE,920,0.11156896315515041,0.05239814711317392,4
Target-Aware Meta,Target-aware meta query MSE,921,0.09180818684399128,0.0107410949846644,4
Target-Aware Meta,Target-aware meta query MSE,922,0.11522919498383999,0.06684219602334839,4
Target-Aware Meta,Target-aware meta query MSE,923,0.10543645918369293,0.01828124307206491,4
Target-Aware Meta,Target-aware meta query MSE,924,0.09918622672557831,0.01618660789522244,4
Target-Aware Meta,Target-aware meta query MSE,925,0.10124437510967255,0.01807552132521342,4
Target-Aware Meta,Target-aware meta query MSE,926,0.1636190228164196,0.061966173070868935,4
Target-Aware Meta,Target-aware meta query MSE,927,0.10188141278922558,0.036209190639958415,4
Target-Aware Meta,Target-aware meta query MSE,928,0.09854885935783386,0.015775378517819273,4
Target-Aware Meta,Target-aware meta query MSE,929,0.11982548423111439,0.049231522595855934,4
Target-Aware Meta,Target-aware meta query MSE,930,0.08194759674370289,0.01154451207612937,4
Target-Aware Meta,Target-aware meta query MSE,931,0.09720926731824875,0.019826852008270276,4
Target-Aware Meta,Target-aware meta query MSE,932,0.1065045278519392,0.03638506849832198,4
Target-Aware Meta,Target-aware meta query MSE,933,0.11865893378853798,0.04496604578772355,4
Target-Aware Meta,Target-aware meta query MSE,934,0.10921019315719604,0.01544865193596497,4
Target-Aware Meta,Target-aware meta query MSE,935,0.14679655991494656,0.04639241994565553,4
Target-Aware Meta,Target-aware meta query MSE,936,0.083360580727458,0.018373321515247735,4
Target-Aware Meta,Target-aware meta query MSE,937,0.11233389936387539,0.022301452558985996,4
Target-Aware Meta,Target-aware meta query MSE,938,0.13501193560659885,0.078506414820313,4
Target-Aware Meta,Target-aware meta query MSE,939,0.11132465489208698,0.04417449564779583,4
Target-Aware Meta,Target-aware meta query MSE,940,0.1109684482216835,0.024280436631696004,4
Target-Aware Meta,Target-aware meta query MSE,941,0.1740264780819416,0.11857723353092581,4
Target-Aware Meta,Target-aware meta query MSE,942,0.12823210563510656,0.05830061887844913,4
Target-Aware Meta,Target-aware meta query MSE,943,0.1477381717413664,0.0807561458598081,4
Target-Aware Meta,Target-aware meta query MSE,944,0.09093191474676132,0.01435930951796953,4
Target-Aware Meta,Target-aware meta query MSE,945,0.13678807951509953,0.039568631664194505,4
Target-Aware Meta,Target-aware meta query MSE,946,0.13449722714722157,0.055807907001873415,4
Target-Aware Meta,Target-aware meta query MSE,947,0.1013235617429018,0.02132089078701867,4
Target-Aware Meta,Target-aware meta query MSE,948,0.10365094803273678,0.035729699400868536,4
Target-Aware Meta,Target-aware meta query MSE,949,0.08073917403817177,0.01095031271531836,4
Target-Aware Meta,Target-aware meta query MSE,950,0.08818897604942322,0.017318111049488803,4
Target-Aware Meta,Target-aware meta query MSE,951,0.11185568384826183,0.05216120893534912,4
Target-Aware Meta,Target-aware meta query MSE,952,0.10009141638875008,0.037359825395793654,4
Target-Aware Meta,Target-aware meta query MSE,953,0.0988843310624361,0.031965064697596704,4
Target-Aware Meta,Target-aware meta query MSE,954,0.09621625766158104,0.027493234977004986,4
Target-Aware Meta,Target-aware meta query MSE,955,0.13077379018068314,0.07093797635827331,4
Target-Aware Meta,Target-aware meta query MSE,956,0.09754055365920067,0.01792688514434881,4
Target-Aware Meta,Target-aware meta query MSE,957,0.09307985566556454,0.024079197268306672,4
Target-Aware Meta,Target-aware meta query MSE,958,0.0917709618806839,0.010097673282208461,4
Target-Aware Meta,Target-aware meta query MSE,959,0.08451833948493004,0.010165835568191405,4
Target-Aware Meta,Target-aware meta query MSE,960,0.16393616423010826,0.09567337968986507,4
Target-Aware Meta,Target-aware meta query MSE,961,0.1323576122522354,0.07339065698409723,4
Target-Aware Meta,Target-aware meta query MSE,962,0.11016320250928402,0.03208518328703924,4
Target-Aware Meta,Target-aware meta query MSE,963,0.12401898764073849,0.058977564492692494,4
Target-Aware Meta,Target-aware meta query MSE,964,0.10815403424203396,0.05022082468408688,4
Target-Aware Meta,Target-aware meta query MSE,965,0.13262813538312912,0.07322099333705732,4
Target-Aware Meta,Target-aware meta query MSE,966,0.11599471233785152,0.051733276358104166,4
Target-Aware Meta,Target-aware meta query MSE,967,0.1069672703742981,0.03174357787428126,4
Target-Aware Meta,Target-aware meta query MSE,968,0.08632775489240885,0.03305655086010251,4
Target-Aware Meta,Target-aware meta query MSE,969,0.17992460541427135,0.09196124477959074,4
Target-Aware Meta,Target-aware meta query MSE,970,0.12109249643981457,0.07341815285955282,4
Target-Aware Meta,Target-aware meta query MSE,971,0.0938650406897068,0.013338742688421763,4
Target-Aware Meta,Target-aware meta query MSE,972,0.084811482578516,0.02781788158585529,4
Target-Aware Meta,Target-aware meta query MSE,973,0.1381029635667801,0.06761275737815205,4
Target-Aware Meta,Target-aware meta query MSE,974,0.11592347454279661,0.05196300863793837,4
Target-Aware Meta,Target-aware meta query MSE,975,0.09992405213415623,0.018732816489932313,4
Target-Aware Meta,Target-aware meta query MSE,976,0.11159202456474304,0.020292097517347365,4
Target-Aware Meta,Target-aware meta query MSE,977,0.10499773174524307,0.035545520093998216,4
Target-Aware Meta,Target-aware meta query MSE,978,0.12801343947649002,0.04813742703618854,4
Target-Aware Meta,Target-aware meta query MSE,979,0.09112358093261719,0.015006164242065422,4
Target-Aware Meta,Target-aware meta query MSE,980,0.0943252220749855,0.013210302587715135,4
Target-Aware Meta,Target-aware meta query MSE,981,0.09670144971460104,0.04232957573342186,4
Target-Aware Meta,Target-aware meta query MSE,982,0.09273380786180496,0.008929564233282637,4
Target-Aware Meta,Target-aware meta query MSE,983,0.14565259963274002,0.03757650057978544,4
Target-Aware Meta,Target-aware meta query MSE,984,0.09159971959888935,0.010710988498729495,4
Target-Aware Meta,Target-aware meta query MSE,985,0.10026462189853191,0.018963521671117617,4
Target-Aware Meta,Target-aware meta query MSE,986,0.10912520997226238,0.02764581174023442,4
Target-Aware Meta,Target-aware meta query MSE,987,0.12279635481536388,0.029009230923736615,4
Target-Aware Meta,Target-aware meta query MSE,988,0.13456432707607746,0.053756279625848884,4
Target-Aware Meta,Target-aware meta query MSE,989,0.10952698439359665,0.06473258458104987,4
Target-Aware Meta,Target-aware meta query MSE,990,0.13278122805058956,0.09085938849698816,4
Target-Aware Meta,Target-aware meta query MSE,991,0.09352129697799683,0.01552883086611892,4
Target-Aware Meta,Target-aware meta query MSE,992,0.13914316333830357,0.03802762420173317,4
Target-Aware Meta,Target-aware meta query MSE,993,0.11397046223282814,0.07395833005313876,4
Target-Aware Meta,Target-aware meta query MSE,994,0.11024601105600595,0.06974371526184857,4
Target-Aware Meta,Target-aware meta query MSE,995,0.12035601772367954,0.06426649521146739,4
Target-Aware Meta,Target-aware meta query MSE,996,0.08097996842116117,0.015589549902196376,4
Target-Aware Meta,Target-aware meta query MSE,997,0.09493358992040157,0.014876964493720845,4
Target-Aware Meta,Target-aware meta query MSE,998,0.14077493362128735,0.05778666231748628,4
Target-Aware Meta,Target-aware meta query MSE,999,0.09820643253624439,0.027907319727773057,4
Target-Aware Meta,Target-aware meta query MSE,1000,0.09258153289556503,0.018715932515500053,4
Target-Aware Pretrain,Target-aware pretrain MSE,1,0.43059292435646057,0.02055212487162007,4
Target-Aware Pretrain,Target-aware pretrain MSE,2,0.42913132905960083,0.02012001046258266,4
Target-Aware Pretrain,Target-aware pretrain MSE,3,0.42769036442041397,0.02159235795602554,4
Target-Aware Pretrain,Target-aware pretrain MSE,4,0.427909716963768,0.021427745737277133,4
Target-Aware Pretrain,Target-aware pretrain MSE,5,0.42636464536190033,0.021537311099243686,4
Target-Aware Pretrain,Target-aware pretrain MSE,6,0.424824096262455,0.021863679909369545,4
Target-Aware Pretrain,Target-aware pretrain MSE,7,0.42406830936670303,0.021681636664940242,4
Target-Aware Pretrain,Target-aware pretrain MSE,8,0.42316579818725586,0.021174567074478595,4
Target-Aware Pretrain,Target-aware pretrain MSE,9,0.4216667413711548,0.019891019342388846,4
Target-Aware Pretrain,Target-aware pretrain MSE,10,0.4206543639302254,0.020457644908596716,4
Target-Aware Pretrain,Target-aware pretrain MSE,50,0.38083992898464203,0.019060459995820008,4
Target-Aware Pretrain,Target-aware pretrain MSE,100,0.3151383250951767,0.0155049980668108,4
Target-Aware Pretrain,Target-aware pretrain MSE,150,0.20499884337186813,0.001498690753882196,4
Target-Aware Pretrain,Target-aware pretrain MSE,200,0.14215707033872604,0.013853101501135381,4
Target-Aware Pretrain,Target-aware pretrain MSE,250,0.13647359982132912,0.009458457025936905,4
Target-Aware Pretrain,Target-aware pretrain MSE,300,0.13545843213796616,0.011642895869394172,4
Target-Aware Pretrain,Target-aware pretrain MSE,350,0.1326645165681839,0.011187938695854377,4
Target-Aware Pretrain,Target-aware pretrain MSE,400,0.13153858110308647,0.015444770363339444,4
Target-Aware Pretrain,Target-aware pretrain MSE,450,0.13070235960185528,0.01067474400308477,4
Target-Aware Pretrain,Target-aware pretrain MSE,500,0.1317822691053152,0.010168554341985499,4
Target-Aware Pretrain,Target-aware pretrain MSE,550,0.13181440345942974,0.010645799817564448,4
Target-Aware Pretrain,Target-aware pretrain MSE,600,0.13031401671469212,0.009941544863500037,4
Target-Aware Pretrain,Target-aware pretrain MSE,650,0.13167840614914894,0.009052979463984612,4
Target-Aware Pretrain,Target-aware pretrain MSE,700,0.12684009224176407,0.011588533985483655,4
Target-Aware Pretrain,Target-aware pretrain MSE,750,0.12794195674359798,0.01307624050022304,4
Target-Aware Pretrain,Target-aware pretrain MSE,800,0.12935463711619377,0.010853248681246722,4
Target-Aware Pretrain,Target-aware pretrain MSE,850,0.13064531423151493,0.01219339846650375,4
Target-Aware Pretrain,Target-aware pretrain MSE,900,0.12934118323028088,0.010053146858432912,4
Target-Aware Pretrain,Target-aware pretrain MSE,950,0.12729533948004246,0.01134609977154051,4
Target-Aware Pretrain,Target-aware pretrain MSE,1000,0.1284688152372837,0.012401676952193125,4
